{"id":897,"isFormSpecific":false,"version":{"metadata":{"id":2385,"title":"Your donation","instructions":""},"sections":[{"name":"main","title":"main","showTitle":null,"hideInitially":null,"triggerQuestionName":null,"triggerQuestionSecondaryField":null,"triggerQuestionSection":null,"triggerOperator":null,"triggerAnswerValue":null,"isRepeatableQuestion":null,"repeatableQuestionSettings":[],"structure":"[{\"type\":\"question\",\"name\":\"q93ff4e148fa6de17c1abf99e276b9aad5be6b760\"},{\"type\":\"question\",\"name\":\"q00861a4582a3ebbb6978c0f61be4b3d573e131f4\"},{\"type\":\"question\",\"name\":\"q0574798580048970d4173d035b8ade30bee46bbc\"},{\"type\":\"question\",\"name\":\"q17509b2daa1d67b5d8c47ff37704003095f57600\"},{\"type\":\"question\",\"name\":\"q170fccaf31fecc74b54dcaec413f31b2c3fed475\"}]","questions":[{"name":"q93ff4e148fa6de17c1abf99e276b9aad5be6b760","text":"First name","guid":"Jadu\\XFormsPro\\Bundle\\StandardFormComponentBundle\\Component\\TextField\\TextFieldComponent","settings":[{"name":"required","value":"true"}]},{"name":"q00861a4582a3ebbb6978c0f61be4b3d573e131f4","text":"Surname","guid":"Jadu\\XFormsPro\\Bundle\\StandardFormComponentBundle\\Component\\TextField\\TextFieldComponent","settings":[{"name":"required","value":"true"}]},{"name":"q0574798580048970d4173d035b8ade30bee46bbc","text":"Email address","guid":"Jadu\\XFormsPro\\Bundle\\StandardFormComponentBundle\\Component\\TextField\\TextFieldComponent","settings":[{"name":"validation","value":"4"},{"name":"required","value":"true"}]},{"name":"q17509b2daa1d67b5d8c47ff37704003095f57600","text":"How much would you like to donate?","guid":"Jadu\\XFormsPro\\Bundle\\StandardFormComponentBundle\\Component\\TextField\\TextFieldComponent","settings":[{"name":"validation","value":"3"},{"name":"required","value":"true"},{"name":"help","value":"Enter an amount using numbers only."}]},{"name":"q170fccaf31fecc74b54dcaec413f31b2c3fed475","text":"Can we publish your name and donation amount?","guid":"Jadu\\XFormsPro\\Bundle\\StandardFormComponentBundle\\Component\\RadioButtons\\RadioButtonsComponent","settings":[{"name":"required","value":"true"},{"name":"answers","value":"[{\"value\":\"yes\",\"text\":\"Yes\",\"data\":\"\",\"internal\":false},{\"value\":\"no_please_make_it_anonymous\",\"text\":\"No, please make it anonymous\",\"data\":\"\",\"internal\":false}]"}]}],"clauseType":null,"data":null}]}}