{"id":1055,"actionType":"be4e8e2d0338ca30919508fcd48c7041e43bf54a","title":"Thank you email","mappings":[{"field":"template-to","type":"static","value":"{{0}}, {{1}}","secondaryValue":null,"label":"To"},{"field":"template-from","type":"static","value":"noreply@jadu.co.uk","secondaryValue":null,"label":"From"},{"field":"template-subject","type":"static","value":"Thank you for submitting a smell, fumes or dust complaint","secondaryValue":null,"label":"Subject"},{"field":"format","type":"static","value":"HTML","secondaryValue":null,"label":"Format"},{"field":"content","type":"static","value":"\n<p><strong>Your case reference number is:\u00a0{{0}}<\/strong><\/p>\n\n<p>Thank you for submitting a smells, fumes and dust complaint.<\/p>\n\n<p>Our environmental health team will review your complaint within one working day (Please note: if you submit a complaint on a Friday, it may not be reviewed until the following Monday) and will then contact you to let you know the outcome of their review - this could include asking you to log the issue using log sheets.<\/p>\n\n<p>If you have any questions, please email xxxxx@xxxx.gov.uk stating your case reference number.<\/p>\n\n<p>Kind regards,<\/p>\n\n<p>The environmental health team<\/p>\n","secondaryValue":null,"label":"Content"},{"field":"contentPlain","type":"static","value":"","secondaryValue":null,"label":"Content"},{"field":"attachmentType","type":"static","value":"None","secondaryValue":null,"label":"Attachment"},{"field":"attachmentFormat","type":"static","value":"PDF","secondaryValue":null,"label":"Attachment format"},{"field":"attachmentContent","type":"static","value":"","secondaryValue":null,"label":"Attachment content"},{"field":"attachmentPlain","type":"static","value":"","secondaryValue":null,"label":"Attachment content"}]}