{"id":1169,"actionType":"Jadu\\XFormsPro\\Form\\Rules\\Actions\\CompletePage\\CompletePageActionType","title":"Completion message - service cancelled","mappings":[{"field":"content","type":"static","value":"\n<h4><strong>Your\u00a0reference number is\u00a0{{0}}<\/strong><\/h4>\n\n<p>Thank you for your request to cancel the service.<\/p>\n\n<p>Should you require assistance in the future, then please complete a new request for support<\/p>\n\n<p>Please note our working hours are from 9 am to 5 pm Monday to Friday.<\/p>\n","secondaryValue":null,"label":"Content"}]}