{"id":1168,"actionType":"Jadu\\XFormsPro\\Form\\Rules\\Actions\\CompletePage\\CompletePageActionType","title":"Completion message - request received","mappings":[{"field":"content","type":"static","value":"\n<h4><strong>Your\u00a0reference number is\u00a0{{0}}<\/strong><\/h4>\n\n<p>Thank you for contacting XXX Council.\u00a0 Please be advised your submission has been passed to the relevant department who will be in touch shortly.<\/p>\n\n<p>Please note our working hours are from 9 am to 5 pm Monday to Friday.<\/p>\n","secondaryValue":null,"label":"Content"}]}