{"id":1170,"actionType":"Jadu\\XFormsPro\\Form\\Rules\\Actions\\CXM\\CreateCaseActionType","title":"Coronavirus support submission","mappings":[{"field":"runAsSignedInUser","type":"static","value":"on","secondaryValue":null,"label":"Run as signed in user"},{"field":"who-are-you-requesting-support-for","type":"answer","value":"1349-main-qfa93159d81e21d5f1ae48ebfdb66b097f09e1075","secondaryValue":null,"label":"Who are you requesting support for?"},{"field":"what-is-your-relationship-to-the-person-you-are-making-the-referral-for","type":"answer","value":"1349-sbf3ab3374538a0e1cf3b584a900949328f1917bc-q22346943b93be09546ed75b9fb40056197f08f12","secondaryValue":null,"label":"What is your relationship to the person you are making the referral for?"},{"field":"nature-of-relationship","type":"answer","value":"1349-s50473e2f9422f415fe6c2e688d95ac7d749fdba3-q9102f7ff8d98c43ed027f7400703ac7c3ad67dd3","secondaryValue":null,"label":"Nature of relationship"},{"field":"name-of-referrer","type":"answer","value":"1349-sbf3ab3374538a0e1cf3b584a900949328f1917bc-q5f4ca5d0dddda5b4fc21e0e751d144441f753787","secondaryValue":null,"label":"Name of referrer"},{"field":"telephone-of-referrer","type":"answer","value":"1349-sbf3ab3374538a0e1cf3b584a900949328f1917bc-q98292fea25bfe4fc6baa14e908bfac8514cd3992","secondaryValue":null,"label":"Telephone of referrer"},{"field":"email-of-referrer","type":"answer","value":"1349-sbf3ab3374538a0e1cf3b584a900949328f1917bc-qb059f14c502ab44853b3d2263d5437142e979eeb","secondaryValue":null,"label":"Email of referrer"},{"field":"first-name","type":"answer","value":"1349-main-q07e16525e03ef40398450a09c3be9ed8b2e865e8","secondaryValue":null,"label":"First name"},{"field":"last-name","type":"answer","value":"1349-main-qf40e705bae5a5ed85d338ceaa383376ba9f2f7d0","secondaryValue":null,"label":"Last name"},{"field":"date-of-birth","type":"answer","value":"1349-main-q9b0c4d37c62afdf352f605e43c5131564ea85069","secondaryValue":null,"label":"Date of birth"},{"field":"nhs-number","type":"answer","value":"1349-main-qa6f5ef9281c746ee034b7fc8b085351caac70b10","secondaryValue":null,"label":"NHS number"},{"field":"recipient-address","type":"logic","value":"1513","secondaryValue":null,"label":"Recipient address"},{"field":"is-the-above-address-where-the-essential-items-need-to-be-delivered-to","type":"answer","value":"1349-s2dd0e2b10ca5a3e7bf2c16ae41f25ca9dbfc9c52-q60e299dd17b8cf58294aa5c524d90633dc3cf018","secondaryValue":null,"label":"Is the above address where the essential items need to be delivered to?"},{"field":"delivery-address","type":"logic","value":"1515","secondaryValue":null,"label":"Delivery address"},{"field":"recipient-telephone-number","type":"answer","value":"1349-main-qf9d9280de223f2e47ce030d6e8af7cfb89e80dcd","secondaryValue":null,"label":"Recipient telephone number"},{"field":"alternative-phone-number","type":"answer","value":"1349-main-q6687081099d331562eeafba06dbf8c3a1b3c8fab","secondaryValue":null,"label":"Alternative phone number"},{"field":"email-address","type":"answer","value":"1349-main-qf8ad0a91aafb4165577f0be1cd6a5c16e005196f","secondaryValue":null,"label":"Email address"},{"field":"does-the-recipient-have-a-support-network-of-family-friends-or-neighbours-who-could-help-you-with-your-current-need","type":"answer","value":"1350-main-q6ce6df316aea952f6a6299eca931abd96d92675e","secondaryValue":null,"label":"Does the recipient have a support network of family, friends or neighbours who could help you with your current need?"},{"field":"nature-of-support-network-1","type":"answer","value":"1350-s1f9333ed137768e264a10c93d70e20a98dfb4143-q6b04fc2f79c7bba9cb225e73a1225c7b3f049d52","secondaryValue":null,"label":"Nature of support network"},{"field":"other-support-network","type":"answer","value":"1350-sc444734f8b258978d51e46a387cafe8b81775225-qf0a48195e31c3cbf94e6f2c937d3190968470822","secondaryValue":null,"label":"Other support network"},{"field":"anything-else-we-need-to-know-about-the-support-network","type":"answer","value":"1350-main-q2c80b71c3e0c5cb87898a638d47eade915ad3a4e","secondaryValue":null,"label":"Anything else we need to know about the support network?"},{"field":"is-the-recipient-classified-as-clinically-extremely-vulnerable-according-to-the-nhs","type":"answer","value":"1351-main-q4c96a78c2d538913669b7bc5d4423a78f024857f","secondaryValue":null,"label":"Is the recipient classified as clinically extremely vulnerable according to the NHS?"},{"field":"about-the-recipient-1","type":"answer","value":"1352-s93e6b50e3f740efb58ab628be36eed938cb75d5d-q792bb35916b3bb0d47fe04187c432dee6b7dfe20","secondaryValue":null,"label":"About the recipient"},{"field":"other-circumstances","type":"answer","value":"1350-sc444734f8b258978d51e46a387cafe8b81775225-qf0a48195e31c3cbf94e6f2c937d3190968470822","secondaryValue":null,"label":"Other circumstances"},{"field":"further-info-about-the-recipient","type":"answer","value":"1351-main-qf209030207872a1d14fed0cbad648f4a74d469fd","secondaryValue":null,"label":"Further info about the recipient"},{"field":"do-you-require-support","type":"answer","value":"1356-main-q7e908fe051d64cfb09a63360400aeaf0b609bd40","secondaryValue":null,"label":"Do you require support?"},{"field":"what-support-do-you-require","type":"logic","value":"1521","secondaryValue":null,"label":"What support do you require?"},{"field":"further-details-about-medical-need-or-prescription","type":"answer","value":"1356-s1ab1408ec39e2fc306e9f17653ef08c1e0b00e40-q8a137af3b39c3d37de8f66ff75d5d50883e1dd2c","secondaryValue":null,"label":"Further details about medical need or prescription"},{"field":"other-support-required","type":"answer","value":"1356-s8fa67d6a07bac6bf221d1cbb5b06f097ae664fda-q675c915b62a48f73b8ba8b0cf85c2a0e58aef20f","secondaryValue":null,"label":"Other support required"},{"field":"how-many-adults-aged-16-or-over-are-living-in-the-household","type":"answer","value":"1356-s5b6c72d8d6936225a9d2e3c6053cc83027409652-qf91c33271ed5e27e1ddbfb8a6b664cbdd9dc5039","secondaryValue":null,"label":"How many adults (aged 16 or over) are living in the household?"},{"field":"how-many-children-aged-1-16-are-living-in-the-household","type":"answer","value":"1356-s5b6c72d8d6936225a9d2e3c6053cc83027409652-q411e4be31d1bb6ac458002d722b6bb02bdc7e06a","secondaryValue":null,"label":"How many children (aged 1-16) are living in the household?"},{"field":"how-many-infants-under-1-are-living-in-the-household","type":"answer","value":"1356-s5b6c72d8d6936225a9d2e3c6053cc83027409652-q53c3ef87e1d30e6113f724096d818a0a10b5fa95","secondaryValue":null,"label":"How many infants (under 1) are living in the household?"},{"field":"dietary-requirements-or-allergies","type":"answer","value":"1356-s3e09682fb63f30a118c935018a47a7008b25a94d-q80b3667d6997b9935855a5e9cb74d66176f4cb62","secondaryValue":null,"label":"Dietary requirements or allergies"},{"field":"other-dietary-requirements-or-allergies","type":"answer","value":"1356-s18e774bbd393bd74ae5fc5c80864061040e03632-qafce279cafef0705a94da66bd609ce202a557003","secondaryValue":null,"label":"Other dietary requirements or allergies"},{"field":"additional-information","type":"answer","value":"1356-s5b6c72d8d6936225a9d2e3c6053cc83027409652-qc23ef4f3824f7d92d025d09437ac6a62ed82a7c2","secondaryValue":null,"label":"Additional Information"},{"field":"channel","type":"variable","value":"Jadu\\XFormsPro\\Bundle\\StandardFormComponentBundle\\VariableDefinition\\UserFormChannelDefinition","secondaryValue":null,"label":"Channel"},{"field":"person","type":"static","value":"","secondaryValue":null,"label":"Person"},{"field":"caseType","type":"static","value":"coronavirus-community-support","secondaryValue":null,"label":"Case Type"}]}