{"id":1171,"actionType":"Jadu\\XFormsPro\\Form\\Rules\\Actions\\Email\\EmailActionType","title":"Facilities email","mappings":[{"field":"template-to","type":"static","value":"facilitiesfood@test.com","secondaryValue":null,"label":"To"},{"field":"template-from","type":"static","value":"donotreply@jadu.net","secondaryValue":null,"label":"From"},{"field":"template-subject","type":"static","value":"Facilities {{0}}  {{1}}","secondaryValue":null,"label":"Subject"},{"field":"format","type":"static","value":"HTML","secondaryValue":null,"label":"Format"},{"field":"content","type":"static","value":"\n<p>Your reference\u00a0{{0}}<\/p>\n\n<p>{{1}}<\/p>\n","secondaryValue":null,"label":"Content"},{"field":"contentPlain","type":"static","value":"","secondaryValue":null,"label":"Content"},{"field":"attachmentType","type":"static","value":"None","secondaryValue":null,"label":"Attachment"},{"field":"attachmentFormat","type":"static","value":"PDF","secondaryValue":null,"label":"Attachment format"},{"field":"attachmentContent","type":"static","value":"","secondaryValue":null,"label":"Attachment content"},{"field":"attachmentPlain","type":"static","value":"","secondaryValue":null,"label":"Attachment content"}]}