{"clauseStructure":[[{"clauseType":"Jadu\\XFormsPro\\Form\\Rules\\Clauses\\PageClauseType","data":"{\"page\":\"1235\",\"action\":\"not-visited\"}"},{"clauseType":"Jadu\\XFormsPro\\Form\\Rules\\Clauses\\PageClauseType","data":"{\"page\":\"1239\",\"action\":\"not-visited\"}"},{"clauseType":"Jadu\\XFormsPro\\Form\\Rules\\Clauses\\PageClauseType","data":"{\"page\":\"1240\",\"action\":\"not-visited\"}"}]],"actions":[{"id":1739,"actionType":"Jadu\\XFormsPro\\Form\\Rules\\Actions\\CompletePage\\CompletePageActionType","template":1056,"inputs":[]},{"id":1740,"actionType":"Jadu\\XFormsPro\\Form\\Rules\\Actions\\Email\\EmailActionType","template":1055,"inputs":[]}],"title":"Form submitted","runTime":"on-submit","enabled":true}