{"clauseStructure":[[{"clauseType":"fb06270f7c212baabc8749ffc36e49dc8f321548","data":"{\"page\":1235,\"action\":\"was-visited\"}"},{"clauseType":"fb06270f7c212baabc8749ffc36e49dc8f321548","data":"{\"page\":1239,\"action\":\"was-visited\"}"},{"clauseType":"fb06270f7c212baabc8749ffc36e49dc8f321548","data":"{\"page\":1240,\"action\":\"was-visited\"}"}]],"actions":[{"id":1734,"actionType":"f7df023a569a4e4bef43b91839fa1c8fcfd0f3ab","template":1057,"inputs":[]}],"title":"We are sorry","runTime":"on-submit","enabled":true}