{"form.json":"1d97b3d8f59572a86f185a9c7a9ce277c719f545","page-templates\/377-Contact_VicRoads.json":"c089b8870c00b30784d662ef9da3e45dace48cd4","page-templates\/378-Road_Details.json":"d650a4fb5907d52a097940ba368c0bf5edf37d79","page-templates\/379-Report_a_Road_Defect_or_Drainage_Issue.json":"811d5baba935dcbee66c81b5e4972e6ed0b1e3cf","page-templates\/82-Personal_Details.json":"bd001ea025f8b53bda1c50f57bd72393c37e99ac","structure\/pages.json":"4dbde652b8ea10ce6bf63f14c777758663439789","structure\/branching.json":"80af3b9dc863e91615d1146076b9f6e39e5bb9e9","misc\/pdfs.json":"97d170e1550eee4afc0af065b78cda302a97674c","misc\/prefills.json":"97d170e1550eee4afc0af065b78cda302a97674c","misc\/placeholders.json":"97d170e1550eee4afc0af065b78cda302a97674c","misc\/logic_definitions.json":"97d170e1550eee4afc0af065b78cda302a97674c","misc\/ic_inputs.json":"97d170e1550eee4afc0af065b78cda302a97674c","misc\/data-retention.json":"fa8b819d756eec4a4f185f5465ef79b349ea9ce4","misc\/images.json":"fa0abfbde00f93c9ce9227a12a21b38039e3222b"}