{"title":"Report a Road Defect or Drainage Issue","instructions":"<p>For urgent enquires please contact Council on XXXX XXXX.<\/p>","progressBar":"1","allowUnregistered":"1","resumeAtStart":"0","reCaptcha":"0","internalOnly":0,"metadata":{"id":"158","itemID":"296","creator":"David Evans","contributor":"","publisher":"Continuum Demo","rights":"Continuum Demo","source":"","status":"V1.0 Public Consumption","coverage":"Australia","created":1602111600,"modified":1602111600,"valid":null,"expired":null,"format":"text\/html","language":"en","subject":"pot hole","description":"Report a Road Defect or Drainage Issue"},"categories":[]}