[{"pageID":"Start","questionName":null,"sectionName":null,"questionPageID":null,"questionSecondaryField":null,"logicID":null,"ruleNumber":1,"conditionNumber":1,"conditionOptionID":null,"conditionOperator":null,"conditionLiteralValue":null,"conditionLiteralValueTwo":null,"goToPageID":"1213","clauseType":null,"data":null},{"pageID":"1206","questionName":null,"sectionName":null,"questionPageID":null,"questionSecondaryField":null,"logicID":null,"ruleNumber":1,"conditionNumber":1,"conditionOptionID":null,"conditionOperator":null,"conditionLiteralValue":null,"conditionLiteralValueTwo":null,"goToPageID":"Confirmation","clauseType":null,"data":null},{"pageID":"1207","questionName":null,"sectionName":null,"questionPageID":null,"questionSecondaryField":null,"logicID":null,"ruleNumber":1,"conditionNumber":1,"conditionOptionID":null,"conditionOperator":null,"conditionLiteralValue":null,"conditionLiteralValueTwo":null,"goToPageID":"Confirmation","clauseType":null,"data":null},{"pageID":"1208","questionName":null,"sectionName":null,"questionPageID":null,"questionSecondaryField":null,"logicID":null,"ruleNumber":1,"conditionNumber":1,"conditionOptionID":null,"conditionOperator":null,"conditionLiteralValue":null,"conditionLiteralValueTwo":null,"goToPageID":"Confirmation","clauseType":null,"data":null},{"pageID":"1209","questionName":null,"sectionName":null,"questionPageID":null,"questionSecondaryField":null,"logicID":null,"ruleNumber":1,"conditionNumber":1,"conditionOptionID":null,"conditionOperator":null,"conditionLiteralValue":null,"conditionLiteralValueTwo":null,"goToPageID":"Confirmation","clauseType":null,"data":null},{"pageID":"1210","questionName":null,"sectionName":null,"questionPageID":null,"questionSecondaryField":null,"logicID":null,"ruleNumber":1,"conditionNumber":1,"conditionOptionID":null,"conditionOperator":null,"conditionLiteralValue":null,"conditionLiteralValueTwo":null,"goToPageID":"1211","clauseType":null,"data":null},{"pageID":"1207","questionName":"q65099c3be55c0cd0f934b46eda2372eb30baad75","sectionName":"main","questionPageID":"1207","questionSecondaryField":null,"logicID":null,"ruleNumber":2,"conditionNumber":1,"conditionOptionID":null,"conditionOperator":"not equal","conditionLiteralValue":"alarm_going_off_at_the_moment","conditionLiteralValueTwo":null,"goToPageID":"1210","clauseType":null,"data":null},{"pageID":"1207","questionName":"q65099c3be55c0cd0f934b46eda2372eb30baad75","sectionName":"main","questionPageID":"1207","questionSecondaryField":null,"logicID":null,"ruleNumber":3,"conditionNumber":1,"conditionOptionID":null,"conditionOperator":"equal","conditionLiteralValue":"alarm_going_off_at_the_moment","conditionLiteralValueTwo":null,"goToPageID":"1209","clauseType":null,"data":null},{"pageID":"1211","questionName":null,"sectionName":null,"questionPageID":null,"questionSecondaryField":null,"logicID":null,"ruleNumber":1,"conditionNumber":1,"conditionOptionID":null,"conditionOperator":null,"conditionLiteralValue":null,"conditionLiteralValueTwo":null,"goToPageID":"1212","clauseType":null,"data":null},{"pageID":"1212","questionName":null,"sectionName":null,"questionPageID":null,"questionSecondaryField":null,"logicID":null,"ruleNumber":1,"conditionNumber":1,"conditionOptionID":null,"conditionOperator":null,"conditionLiteralValue":null,"conditionLiteralValueTwo":null,"goToPageID":"Confirmation","clauseType":null,"data":null},{"pageID":"1213","questionName":null,"sectionName":null,"questionPageID":null,"questionSecondaryField":null,"logicID":null,"ruleNumber":1,"conditionNumber":1,"conditionOptionID":null,"conditionOperator":null,"conditionLiteralValue":null,"conditionLiteralValueTwo":null,"goToPageID":"1206","clauseType":null,"data":null},{"pageID":"1214","questionName":null,"sectionName":null,"questionPageID":null,"questionSecondaryField":null,"logicID":null,"ruleNumber":1,"conditionNumber":1,"conditionOptionID":null,"conditionOperator":null,"conditionLiteralValue":null,"conditionLiteralValueTwo":null,"goToPageID":"1206","clauseType":null,"data":null},{"pageID":"1213","questionName":"q820800b6f3771ec1c18531abfc789e60486e226d","sectionName":"main","questionPageID":"1213","questionSecondaryField":null,"logicID":null,"ruleNumber":2,"conditionNumber":1,"conditionOptionID":null,"conditionOperator":"equal","conditionLiteralValue":"no","conditionLiteralValueTwo":null,"goToPageID":"1214","clauseType":null,"data":null},{"pageID":"1215","questionName":null,"sectionName":null,"questionPageID":null,"questionSecondaryField":null,"logicID":null,"ruleNumber":1,"conditionNumber":1,"conditionOptionID":null,"conditionOperator":null,"conditionLiteralValue":null,"conditionLiteralValueTwo":null,"goToPageID":"Confirmation","clauseType":null,"data":null},{"pageID":"1212","questionName":"qe7acd51982918ac015584fa77260fc8dc9feaee3","sectionName":"main","questionPageID":"1212","questionSecondaryField":"data_1_0","logicID":null,"ruleNumber":2,"conditionNumber":1,"conditionOptionID":null,"conditionOperator":"equal","conditionLiteralValue":"0","conditionLiteralValueTwo":null,"goToPageID":"1215","clauseType":null,"data":null},{"pageID":"1216","questionName":null,"sectionName":null,"questionPageID":null,"questionSecondaryField":null,"logicID":null,"ruleNumber":1,"conditionNumber":1,"conditionOptionID":null,"conditionOperator":null,"conditionLiteralValue":null,"conditionLiteralValueTwo":null,"goToPageID":"Confirmation","clauseType":null,"data":null},{"pageID":"1206","questionName":"q45632df0c1d4e7b347d84ae4b37d456972fa9b5c","sectionName":"s5773c043fc1dde01256236f166a09b63a44dd489","questionPageID":"1206","questionSecondaryField":"data_1_0","logicID":null,"ruleNumber":2,"conditionNumber":1,"conditionOptionID":null,"conditionOperator":"equal","conditionLiteralValue":"0","conditionLiteralValueTwo":null,"goToPageID":"1216","clauseType":null,"data":null},{"pageID":"1206","questionName":"q9ea4d37af98d370f1219842f2c46059c2c63a468","sectionName":"s8b76c02589bbd7244640ca247eed3f2da768d305","questionPageID":"1206","questionSecondaryField":"data_1_0","logicID":null,"ruleNumber":2,"conditionNumber":2,"conditionOptionID":null,"conditionOperator":"equal","conditionLiteralValue":"0","conditionLiteralValueTwo":null,"goToPageID":"1216","clauseType":null,"data":null},{"pageID":"1206","questionName":"qcaaf7e978f6cd320ec65cffb944412a2723f0993","sectionName":"main","questionPageID":"1206","questionSecondaryField":null,"logicID":null,"ruleNumber":3,"conditionNumber":1,"conditionOptionID":null,"conditionOperator":"equal","conditionLiteralValue":"its_only_happened_once","conditionLiteralValueTwo":null,"goToPageID":"1208","clauseType":null,"data":null},{"pageID":"1206","questionName":"qcaaf7e978f6cd320ec65cffb944412a2723f0993","sectionName":"main","questionPageID":"1206","questionSecondaryField":null,"logicID":null,"ruleNumber":4,"conditionNumber":1,"conditionOptionID":null,"conditionOperator":"not equal","conditionLiteralValue":"its_only_happened_once","conditionLiteralValueTwo":null,"goToPageID":"1207","clauseType":null,"data":null}]