[{"id":1206,"templateID":815,"metadata":{"id":2197,"title":"About the frequency","instructions":""}},{"id":1207,"templateID":816,"metadata":{"id":2198,"title":"About the noise","instructions":""}},{"id":1208,"templateID":820,"metadata":{"id":2199,"title":"If the noise has only occurred once","instructions":"<div>\n<p>If the noise has only occurred once, we are very sorry but we are unlikely to investigate it or take further action. Please monitor the noise and if it becomes a repeated\/ongoing issue, please contact us again to let us know.<\/p>\n\n<p><span class=\"snippet\"><style>\n.button--primary {\nvisibility: hidden;\n}\n<\/style>\n<!-- rel:snippet --><\/span><\/p>\n<\/div>"}},{"id":1209,"templateID":818,"metadata":{"id":2200,"title":"Alarm going off at the moment","instructions":"\n<p>If a persistent car, house or business alarm is going off at the moment, and you are reporting it during our response hours (Monday \u2013 Friday, 9am \u2013 4pm), please call our team on 01543 308725.<\/p>\n\n<p>If you are reporting an alarm outside of working hours, please be aware that we do not provide an out of hours response service.<\/p>\n\n<p>If you still wish to report it (for example, it regularly goes off and is an ongoing issue), please select the appropriate drop down above (so if it\u2019s a house\/car alarm, choose \u2018neighbourhood noise\u2019 or if it\u2019s a shop alarm, choose \u2018retail\/commercial noise\u2019 etc) and continue filling in the form.<\/p>\n\n<p><span class=\"snippet\"><style>\n.button--primary {\nvisibility: hidden;\n}\n<\/style>\n<!-- rel:snippet --><\/span><\/p>\n"}},{"id":1210,"templateID":813,"metadata":{"id":2201,"title":"About resolving your noise complaint","instructions":""}},{"id":1211,"templateID":821,"metadata":{"id":2202,"title":"Logging your noise complaint","instructions":"<p>Once you submit your form, we will send instructions on how to log the issue. You can either use a log sheet or download our NoiseApp to record the noise. The log sheets\/NoiseApp help us assess the scale of the issue and the impact on your life. If you do not complete the log sheets\/use the NoiseApp, it will hamper our ability to investigate your problem.<\/p>"}},{"id":1212,"templateID":819,"metadata":{"id":2203,"title":"Your details","instructions":""}},{"id":1213,"templateID":817,"metadata":{"id":2204,"title":"About your complaint","instructions":""}},{"id":1214,"templateID":822,"metadata":{"id":2205,"title":"We are sorry","instructions":"<div>\n<p>We only investigate noise complaints if they are affecting you at your home\/property.\u00a0<\/p>\n\n<p><span class=\"snippet\"><style>\n.button--primary {\nvisibility: hidden;\n}\n<\/style>\n<!-- rel:snippet --><\/span><\/p>\n<\/div>"}},{"id":1215,"templateID":807,"metadata":{"id":2206,"title":"We are sorry but we cannot process your report unless we know your address","instructions":"\n<p>We are sorry but we cannot process your report unless we know your address. This is because we need to know that the issue is affecting you at your home or business address in Lichfield District.<\/p>\n\n<p>Please click on the previous button and return to the previous page and select your address from the dropdown list.<\/p>\n\n<p>Thank you.<\/p>\n\n<p><span class=\"snippet\"><style>\n.button--primary {\nvisibility: hidden;\n}\n<\/style>\n<!-- rel:snippet --><\/span><\/p>\n"}},{"id":1216,"templateID":807,"metadata":{"id":2207,"title":"We are sorry but we cannot process your report unless we know address \/ street","instructions":"\n<p>We are sorry but we cannot process your report unless we know address \/ location where the issue is comming from. Pleas click on the previous button and return to the previous page and select address \/ street from the dropdown list.<\/p>\n\n<p>Thank you.<\/p>\n\n<p><span class=\"snippet\"><style>\n.button--primary {\nvisibility: hidden;\n}\n<\/style>\n<!-- rel:snippet --><\/span><\/p>\n"}}]