{"form.json":"fc8671b88baf7f8c23c8db03d44a91e630ffd56c","page-templates\/Customer_Details_(UK).json":"44937f44cb46365c9828bbfc457dc333635b8740","page-templates\/Dog_Off_a_Lead_Details.json":"e9d6bae98ef59622dece863d03e471e0243e8c45","structure\/pages.json":"753657bde422d82df53a32d1eeb0bf551a9e4213","structure\/branching.json":"bf12af7aa94c0472e2131e5d7979902be68f6fa0","actions\/rules\/Form_Submission.json":"ef6c6417ed9e1de9e221be6314642543634cf796","actions\/templates\/Confirmation.json":"72cce7362983dcecfe49abed781b711c6bb2f494","actions\/templates\/Internal_Notification.json":"c8307b6c35cdf221dfc9cb9e17b9e3603b3a09d4","misc\/pdfs.json":"97d170e1550eee4afc0af065b78cda302a97674c","misc\/prefills.json":"97d170e1550eee4afc0af065b78cda302a97674c","misc\/placeholders.json":"8b64a8732d4bfb1ce9b33e5805f8716c8e072da6","misc\/logic_definitions.json":"97d170e1550eee4afc0af065b78cda302a97674c","misc\/ic_inputs.json":"97d170e1550eee4afc0af065b78cda302a97674c","misc\/data-retention.json":"fa8b819d756eec4a4f185f5465ef79b349ea9ce4"}