{"title":"Report a Dog Off Lead","instructions":"","progressBar":"0","allowUnregistered":"1","resumeAtStart":"0","reCaptcha":"0","internalOnly":0,"metadata":{"id":"141","itemID":"279","creator":"Paul Johnson","contributor":"","publisher":"Sandbox 04","rights":"Sandbox 04","source":"","status":"V1.0 Public Consumption","coverage":"UK","created":1568934000,"modified":1568934000,"valid":null,"expired":null,"format":"text\/html","language":"en","subject":"","description":"Use this form if you have a complaint or concern about a dog off a lead."},"categories":[{"id":"2877","categoryType":"Navigation","itemID":279,"categoryID":"200129"}]}