[{"contentIdentifier":"1025_template-to","contentType":"ActionTemplateMapping","field":"0","type":"answer","value":"1201-main-q2549b5071dabc6293e3a508231cb6d34f43745d9","secondaryValue":null},{"contentIdentifier":"1025_content","contentType":"ActionTemplateMapping","field":"0","type":"variable","value":"Jadu\\XFormsPro\\Bundle\\StandardFormComponentBundle\\VariableDefinition\\UserFormIdentifierDefinition","secondaryValue":null},{"contentIdentifier":"1025_content","contentType":"ActionTemplateMapping","field":"1","type":"logic","value":"1468","secondaryValue":null},{"contentIdentifier":"1026_content","contentType":"ActionTemplateMapping","field":"0","type":"variable","value":"Jadu\\XFormsPro\\Bundle\\StandardFormComponentBundle\\VariableDefinition\\UserFormIdentifierDefinition","secondaryValue":null},{"contentIdentifier":"1026_content","contentType":"ActionTemplateMapping","field":"1","type":"logic","value":"1468","secondaryValue":null},{"contentIdentifier":"1027_description","contentType":"ActionTemplateMapping","field":"0","type":"answer","value":"1201-main-q9cdb439b2674168ae1a273ea098eda8443d72c05","secondaryValue":null},{"contentIdentifier":"1027_description","contentType":"ActionTemplateMapping","field":"1","type":"answer","value":"1201-main-qc7e70e9a47500f3d2792e04ff3f98680c753020c","secondaryValue":null},{"contentIdentifier":"1027_description","contentType":"ActionTemplateMapping","field":"2","type":"answer","value":"1201-main-qe8ae05eaa41e7f8cca171826277f9d8a80c2ed0e","secondaryValue":null},{"contentIdentifier":"1027_description","contentType":"ActionTemplateMapping","field":"3","type":"answer","value":"1201-main-q7e1b3da2d868db40298cc4f1fbbfa89cd0c34b70","secondaryValue":null},{"contentIdentifier":"1027_description","contentType":"ActionTemplateMapping","field":"4","type":"answer","value":"1201-main-q2549b5071dabc6293e3a508231cb6d34f43745d9","secondaryValue":null},{"contentIdentifier":"1027_description","contentType":"ActionTemplateMapping","field":"5","type":"answer","value":"1200-s3ff352aad791e64ca76b0b598fedcbbc3fdbe8f0-qbdb940076f79513b9b23d9a7bf60d047bc933669","secondaryValue":null},{"contentIdentifier":"1027_description","contentType":"ActionTemplateMapping","field":"6","type":"label","value":"1200-s3ff352aad791e64ca76b0b598fedcbbc3fdbe8f0-qe1a597cd3cabc366775c4e3757840ebcd22c0259","secondaryValue":null},{"contentIdentifier":"1027_description","contentType":"ActionTemplateMapping","field":"7","type":"label","value":"1200-s3ff352aad791e64ca76b0b598fedcbbc3fdbe8f0-qc7fded3879e34bbd46459bcdabff081537d07bc7","secondaryValue":null},{"contentIdentifier":"1027_description","contentType":"ActionTemplateMapping","field":"8","type":"logic","value":"1461","secondaryValue":null}]