{"form.json":"49d2c561478f75335062f743fcc9f840bcb1cfbe","page-templates\/COVID-19_Community_response.json":"b516d57e2bf65301ed93290e02928186868896c6","page-templates\/Volunteering_to_help.json":"d4760f564b33ba5eb6182dd4110bdc4c2c5d95c9","page-templates\/Details_-_Covid_(333).json":"103795079be383c789bdb73fbac7c90ecaaeb54d","page-templates\/What_help_is_required__(333).json":"6a7f1f59d87b84f86a492209c06a58464ed43222","page-templates\/Your_details_(333).json":"86c63816b660859cb5933485189b6c54adaa1aa2","page-templates\/Data_Sharing_(Jadu_Copy).json":"c66984556b2fb4bf0ad4a6e1422a7eb2d90a0409","page-templates\/Reporting_on_someone_else's_behalf_(Jadu_copy).json":"f1b80fc52e05b517d9ce9b983e7d1f89a36ed3f2","structure\/pages.json":"cb70924f35258f67c4e3cfb67bfa079b824a3cb3","structure\/branching.json":"02d478ca88c09afce48567cd848fe58488b81f13","actions\/rules\/Create_case.json":"1cc1e993edacac0f51108419dc4b03718a6f3e7b","actions\/templates\/Create_case.json":"4037c142625e1f9be3ee7d2d9f1f6123609ba16c","actions\/templates\/Create_person.json":"7e41245c2d3f8c19d0f4036bfcbe487a26a86b0e","actions\/templates\/Email_confirmation.json":"8102af308ac77bd8980afa53cc8144588241977e","actions\/templates\/Form_completion.json":"5d329f9edc53f6a74f808245e7580b102aa9624c","misc\/pdfs.json":"97d170e1550eee4afc0af065b78cda302a97674c","misc\/prefills.json":"97d170e1550eee4afc0af065b78cda302a97674c","misc\/placeholders.json":"f314464bf6e8751b9506c4098f0829eed53f3fd7","misc\/logic_definitions.json":"97d170e1550eee4afc0af065b78cda302a97674c","misc\/logics\/Contact_email.json":"80f018a62c722ba0b556c3a8ecd162898fa37675","misc\/ic_inputs.json":"97d170e1550eee4afc0af065b78cda302a97674c","misc\/data-retention.json":"fa8b819d756eec4a4f185f5465ef79b349ea9ce4"}