{"title":"COVID-19 Community Assistance Form (Jadu copy)","instructions":"","progressBar":"1","allowUnregistered":"1","resumeAtStart":"0","reCaptcha":"0","internalOnly":0,"metadata":{"id":"195","itemID":"333","creator":"Fred Kirby","contributor":"","publisher":"Borough of Broxbourne Council","rights":"Borough of Broxbourne Council","source":"","status":"V1.0 Public Consumption","coverage":"Broxbourne, Cheshunt, Hoddesdon and Waltham Cross; Hertfordshire; UK","created":1585008000,"modified":1585008000,"valid":null,"expired":null,"format":"text\/html","language":"en","subject":"","description":"COVID-19, Coronavirus"},"categories":[{"id":"3072","categoryType":"Navigation","itemID":333,"categoryID":"20019"}]}