{"title":"Change of Name and Address","instructions":"<p>Under the Provisions of the Information Privacy Act, the information provided is to be used solely for the purpose for which it is given or for any approved secondary purpose under the act.<\/p>","progressBar":"1","allowUnregistered":"1","resumeAtStart":"0","reCaptcha":"0","internalOnly":0,"metadata":{"id":"161","itemID":"299","creator":"David Evans","contributor":"","publisher":"Continuum Demo","rights":"Continuum Demo","source":"","status":"V1.0 Public Consumption","coverage":"Australia","created":1602111600,"modified":1602111600,"valid":null,"expired":null,"format":"text\/html","language":"en","subject":"","description":"Change of Name and Address"},"categories":[{"id":"2805","categoryType":"Navigation","itemID":299,"categoryID":"20257"}]}