{"id":1226,"actionType":"Jadu\\XFormsPro\\Form\\Rules\\Actions\\Email\\EmailActionType","title":"E-mail to the parking team","mappings":[{"field":"template-to","type":"static","value":"parking@jadu.co.uk","secondaryValue":null,"label":"To"},{"field":"template-from","type":"static","value":"noreply@jadu.co.uk","secondaryValue":null,"label":"From"},{"field":"template-subject","type":"static","value":"New critical care permit request","secondaryValue":null,"label":"Subject"},{"field":"format","type":"static","value":"HTML","secondaryValue":null,"label":"Format"},{"field":"content","type":"static","value":"\n<p>Request details:<\/p>\n\n<p>{{0}}<\/p>\n","secondaryValue":null,"label":"Content"},{"field":"contentPlain","type":"static","value":"","secondaryValue":null,"label":"Content"},{"field":"attachmentType","type":"static","value":"None","secondaryValue":null,"label":"Attachment"},{"field":"attachmentFormat","type":"static","value":"PDF","secondaryValue":null,"label":"Attachment format"},{"field":"attachmentContent","type":"static","value":"","secondaryValue":null,"label":"Attachment content"},{"field":"attachmentPlain","type":"static","value":"","secondaryValue":null,"label":"Attachment content"}]}