{"id":829,"isFormSpecific":true,"version":{"metadata":{"id":2222,"title":"Fouling details (510)","instructions":""},"sections":[{"name":"s3fd78af3871a86adf2cf24d57f82596cdc9f9ebd","title":"previously reported","showTitle":false,"hideInitially":true,"triggerQuestionName":"q99e1563fe8e2ce72acca83fd28be7bca2cb1637b","triggerQuestionSecondaryField":null,"triggerQuestionSection":"main","triggerOperator":"equal","triggerAnswerValue":"repeated","isRepeatableQuestion":false,"repeatableQuestionSettings":[],"structure":"[{\"type\":\"question\",\"name\":\"qd6aa5b4690c3967e7d78f8c3cd6a92576e2e7f2b\"},{\"type\":\"question\",\"name\":\"q41824d96fc46ea05f7139ad96679d33659f70929\"},{\"type\":\"question\",\"name\":\"q897134d187fb571d8e95ee7ce07ee10406f9bfe9\"}]","questions":[{"name":"qd6aa5b4690c3967e7d78f8c3cd6a92576e2e7f2b","text":"Have you previously reported this issue to our environmental health team for enforcement purposes?","guid":"18eeb80469e722d4f3513ee0c5b183da219c6975","settings":[{"name":"answers","value":"[{\"value\":\"yes\",\"text\":\"Yes\",\"data\":\"\",\"internal\":false},{\"value\":\"no\",\"text\":\"No\",\"data\":\"\",\"internal\":false}]"},{"name":"empty_option","value":"Please select"}]},{"name":"q41824d96fc46ea05f7139ad96679d33659f70929","text":"Would you like us to share this with our environmental health team for enforcement purposes?","guid":"18eeb80469e722d4f3513ee0c5b183da219c6975","settings":[{"name":"answers","value":"[{\"value\":\"yes\",\"text\":\"Yes\",\"data\":\"\",\"internal\":false},{\"value\":\"no\",\"text\":\"No\",\"data\":\"\",\"internal\":false}]"},{"name":"empty_option","value":"Please select"}]},{"name":"q897134d187fb571d8e95ee7ce07ee10406f9bfe9","text":"Our environmental health team may contact you for further details. Would you be able to provide information about the person in charge of the animal?","guid":"18eeb80469e722d4f3513ee0c5b183da219c6975","settings":[{"name":"answers","value":"[{\"value\":\"yes\",\"text\":\"Yes\",\"data\":\"\",\"internal\":false},{\"value\":\"no\",\"text\":\"No\",\"data\":\"\",\"internal\":false}]"},{"name":"empty_option","value":"Please select"}]}],"clauseType":null,"data":null},{"name":"main","title":"main","showTitle":null,"hideInitially":null,"triggerQuestionName":null,"triggerQuestionSecondaryField":null,"triggerQuestionSection":null,"triggerOperator":null,"triggerAnswerValue":null,"isRepeatableQuestion":null,"repeatableQuestionSettings":[],"structure":"[{\"type\":\"question\",\"name\":\"q99e1563fe8e2ce72acca83fd28be7bca2cb1637b\"},{\"type\":\"section\",\"name\":\"s3fd78af3871a86adf2cf24d57f82596cdc9f9ebd\"},{\"type\":\"question\",\"name\":\"qf02ee6f895136b8b9f563f5b854e02fd84c44dfe\"}]","questions":{"0":{"name":"q99e1563fe8e2ce72acca83fd28be7bca2cb1637b","text":"Is this one-off incident or a repeated incident","guid":"18eeb80469e722d4f3513ee0c5b183da219c6975","settings":[{"name":"required","value":"true"},{"name":"answers","value":"[{\"value\":\"one-off\",\"text\":\"One-off\",\"data\":\"\",\"internal\":false},{\"value\":\"repeated\",\"text\":\"Repeated\",\"data\":\"\",\"internal\":false}]"},{"name":"empty_option","value":"Please select"}]},"2":{"name":"qf02ee6f895136b8b9f563f5b854e02fd84c44dfe","text":"Add photo","guid":"9aca8a0e8fed454c7df8d60bf87b8f3ba70e844e","settings":[{"name":"restrict-number-count","value":"4"},{"name":"restrict-types","value":".jpg,.jpeg,.bmp,.png,.gif"}]}},"clauseType":null,"data":null}]}}