{"id":830,"isFormSpecific":false,"version":{"metadata":{"id":2223,"title":"Service location - Street Scene","instructions":""},"sections":[{"name":"main","title":"main","showTitle":null,"hideInitially":null,"triggerQuestionName":null,"triggerQuestionSecondaryField":null,"triggerQuestionSection":null,"triggerOperator":null,"triggerAnswerValue":null,"isRepeatableQuestion":null,"repeatableQuestionSettings":[],"structure":"[{\"type\":\"question\",\"name\":\"q27c4c40a2f74c8a1db9177f85830e0c876ba735e\"},{\"type\":\"question\",\"name\":\"qdc4b94907f8215e8d7cb2ccac71f90719e82d928\"}]","questions":[{"name":"q27c4c40a2f74c8a1db9177f85830e0c876ba735e","text":"Enter street name (do not use a postcode)","guid":"dafc7be1f6e3057017f8b0a86d50373130ca5da0","settings":[{"name":"required","value":"true"},{"name":"help","value":"Please enter the name of the nearest street, road or lane - do not enter a postcode."},{"name":"type","value":"d7037b836dd8425c9a2619429d821e818648822c"}]},{"name":"qdc4b94907f8215e8d7cb2ccac71f90719e82d928","text":"Additional information about the location","guid":"39c1d58d95f4fbb636ae61c4dccd9992ce707c24","settings":[{"name":"required","value":"true"},{"name":"help","value":"To help us find the exact location, please tell us where it is (next to the school, halfway up the road, opposite the church etc)."},{"name":"rows","value":"4"},{"name":"cols","value":"40"}]}],"clauseType":null,"data":null}]}}