{"id":484,"isFormSpecific":true,"version":{"metadata":{"id":1210,"title":"A-boards and frames","instructions":""},"sections":[{"name":"main","title":"main","showTitle":false,"hideInitially":false,"triggerQuestionName":null,"triggerQuestionSecondaryField":null,"triggerQuestionSection":null,"triggerOperator":null,"triggerAnswerValue":null,"isRepeatableQuestion":false,"repeatableQuestionSettings":[],"structure":"[{\"type\":\"question\",\"name\":\"q62502a8da45458907edbaff2d7c6a6a0ce9a09ef\"},{\"type\":\"question\",\"name\":\"qe521f5041bfc6975a6b9acf4f6e71cbbff7f4087\"}]","questions":[{"name":"q62502a8da45458907edbaff2d7c6a6a0ce9a09ef","text":"Where on the road is the A-board the located?","guid":"39c1d58d95f4fbb636ae61c4dccd9992ce707c24","number":1,"settings":[{"name":"rows","value":"4"},{"name":"cols","value":"40"}]},{"name":"qe521f5041bfc6975a6b9acf4f6e71cbbff7f4087","text":"What problem is this causing?","guid":"39c1d58d95f4fbb636ae61c4dccd9992ce707c24","number":1,"settings":[{"name":"rows","value":"4"},{"name":"cols","value":"40"}]}],"clauseType":null,"data":null}]}}