{"id":486,"isFormSpecific":true,"version":{"metadata":{"id":1221,"title":"Contact County Council","instructions":"<p>We are sorry but we are not able to respond to his request. Please&nbsp;report&nbsp;this&nbsp;to...<\/p>"},"sections":[{"name":"main","title":"main","showTitle":false,"hideInitially":false,"triggerQuestionName":null,"triggerQuestionSecondaryField":null,"triggerQuestionSection":null,"triggerOperator":null,"triggerAnswerValue":null,"isRepeatableQuestion":false,"repeatableQuestionSettings":[],"structure":"[]","questions":[],"clauseType":null,"data":null}]}}