{"id":474,"isFormSpecific":true,"version":{"metadata":{"id":1192,"title":"Contact Number","instructions":""},"sections":[{"name":"main","title":"main","showTitle":false,"hideInitially":false,"triggerQuestionName":null,"triggerQuestionSecondaryField":null,"triggerQuestionSection":null,"triggerOperator":null,"triggerAnswerValue":null,"isRepeatableQuestion":false,"repeatableQuestionSettings":[],"structure":"[{\"type\":\"question\",\"name\":\"q75b348f870f9c3ca9d471185534d729fdeb814fe\"},{\"type\":\"question\",\"name\":\"qb1e75cf6dec88f668e715d740c94b16f582f1c71\"}]","questions":[{"name":"qb1e75cf6dec88f668e715d740c94b16f582f1c71","text":"Staff Instructions","guid":"7d71b3ba5a3ceb554862ccadb50244fbdb3a65c0","number":2,"settings":[{"name":"value","value":"<p>As the issue has been&nbsp;identified&nbsp;as dangerous&nbsp;when you have taken the customers details on the next page then call :<\/p>\n\n<p><strong>Office hours&nbsp; 8:45 - 17:00 - Highways<\/strong><\/p>\n\n<p><br \/>\nRing the Highways Engineer immediately with details of the call.<\/p>\n\n<p><br \/>\n<strong>Out of hours emergencies&nbsp; <\/strong><\/p>\n\n<p>Contact&nbsp;&nbsp;<\/p>"},{"name":"internal_only","value":"true"}]},{"name":"q75b348f870f9c3ca9d471185534d729fdeb814fe","text":"Contact Details","guid":"7d71b3ba5a3ceb554862ccadb50244fbdb3a65c0","number":1,"settings":[{"name":"value","value":"<p><strong>You have indicated&nbsp;that the issue&nbsp;is dangerous so please&nbsp;call ... to&nbsp;speak to an advisor.<\/strong><\/p>\n\n<p>We will then&nbsp;arrange for the necessary response to deal&nbsp;with the&nbsp;issue.<\/p>"},{"name":"public_only","value":"true"}]}],"clauseType":null,"data":null}]}}