{"id":485,"isFormSpecific":true,"version":{"metadata":{"id":1211,"title":"Contact information","instructions":""},"sections":[{"name":"main","title":"main","showTitle":false,"hideInitially":false,"triggerQuestionName":null,"triggerQuestionSecondaryField":null,"triggerQuestionSection":null,"triggerOperator":null,"triggerAnswerValue":null,"isRepeatableQuestion":false,"repeatableQuestionSettings":[],"structure":"[{\"type\":\"question\",\"name\":\"q8321dfb24ee5512119bcd4b61eb075e93fd5ee2d\"},{\"type\":\"question\",\"name\":\"q265b44bdf3ee6f32eb4d32fdb2a1360369dca3bd\"},{\"type\":\"question\",\"name\":\"qf755bccbe3229e68680ef84c11ce175c272086ef\"},{\"type\":\"question\",\"name\":\"q9c2466e7bfd3957ac818b33d65bf5eb8fe173459\"},{\"type\":\"question\",\"name\":\"qac6f2a1bae2e49d0a9fb553074eeb2733c94f4e7\"}]","questions":[{"name":"q8321dfb24ee5512119bcd4b61eb075e93fd5ee2d","text":"First name","guid":"7d7527893d7f786c9073e6a651a9c26181d9a661","number":1,"settings":[]},{"name":"q265b44bdf3ee6f32eb4d32fdb2a1360369dca3bd","text":"Surname","guid":"7d7527893d7f786c9073e6a651a9c26181d9a661","number":1,"settings":[]},{"name":"qf755bccbe3229e68680ef84c11ce175c272086ef","text":"Address","guid":"dafc7be1f6e3057017f8b0a86d50373130ca5da0","number":1,"settings":[{"name":"type","value":"6bbccfb62ee2f3e6cbe9de1e944d18d7201a0fe6"}]},{"name":"q9c2466e7bfd3957ac818b33d65bf5eb8fe173459","text":"Contact number","guid":"7d7527893d7f786c9073e6a651a9c26181d9a661","number":1,"settings":[{"name":"validation","value":"7"}]},{"name":"qac6f2a1bae2e49d0a9fb553074eeb2733c94f4e7","text":"Email address","guid":"7d7527893d7f786c9073e6a651a9c26181d9a661","number":1,"settings":[{"name":"validation","value":"4"}]}],"clauseType":null,"data":null}]}}