{"id":475,"isFormSpecific":true,"version":{"metadata":{"id":1194,"title":"Drainage and flooding","instructions":""},"sections":[{"name":"main","title":"main","showTitle":false,"hideInitially":false,"triggerQuestionName":null,"triggerQuestionSecondaryField":null,"triggerQuestionSection":null,"triggerOperator":null,"triggerAnswerValue":null,"isRepeatableQuestion":false,"repeatableQuestionSettings":[],"structure":"[{\"type\":\"question\",\"name\":\"qba8122971af152226363a013380ede063eae797a\"},{\"type\":\"question\",\"name\":\"qca78cfe80edeb76e4f794206196ef76860a87b48\"},{\"type\":\"question\",\"name\":\"q8cb4d58cddcb7d061cddd0720fed035b343d46fc\"},{\"type\":\"question\",\"name\":\"q80228635825994da38e92789e9acd0bb25c5c45c\"},{\"type\":\"question\",\"name\":\"q58ecdcaf8f499824bf7b61e55b13dd3bc2416bb8\"},{\"type\":\"question\",\"name\":\"q3ee145d82fd14f899f09732580f62219ec7599f5\"},{\"type\":\"question\",\"name\":\"qf76b7f49608a8ed76a9a365afa0270f67c211b89\"},{\"type\":\"question\",\"name\":\"qf7c718744229ec2d9855b5abfc98c1cdc1b52fe6\"},{\"type\":\"question\",\"name\":\"q106a030d27a1c2eba91bc41cb5602f3d94dfb866\"}]","questions":[{"name":"qba8122971af152226363a013380ede063eae797a","text":"What is the problem?","guid":"76adf3309e62cdac1a38c983ba08cc2ca8519dbd","number":1,"settings":[{"name":"default","value":"blocked_gully_drain"},{"name":"answers","value":"[{\"value\":\"blocked_gully_drain\",\"text\":\"Blocked gully \/drain\",\"data\":\"\",\"internal\":false},{\"value\":\"damaged_gully_gully_grate\",\"text\":\"Damaged gully \/ gully grate\",\"data\":\"\",\"internal\":false},{\"value\":\"missing_cover\",\"text\":\"Missing cover\",\"data\":\"\",\"internal\":false},{\"value\":\"standing_water\",\"text\":\"Standing water\",\"data\":\"\",\"internal\":false}]"}]},{"name":"qca78cfe80edeb76e4f794206196ef76860a87b48","text":"How big is the area of any standing water?","guid":"7d7527893d7f786c9073e6a651a9c26181d9a661","number":1,"settings":[]},{"name":"q8cb4d58cddcb7d061cddd0720fed035b343d46fc","text":"How deep is the water?","guid":"7d7527893d7f786c9073e6a651a9c26181d9a661","number":1,"settings":[]},{"name":"q80228635825994da38e92789e9acd0bb25c5c45c","text":"Does the flooding cover?","guid":"76adf3309e62cdac1a38c983ba08cc2ca8519dbd","number":1,"settings":[{"name":"default","value":"road"},{"name":"answers","value":"[{\"value\":\"road\",\"text\":\"Road\",\"data\":\"\",\"internal\":false},{\"value\":\"path\",\"text\":\"Path\",\"data\":\"\",\"internal\":false},{\"value\":\"both\",\"text\":\"Both\",\"data\":\"\",\"internal\":false}]"}]},{"name":"q58ecdcaf8f499824bf7b61e55b13dd3bc2416bb8","text":"If this relates to a drain what does it  look like?","guid":"39c1d58d95f4fbb636ae61c4dccd9992ce707c24","number":1,"settings":[{"name":"help","value":"For example what size and shape is it, are there any markings eg Anglian Water or BT)?"},{"name":"rows","value":"4"},{"name":"cols","value":"40"}]},{"name":"qf7c718744229ec2d9855b5abfc98c1cdc1b52fe6","text":"Any other details relevant to the problem:","guid":"39c1d58d95f4fbb636ae61c4dccd9992ce707c24","number":1,"settings":[{"name":"rows","value":"4"},{"name":"cols","value":"40"}]},{"name":"q106a030d27a1c2eba91bc41cb5602f3d94dfb866","text":"Please attach a photo if possible","guid":"9aca8a0e8fed454c7df8d60bf87b8f3ba70e844e","number":1,"settings":[]},{"name":"qf76b7f49608a8ed76a9a365afa0270f67c211b89","text":"Is this issue a danger to public safety or is the highway impassable?","guid":"18eeb80469e722d4f3513ee0c5b183da219c6975","number":1,"settings":[{"name":"default","value":"no"},{"name":"answers","value":"[{\"value\":\"no\",\"text\":\"No\",\"data\":\"\",\"internal\":false},{\"value\":\"yes\",\"text\":\"Yes\",\"data\":\"\",\"internal\":false}]"}]},{"name":"q3ee145d82fd14f899f09732580f62219ec7599f5","text":"Is it affecting a private property?","guid":"18eeb80469e722d4f3513ee0c5b183da219c6975","number":1,"settings":[{"name":"default","value":"no"},{"name":"answers","value":"[{\"value\":\"no\",\"text\":\"No\",\"data\":\"\",\"internal\":false},{\"value\":\"yes\",\"text\":\"Yes\",\"data\":\"\",\"internal\":false}]"}]}],"clauseType":null,"data":null}]}}