{"id":480,"isFormSpecific":true,"version":{"metadata":{"id":1206,"title":"Hedges and trees overhanging","instructions":""},"sections":[{"name":"main","title":"main","showTitle":false,"hideInitially":false,"triggerQuestionName":null,"triggerQuestionSecondaryField":null,"triggerQuestionSection":null,"triggerOperator":null,"triggerAnswerValue":null,"isRepeatableQuestion":false,"repeatableQuestionSettings":[],"structure":"[{\"type\":\"question\",\"name\":\"q5d56a15cc97892c123c8e32388af3ff2694687f5\"},{\"type\":\"question\",\"name\":\"q61d8ef715c5405308341ee0b4b7ed1d5a115cb2e\"}]","questions":[{"name":"q5d56a15cc97892c123c8e32388af3ff2694687f5","text":"Description of the problem:","guid":"39c1d58d95f4fbb636ae61c4dccd9992ce707c24","number":1,"settings":[{"name":"rows","value":"4"},{"name":"cols","value":"40"}]},{"name":"q61d8ef715c5405308341ee0b4b7ed1d5a115cb2e","text":"Please attach a photo if possible","guid":"9aca8a0e8fed454c7df8d60bf87b8f3ba70e844e","number":1,"settings":[]}],"clauseType":null,"data":null}]}}