{"id":481,"isFormSpecific":true,"version":{"metadata":{"id":1207,"title":"Highway damage and defects (excluding potholes)","instructions":""},"sections":[{"name":"main","title":"main","showTitle":false,"hideInitially":false,"triggerQuestionName":null,"triggerQuestionSecondaryField":null,"triggerQuestionSection":null,"triggerOperator":null,"triggerAnswerValue":null,"isRepeatableQuestion":false,"repeatableQuestionSettings":[],"structure":"[{\"type\":\"question\",\"name\":\"q584171382f8638b82a36f07d7a7f9f4c2aa2beaa\"},{\"type\":\"question\",\"name\":\"qd9b292b41f939bbd2f6e4e39c8a257281e66e4a9\"},{\"type\":\"question\",\"name\":\"qd7794cde4c791b49d9aca6c2221b9775541891db\"},{\"type\":\"question\",\"name\":\"qb902e59f0d751efffda26a38acefd41191fdf5f9\"},{\"type\":\"question\",\"name\":\"qc205218f7bac83e7222f11dd791e03fcdb21545c\"}]","questions":[{"name":"q584171382f8638b82a36f07d7a7f9f4c2aa2beaa","text":"Where is the issue located?","guid":"76adf3309e62cdac1a38c983ba08cc2ca8519dbd","number":1,"settings":[{"name":"default","value":"road"},{"name":"answers","value":"[{\"value\":\"road\",\"text\":\"Road\",\"data\":\"\",\"internal\":false},{\"value\":\"verge\",\"text\":\"Verge\",\"data\":\"\",\"internal\":false},{\"value\":\"cycleway\",\"text\":\"Cycleway\",\"data\":\"\",\"internal\":false},{\"value\":\"footpath\",\"text\":\"Footpath\",\"data\":\"\",\"internal\":false}]"}]},{"name":"qd9b292b41f939bbd2f6e4e39c8a257281e66e4a9","text":"What is the problem?","guid":"76adf3309e62cdac1a38c983ba08cc2ca8519dbd","number":1,"settings":[{"name":"default","value":"bleeding_tar"},{"name":"answers","value":"[{\"value\":\"bleeding_tar\",\"text\":\"Bleeding tar\",\"data\":\"\",\"internal\":false},{\"value\":\"broken_or_uneven_slabs\",\"text\":\"Broken or uneven slabs\",\"data\":\"\",\"internal\":false},{\"value\":\"damaged_kerb\",\"text\":\"Damaged kerb\",\"data\":\"\",\"internal\":false},{\"value\":\"surface_dressing\",\"text\":\"Surface dressing\",\"data\":\"\",\"internal\":false},{\"value\":\"other_damage\",\"text\":\"Other damage\",\"data\":\"\",\"internal\":false}]"}]},{"name":"qd7794cde4c791b49d9aca6c2221b9775541891db","text":"Description of the problem:","guid":"39c1d58d95f4fbb636ae61c4dccd9992ce707c24","number":1,"settings":[{"name":"rows","value":"4"},{"name":"cols","value":"40"}]},{"name":"qb902e59f0d751efffda26a38acefd41191fdf5f9","text":"Size or extent of the problem:","guid":"39c1d58d95f4fbb636ae61c4dccd9992ce707c24","number":1,"settings":[{"name":"rows","value":"4"},{"name":"cols","value":"40"}]},{"name":"qc205218f7bac83e7222f11dd791e03fcdb21545c","text":"Please provide a photograph:","guid":"9aca8a0e8fed454c7df8d60bf87b8f3ba70e844e","number":1,"settings":[]}],"clauseType":null,"data":null}]}}