{"id":473,"isFormSpecific":true,"version":{"metadata":{"id":1190,"title":"Manhole","instructions":""},"sections":[{"name":"s0ba0f87463b4a13baf452cfbc44f392d4fe8d229","title":"where is it located?","showTitle":false,"hideInitially":true,"triggerQuestionName":"qdfb36aa78839b23a83c9fb3b47596c6ef1e6ed47","triggerQuestionSecondaryField":null,"triggerQuestionSection":"main","triggerOperator":"equal","triggerAnswerValue":"road","isRepeatableQuestion":false,"repeatableQuestionSettings":[],"structure":"[{\"type\":\"question\",\"name\":\"q630b134e33af700602c04f8a352826b69449cd21\"}]","questions":[{"name":"q630b134e33af700602c04f8a352826b69449cd21","text":"Where is it located?","guid":"76adf3309e62cdac1a38c983ba08cc2ca8519dbd","number":1,"settings":[{"name":"default","value":"side_of_the_road"},{"name":"answers","value":"[{\"value\":\"side_of_the_road\",\"text\":\"Side of the road\",\"data\":\"\",\"internal\":false},{\"value\":\"middle_of_the_road\",\"text\":\"Middle of the road\",\"data\":\"\",\"internal\":false},{\"value\":\"in_the_wheel_track\",\"text\":\"In the wheel track\",\"data\":\"\",\"internal\":false}]"}]}],"clauseType":null,"data":null},{"name":"main","title":"main","showTitle":false,"hideInitially":false,"triggerQuestionName":null,"triggerQuestionSecondaryField":null,"triggerQuestionSection":null,"triggerOperator":null,"triggerAnswerValue":null,"isRepeatableQuestion":false,"repeatableQuestionSettings":[],"structure":"[{\"type\":\"question\",\"name\":\"qdfb36aa78839b23a83c9fb3b47596c6ef1e6ed47\"},{\"type\":\"section\",\"name\":\"s0ba0f87463b4a13baf452cfbc44f392d4fe8d229\",\"elements\":[{\"type\":\"question\",\"name\":\"q630b134e33af700602c04f8a352826b69449cd21\"}]},{\"type\":\"question\",\"name\":\"q659ca378c7bd29c0c5917545944579497ccce9a1\"},{\"type\":\"question\",\"name\":\"q294798a36ce4bb15e7bf08c310c4278f696aab52\"},{\"type\":\"question\",\"name\":\"q525a573f15b07c9c404c6033a29261da85796c69\"},{\"type\":\"section\",\"name\":\"s0c50160cd94c3fe9232ebf8a26179d3de41214d1\"},{\"type\":\"question\",\"name\":\"qf48e6fa87099174cf12958e14c998eb1e8f76898\"}]","questions":[{"name":"qdfb36aa78839b23a83c9fb3b47596c6ef1e6ed47","text":"Where is the cover located?","guid":"76adf3309e62cdac1a38c983ba08cc2ca8519dbd","number":1,"settings":[{"name":"default","value":"road"},{"name":"answers","value":"[{\"value\":\"road\",\"text\":\"Road\",\"data\":\"\",\"internal\":false},{\"value\":\"verge\",\"text\":\"Verge\",\"data\":\"\",\"internal\":false},{\"value\":\"cycleway\",\"text\":\"Cycleway\",\"data\":\"\",\"internal\":false},{\"value\":\"footpath\",\"text\":\"Footpath\",\"data\":\"\",\"internal\":false}]"}]},{"name":"q659ca378c7bd29c0c5917545944579497ccce9a1","text":"What type of cover is it?","guid":"39c1d58d95f4fbb636ae61c4dccd9992ce707c24","number":1,"settings":[{"name":"help","value":"For example are there any markings (eg Anglian water, CATV or BT)"},{"name":"rows","value":"4"},{"name":"cols","value":"40"}]},{"name":"q294798a36ce4bb15e7bf08c310c4278f696aab52","text":"What size and shape is the cover?","guid":"39c1d58d95f4fbb636ae61c4dccd9992ce707c24","number":1,"settings":[{"name":"rows","value":"4"},{"name":"cols","value":"40"}]},{"name":"q525a573f15b07c9c404c6033a29261da85796c69","text":"What is the nature of the problem?","guid":"76adf3309e62cdac1a38c983ba08cc2ca8519dbd","number":1,"settings":[{"name":"default","value":"damaged"},{"name":"answers","value":"[{\"value\":\"damaged\",\"text\":\"Damaged\",\"data\":\"\",\"internal\":false},{\"value\":\"missing\",\"text\":\"Missing\",\"data\":\"\",\"internal\":false},{\"value\":\"noisyrattling\",\"text\":\"Noisy\/rattling\",\"data\":\"\",\"internal\":false},{\"value\":\"polished_or_shiny\",\"text\":\"Polished or shiny\",\"data\":\"\",\"internal\":false}]"}]},{"name":"qf48e6fa87099174cf12958e14c998eb1e8f76898","text":"Please attach a photo if possible","guid":"9aca8a0e8fed454c7df8d60bf87b8f3ba70e844e","number":1,"settings":[]}],"clauseType":null,"data":null},{"name":"s0c50160cd94c3fe9232ebf8a26179d3de41214d1","title":"Is this issue a danger","showTitle":false,"hideInitially":true,"triggerQuestionName":"q525a573f15b07c9c404c6033a29261da85796c69","triggerQuestionSecondaryField":null,"triggerQuestionSection":"main","triggerOperator":"equal","triggerAnswerValue":"missing","isRepeatableQuestion":false,"repeatableQuestionSettings":[],"structure":"[{\"type\":\"question\",\"name\":\"q6d4f88080c8ab0b05ee33bbcfe2d1b6bbca9c70d\"}]","questions":[{"name":"q6d4f88080c8ab0b05ee33bbcfe2d1b6bbca9c70d","text":"Is this issue a danger to public safety or is the highway impassable?","guid":"18eeb80469e722d4f3513ee0c5b183da219c6975","number":1,"settings":[{"name":"answers","value":"[{\"value\":\"no\",\"text\":\"No\",\"data\":\"\",\"internal\":false},{\"value\":\"yes\",\"text\":\"Yes\",\"data\":\"\",\"internal\":false}]"}]}],"clauseType":null,"data":null}]}}