{"id":477,"isFormSpecific":true,"version":{"metadata":{"id":1200,"title":"Potholes","instructions":""},"sections":[{"name":"main","title":"main","showTitle":false,"hideInitially":false,"triggerQuestionName":null,"triggerQuestionSecondaryField":null,"triggerQuestionSection":null,"triggerOperator":null,"triggerAnswerValue":null,"isRepeatableQuestion":false,"repeatableQuestionSettings":[],"structure":"[{\"type\":\"question\",\"name\":\"q7fe6387bbb627fe032bc0837e247377c697f153f\"},{\"type\":\"section\",\"name\":\"s4904dcb49b7332564387738953ffcfc1dac67eed\"},{\"type\":\"question\",\"name\":\"q13e50ad038ab3620bef7e14b85bcffcde7bc6fbf\"},{\"type\":\"question\",\"name\":\"q804dd08acd0c24bb68966535bb283361b9b245ae\"},{\"type\":\"question\",\"name\":\"qf4082bd348b6a891082290bc0d0be4d212cfc385\"},{\"type\":\"section\",\"name\":\"s5307eed329dc759dad35b12e5b4ada2e32054bf5\"},{\"type\":\"question\",\"name\":\"q7f16f50900403958562c10810a205a35faebf923\"}]","questions":[{"name":"q7fe6387bbb627fe032bc0837e247377c697f153f","text":"Is the pothole on a path, cycleway or road ?","guid":"76adf3309e62cdac1a38c983ba08cc2ca8519dbd","number":1,"settings":[{"name":"default","value":"path"},{"name":"answers","value":"[{\"value\":\"path\",\"text\":\"Path\",\"data\":\"\",\"internal\":false},{\"value\":\"cycleway\",\"text\":\"Cycleway\",\"data\":\"\",\"internal\":false},{\"value\":\"road\",\"text\":\"Road\",\"data\":\"\",\"internal\":false}]"}]},{"name":"q13e50ad038ab3620bef7e14b85bcffcde7bc6fbf","text":"What is the width (diameter) of the pothole?","guid":"76adf3309e62cdac1a38c983ba08cc2ca8519dbd","number":2,"settings":[{"name":"default","value":"more_than_30cm_smaller_than_a_dinner_plate"},{"name":"answers","value":"[{\"value\":\"less_than_30cm_smaller_than_a_dinner_plate\",\"text\":\"Less than 30cm (smaller than a dinner plate)\",\"data\":\"\",\"internal\":false},{\"value\":\"more_than_30cm_smaller_than_a_dinner_plate\",\"text\":\"More than 30cm (smaller than a dinner plate)\",\"data\":\"\",\"internal\":false},{\"value\":\"dont_know\",\"text\":\"Don't know\",\"data\":\"\",\"internal\":false}]"}]},{"name":"q804dd08acd0c24bb68966535bb283361b9b245ae","text":"How deep (depth) is the pothole?","guid":"76adf3309e62cdac1a38c983ba08cc2ca8519dbd","number":3,"settings":[{"name":"default","value":"less_than_40mm_less_than_the_width_of_a_golf_ball"},{"name":"answers","value":"[{\"value\":\"less_than_40mm_less_than_the_width_of_a_golf_ball\",\"text\":\"Less than 40mm (less than the width of a golf ball)\",\"data\":\"\",\"internal\":false},{\"value\":\"more_than_40mm_more_than_the_width_of_a_golf_ball_but_less_than_the_width_of_a_tennis_ball\",\"text\":\"More than 40mm (more than the width of a golf ball, but less than the width of a tennis ball)\",\"data\":\"\",\"internal\":false},{\"value\":\"more_than_75mm_more_than_the_width_of_a_tennis_ball\",\"text\":\"More than 75mm (more than the width of a tennis ball)\",\"data\":\"\",\"internal\":false},{\"value\":\"dont_know\",\"text\":\"Don\u2019t know\",\"data\":\"\",\"internal\":false}]"}]},{"name":"qf4082bd348b6a891082290bc0d0be4d212cfc385","text":"Any other details relevant to the problem:","guid":"39c1d58d95f4fbb636ae61c4dccd9992ce707c24","number":4,"settings":[{"name":"rows","value":"4"},{"name":"cols","value":"40"}]},{"name":"q7f16f50900403958562c10810a205a35faebf923","text":"Please attach a photo if possible","guid":"9aca8a0e8fed454c7df8d60bf87b8f3ba70e844e","number":5,"settings":[]}],"clauseType":null,"data":null},{"name":"s4904dcb49b7332564387738953ffcfc1dac67eed","title":"Where specifically is it located?","showTitle":false,"hideInitially":true,"triggerQuestionName":"q7fe6387bbb627fe032bc0837e247377c697f153f","triggerQuestionSecondaryField":null,"triggerQuestionSection":"main","triggerOperator":"equal","triggerAnswerValue":"road","isRepeatableQuestion":false,"repeatableQuestionSettings":[],"structure":"[{\"type\":\"question\",\"name\":\"qf99b4b85ebcefbc89ce480eea3ab25ec58d8d066\"}]","questions":[{"name":"qf99b4b85ebcefbc89ce480eea3ab25ec58d8d066","text":"Where is it located","guid":"76adf3309e62cdac1a38c983ba08cc2ca8519dbd","number":1,"settings":[{"name":"default","value":"side_of_the_road"},{"name":"answers","value":"[{\"value\":\"side_of_the_road\",\"text\":\"Side of the road\",\"data\":\"\",\"internal\":false},{\"value\":\"middle_of_the_road\",\"text\":\"Middle of the road\",\"data\":\"\",\"internal\":false},{\"value\":\"in_the_wheel_track\",\"text\":\"In the wheel track\",\"data\":\"\",\"internal\":false}]"}]}],"clauseType":null,"data":null},{"name":"s5307eed329dc759dad35b12e5b4ada2e32054bf5","title":"Danger","showTitle":false,"hideInitially":true,"triggerQuestionName":"q804dd08acd0c24bb68966535bb283361b9b245ae","triggerQuestionSecondaryField":null,"triggerQuestionSection":"main","triggerOperator":"not equal","triggerAnswerValue":"less_than_40mm_less_than_the_width_of_a_golf_ball","isRepeatableQuestion":false,"repeatableQuestionSettings":[],"structure":"[{\"type\":\"question\",\"name\":\"q558326ca1d86a1cd40066f2e59dd8b4473105623\"}]","questions":[{"name":"q558326ca1d86a1cd40066f2e59dd8b4473105623","text":"Is this a danger to life or is the highway impassable?","guid":"18eeb80469e722d4f3513ee0c5b183da219c6975","number":1,"settings":[{"name":"answers","value":"[{\"value\":\"no\",\"text\":\"No\",\"data\":\"\",\"internal\":false},{\"value\":\"yes\",\"text\":\"Yes\",\"data\":\"\",\"internal\":false}]"}]}],"clauseType":null,"data":null}]}}