{"id":478,"isFormSpecific":true,"version":{"metadata":{"id":1203,"title":"Road markings","instructions":""},"sections":[{"name":"main","title":"main","showTitle":false,"hideInitially":false,"triggerQuestionName":null,"triggerQuestionSecondaryField":null,"triggerQuestionSection":null,"triggerOperator":null,"triggerAnswerValue":null,"isRepeatableQuestion":false,"repeatableQuestionSettings":[],"structure":"[{\"type\":\"question\",\"name\":\"qf58c22ae813044af0359c87fc2adf71ffa80ce11\"},{\"type\":\"question\",\"name\":\"q6f11657419907b39d76dbf3aebb6759ea3a8aab9\"},{\"type\":\"question\",\"name\":\"q51c1250ec3fcbbdfe7bb9db547514e7294e135a5\"},{\"type\":\"question\",\"name\":\"qe76d32f584131f412bc2641ee20d866355e431ea\"}]","questions":[{"name":"qf58c22ae813044af0359c87fc2adf71ffa80ce11","text":"What is the nature of the issue","guid":"76adf3309e62cdac1a38c983ba08cc2ca8519dbd","number":1,"settings":[{"name":"default","value":"missing"},{"name":"answers","value":"[{\"value\":\"missing\",\"text\":\"Missing\",\"data\":\"\",\"internal\":false},{\"value\":\"worn\",\"text\":\"Worn\",\"data\":\"\",\"internal\":false}]"}]},{"name":"q6f11657419907b39d76dbf3aebb6759ea3a8aab9","text":"What type of road marking is it?","guid":"76adf3309e62cdac1a38c983ba08cc2ca8519dbd","number":1,"settings":[{"name":"default","value":"double_yellow_lines"},{"name":"answers","value":"[{\"value\":\"double_yellow_lines\",\"text\":\"Double yellow lines\",\"data\":\"\",\"internal\":false},{\"value\":\"single_yellow_line\",\"text\":\"Single yellow line\",\"data\":\"\",\"internal\":false},{\"value\":\"stop_line\",\"text\":\"Stop line\",\"data\":\"\",\"internal\":false},{\"value\":\"give_way\",\"text\":\"Give way\",\"data\":\"\",\"internal\":false},{\"value\":\"centre_line\",\"text\":\"Centre line\",\"data\":\"\",\"internal\":false},{\"value\":\"on_street_parking_bays\",\"text\":\"On street parking bays\",\"data\":\"\",\"internal\":false},{\"value\":\"bus_stop\",\"text\":\"Bus stop\",\"data\":\"\",\"internal\":false},{\"value\":\"other\",\"text\":\"Other\",\"data\":\"\",\"internal\":false}]"}]},{"name":"q51c1250ec3fcbbdfe7bb9db547514e7294e135a5","text":"Any other details relevant to the problem:","guid":"39c1d58d95f4fbb636ae61c4dccd9992ce707c24","number":1,"settings":[{"name":"rows","value":"4"},{"name":"cols","value":"40"}]},{"name":"qe76d32f584131f412bc2641ee20d866355e431ea","text":"Please provide a photograph","guid":"9aca8a0e8fed454c7df8d60bf87b8f3ba70e844e","number":1,"settings":[]}],"clauseType":null,"data":null}]}}