{"id":479,"isFormSpecific":true,"version":{"metadata":{"id":1204,"title":"Signs and Posts","instructions":""},"sections":[{"name":"main","title":"main","showTitle":false,"hideInitially":false,"triggerQuestionName":null,"triggerQuestionSecondaryField":null,"triggerQuestionSection":null,"triggerOperator":null,"triggerAnswerValue":null,"isRepeatableQuestion":false,"repeatableQuestionSettings":[],"structure":"[{\"type\":\"question\",\"name\":\"qa07c75dfc6c94b3fd1ad19455e82cfc8cd5b63f7\"},{\"type\":\"question\",\"name\":\"qe02cd1ff2ff873d90fb8cd51704fc43e7f9fe42a\"},{\"type\":\"question\",\"name\":\"q9d3260c8e2d9968ed2e6b6ac9995a3cd928c97b4\"}]","questions":[{"name":"qa07c75dfc6c94b3fd1ad19455e82cfc8cd5b63f7","text":"What is the problem?","guid":"76adf3309e62cdac1a38c983ba08cc2ca8519dbd","number":1,"settings":[{"name":"default","value":"non_illuminated_dirty"},{"name":"answers","value":"[{\"value\":\"non_illuminated_dirty\",\"text\":\"Non illuminated dirty\",\"data\":\"\",\"internal\":false},{\"value\":\"non_illuminated_faded\",\"text\":\"Non illuminated faded\",\"data\":\"\",\"internal\":false},{\"value\":\"non_illuminated_missing\",\"text\":\"Non illuminated missing\",\"data\":\"\",\"internal\":false},{\"value\":\"non_illuminated_damaged_or_faulty\",\"text\":\"Non illuminated damaged or faulty\",\"data\":\"\",\"internal\":false},{\"value\":\"non_illuminated_obscured\",\"text\":\"Non illuminated obscured\",\"data\":\"\",\"internal\":false}]"}]},{"name":"qe02cd1ff2ff873d90fb8cd51704fc43e7f9fe42a","text":"What type of sign\/post?","guid":"76adf3309e62cdac1a38c983ba08cc2ca8519dbd","number":1,"settings":[{"name":"default","value":"direction"},{"name":"answers","value":"[{\"value\":\"direction\",\"text\":\"Direction\",\"data\":\"\",\"internal\":false},{\"value\":\"location\",\"text\":\"Location\",\"data\":\"\",\"internal\":false},{\"value\":\"parkingpermit_restriction\",\"text\":\"Parking\/permit restriction\",\"data\":\"\",\"internal\":false},{\"value\":\"speed_limit\",\"text\":\"Speed limit\",\"data\":\"\",\"internal\":false},{\"value\":\"street_nameplate\",\"text\":\"Street nameplate\",\"data\":\"\",\"internal\":false},{\"value\":\"other\",\"text\":\"Other\",\"data\":\"\",\"internal\":false}]"}]},{"name":"q9d3260c8e2d9968ed2e6b6ac9995a3cd928c97b4","text":"What is the nature of the problem?","guid":"39c1d58d95f4fbb636ae61c4dccd9992ce707c24","number":1,"settings":[{"name":"rows","value":"4"},{"name":"cols","value":"40"}]}],"clauseType":null,"data":null}]}}