{"id":476,"isFormSpecific":true,"version":{"metadata":{"id":1197,"title":"Spillages \/ Debris \/ Obstructions","instructions":""},"sections":[{"name":"sf9f43a1ef69f8e6e1f690e1e16ff7636ff853ebc","title":"Obstruction","showTitle":false,"hideInitially":true,"triggerQuestionName":"qb705ba9015691ccc71820a148c398fbe9b9c5910","triggerQuestionSecondaryField":null,"triggerQuestionSection":"main","triggerOperator":"equal","triggerAnswerValue":"obstruction","isRepeatableQuestion":false,"repeatableQuestionSettings":[],"structure":"[{\"type\":\"question\",\"name\":\"q39b3f746cabf534d292e1b3c3edaff31e353f791\"},{\"type\":\"question\",\"name\":\"q4553eeb27cfdef5bcbbc0c05bc04381758a54c0b\"}]","questions":[{"name":"q39b3f746cabf534d292e1b3c3edaff31e353f791","text":"What is causing the obstruction","guid":"76adf3309e62cdac1a38c983ba08cc2ca8519dbd","number":1,"settings":[{"name":"default","value":"debris"},{"name":"answers","value":"[{\"value\":\"debris\",\"text\":\"Debris\",\"data\":\"\",\"internal\":false},{\"value\":\"illegal_signs\",\"text\":\"Illegal signs\",\"data\":\"\",\"internal\":false},{\"value\":\"structure_eg_fence_sign\",\"text\":\"Structure (eg fence, sign)\",\"data\":\"\",\"internal\":false},{\"value\":\"trailer_or_caravan\",\"text\":\"Trailer or caravan\",\"data\":\"\",\"internal\":false},{\"value\":\"vehicle_for_sale\",\"text\":\"Vehicle for sale\",\"data\":\"\",\"internal\":false},{\"value\":\"skip\",\"text\":\"Skip\",\"data\":\"\",\"internal\":false}]"}]},{"name":"q4553eeb27cfdef5bcbbc0c05bc04381758a54c0b","text":"What is the extent of the problem?","guid":"39c1d58d95f4fbb636ae61c4dccd9992ce707c24","number":2,"settings":[{"name":"rows","value":"4"},{"name":"cols","value":"40"}]}],"clauseType":null,"data":null},{"name":"sd75412afa362068cd7249b25ea27a03d6fd12cc4","title":"Debris","showTitle":false,"hideInitially":true,"triggerQuestionName":"qb705ba9015691ccc71820a148c398fbe9b9c5910","triggerQuestionSecondaryField":null,"triggerQuestionSection":"main","triggerOperator":"equal","triggerAnswerValue":"debris","isRepeatableQuestion":false,"repeatableQuestionSettings":[],"structure":"[{\"type\":\"question\",\"name\":\"qebcdc4578b2aafc82439bf87f7c149ffccc1c8d0\"},{\"type\":\"question\",\"name\":\"qc935aa296425f0c93cf212920c13ee60cef0c190\"}]","questions":[{"name":"qebcdc4578b2aafc82439bf87f7c149ffccc1c8d0","text":"What is the debris?","guid":"39c1d58d95f4fbb636ae61c4dccd9992ce707c24","number":1,"settings":[{"name":"rows","value":"4"},{"name":"cols","value":"40"}]},{"name":"qc935aa296425f0c93cf212920c13ee60cef0c190","text":"Any other details relevant to the problem:","guid":"39c1d58d95f4fbb636ae61c4dccd9992ce707c24","number":2,"settings":[{"name":"rows","value":"4"},{"name":"cols","value":"40"}]}],"clauseType":null,"data":null},{"name":"s16e4a4f2637be1a7fce89b9ca35c58e1aece76f8","title":"Spillage","showTitle":false,"hideInitially":true,"triggerQuestionName":"qb705ba9015691ccc71820a148c398fbe9b9c5910","triggerQuestionSecondaryField":null,"triggerQuestionSection":"main","triggerOperator":"equal","triggerAnswerValue":"spillage","isRepeatableQuestion":false,"repeatableQuestionSettings":[],"structure":"[{\"type\":\"question\",\"name\":\"q23a217888dd3164d83aa24461006c5c11844fb64\"},{\"type\":\"question\",\"name\":\"qe14d4fe677e283661b7e52c9ee6b4fa9e5f95de1\"},{\"type\":\"question\",\"name\":\"qa58445206d628e77e79eb5a4ae5a85d94305b5f8\"},{\"type\":\"question\",\"name\":\"q8d7af9655dbde0440ded7ac31fd05bec9fb76248\"}]","questions":[{"name":"q23a217888dd3164d83aa24461006c5c11844fb64","text":"What has been spilt?","guid":"39c1d58d95f4fbb636ae61c4dccd9992ce707c24","number":1,"settings":[{"name":"help","value":"Please give details e.g. oil , water, diesel , wet paint , dry paint"},{"name":"rows","value":"4"},{"name":"cols","value":"40"}]},{"name":"qe14d4fe677e283661b7e52c9ee6b4fa9e5f95de1","text":"What is the extent of the spill?","guid":"39c1d58d95f4fbb636ae61c4dccd9992ce707c24","number":2,"settings":[{"name":"rows","value":"4"},{"name":"cols","value":"40"}]},{"name":"qa58445206d628e77e79eb5a4ae5a85d94305b5f8","text":"Do you know where it came from?","guid":"39c1d58d95f4fbb636ae61c4dccd9992ce707c24","number":3,"settings":[{"name":"rows","value":"4"},{"name":"cols","value":"40"}]},{"name":"q8d7af9655dbde0440ded7ac31fd05bec9fb76248","text":"Any other details relevant to the problem:","guid":"39c1d58d95f4fbb636ae61c4dccd9992ce707c24","number":4,"settings":[{"name":"rows","value":"4"},{"name":"cols","value":"40"}]}],"clauseType":null,"data":null},{"name":"main","title":"main","showTitle":false,"hideInitially":false,"triggerQuestionName":null,"triggerQuestionSecondaryField":null,"triggerQuestionSection":null,"triggerOperator":null,"triggerAnswerValue":null,"isRepeatableQuestion":false,"repeatableQuestionSettings":[],"structure":"[{\"type\":\"question\",\"name\":\"qb705ba9015691ccc71820a148c398fbe9b9c5910\"},{\"type\":\"section\",\"name\":\"sf9f43a1ef69f8e6e1f690e1e16ff7636ff853ebc\",\"elements\":[{\"type\":\"question\",\"name\":\"q39b3f746cabf534d292e1b3c3edaff31e353f791\"},{\"type\":\"question\",\"name\":\"q4553eeb27cfdef5bcbbc0c05bc04381758a54c0b\"}]},{\"type\":\"section\",\"name\":\"sd75412afa362068cd7249b25ea27a03d6fd12cc4\",\"elements\":[{\"type\":\"question\",\"name\":\"qebcdc4578b2aafc82439bf87f7c149ffccc1c8d0\"},{\"type\":\"question\",\"name\":\"qc935aa296425f0c93cf212920c13ee60cef0c190\"}]},{\"type\":\"section\",\"name\":\"s16e4a4f2637be1a7fce89b9ca35c58e1aece76f8\",\"elements\":[{\"type\":\"question\",\"name\":\"q23a217888dd3164d83aa24461006c5c11844fb64\"},{\"type\":\"question\",\"name\":\"qe14d4fe677e283661b7e52c9ee6b4fa9e5f95de1\"},{\"type\":\"question\",\"name\":\"qa58445206d628e77e79eb5a4ae5a85d94305b5f8\"},{\"type\":\"question\",\"name\":\"q8d7af9655dbde0440ded7ac31fd05bec9fb76248\"}]},{\"type\":\"question\",\"name\":\"q04ea3e2c26e6c28e42ced72c86812a869675982f\"}]","questions":[{"name":"qb705ba9015691ccc71820a148c398fbe9b9c5910","text":"What is the problem?","guid":"18eeb80469e722d4f3513ee0c5b183da219c6975","number":1,"settings":[{"name":"answers","value":"[{\"value\":\"spillage\",\"text\":\"Spillage\",\"data\":\"\",\"internal\":false},{\"value\":\"debris\",\"text\":\"Debris\",\"data\":\"\",\"internal\":false},{\"value\":\"obstruction\",\"text\":\"Obstruction\",\"data\":\"\",\"internal\":false}]"}]},{"name":"q04ea3e2c26e6c28e42ced72c86812a869675982f","text":"Is this issue a danger to public safety or is the highway impassable?","guid":"18eeb80469e722d4f3513ee0c5b183da219c6975","number":1,"settings":[{"name":"answers","value":"[{\"value\":\"no\",\"text\":\"No\",\"data\":\"\",\"internal\":false},{\"value\":\"yes\",\"text\":\"Yes\",\"data\":\"\",\"internal\":false}]"}]}],"clauseType":null,"data":null}]}}