{"id":483,"isFormSpecific":true,"version":{"metadata":{"id":1209,"title":"Street lighting","instructions":""},"sections":[{"name":"main","title":"main","showTitle":false,"hideInitially":false,"triggerQuestionName":null,"triggerQuestionSecondaryField":null,"triggerQuestionSection":null,"triggerOperator":null,"triggerAnswerValue":null,"isRepeatableQuestion":false,"repeatableQuestionSettings":[],"structure":"[{\"type\":\"question\",\"name\":\"q94595d278bb7da995878bbb57f3aa0a4c2f732cc\"},{\"type\":\"question\",\"name\":\"qe75c5f8a275ad78aae7e96ca2c9cb487025c5dda\"}]","questions":[{"name":"q94595d278bb7da995878bbb57f3aa0a4c2f732cc","text":"What is the reference number beginning with D?","guid":"7d7527893d7f786c9073e6a651a9c26181d9a661","number":1,"settings":[]},{"name":"qe75c5f8a275ad78aae7e96ca2c9cb487025c5dda","text":"Please describe the problem:","guid":"39c1d58d95f4fbb636ae61c4dccd9992ce707c24","number":1,"settings":[{"name":"rows","value":"4"},{"name":"cols","value":"40"}]}],"clauseType":null,"data":null}]}}