{"id":482,"isFormSpecific":true,"version":{"metadata":{"id":1208,"title":"Street furniture","instructions":""},"sections":[{"name":"main","title":"main","showTitle":false,"hideInitially":false,"triggerQuestionName":null,"triggerQuestionSecondaryField":null,"triggerQuestionSection":null,"triggerOperator":null,"triggerAnswerValue":null,"isRepeatableQuestion":false,"repeatableQuestionSettings":[],"structure":"[{\"type\":\"question\",\"name\":\"qd379b708a2ccf11ddd25f4fc90cfd917af6d6d34\"}]","questions":[{"name":"qd379b708a2ccf11ddd25f4fc90cfd917af6d6d34","text":"Please provide details about the problem:","guid":"39c1d58d95f4fbb636ae61c4dccd9992ce707c24","number":1,"settings":[{"name":"rows","value":"4"},{"name":"cols","value":"40"}]}],"clauseType":null,"data":null}]}}