{"id":472,"isFormSpecific":true,"version":{"metadata":{"id":1188,"title":"What is the problem?","instructions":""},"sections":[{"name":"main","title":"main","showTitle":false,"hideInitially":false,"triggerQuestionName":null,"triggerQuestionSecondaryField":null,"triggerQuestionSection":null,"triggerOperator":null,"triggerAnswerValue":null,"isRepeatableQuestion":false,"repeatableQuestionSettings":[],"structure":"[{\"type\":\"question\",\"name\":\"q7ec9f01640fed370d66a6988215c955ef2c780ae\"},{\"type\":\"question\",\"name\":\"q4a565a5d1fc18f6e66ca76f6c0707bd0cb50b7b7\"},{\"type\":\"question\",\"name\":\"q658238db87cf4919ed166d2067f03f96374a7fab\"}]","questions":[{"name":"q4a565a5d1fc18f6e66ca76f6c0707bd0cb50b7b7","text":"Please enter the road name \/  nearest street","guid":"dafc7be1f6e3057017f8b0a86d50373130ca5da0","number":1,"settings":[{"name":"required","value":"true"},{"name":"type","value":"96bcba19a0079b409af62ac7296ecee92a75a7d4"}]},{"name":"q658238db87cf4919ed166d2067f03f96374a7fab","text":"Where is the exact location of the problem (e.g. nearest house number, landmarks)?","guid":"39c1d58d95f4fbb636ae61c4dccd9992ce707c24","number":1,"settings":[{"name":"rows","value":"4"},{"name":"cols","value":"40"}]},{"name":"q7ec9f01640fed370d66a6988215c955ef2c780ae","text":"Select the problem from the list below","guid":"18eeb80469e722d4f3513ee0c5b183da219c6975","number":1,"settings":[{"name":"required","value":"true"},{"name":"default","value":"a-board_frames"},{"name":"answers","value":"[{\"value\":\"a-board_frames\",\"text\":\"A-board \/ frames\",\"data\":\"\",\"internal\":false},{\"value\":\"damage_defects_excluding_potholes\",\"text\":\"Damage \/ defects  (excluding potholes)\",\"data\":\"\",\"internal\":false},{\"value\":\"drainage_and_flooding\",\"text\":\"Drainage and flooding\",\"data\":\"\",\"internal\":false},{\"value\":\"hedges_and_trees_overhanging\",\"text\":\"Hedges and trees (overhanging)\",\"data\":\"\",\"internal\":false},{\"value\":\"manhole_cover\",\"text\":\"Manhole cover\",\"data\":\"\",\"internal\":false},{\"value\":\"obstructions_spillages_and_mud\",\"text\":\"Obstructions, spillages and mud\",\"data\":\"\",\"internal\":false},{\"value\":\"potholes\",\"text\":\"Potholes\",\"data\":\"\",\"internal\":false},{\"value\":\"road_markings-missingworn\",\"text\":\"Road markings- missing\/worn\",\"data\":\"\",\"internal\":false},{\"value\":\"road_signpost-illuminated\",\"text\":\"Road sign\/post - illuminated\",\"data\":\"\",\"internal\":false},{\"value\":\"road_signpost-non_illuminated\",\"text\":\"Road sign\/post - non illuminated\",\"data\":\"\",\"internal\":false},{\"value\":\"street_furniture_bollards_benches_etc\",\"text\":\"Street furniture (bollards, benches etc)\",\"data\":\"\",\"internal\":false},{\"value\":\"street_lighting\",\"text\":\"Street lighting\",\"data\":\"\",\"internal\":false},{\"value\":\"traffic_lights\",\"text\":\"Traffic lights\",\"data\":\"\",\"internal\":false}]"}]}],"clauseType":null,"data":null}]}}