{"form.json":"75b65979d89bda654429d06da12903a900508b26","page-templates\/Inquiry_Details.json":"7018522c2650811854523bdc42a38b4fcc3fee03","structure\/pages.json":"6de6e6f6ce2ff13b34f4992345892e6c9aee8dbb","structure\/branching.json":"bff790a43741c957ab6c6d6ff6ffcf3c009b0b90","actions\/rules\/Create_Case,_show_details_and_send_confirmation_email,_create_new_Case.json":"b5997351b15f20186dfee6fcc6c44ed65386ad4b","actions\/templates\/Show_Content.json":"561873d4bf3c2c5903222ac801493c9b3e41ba8b","actions\/templates\/Confirmation_Email_to_Submitter.json":"22d13b257abee2df5c96733a54b71ded088dc6ce","actions\/templates\/Notify_Response_Team.json":"8b57c9e042c3d96935bd29c09eaba0fa6b4a3944","actions\/templates\/New_COVID_19_Inquiry_Received.json":"7c2b7b18e7af48b045c459f88ecdc174c2d6d563","misc\/pdfs.json":"97d170e1550eee4afc0af065b78cda302a97674c","misc\/prefills.json":"97d170e1550eee4afc0af065b78cda302a97674c","misc\/placeholders.json":"07302bc3caf00bf7ed7721dafd700695cf9a38c9","misc\/logic_definitions.json":"97d170e1550eee4afc0af065b78cda302a97674c","misc\/ic_inputs.json":"97d170e1550eee4afc0af065b78cda302a97674c","misc\/data-retention.json":"fa8b819d756eec4a4f185f5465ef79b349ea9ce4"}