{"title":"Covid19 (Corona Virus) Question Submission Form","instructions":"","progressBar":"0","allowUnregistered":"1","resumeAtStart":"0","reCaptcha":"0","internalOnly":0,"metadata":{"id":"228","itemID":"366","creator":"Admin","contributor":"","publisher":"Continuum","rights":"Continuum","source":"","status":"V1.0 Public Consumption","coverage":"US","created":1585094400,"modified":1585094400,"valid":null,"expired":null,"format":"text\/html","language":"en","subject":"","description":"Coronavirus Question Submission Form"},"categories":[{"id":"3368","categoryType":"Navigation","itemID":366,"categoryID":"20000"}]}