{"id":612,"isFormSpecific":true,"version":{"metadata":{"id":1588,"title":"All Day Booking (432)","instructions":""},"sections":[{"name":"main","title":"main","showTitle":null,"hideInitially":null,"triggerQuestionName":null,"triggerQuestionSecondaryField":null,"triggerQuestionSection":null,"triggerOperator":null,"triggerAnswerValue":null,"isRepeatableQuestion":null,"repeatableQuestionSettings":[],"structure":"[{\"type\":\"question\",\"name\":\"q280aa9a34b545f7ca668629885868a23b3c4bfe3\"}]","questions":[{"name":"q280aa9a34b545f7ca668629885868a23b3c4bfe3","text":"Please pick a date","guid":"a01706048b5a699796efb79159d64baad7638bb1","settings":[{"name":"required","value":"true"},{"name":"calendar","value":"AAMkADA4NTBhYjJkLWQ2ZTktNGI0Ny1hYzZiLTFhNGI5OWMwNGU4NwBGAAAAAAAnNBoEzmECQYzU3YgE5gLmBwAIDTqXfEdpTovw5fFvC9mUAAAAAAEGAAAIDTqXfEdpTovw5fFvC9mUAAPnsf3SAAA="},{"name":"configuration","value":"12"},{"name":"concurrency_weighting","value":"true"}]}],"clauseType":null,"data":null}]}}