{"id":613,"isFormSpecific":true,"version":{"metadata":{"id":1589,"title":"Booking Information (432)","instructions":""},"sections":[{"name":"main","title":"main","showTitle":null,"hideInitially":null,"triggerQuestionName":null,"triggerQuestionSecondaryField":null,"triggerQuestionSection":null,"triggerOperator":null,"triggerAnswerValue":null,"isRepeatableQuestion":null,"repeatableQuestionSettings":[],"structure":"[{\"type\":\"question\",\"name\":\"q5a8eacc6136be88f9e83f5db95afabc587039ee9\"},{\"type\":\"question\",\"name\":\"qab6ed1120aa63cc0b8359520d4efa002d01d8955\"}]","questions":[{"name":"q5a8eacc6136be88f9e83f5db95afabc587039ee9","text":"Do you want to book a pitch for the whole day?","guid":"18eeb80469e722d4f3513ee0c5b183da219c6975","settings":[{"name":"required","value":"true"},{"name":"answers","value":"[{\"value\":\"yes\",\"text\":\"Yes\",\"data\":\"\",\"internal\":false},{\"value\":\"no\",\"text\":\"No\",\"data\":\"\",\"internal\":false}]"},{"name":"empty_option","value":"Please select"}]},{"name":"qab6ed1120aa63cc0b8359520d4efa002d01d8955","text":"Amount of Pitch","guid":"18eeb80469e722d4f3513ee0c5b183da219c6975","settings":[{"name":"required","value":"true"},{"name":"answers","value":"[{\"value\":\"1\",\"text\":\"Quarter\",\"data\":\"\",\"internal\":false},{\"value\":\"2\",\"text\":\"Half\",\"data\":\"\",\"internal\":false},{\"value\":\"4\",\"text\":\"Full\",\"data\":\"\",\"internal\":false}]"},{"name":"empty_option","value":"Please select"}]}],"clauseType":null,"data":null}]}}