{"id":238,"isFormSpecific":false,"version":{"metadata":{"id":597,"title":"Customer Details (UK)","instructions":""},"sections":[{"name":"s7863d9926c2d59591ebc335f80563abfd7f10652","title":"Manual Address","showTitle":false,"hideInitially":true,"triggerQuestionName":"q39e587beba71ef3972f2eb7f96598fb12ecdf699","triggerQuestionSecondaryField":"data_1_0","triggerQuestionSection":"main","triggerOperator":"equal","triggerAnswerValue":"111111","isRepeatableQuestion":false,"repeatableQuestionSettings":[],"structure":"[{\"type\":\"question\",\"name\":\"q84e5ea8984c305e0f02aa48d6ea3fbb1d3fba990\"}]","questions":[{"name":"q84e5ea8984c305e0f02aa48d6ea3fbb1d3fba990","text":"Please enter your full address (including postcode)","guid":"39c1d58d95f4fbb636ae61c4dccd9992ce707c24","settings":[{"name":"required","value":"true"},{"name":"rows","value":"4"},{"name":"cols","value":"40"}]}],"clauseType":null,"data":null},{"name":"main","title":"main","showTitle":null,"hideInitially":null,"triggerQuestionName":null,"triggerQuestionSecondaryField":null,"triggerQuestionSection":null,"triggerOperator":null,"triggerAnswerValue":null,"isRepeatableQuestion":null,"repeatableQuestionSettings":[],"structure":"[{\"type\":\"question\",\"name\":\"q0a104d87ddc56a86a1cbda2792a3fa21f82eef4f\"},{\"type\":\"question\",\"name\":\"q4098090d054ec75e97500b86e5e7c9d9b1fe37dd\"},{\"type\":\"question\",\"name\":\"q39e587beba71ef3972f2eb7f96598fb12ecdf699\"},{\"type\":\"section\",\"name\":\"s7863d9926c2d59591ebc335f80563abfd7f10652\"},{\"type\":\"question\",\"name\":\"qd6ff92d0ef2baef412828d1c7c583cb0f996b683\"},{\"type\":\"question\",\"name\":\"qccf6133e8fe2bd2efecefef7b0024b704105382d\"}]","questions":{"0":{"name":"q0a104d87ddc56a86a1cbda2792a3fa21f82eef4f","text":"First Name","guid":"7d7527893d7f786c9073e6a651a9c26181d9a661","settings":[{"name":"required","value":"true"}]},"1":{"name":"q4098090d054ec75e97500b86e5e7c9d9b1fe37dd","text":"Last Name","guid":"7d7527893d7f786c9073e6a651a9c26181d9a661","settings":[{"name":"required","value":"true"}]},"2":{"name":"q39e587beba71ef3972f2eb7f96598fb12ecdf699","text":"Address","guid":"dafc7be1f6e3057017f8b0a86d50373130ca5da0","settings":[{"name":"required","value":"true"},{"name":"type","value":"4fd66017238eb25f93b59e989fc375c9139a006c"}]},"4":{"name":"qd6ff92d0ef2baef412828d1c7c583cb0f996b683","text":"Email","guid":"7d7527893d7f786c9073e6a651a9c26181d9a661","settings":[{"name":"validation","value":"4"}]},"5":{"name":"qccf6133e8fe2bd2efecefef7b0024b704105382d","text":"Telephone","guid":"7d7527893d7f786c9073e6a651a9c26181d9a661","settings":[{"name":"validation","value":"7"}]}},"clauseType":null,"data":null}]}}