{"id":614,"isFormSpecific":true,"version":{"metadata":{"id":1590,"title":"Pitch Booking Details (432)","instructions":""},"sections":[{"name":"main","title":"main","showTitle":null,"hideInitially":null,"triggerQuestionName":null,"triggerQuestionSecondaryField":null,"triggerQuestionSection":null,"triggerOperator":null,"triggerAnswerValue":null,"isRepeatableQuestion":null,"repeatableQuestionSettings":[],"structure":"[{\"type\":\"question\",\"name\":\"qaf8939e868a7662392d5c53276f03accd024e633\"}]","questions":[{"name":"qaf8939e868a7662392d5c53276f03accd024e633","text":"Booking Slot","guid":"a01706048b5a699796efb79159d64baad7638bb1","settings":[{"name":"calendar","value":"AAMkADA4NTBhYjJkLWQ2ZTktNGI0Ny1hYzZiLTFhNGI5OWMwNGU4NwBGAAAAAAAnNBoEzmECQYzU3YgE5gLmBwAIDTqXfEdpTovw5fFvC9mUAAAAAAEGAAAIDTqXfEdpTovw5fFvC9mUAAPnsf3SAAA="},{"name":"configuration","value":"22"},{"name":"concurrency_weighting","value":"true"}]}],"clauseType":null,"data":null}]}}