[{"pageID":"Start","questionName":null,"sectionName":null,"questionPageID":null,"questionSecondaryField":null,"logicID":null,"ruleNumber":1,"conditionNumber":1,"conditionOptionID":null,"conditionOperator":null,"conditionLiteralValue":null,"conditionLiteralValueTwo":null,"goToPageID":"1218","clauseType":null,"data":null},{"pageID":"1218","questionName":null,"sectionName":null,"questionPageID":null,"questionSecondaryField":null,"logicID":null,"ruleNumber":1,"conditionNumber":1,"conditionOptionID":null,"conditionOperator":null,"conditionLiteralValue":null,"conditionLiteralValueTwo":null,"goToPageID":"Confirmation","clauseType":null,"data":null},{"pageID":"1219","questionName":null,"sectionName":null,"questionPageID":null,"questionSecondaryField":null,"logicID":null,"ruleNumber":1,"conditionNumber":1,"conditionOptionID":null,"conditionOperator":null,"conditionLiteralValue":null,"conditionLiteralValueTwo":null,"goToPageID":"1220","clauseType":null,"data":null},{"pageID":"1220","questionName":null,"sectionName":null,"questionPageID":null,"questionSecondaryField":null,"logicID":null,"ruleNumber":1,"conditionNumber":1,"conditionOptionID":null,"conditionOperator":null,"conditionLiteralValue":null,"conditionLiteralValueTwo":null,"goToPageID":"1221","clauseType":null,"data":null},{"pageID":"1221","questionName":null,"sectionName":null,"questionPageID":null,"questionSecondaryField":null,"logicID":null,"ruleNumber":1,"conditionNumber":1,"conditionOptionID":null,"conditionOperator":null,"conditionLiteralValue":null,"conditionLiteralValueTwo":null,"goToPageID":"1222","clauseType":null,"data":null},{"pageID":"1222","questionName":null,"sectionName":null,"questionPageID":null,"questionSecondaryField":null,"logicID":null,"ruleNumber":1,"conditionNumber":1,"conditionOptionID":null,"conditionOperator":null,"conditionLiteralValue":null,"conditionLiteralValueTwo":null,"goToPageID":"Confirmation","clauseType":null,"data":null},{"pageID":"1223","questionName":null,"sectionName":null,"questionPageID":null,"questionSecondaryField":null,"logicID":null,"ruleNumber":1,"conditionNumber":1,"conditionOptionID":null,"conditionOperator":null,"conditionLiteralValue":null,"conditionLiteralValueTwo":null,"goToPageID":"Confirmation","clauseType":null,"data":null},{"pageID":"1218","questionName":null,"sectionName":null,"questionPageID":null,"questionSecondaryField":null,"logicID":1471,"ruleNumber":2,"conditionNumber":1,"conditionOptionID":null,"conditionOperator":"equal","conditionLiteralValue":"BromfordNo","conditionLiteralValueTwo":null,"goToPageID":"1223","clauseType":null,"data":null},{"pageID":"1218","questionName":"qc5d2158904f66a56fbf3fe8b4b32f5ba581b34e9","sectionName":"sb7903ea3611341649fbda9f7aee72213969fd298","questionPageID":"1218","questionSecondaryField":null,"logicID":null,"ruleNumber":2,"conditionNumber":2,"conditionOptionID":null,"conditionOperator":"equal","conditionLiteralValue":"no","conditionLiteralValueTwo":null,"goToPageID":"1223","clauseType":null,"data":null},{"pageID":"1218","questionName":null,"sectionName":null,"questionPageID":null,"questionSecondaryField":null,"logicID":1471,"ruleNumber":3,"conditionNumber":1,"conditionOptionID":null,"conditionOperator":"equal","conditionLiteralValue":"BromfordYes","conditionLiteralValueTwo":null,"goToPageID":"1219","clauseType":null,"data":null},{"pageID":"1218","questionName":"qa9658ff5c1cba3c76ebb3e5b2fbe19e694228656","sectionName":"main","questionPageID":"1218","questionSecondaryField":null,"logicID":null,"ruleNumber":3,"conditionNumber":2,"conditionOptionID":null,"conditionOperator":"equal","conditionLiteralValue":"private","conditionLiteralValueTwo":null,"goToPageID":"1219","clauseType":null,"data":null},{"pageID":"1218","questionName":null,"sectionName":null,"questionPageID":null,"questionSecondaryField":null,"logicID":1472,"ruleNumber":3,"conditionNumber":3,"conditionOptionID":null,"conditionOperator":"equal","conditionLiteralValue":"other","conditionLiteralValueTwo":null,"goToPageID":"1219","clauseType":null,"data":null},{"pageID":"1224","questionName":null,"sectionName":null,"questionPageID":null,"questionSecondaryField":null,"logicID":null,"ruleNumber":1,"conditionNumber":1,"conditionOptionID":null,"conditionOperator":null,"conditionLiteralValue":null,"conditionLiteralValueTwo":null,"goToPageID":"Confirmation","clauseType":null,"data":null},{"pageID":"1222","questionName":"q676cc7c26484b286625b532183676173973b2de8","sectionName":"main","questionPageID":"1222","questionSecondaryField":"data_1_0","logicID":null,"ruleNumber":2,"conditionNumber":1,"conditionOptionID":null,"conditionOperator":"equal","conditionLiteralValue":"0","conditionLiteralValueTwo":null,"goToPageID":"1224","clauseType":null,"data":null}]