[{"id":1218,"templateID":827,"metadata":{"id":2215,"title":"About your landlord","instructions":""}},{"id":1219,"templateID":824,"metadata":{"id":2216,"title":"About the issue","instructions":""}},{"id":1220,"templateID":825,"metadata":{"id":2217,"title":"Details about your issue","instructions":""}},{"id":1221,"templateID":828,"metadata":{"id":2218,"title":"About your landlord or managing\/letting agent","instructions":"<p>We have to write to your landlord or managing agent, before we visit your property. This can be via email and we will be able to visit sooner if we can contact your landlord\/managing agent via email. Please provide an email if possible.<\/p>"}},{"id":1222,"templateID":826,"metadata":{"id":2219,"title":"About you and the property","instructions":""}},{"id":1223,"templateID":807,"metadata":{"id":2220,"title":"If you have not been through the two-stage Bromford complaints procedure","instructions":"\n<div>\n<p>If you have not been through the two-stage Bromford complaints procedure, we are not able to help you. You must first speak to your landlord direct to try to resolve the issue.<\/p>\n\n<p>Complaints to Bromford can be made online \u2013 make a complaint to Bromford or you can call the Bromford team on 0330 1234 034.<\/p>\n<\/div>\n\n<p><span class=\"snippet\"><style>\n.button--primary {\nvisibility: hidden;\n}\n<\/style>\n<!-- rel:snippet --><\/span><\/p>\n"}},{"id":1224,"templateID":807,"metadata":{"id":2221,"title":"We are sorry but we cannot process your report unless we know the address","instructions":"\n<p>We are sorry but we cannot process your report unless we know your address. This is because we need to know that the issue is affecting you at your home or business address in Lichfield District.<\/p>\n\n<p>Please click on the previous button and return to the previous page and select your address from the dropdown list.<\/p>\n\n<p>Thank you.<\/p>\n\n<p><span class=\"snippet\"><style>\n.button--primary {\nvisibility: hidden;\n}\n<\/style>\n<!-- rel:snippet --><\/span><\/p>\n"}}]