{"id":914,"isFormSpecific":true,"version":{"metadata":{"id":2419,"title":"Deceased details YT","instructions":""},"sections":[{"name":"s359ddab16b1fe4a892cf6aac45950af3c0d309c6","title":"maiden name","showTitle":false,"hideInitially":true,"triggerQuestionName":"qc27277e1cc85f35b343f745ef6b45e1e0474d777","triggerQuestionSecondaryField":null,"triggerQuestionSection":"main","triggerOperator":"equal","triggerAnswerValue":"female","isRepeatableQuestion":false,"repeatableQuestionSettings":[],"structure":"[{\"type\":\"question\",\"name\":\"qa63c4130eece0e0aaf1ef4a0f95f5aa5cdc02068\"}]","questions":[{"name":"qa63c4130eece0e0aaf1ef4a0f95f5aa5cdc02068","text":"Maiden name (if deceased was female and was married, civil partnered, widowed or divorced)","guid":"Jadu\\XFormsPro\\Bundle\\StandardFormComponentBundle\\Component\\TextField\\TextFieldComponent","settings":[]}],"clauseType":null,"data":null},{"name":"main","title":"main","showTitle":null,"hideInitially":null,"triggerQuestionName":null,"triggerQuestionSecondaryField":null,"triggerQuestionSection":null,"triggerOperator":null,"triggerAnswerValue":null,"isRepeatableQuestion":null,"repeatableQuestionSettings":[],"structure":"[{\"type\":\"question\",\"name\":\"q64e254cbb05961ef8b5395ecbb0ec2d0518d9256\"},{\"type\":\"question\",\"name\":\"q794c7d208648d5dba6e64295a71c83b9cacf3a83\"},{\"type\":\"question\",\"name\":\"qc27277e1cc85f35b343f745ef6b45e1e0474d777\"},{\"type\":\"question\",\"name\":\"qcf4184e976f16b9cda8acebbc004a98dca3da966\"},{\"type\":\"section\",\"name\":\"s359ddab16b1fe4a892cf6aac45950af3c0d309c6\"},{\"type\":\"question\",\"name\":\"qd2fec929a541f334f18a57b8f2cba01541531d28\"},{\"type\":\"question\",\"name\":\"qa359e570835a00023624c094c3c7653711537ee2\"},{\"type\":\"question\",\"name\":\"qcd3bb2d974b07c06693f2af705130878f2c3cdbf\"},{\"type\":\"question\",\"name\":\"qbde56b6610505e7ccc08e94796b3cc6f4c40da59\"},{\"type\":\"question\",\"name\":\"q3c78481bd674132ec738fea4905b1cd4f070c0fe\"},{\"type\":\"question\",\"name\":\"qaa730a7d163ba9d8bc7f98df4116e8c412a118bb\"},{\"type\":\"question\",\"name\":\"qff72b9ac46cb767616ce445dfe0a17c7cd6f34c3\"},{\"type\":\"question\",\"name\":\"qb71a6983235a23e133c990be8fbe5c1b6678e8cd\"}]","questions":{"0":{"name":"q64e254cbb05961ef8b5395ecbb0ec2d0518d9256","text":"Date of death","guid":"Jadu\\XFormsPro\\Bundle\\StandardFormComponentBundle\\Component\\Date\\DateComponent","settings":[{"name":"required","value":"true"}]},"1":{"name":"q794c7d208648d5dba6e64295a71c83b9cacf3a83","text":"Place of death (including postcode if known)","guid":"Jadu\\XFormsPro\\Bundle\\StandardFormComponentBundle\\Component\\TextArea\\TextAreaComponent","settings":[{"name":"required","value":"true"},{"name":"rows","value":"4"},{"name":"cols","value":"40"}]},"2":{"name":"qc27277e1cc85f35b343f745ef6b45e1e0474d777","text":"Deceased's gender","guid":"Jadu\\XFormsPro\\Bundle\\StandardFormComponentBundle\\Component\\RadioButtons\\RadioButtonsComponent","settings":[{"name":"required","value":"true"},{"name":"answers","value":"[{\"value\":\"female\",\"text\":\"Female\",\"data\":\"\",\"internal\":false},{\"value\":\"male\",\"text\":\"Male\",\"data\":\"\",\"internal\":false}]"}]},"3":{"name":"qcf4184e976f16b9cda8acebbc004a98dca3da966","text":"Full names and surname of deceased","guid":"Jadu\\XFormsPro\\Bundle\\StandardFormComponentBundle\\Component\\TextField\\TextFieldComponent","settings":[{"name":"required","value":"true"}]},"5":{"name":"qd2fec929a541f334f18a57b8f2cba01541531d28","text":"Has the deceased ever been known, or is known, by any other names?","guid":"Jadu\\XFormsPro\\Bundle\\StandardFormComponentBundle\\Component\\TextField\\TextFieldComponent","settings":[]},"6":{"name":"qa359e570835a00023624c094c3c7653711537ee2","text":"Deceased's date of birth","guid":"Jadu\\XFormsPro\\Bundle\\StandardFormComponentBundle\\Component\\Date\\DateComponent","settings":[{"name":"required","value":"true"}]},"7":{"name":"qcd3bb2d974b07c06693f2af705130878f2c3cdbf","text":"Place of birth (or country name if abroad)","guid":"Jadu\\XFormsPro\\Bundle\\StandardFormComponentBundle\\Component\\TextField\\TextFieldComponent","settings":[{"name":"required","value":"true"}]},"8":{"name":"qbde56b6610505e7ccc08e94796b3cc6f4c40da59","text":"Country of birth","guid":"Jadu\\XFormsPro\\Bundle\\StandardFormComponentBundle\\Component\\Dropdown\\DropdownComponent","settings":[{"name":"required","value":"true"},{"name":"answers","value":"[{\"value\":\"england\",\"text\":\"England\",\"data\":\"\",\"internal\":false},{\"value\":\"wales\",\"text\":\"Wales\",\"data\":\"\",\"internal\":false},{\"value\":\"scotland\",\"text\":\"Scotland\",\"data\":\"\",\"internal\":false},{\"value\":\"ireland\",\"text\":\"Ireland\",\"data\":\"\",\"internal\":false},{\"value\":\"outside_uk\",\"text\":\"Outside UK\",\"data\":\"\",\"internal\":false},{\"value\":\"not_known\",\"text\":\"Not known\",\"data\":\"\",\"internal\":false}]"},{"name":"empty_option","value":"Please select"}]},"9":{"name":"q3c78481bd674132ec738fea4905b1cd4f070c0fe","text":"Were they retired?","guid":"Jadu\\XFormsPro\\Bundle\\StandardFormComponentBundle\\Component\\RadioButtons\\RadioButtonsComponent","settings":[{"name":"required","value":"true"},{"name":"answers","value":"[{\"value\":\"yes\",\"text\":\"Yes\",\"data\":\"\",\"internal\":false},{\"value\":\"no\",\"text\":\"No\",\"data\":\"\",\"internal\":false}]"}]},"10":{"name":"qaa730a7d163ba9d8bc7f98df4116e8c412a118bb","text":"What was the last known\/current occupation of the deceased?","guid":"Jadu\\XFormsPro\\Bundle\\StandardFormComponentBundle\\Component\\TextField\\TextFieldComponent","settings":[{"name":"required","value":"true"}]},"11":{"name":"qff72b9ac46cb767616ce445dfe0a17c7cd6f34c3","text":"Marital status","guid":"Jadu\\XFormsPro\\Bundle\\StandardFormComponentBundle\\Component\\Dropdown\\DropdownComponent","settings":[{"name":"required","value":"true"},{"name":"answers","value":"[{\"value\":\"single\",\"text\":\"Single\",\"data\":\"\",\"internal\":false},{\"value\":\"married\",\"text\":\"Married\",\"data\":\"\",\"internal\":false},{\"value\":\"divorced\",\"text\":\"Divorced\",\"data\":\"\",\"internal\":false},{\"value\":\"in_a_civil_partnership\",\"text\":\"In a civil partnership\",\"data\":\"\",\"internal\":false},{\"value\":\"widowed\",\"text\":\"Widowed\",\"data\":\"\",\"internal\":false}]"},{"name":"empty_option","value":"Please select"}]},"12":{"name":"qb71a6983235a23e133c990be8fbe5c1b6678e8cd","text":"Usual address of the deceased","guid":"Jadu\\XFormsPro\\Bundle\\StandardFormComponentBundle\\Component\\TextArea\\TextAreaComponent","settings":[{"name":"required","value":"true"},{"name":"rows","value":"4"},{"name":"cols","value":"40"}]}},"clauseType":null,"data":null}]}}