{"id":913,"isFormSpecific":true,"version":{"metadata":{"id":2418,"title":"Informants details","instructions":""},"sections":[{"name":"sb68a44526568ebe84176a80dc96a09760b55b2f9","title":"address","showTitle":false,"hideInitially":true,"triggerQuestionName":"qea647d688ab9641f422bc2d3449a0ba731c4dd4a","triggerQuestionSecondaryField":"uprn","triggerQuestionSection":"main","triggerOperator":"equal","triggerAnswerValue":"111111","isRepeatableQuestion":false,"repeatableQuestionSettings":[],"structure":"[{\"type\":\"question\",\"name\":\"q3d57573ddb93872dc6c65c737e03528b91dcbe60\"}]","questions":[{"name":"q3d57573ddb93872dc6c65c737e03528b91dcbe60","text":"Your full address","guid":"Jadu\\XFormsPro\\Bundle\\StandardFormComponentBundle\\Component\\TextArea\\TextAreaComponent","settings":[{"name":"required","value":"true"},{"name":"help","value":"Please enter your full address manually"},{"name":"rows","value":"4"},{"name":"cols","value":"40"}]}],"clauseType":null,"data":null},{"name":"main","title":"main","showTitle":null,"hideInitially":null,"triggerQuestionName":null,"triggerQuestionSecondaryField":null,"triggerQuestionSection":null,"triggerOperator":null,"triggerAnswerValue":null,"isRepeatableQuestion":null,"repeatableQuestionSettings":[],"structure":"[{\"type\":\"question\",\"name\":\"q355f9fef2632efdfb43d34f69e9031c442f12a3d\"},{\"type\":\"question\",\"name\":\"qea647d688ab9641f422bc2d3449a0ba731c4dd4a\"},{\"type\":\"section\",\"name\":\"sb68a44526568ebe84176a80dc96a09760b55b2f9\"},{\"type\":\"question\",\"name\":\"q514dfce85296d3cdb6e32d798b1fd2ff0c73f284\"},{\"type\":\"question\",\"name\":\"qcd51e674de5a54d71bae1fefb09b699c8d468c44\"},{\"type\":\"question\",\"name\":\"q059d3addb2f381932a1e636cf9c552b2e1939cd6\"},{\"type\":\"question\",\"name\":\"qb54c391ed6c226f2af5fe46ac5d35de9dc9f6944\"}]","questions":{"0":{"name":"q355f9fef2632efdfb43d34f69e9031c442f12a3d","text":"Your full name","guid":"Jadu\\XFormsPro\\Bundle\\StandardFormComponentBundle\\Component\\TextField\\TextFieldComponent","settings":[{"name":"required","value":"true"}]},"1":{"name":"qea647d688ab9641f422bc2d3449a0ba731c4dd4a","text":"Your address","guid":"Jadu\\XFormsPro\\Bundle\\StandardFormComponentBundle\\Component\\IntegratedComponent\\IntegratedComponent","settings":[{"name":"required","value":"true"},{"name":"type","value":"Jadu\\XFormsPro\\Bundle\\StandardFormComponentBundle\\IntegratedComponent\\PostcodeLookup\\PostcodeLookupIntegratedComponent"}]},"3":{"name":"q514dfce85296d3cdb6e32d798b1fd2ff0c73f284","text":"Your telephone number","guid":"Jadu\\XFormsPro\\Bundle\\StandardFormComponentBundle\\Component\\TextField\\TextFieldComponent","settings":[{"name":"validation","value":"7"},{"name":"required","value":"true"}]},"4":{"name":"qcd51e674de5a54d71bae1fefb09b699c8d468c44","text":"Your email address","guid":"Jadu\\XFormsPro\\Bundle\\StandardFormComponentBundle\\Component\\TextField\\TextFieldComponent","settings":[{"name":"validation","value":"4"},{"name":"required","value":"true"}]},"5":{"name":"q059d3addb2f381932a1e636cf9c552b2e1939cd6","text":"What is your relationship to the deceased?","guid":"Jadu\\XFormsPro\\Bundle\\StandardFormComponentBundle\\Component\\TextField\\TextFieldComponent","settings":[{"name":"required","value":"true"}]},"6":{"name":"qb54c391ed6c226f2af5fe46ac5d35de9dc9f6944","text":"Were you present at the death?","guid":"Jadu\\XFormsPro\\Bundle\\StandardFormComponentBundle\\Component\\RadioButtons\\RadioButtonsComponent","settings":[{"name":"required","value":"true"},{"name":"answers","value":"[{\"value\":\"yes\",\"text\":\"Yes\",\"data\":\"\",\"internal\":false},{\"value\":\"no\",\"text\":\"No\",\"data\":\"\",\"internal\":false}]"}]}},"clauseType":null,"data":null}]}}