{"id":916,"isFormSpecific":true,"version":{"metadata":{"id":2421,"title":"Other information","instructions":""},"sections":[{"name":"main","title":"main","showTitle":null,"hideInitially":null,"triggerQuestionName":null,"triggerQuestionSecondaryField":null,"triggerQuestionSection":null,"triggerOperator":null,"triggerAnswerValue":null,"isRepeatableQuestion":null,"repeatableQuestionSettings":[],"structure":"[{\"type\":\"question\",\"name\":\"q778aea408965a40f4c3d6e78b915a9e14bce7637\"},{\"type\":\"question\",\"name\":\"q4fd378c8eed7037984daf64f1abf478939fe5cb9\"},{\"type\":\"question\",\"name\":\"qf5d0374d574314aa4c5a09316fc7c68d82cc6ea1\"},{\"type\":\"question\",\"name\":\"q6aaff2cf6c502d6a2545bb014d4b718dddee809e\"}]","questions":[{"name":"q778aea408965a40f4c3d6e78b915a9e14bce7637","text":"Please provide the deceased's NHS number, if known","guid":"Jadu\\XFormsPro\\Bundle\\StandardFormComponentBundle\\Component\\TextField\\TextFieldComponent","settings":[]},{"name":"q4fd378c8eed7037984daf64f1abf478939fe5cb9","text":"Name and address of the funeral director you have instructed (if known)","guid":"Jadu\\XFormsPro\\Bundle\\StandardFormComponentBundle\\Component\\TextArea\\TextAreaComponent","settings":[{"name":"required","value":"true"},{"name":"rows","value":"4"},{"name":"cols","value":"40"}]},{"name":"qf5d0374d574314aa4c5a09316fc7c68d82cc6ea1","text":"Email address of the funeral director","guid":"Jadu\\XFormsPro\\Bundle\\StandardFormComponentBundle\\Component\\TextField\\TextFieldComponent","settings":[{"name":"validation","value":"4"}]},{"name":"q6aaff2cf6c502d6a2545bb014d4b718dddee809e","text":"Name and address of the deceased's GP surgery (if known)","guid":"Jadu\\XFormsPro\\Bundle\\StandardFormComponentBundle\\Component\\TextArea\\TextAreaComponent","settings":[{"name":"rows","value":"4"},{"name":"cols","value":"40"}]}],"clauseType":null,"data":null}]}}