{"id":912,"isFormSpecific":true,"version":{"metadata":{"id":2417,"title":"Preliminary checks","instructions":""},"sections":[{"name":"sc8381f655c11faa756cf01ca80839be43f171d9b","title":"yes","showTitle":false,"hideInitially":true,"triggerQuestionName":"q4d0b4f239fe57e15381ed2d2b95254e722283489","triggerQuestionSecondaryField":null,"triggerQuestionSection":"main","triggerOperator":"equal","triggerAnswerValue":"yes","isRepeatableQuestion":false,"repeatableQuestionSettings":[],"structure":"[{\"type\":\"question\",\"name\":\"q71008047001485f54a3c6187a61e89c13268bb4d\"}]","questions":[{"name":"q71008047001485f54a3c6187a61e89c13268bb4d","text":"If yes, has the coroner advised you can now register the death?","guid":"Jadu\\XFormsPro\\Bundle\\StandardFormComponentBundle\\Component\\RadioButtons\\RadioButtonsComponent","settings":[{"name":"required","value":"true"},{"name":"answers","value":"[{\"value\":\"yes\",\"text\":\"Yes\",\"data\":\"\",\"internal\":false},{\"value\":\"no\",\"text\":\"No\",\"data\":\"\",\"internal\":false},{\"value\":\"not_applicable\",\"text\":\"Not applicable\",\"data\":\"\",\"internal\":false}]"}]}],"clauseType":null,"data":null},{"name":"main","title":"main","showTitle":null,"hideInitially":null,"triggerQuestionName":null,"triggerQuestionSecondaryField":null,"triggerQuestionSection":null,"triggerOperator":null,"triggerAnswerValue":null,"isRepeatableQuestion":null,"repeatableQuestionSettings":[],"structure":"[{\"type\":\"question\",\"name\":\"q165ccdc46d9e1336e425289a62603060b418d558\"},{\"type\":\"question\",\"name\":\"q4d0b4f239fe57e15381ed2d2b95254e722283489\"},{\"type\":\"section\",\"name\":\"sc8381f655c11faa756cf01ca80839be43f171d9b\"}]","questions":[{"name":"q165ccdc46d9e1336e425289a62603060b418d558","text":"Has a medical cause of death certificate been issued?","guid":"Jadu\\XFormsPro\\Bundle\\StandardFormComponentBundle\\Component\\RadioButtons\\RadioButtonsComponent","settings":[{"name":"required","value":"true"},{"name":"answers","value":"[{\"value\":\"yes\",\"text\":\"Yes\",\"data\":\"\",\"internal\":false},{\"value\":\"no\",\"text\":\"No\",\"data\":\"\",\"internal\":false}]"}]},{"name":"q4d0b4f239fe57e15381ed2d2b95254e722283489","text":"Has the coroner been involved?","guid":"Jadu\\XFormsPro\\Bundle\\StandardFormComponentBundle\\Component\\RadioButtons\\RadioButtonsComponent","settings":[{"name":"required","value":"true"},{"name":"answers","value":"[{\"value\":\"yes\",\"text\":\"Yes\",\"data\":\"\",\"internal\":false},{\"value\":\"no\",\"text\":\"No\",\"data\":\"\",\"internal\":false}]"}]}],"clauseType":null,"data":null}]}}