{"id":915,"isFormSpecific":true,"version":{"metadata":{"id":2420,"title":"Spouse or civil partner's details","instructions":""},"sections":[{"name":"main","title":"main","showTitle":null,"hideInitially":null,"triggerQuestionName":null,"triggerQuestionSecondaryField":null,"triggerQuestionSection":null,"triggerOperator":null,"triggerAnswerValue":null,"isRepeatableQuestion":null,"repeatableQuestionSettings":[],"structure":"[{\"type\":\"question\",\"name\":\"qfdcd8df5e03c9eabce8dd916921338e19034f54c\"},{\"type\":\"question\",\"name\":\"q8cf6fadba24ebc61e2a081936627183be4c9e243\"},{\"type\":\"question\",\"name\":\"q18dde453d08973d5b2722db09bf4854cbc8f0c3e\"},{\"type\":\"question\",\"name\":\"qef2b1024590e226ec66c468978ae15e1eec6a0a5\"}]","questions":[{"name":"qfdcd8df5e03c9eabce8dd916921338e19034f54c","text":"Full name of wife\/husband\/civil partner","guid":"Jadu\\XFormsPro\\Bundle\\StandardFormComponentBundle\\Component\\TextField\\TextFieldComponent","settings":[{"name":"required","value":"true"}]},{"name":"q8cf6fadba24ebc61e2a081936627183be4c9e243","text":"Are they\/were they retired?","guid":"Jadu\\XFormsPro\\Bundle\\StandardFormComponentBundle\\Component\\RadioButtons\\RadioButtonsComponent","settings":[{"name":"required","value":"true"},{"name":"answers","value":"[{\"value\":\"yes\",\"text\":\"Yes\",\"data\":\"\",\"internal\":false},{\"value\":\"no\",\"text\":\"No\",\"data\":\"\",\"internal\":false}]"}]},{"name":"q18dde453d08973d5b2722db09bf4854cbc8f0c3e","text":"What was their last known\/current occupation?","guid":"Jadu\\XFormsPro\\Bundle\\StandardFormComponentBundle\\Component\\TextField\\TextFieldComponent","settings":[{"name":"required","value":"true"}]},{"name":"qef2b1024590e226ec66c468978ae15e1eec6a0a5","text":"Are they deceased?","guid":"Jadu\\XFormsPro\\Bundle\\StandardFormComponentBundle\\Component\\RadioButtons\\RadioButtonsComponent","settings":[{"name":"required","value":"true"},{"name":"answers","value":"[{\"value\":\"yes\",\"text\":\"Yes\",\"data\":\"\",\"internal\":false},{\"value\":\"no\",\"text\":\"No\",\"data\":\"\",\"internal\":false}]"}]}],"clauseType":null,"data":null}]}}