[{"id":1387,"templateID":963,"metadata":{"id":2538,"title":"Critical care permit","instructions":""}},{"id":1388,"templateID":965,"metadata":{"id":2542,"title":"Terms and conditions","instructions":"<p>You are required to read and agree to the following Terms &amp; Conditions before purchasing. This document may contain details of how to use the permit, restrictions that apply, and information on refunds (where applicable). It is important that you read and\/or print these conditions for future reference.<\/p>"}}]