[{"pageID":"Start","questionName":null,"sectionName":null,"questionPageID":null,"questionSecondaryField":null,"logicID":null,"ruleNumber":1,"conditionNumber":1,"conditionOptionID":null,"conditionOperator":null,"conditionLiteralValue":null,"conditionLiteralValueTwo":null,"goToPageID":"1319","clauseType":null,"data":null},{"pageID":"1319","questionName":null,"sectionName":null,"questionPageID":null,"questionSecondaryField":null,"logicID":null,"ruleNumber":1,"conditionNumber":1,"conditionOptionID":null,"conditionOperator":null,"conditionLiteralValue":null,"conditionLiteralValueTwo":null,"goToPageID":"1321","clauseType":null,"data":null},{"pageID":"1320","questionName":null,"sectionName":null,"questionPageID":null,"questionSecondaryField":null,"logicID":null,"ruleNumber":1,"conditionNumber":1,"conditionOptionID":null,"conditionOperator":null,"conditionLiteralValue":null,"conditionLiteralValueTwo":null,"goToPageID":"1321","clauseType":null,"data":null},{"pageID":"1321","questionName":null,"sectionName":null,"questionPageID":null,"questionSecondaryField":null,"logicID":null,"ruleNumber":1,"conditionNumber":1,"conditionOptionID":null,"conditionOperator":null,"conditionLiteralValue":null,"conditionLiteralValueTwo":null,"goToPageID":"1322","clauseType":null,"data":null},{"pageID":"1322","questionName":null,"sectionName":null,"questionPageID":null,"questionSecondaryField":null,"logicID":null,"ruleNumber":1,"conditionNumber":1,"conditionOptionID":null,"conditionOperator":null,"conditionLiteralValue":null,"conditionLiteralValueTwo":null,"goToPageID":"Confirmation","clauseType":null,"data":null},{"pageID":"1319","questionName":"q3b4d833c1ee8bd5e1e9e50b1e320a64f980db0a6","sectionName":"main","questionPageID":"1319","questionSecondaryField":"uprn","logicID":null,"ruleNumber":2,"conditionNumber":1,"conditionOptionID":null,"conditionOperator":"equal","conditionLiteralValue":"111111","conditionLiteralValueTwo":null,"goToPageID":"1320","clauseType":null,"data":null}]