{"form.json":"36a41b83ffeb336c08e4793ed898f42e1142fc2e","page-templates\/Customer_details_-_Street_Scene.json":"9ada9cd625bb084c531cc10c1d8f3242fd836c31","page-templates\/Result_page_-_EH.json":"e0c3171ef5a64fdb93135654534234cdaf707467","page-templates\/About_the_frequency_(smoke_controlled_zone_chimney_complaint)_(227)_(512).json":"761e40629d236c0cbf9607e0b504208edfb7183c","page-templates\/About_the_frequency_-_6_(227)_(512).json":"ec70be897d173e797bde3b3d69205ca2a8a61779","page-templates\/About_the_smoke_(227)_(512).json":"041612e5413e4f472157b2f8bae0231be89c2746","page-templates\/Is_it_dangerous__-_1_(227)_(512).json":"3acacb6023d845bbe07ebf2864ab126319e3fee3","page-templates\/Is_it_potentially_harmful_(227)_(512).json":"48ffecb9d2127faf0dc92761e1dad221e9e7245e","page-templates\/Logging_your_complaint_-_smoke_(227)_(512).json":"c56f28883059f2212aefeaab1236c4ae3fb26981","page-templates\/Smoke_controlled_zones_(227)_(512).json":"528d52687c0d8c1b028f0d8e58abc23cfc55534e","structure\/pages.json":"59581084bd0557d0c6e7237f5aa1bfbaee5545cd","structure\/branching.json":"62c567b0547aba7ff51efea574d7b52024ecbeef","actions\/rules\/Form_submitted.json":"4af47ffe2dba3baa140677d2ff59a66428e816b0","actions\/rules\/Case_was_not_created.json":"1a74bfd11e2ba08e290aee273f2f48cf82a5233c","actions\/templates\/Case_was_not_created.json":"5896dc65aa720b677a74d42ac151efe9a836356d","actions\/templates\/Thank_you_email.json":"70ae60ccb9c12afb401d27ff150f85e6e431a1a3","actions\/templates\/Thank_you_for_submitting_a_smoke_nuisance_complaint.json":"dfbe7d5f4a37d35fb231557c42540e5113765142","misc\/pdfs.json":"97d170e1550eee4afc0af065b78cda302a97674c","misc\/prefills.json":"3243788878a1118e9c0e06e783886a447538d192","misc\/placeholders.json":"9cf2cade813a0cae2beeb4589ffd982dd44f93cb","misc\/logic_definitions.json":"97d170e1550eee4afc0af065b78cda302a97674c","misc\/logics\/Do_you_know_property.json":"92989ccc36e095b4fcc11788d3c3dd9f2c29c414","misc\/logics\/Email.json":"3c77dcc3219d316fe8dd7c5a45bab1ff3c2d8279","misc\/logics\/Frequency.json":"6d560f0a76b960a56b6fd94c20fc5814d5fc2de3","misc\/logics\/If_no.json":"ba5543731de13d9aa98fdd3c5b93b8d17e3c6111","misc\/logics\/If_other.json":"3b78fcfa9336a1829181749279f1223788c3a551","misc\/logics\/Phone.json":"da69b1efb0cb00a1cb33f02672c1b25ba9fa19e1","misc\/logics\/What_days.json":"e748e0dda2100ccf08eff58df3087c8a65c4642e","misc\/logics\/address_or_location_for_the_issue.json":"00d4f5ff0a23485fdea74a76261971697152d5ba","misc\/logics\/if_yes.json":"99ddc4abb1b3caeb45d154ed4fb025b5dca3c74f","misc\/logics\/what_times.json":"c737b10a4cfab87ee65490a8ec43608893749fb3","misc\/ic_inputs.json":"97d170e1550eee4afc0af065b78cda302a97674c","misc\/data-retention.json":"fa8b819d756eec4a4f185f5465ef79b349ea9ce4"}