{"title":"Smoke and bonfire complaint","instructions":"\n<p>We will investigate reports of nuisance smoke across the district, including bonfires. We will also investigate smoke from chimneys in smoke control areas.<\/p>\n\n<p><strong>If the smoke\/fire you are reporting is likely to cause an immediate threat to people\u2019s lives, road users or land\/property, please dial 999 and speak to the fire service. <\/strong><\/p>\n\n<h2>About bonfires<\/h2>\n\n<p>There are <strong>no laws to stop people from having a bonfire in their home garden<\/strong>, but they should not burn items that can cause significant air pollution or harm people\u2019s health, such as plastics or treated materials, such as painted wood. People also need to make sure the smoke from the bonfire will not affect anyone, including motorists or other home owners. We recommend people do not have bonfires in built up\/residential areas, because it is very difficult to prevent the smoke from blowing across to adjoining properties.<\/p>\n\n<p>It is <strong>illegal to have a bonfire at a trade premises<\/strong>, or to take trade waste to a residential premises to burn (with some specific exemptions). This is because doing so means the business is not disposing of its waste appropriately.<\/p>\n\n<p>Where a bonfire is not a direct offence (such as burning trade waste or plastics), it will only be considered a nuisance if it happens regularly.<\/p>\n\n<p>If a bonfire is a nuisance we can issue an abatement notice. If someone does not comply, they can be fined up to \u00a35,000.<\/p>\n\n<h2>About smoke controlled zones\u00a0<\/h2>\n\n<p>There are a number of smoke controlled zones in the district, where you can\u2019t emit smoke from a chimney unless you\u2019re burning an authorised fuel or using an exempt appliance (<a href=\"https:\/\/www.gov.uk\/smoke-control-area-rules\">visit gov.uk to find out more<\/a>). Outdoor appliances, such as an outdoor barbecue, chiminea, fireplace or pizza ovens can be used in smoke controlled zones, but must not cause a smoke nuisance.<\/p>\n\n<p><strong>Bonfires are allowed in smoke controlled zones<\/strong>, provided the follow the rules on bonfires.<\/p>\n\n<p>We will investigate reports of smoke from chimneys in smoke controlled zones. You can be fined up to \u00a31,000 if you break the rules.<\/p>\n\n<h2>We recommend you contact the person responsible before making a complaint<\/h2>\n\n<p>Before submitting a complaint, we suggest you first contact the person causing the smoke, provided you are comfortable to do so \u2013 why not download our letter template. Contacting the person responsible may resolve the problem more quickly and often leads to a better long-term solution.<\/p>\n\n<h2>Logging the issue<\/h2>\n\n<p>This form asks for your agreement to take part in logging the issue. Once you submit your form, we will provide you with a log sheet. This will help us assess the scale of the issue and the impact on your life. If you do not submit the log sheets, after a period of one calendar month, we will assume the issue is not ongoing and we will close your case.<\/p>\n\n<h2>Anonymous complaints<\/h2>\n\n<p>We are sorry but we cannot take anonymous complaints because we cannot take enforcement action without assessing the impacts of the problem on your life\/business.<\/p>\n\n<p><strong>Please use this form to report nuisance smoke or smoke in a smoke controlled zone. As part of this form, we will ask you for your email address, so we can keep you up to date on what we will do to resolve\/address your issue. <\/strong><\/p>\n","progressBar":"0","allowUnregistered":"1","resumeAtStart":"1","reCaptcha":"0","internalOnly":0,"metadata":{"id":"374","itemID":"512","creator":"Yelena Tomina","contributor":"","publisher":"Lichfield District Council","rights":"\u00a9 Copyright 2005 (updated 2018) Lichfield District Council","source":"","status":"V1.0 Public Consumption","coverage":"Alrewas, Armitage, Burntwood (town), Chorley, Clifton Campville Colton, Curborough, Drayton Bassett, Edingale, Elford, Elmhurst, Farewell, Fazeley, Fisherwick, Fradley, Hammerwich, Hamstall Ridware, Handsacre, Harlaston, Hints, Hopwas, Kings Bromley, Lichfield (city), Longdon, Mavesyn Ridware, Packington, Shenstone, Streethay, Swinfen, Thorpe Constantine, Wall, Weeford, Whittington, Wigginton, Lichfield District","created":1583712000,"modified":1583712000,"valid":null,"expired":null,"format":"text\/html","language":"en","subject":"Smoke complaint","description":"Smoke complaint"},"categories":[{"id":"3568","categoryType":"Navigation","itemID":512,"categoryID":"200128"}]}