{"id":312,"isFormSpecific":true,"version":{"metadata":{"id":803,"title":"Complaint Details","instructions":""},"sections":[{"name":"main","title":"main","showTitle":false,"hideInitially":false,"triggerQuestionName":null,"triggerQuestionSecondaryField":null,"triggerQuestionSection":null,"triggerOperator":null,"triggerAnswerValue":null,"isRepeatableQuestion":false,"repeatableQuestionSettings":[],"structure":"[{\"type\":\"question\",\"name\":\"qf466bba5d36b42ac2d47c733328610390855cc63\"},{\"type\":\"question\",\"name\":\"qaace6448d1b839464a82f36fed994dc897478e45\"},{\"type\":\"question\",\"name\":\"q5ec68b0a109974119ca7d5677e2e5019e27dbcb8\"}]","questions":[{"name":"qf466bba5d36b42ac2d47c733328610390855cc63","text":"Which area of the council is your contact related to?","guid":"7d7527893d7f786c9073e6a651a9c26181d9a661","number":1,"settings":[{"name":"required","value":"true"},{"name":"placeholder","value":"For example, Planning"}]},{"name":"qaace6448d1b839464a82f36fed994dc897478e45","text":"Please give details of your complaint","guid":"39c1d58d95f4fbb636ae61c4dccd9992ce707c24","number":1,"settings":[{"name":"required","value":"true"},{"name":"rows","value":"4"},{"name":"cols","value":"40"}]},{"name":"q5ec68b0a109974119ca7d5677e2e5019e27dbcb8","text":"What would you like us to do next?","guid":"39c1d58d95f4fbb636ae61c4dccd9992ce707c24","number":1,"settings":[{"name":"required","value":"true"},{"name":"rows","value":"4"},{"name":"cols","value":"40"}]}],"clauseType":null,"data":null}]}}