[{"contentIdentifier":"479_content","contentType":"ActionTemplateMapping","field":"0","type":"variable","value":"Jadu\\XFormsPro\\Bundle\\StandardFormComponentBundle\\VariableDefinition\\AllQuestionAnswers\\FrontEndLabelsAndVisible","secondaryValue":null},{"contentIdentifier":"479_attachmentContent","contentType":"ActionTemplateMapping","field":"0","type":"variable","value":"Jadu\\XFormsPro\\Bundle\\StandardFormComponentBundle\\VariableDefinition\\AllQuestionAnswers\\FrontEndLabelsAndVisible","secondaryValue":null},{"contentIdentifier":"482_template-to","contentType":"ActionTemplateMapping","field":"0","type":"answer","value":"1190-main-q681525e5696d1c05415301883ed561d76d6b96a2","secondaryValue":null},{"contentIdentifier":"482_content","contentType":"ActionTemplateMapping","field":"0","type":"answer","value":"1190-main-q681525e5696d1c05415301883ed561d76d6b96a2","secondaryValue":null},{"contentIdentifier":"482_content","contentType":"ActionTemplateMapping","field":"1","type":"answer","value":"1191-main-q3ea4a65cec7f68d9a31da684974c16d14ff910b6","secondaryValue":null},{"contentIdentifier":"481_template-to","contentType":"ActionTemplateMapping","field":"0","type":"answer","value":"1191-main-qcc22e77375878514bf44bde1921bfa628e2add06","secondaryValue":null},{"contentIdentifier":"481_content","contentType":"ActionTemplateMapping","field":"0","type":"answer","value":"1191-main-q3ea4a65cec7f68d9a31da684974c16d14ff910b6","secondaryValue":null},{"contentIdentifier":"481_content","contentType":"ActionTemplateMapping","field":"1","type":"answer","value":"1190-main-q00894c70d29451a1f578b6167971e8fc4efbe652","secondaryValue":null},{"contentIdentifier":"480_template-to","contentType":"ActionTemplateMapping","field":"0","type":"answer","value":"1190-main-q681525e5696d1c05415301883ed561d76d6b96a2","secondaryValue":null},{"contentIdentifier":"480_content","contentType":"ActionTemplateMapping","field":"0","type":"answer","value":"1190-main-q00894c70d29451a1f578b6167971e8fc4efbe652","secondaryValue":null}]