{"id":927,"isFormSpecific":true,"version":{"metadata":{"id":2663,"title":"Please tell us about your comment","instructions":""},"sections":[{"name":"main","title":"main","showTitle":false,"hideInitially":false,"triggerQuestionName":null,"triggerQuestionSecondaryField":null,"triggerQuestionSection":null,"triggerOperator":null,"triggerAnswerValue":null,"isRepeatableQuestion":false,"repeatableQuestionSettings":[],"structure":"[{\"type\":\"question\",\"name\":\"q2c9e58a9d32ff92882bde280b7d048e94998c06c\"},{\"type\":\"question\",\"name\":\"q273f0a7c49c6cfa31150227a62d37b29a4872492\"},{\"type\":\"section\",\"name\":\"s2b99105d3e6402c1ba925dd94e86ddf12af9bb18\"},{\"type\":\"question\",\"name\":\"qbf40aadfa148006a60701a41fa323f937bc91cd5\"}]","questions":[{"name":"q2c9e58a9d32ff92882bde280b7d048e94998c06c","text":"Name of car park","guid":"7d7527893d7f786c9073e6a651a9c26181d9a661","number":1,"settings":[]},{"name":"qbf40aadfa148006a60701a41fa323f937bc91cd5","text":"Please give us details of your comment","guid":"39c1d58d95f4fbb636ae61c4dccd9992ce707c24","number":2,"settings":[{"name":"rows","value":"4"},{"name":"cols","value":"80"}]},{"name":"q273f0a7c49c6cfa31150227a62d37b29a4872492","text":"Location of car park","guid":"dafc7be1f6e3057017f8b0a86d50373130ca5da0","number":1,"settings":[{"name":"type","value":"96bcba19a0079b409af62ac7296ecee92a75a7d4"}]}],"clauseType":null,"data":null},{"name":"s2b99105d3e6402c1ba925dd94e86ddf12af9bb18","title":"Address not found","showTitle":false,"hideInitially":true,"triggerQuestionName":"q273f0a7c49c6cfa31150227a62d37b29a4872492","triggerQuestionSecondaryField":"data_1_0","triggerQuestionSection":"main","triggerOperator":"equal","triggerAnswerValue":"111111","isRepeatableQuestion":false,"repeatableQuestionSettings":[],"structure":"[{\"type\":\"question\",\"name\":\"q84f28bcc041e5c0a8ef364d2a722f989f8c53ddc\"},{\"type\":\"question\",\"name\":\"q723648461bd5e39086586ae9e37fbfe174c8009b\"}]","questions":[{"name":"q84f28bcc041e5c0a8ef364d2a722f989f8c53ddc","text":"Enter the street name where car park is located","guid":"7d7527893d7f786c9073e6a651a9c26181d9a661","number":1,"settings":[]},{"name":"q723648461bd5e39086586ae9e37fbfe174c8009b","text":"Enter postcode","guid":"7d7527893d7f786c9073e6a651a9c26181d9a661","number":1,"settings":[]}],"clauseType":null,"data":null}]}}