[{"id":1381,"templateID":959,"metadata":{"id":2524,"title":"Book a visit to a HWRC","instructions":"<p>Visiting the tip is different during the coronavirus (COVID19) pandemic; you <strong>must book an appointment<\/strong> if you want to take waste to be recycled\/desposed of at one of our household waste recycling centres (HWRC). Depending on what rubbish you have, you'll need to visit a particular tip.<\/p>"}},{"id":1382,"templateID":955,"metadata":{"id":2525,"title":"Agree to terms and conditions","instructions":""}},{"id":1383,"templateID":960,"metadata":{"id":2526,"title":"Get details to your email address","instructions":""}}]