{"clauseStructure":[],"actions":[{"id":563,"actionType":"Jadu\\XFormsPro\\Form\\Rules\\Actions\\CXM\\CreateCaseActionType","template":484,"inputs":[]},{"id":564,"actionType":"Jadu\\XFormsPro\\Form\\Rules\\Actions\\CXM\\AttachFileActionType","template":483,"inputs":[{"field":"caseReference","source":563}]},{"id":565,"actionType":"Jadu\\XFormsPro\\Form\\Rules\\Actions\\Email\\EmailActionType","template":485,"inputs":[]},{"id":566,"actionType":"Jadu\\XFormsPro\\Form\\Rules\\Actions\\Email\\EmailActionType","template":486,"inputs":[]}],"title":"Submit answers","runTime":"on-submit","enabled":true}