{"form.json":"df1c6209eb1860aead512085e6899567b9fad45b","page-templates\/What_is_the_problem_.json":"7509edfe1404f343a061ab17efa044f4389a7c01","page-templates\/Where_is_the_problem_.json":"21328c2e6216d79579d506634050efa75e7e3dc8","page-templates\/Your_details.json":"62cfb8c71d89eff6d147948226ad7ad4c80fecf1","page-templates\/test_john.json":"2aab78d36b7fa7f73199bafdffea3a198e17df92","structure\/pages.json":"1cd2eed1e4892c702a7330cfc422d16a3fe5da96","structure\/branching.json":"ed77bd05842cef1b6808b5f9de43f76c5a05f8d1","actions\/rules\/Email_alert_on_submission_-_to_user.json":"4fff8d9337e277fea6be6a513965d18e2b1f9701","actions\/rules\/Email_alert_on_submission_-_to_council.json":"6289eb7e6a1e60c3728df1e4cb8f3c7f43574279","actions\/templates\/Email_Alert_1_for_user.json":"8936bf359a35c6242aa38b9fafa926315741d9d4","actions\/templates\/Email_alert_2_for_council.json":"8f27faef63d62cbc41bc0d09a83f70ec1be412ba","actions\/templates\/Complete_page.json":"0b3f263f61c431ecd430bcd1c7d4aa12f106c980","misc\/pdfs.json":"97d170e1550eee4afc0af065b78cda302a97674c","misc\/prefills.json":"97d170e1550eee4afc0af065b78cda302a97674c","misc\/placeholders.json":"34f1f85ed57ca1f6eaf05e14277012456ee1582a","misc\/logic_definitions.json":"97d170e1550eee4afc0af065b78cda302a97674c","misc\/logics\/Address_logic.json":"5308543ac3a419ad795b5f7ec42f65b7c57d1c2d","misc\/ic_inputs.json":"97d170e1550eee4afc0af065b78cda302a97674c","misc\/data-retention.json":"fa8b819d756eec4a4f185f5465ef79b349ea9ce4"}