{"title":"Report a tree problem (NFB)","instructions":"\n<p>Use this form to report a problem with a tree on public land maintained by the council, including parks, woodlands and open spaces.<\/p>\n\n<p>To report a tree problem on private land you will need to contact the land owner.<\/p>\n","progressBar":"1","allowUnregistered":"1","resumeAtStart":"1","reCaptcha":"0","internalOnly":0,"metadata":{"id":"643","itemID":"781","creator":"Training 05","contributor":"","publisher":"Continuum SandBox","rights":"Continuum SandBox","source":"","status":"V1.0 Public Consumption","coverage":"UK","created":1569193200,"modified":1569193200,"valid":null,"expired":null,"format":"text\/html","language":"en","subject":"","description":"Tree"},"categories":[{"id":"4869","categoryType":"Navigation","itemID":781,"categoryID":"505"}]}