{"id":1707,"actionType":"be4e8e2d0338ca30919508fcd48c7041e43bf54a","title":"Email alert 2 for council","mappings":[{"field":"template-to","type":"static","value":"webmaster@yourcouncil.gov.uk","secondaryValue":null,"label":"To"},{"field":"template-from","type":"static","value":"webmaster@yourcouncil.gov.uk","secondaryValue":null,"label":"From"},{"field":"template-subject","type":"static","value":"XFP Online Form - [Form - Title]","secondaryValue":null,"label":"Subject"},{"field":"format","type":"static","value":"HTML","secondaryValue":null,"label":"Format"},{"field":"content","type":"static","value":"\n<p><strong>XFP Online form\u00a0- [Form - Title] <\/strong><\/p>\n\n<p><strong>Source Contact<\/strong><\/p>\n\n<p>First Name: \u00a0[Response - First_Name]<\/p>\n\n<p>Surname: [Response - Surname]<\/p>\n\n<p>Address: [Response - Add1] [Response - Add3]<\/p>\n\n<p>Postcode: [Response - Postcode]<\/p>\n\n<p>Telephone No: [Response - Tel_no]<\/p>\n\n<p>Email: [Response - Email]\u00a0<\/p>\n\n<p><strong>Request Details<\/strong><\/p>\n\n<p>Request type: [Form - Title] [Response - What_is_the_problem]<\/p>\n\n<p>Details: [Response - Describe_problem]<\/p>\n\n<p>Where: [Response - Where_problem]<\/p>\n\n<p>\u00a0<\/p>\n\n<p><strong>All questions and answers<\/strong><\/p>\n\n<p>[Form - All Questions\/Answers]<\/p>\n\n<p>\u00a0<\/p>\n","secondaryValue":null,"label":"Content"},{"field":"contentPlain","type":"static","value":"","secondaryValue":null,"label":"Content"},{"field":"attachmentType","type":"static","value":"None","secondaryValue":null,"label":"Attachment"},{"field":"attachmentFormat","type":"static","value":"PDF","secondaryValue":null,"label":"Attachment format"},{"field":"attachmentContent","type":"static","value":"","secondaryValue":null,"label":"Attachment content"},{"field":"attachmentPlain","type":"static","value":"","secondaryValue":null,"label":"Attachment content"}]}