{"id":1706,"actionType":"be4e8e2d0338ca30919508fcd48c7041e43bf54a","title":"Email Alert 1 for user","mappings":[{"field":"template-to","type":"static","value":"[Response - Email]","secondaryValue":null,"label":"To"},{"field":"template-from","type":"static","value":"webmaster@yourcouncil.gov.uk","secondaryValue":null,"label":"From"},{"field":"template-subject","type":"static","value":"[Form - Title] - Online form receipt","secondaryValue":null,"label":"Subject"},{"field":"format","type":"static","value":"HTML","secondaryValue":null,"label":"Format"},{"field":"content","type":"static","value":"\n<p>Thank you for contacting us about\u00a0<strong>[Response - What_is_the_problem].<\/strong><\/p>\n\n<p><strong>Description of problem:<\/strong><\/p>\n\n<p>[Response - Describe_problem]<\/p>\n\n<p>We will ensure that this information is passed on to the relevant service area to be dealt with.\u00a0\u00a0<\/p>\n\n<p>This message confirms receipt of your [Form - Title] online form.\u00a0\u00a0<\/p>\n","secondaryValue":null,"label":"Content"},{"field":"contentPlain","type":"static","value":"","secondaryValue":null,"label":"Content"},{"field":"attachmentType","type":"static","value":"None","secondaryValue":null,"label":"Attachment"},{"field":"attachmentFormat","type":"static","value":"PDF","secondaryValue":null,"label":"Attachment format"},{"field":"attachmentContent","type":"static","value":"","secondaryValue":null,"label":"Attachment content"},{"field":"attachmentPlain","type":"static","value":"","secondaryValue":null,"label":"Attachment content"}]}