{"id":372,"actionType":"Jadu\\XFormsPro\\Form\\Rules\\Actions\\Email\\EmailActionType","title":"Confirmation Email to Submitter","mappings":[{"field":"template-to","type":"static","value":"insertemailhere@google.com","secondaryValue":null,"label":"To"},{"field":"template-from","type":"static","value":"noreply@jadu.net","secondaryValue":null,"label":"From"},{"field":"template-subject","type":"static","value":"Coronavirus Question Submission Confirmation","secondaryValue":null,"label":"Subject"},{"field":"format","type":"static","value":"HTML","secondaryValue":null,"label":"Format"},{"field":"content","type":"static","value":"\n<p>Hello\u00a0{{0}}, we have received your question and will be reaching out soon.\u00a0<\/p>\n\n<p>\u00a0<\/p>\n\n<p>As a reminder, this is the quesiton submitted using your email address:\u00a0{{1}}<\/p>\n\n<p>\u00a0<\/p>\n\n<p>You can view a list of our Frequently Asked Questions here as well: www.inserturlhere.com<\/p>\n\n<p>\u00a0<\/p>\n","secondaryValue":null,"label":"Content"},{"field":"contentPlain","type":"static","value":"","secondaryValue":null,"label":"Content"},{"field":"attachmentType","type":"static","value":"None","secondaryValue":null,"label":"Attachment"},{"field":"attachmentFormat","type":"static","value":"PDF","secondaryValue":null,"label":"Attachment format"},{"field":"attachmentContent","type":"static","value":"","secondaryValue":null,"label":"Attachment content"},{"field":"attachmentPlain","type":"static","value":"","secondaryValue":null,"label":"Attachment content"}]}