{"id":375,"actionType":"Jadu\\XFormsPro\\Form\\Rules\\Actions\\CXM\\CreateCaseActionType","title":"New COVID 19 Inquiry Received","mappings":[{"field":"runAsSignedInUser","type":"static","value":"","secondaryValue":null,"label":"Run as signed in user"},{"field":"first-name","type":"answer","value":"197-main-qad6e8d0e8d168ae44581702f775b4eec7d279065","secondaryValue":null,"label":"First Name"},{"field":"last-name","type":"answer","value":"197-main-q0593022191fb676dffc2fe9e8bfb10c12831041f","secondaryValue":null,"label":"Last Name"},{"field":"email","type":"answer","value":"197-main-q2826c96cd8ba8ee64bb08f1fc45635001c8dfa86","secondaryValue":null,"label":"Email"},{"field":"telephone-number","type":"variable","value":"Jadu\\XFormsPro\\Bundle\\StandardFormComponentBundle\\VariableDefinition\\UserAccountTelephoneDefinition","secondaryValue":null,"label":"Telephone number"},{"field":"preferred-contact-method","type":"label","value":"197-main-qfeb449271102ca15316240aec25d8b70c634153a","secondaryValue":null,"label":"Preferred Contact Method"},{"field":"submitter-role","type":"label","value":"197-main-q5a125e7a4ce5fde611d288efe9112848cf4754b0","secondaryValue":null,"label":"Submitter Role"},{"field":"question-or-concern","type":"answer","value":"197-main-q54754204aef1adf7e687fcab130dc14f5f2ecbcf","secondaryValue":null,"label":"Question or Concern"},{"field":"caseType","type":"static","value":"covid-19-inquiry-response","secondaryValue":null,"label":"Case Type"}]}