{"id":373,"actionType":"Jadu\\XFormsPro\\Form\\Rules\\Actions\\Email\\EmailActionType","title":"Notify Response Team","mappings":[{"field":"template-to","type":"static","value":"jaduinc@jadu.net","secondaryValue":null,"label":"To"},{"field":"template-from","type":"static","value":"webmaster@yourdomain.com","secondaryValue":null,"label":"From"},{"field":"template-subject","type":"static","value":"Question Submitted","secondaryValue":null,"label":"Subject"},{"field":"format","type":"static","value":"HTML","secondaryValue":null,"label":"Format"},{"field":"content","type":"static","value":"\n<p>The attached questions have been asked by a\u00a0{{0}}. Please review and respond to them. They have provided both their Phone and Email and their preferred method of communication is noted below:\u00a0<\/p>\n\n<p>{{1}}.<\/p>\n\n<p>\u00a0<\/p>\n\n<p>Submitter Email:<\/p>\n\n<p>{{2}}<\/p>\n\n<p>Submitter Phone:\u00a0{{3}}<\/p>\n\n<p>To view the submitted form, click the link below:<\/p>\n\n<p><a href=\"https:\/\/continuum.pcp.demo.jadu.net\/jadu\/xforms2\/received\/submission?id=2273\">https:\/\/yourwebsitedomain.com\/jadu\/xforms2\/received\/submission?id={{4}}<\/a><\/p>\n","secondaryValue":null,"label":"Content"},{"field":"contentPlain","type":"static","value":"","secondaryValue":null,"label":"Content"},{"field":"attachmentType","type":"static","value":"None","secondaryValue":null,"label":"Attachment"},{"field":"attachmentFormat","type":"static","value":"PDF","secondaryValue":null,"label":"Attachment format"},{"field":"attachmentContent","type":"static","value":"","secondaryValue":null,"label":"Attachment content"},{"field":"attachmentPlain","type":"static","value":"","secondaryValue":null,"label":"Attachment content"}]}