{"form.json":"6bdd41538329f355fb8fcd5bbc1e065e75f10fe1","page-templates\/381-Health_Compliant.json":"0cab93d6b8f5cdb219af2e552e2f29621ee8e17d","page-templates\/82-Personal_Details.json":"bd001ea025f8b53bda1c50f57bd72393c37e99ac","structure\/pages.json":"f9df985ac003c4981b39c99c3fa0bd3ed2f55c5f","structure\/branching.json":"b32b9f52004b8e5103435affebbd7d9ac56c3a60","misc\/pdfs.json":"97d170e1550eee4afc0af065b78cda302a97674c","misc\/prefills.json":"97d170e1550eee4afc0af065b78cda302a97674c","misc\/placeholders.json":"97d170e1550eee4afc0af065b78cda302a97674c","misc\/logic_definitions.json":"97d170e1550eee4afc0af065b78cda302a97674c","misc\/ic_inputs.json":"97d170e1550eee4afc0af065b78cda302a97674c","misc\/data-retention.json":"fa8b819d756eec4a4f185f5465ef79b349ea9ce4","misc\/images.json":"fa0abfbde00f93c9ce9227a12a21b38039e3222b"}