{"title":"Report a Health Related Complaint","instructions":"<p>For any health related complaints (excluding food premises)\u00a0please complete the following online form.<br>\nFor any urgent issues please do not hesitate to contact our\u00a0Customer Service Team on XXXX XXXX.<\/p>","progressBar":"1","allowUnregistered":"1","resumeAtStart":"0","reCaptcha":"0","internalOnly":0,"metadata":{"id":"159","itemID":"297","creator":"David Evans","contributor":"","publisher":"Continuum Demo","rights":"Continuum Demo","source":"","status":"V1.0 Public Consumption","coverage":"Australia","created":1602111600,"modified":1602111600,"valid":null,"expired":null,"format":"text\/html","language":"en","subject":"Report a Health Related Complaint","description":"Report a Health Related Complaint"},"categories":[{"id":"2804","categoryType":"Navigation","itemID":297,"categoryID":"20257"}]}