{"id":269,"isFormSpecific":true,"version":{"metadata":{"id":665,"title":"Dog Off a Lead Details","instructions":""},"sections":[{"name":"main","title":"main","showTitle":false,"hideInitially":false,"triggerQuestionName":null,"triggerQuestionSecondaryField":null,"triggerQuestionSection":null,"triggerOperator":null,"triggerAnswerValue":null,"isRepeatableQuestion":false,"repeatableQuestionSettings":[],"structure":"[{\"type\":\"question\",\"name\":\"q26c101314577be290b5c1446458091a24b4b4647\"},{\"type\":\"question\",\"name\":\"q97c275451a59d2be8abba091d5caa55f18a86e48\"},{\"type\":\"question\",\"name\":\"q5ee2766360e0ae901940d1e73bd87080bbceddac\"}]","questions":[{"name":"q26c101314577be290b5c1446458091a24b4b4647","text":"Where did you see the dog off the lead?","guid":"275aa1b1a2b5d9007539f71ea4b0361eee221c60","number":1,"settings":[{"name":"required","value":"true"},{"name":"mapType","value":"google"}]},{"name":"q97c275451a59d2be8abba091d5caa55f18a86e48","text":"Please provide any additional information to help us identify the location","guid":"39c1d58d95f4fbb636ae61c4dccd9992ce707c24","number":1,"settings":[{"name":"required","value":"true"},{"name":"help","value":"For example street name, nearest house number, landmarks, etc."},{"name":"rows","value":"4"},{"name":"cols","value":"40"}]},{"name":"q5ee2766360e0ae901940d1e73bd87080bbceddac","text":"Please describe the dog (including any problems it is creating)","guid":"39c1d58d95f4fbb636ae61c4dccd9992ce707c24","number":1,"settings":[{"name":"required","value":"true"},{"name":"rows","value":"4"},{"name":"cols","value":"40"}]}],"clauseType":null,"data":null}]}}