{"id":302,"isFormSpecific":true,"version":{"metadata":{"id":748,"title":"Business Rates Fraud","instructions":""},"sections":[{"name":"main","title":"main","showTitle":false,"hideInitially":false,"triggerQuestionName":null,"triggerQuestionSecondaryField":null,"triggerQuestionSection":null,"triggerOperator":null,"triggerAnswerValue":null,"isRepeatableQuestion":false,"repeatableQuestionSettings":[],"structure":"[{\"type\":\"question\",\"name\":\"qac64850f1f8a9914ff2dcf3661be93677c8a0b5e\"},{\"type\":\"question\",\"name\":\"q3e7e319c4d1d212b4065beb1403b9cc315c57ab8\"}]","questions":[{"name":"qac64850f1f8a9914ff2dcf3661be93677c8a0b5e","text":"What type of business rates fraud is involved?","guid":"18eeb80469e722d4f3513ee0c5b183da219c6975","number":1,"settings":[{"name":"required","value":"true"},{"name":"answers","value":"[{\"value\":\"falsely_claiming_relief_from_rates\",\"text\":\"Falsely claiming relief from rates\",\"data\":\"\",\"internal\":false},{\"value\":\"failing_to_declare_occupation_of_a_commercial_premises\",\"text\":\"Failing to declare occupation of a commercial premises\",\"data\":\"\",\"internal\":false},{\"value\":\"evasion_of_liability\",\"text\":\"Evasion of liability\",\"data\":\"\",\"internal\":false},{\"value\":\"claiming_exemption_for_a_whole_property_when_part_is_in_use\",\"text\":\"Claiming exemption for a whole property when part is in use\",\"data\":\"\",\"internal\":false},{\"value\":\"other\",\"text\":\"Other\",\"data\":\"\",\"internal\":false}]"},{"name":"empty_option","value":"Please select"}]},{"name":"q3e7e319c4d1d212b4065beb1403b9cc315c57ab8","text":"Please tell us about the suspected fraud","guid":"39c1d58d95f4fbb636ae61c4dccd9992ce707c24","number":1,"settings":[{"name":"required","value":"true"},{"name":"help","value":"Please provide as much detail as possible."},{"name":"rows","value":"4"},{"name":"cols","value":"40"}]}],"clauseType":null,"data":null}]}}