{"id":303,"isFormSpecific":true,"version":{"metadata":{"id":750,"title":"Council Tax Fraud","instructions":""},"sections":[{"name":"main","title":"main","showTitle":false,"hideInitially":false,"triggerQuestionName":null,"triggerQuestionSecondaryField":null,"triggerQuestionSection":null,"triggerOperator":null,"triggerAnswerValue":null,"isRepeatableQuestion":false,"repeatableQuestionSettings":[],"structure":"[{\"type\":\"question\",\"name\":\"q90d4bfaa3620bd6ec9b9ff5de819ed6e840d9742\"},{\"type\":\"question\",\"name\":\"q183b051b9f451e95ad31383186d591e4c8f3e6cf\"}]","questions":[{"name":"q90d4bfaa3620bd6ec9b9ff5de819ed6e840d9742","text":"What type of council tax fraud is involved?","guid":"18eeb80469e722d4f3513ee0c5b183da219c6975","number":1,"settings":[{"name":"required","value":"true"},{"name":"answers","value":"[{\"value\":\"falsely_claiming_a_single_person_discount\",\"text\":\"Falsely claiming a single person discount\",\"data\":\"\",\"internal\":false},{\"value\":\"claiming_to_be_a_student_to_avoid_payment\",\"text\":\"Claiming to be a student to avoid payment\",\"data\":\"\",\"internal\":false},{\"value\":\"stating_a_student_only_household_when_a_non-student_is_living_there\",\"text\":\"Stating a student only household when a non-student is living there\",\"data\":\"\",\"internal\":false},{\"value\":\"other\",\"text\":\"Other\",\"data\":\"\",\"internal\":false}]"},{"name":"empty_option","value":"Please select"}]},{"name":"q183b051b9f451e95ad31383186d591e4c8f3e6cf","text":"Please tell us about the suspected fraud","guid":"39c1d58d95f4fbb636ae61c4dccd9992ce707c24","number":1,"settings":[{"name":"required","value":"true"},{"name":"help","value":"Please provide as much detail as possible."},{"name":"rows","value":"4"},{"name":"cols","value":"40"}]}],"clauseType":null,"data":null}]}}