{"id":301,"isFormSpecific":true,"version":{"metadata":{"id":752,"title":"Generic Fraud Template","instructions":""},"sections":[{"name":"main","title":"main","showTitle":false,"hideInitially":false,"triggerQuestionName":null,"triggerQuestionSecondaryField":null,"triggerQuestionSection":null,"triggerOperator":null,"triggerAnswerValue":null,"isRepeatableQuestion":false,"repeatableQuestionSettings":[],"structure":"[{\"type\":\"question\",\"name\":\"q7074223de5bbccb3a136cc7e64ef2553e61cbf15\"}]","questions":[{"name":"q7074223de5bbccb3a136cc7e64ef2553e61cbf15","text":"Please tell us about the suspected fraud","guid":"7d7527893d7f786c9073e6a651a9c26181d9a661","number":1,"settings":[{"name":"required","value":"true"},{"name":"help","value":"Please provide as much details as possible."}]}],"clauseType":null,"data":null}]}}