{"id":304,"isFormSpecific":true,"version":{"metadata":{"id":755,"title":"Housing Options Based Fraud","instructions":""},"sections":[{"name":"main","title":"main","showTitle":false,"hideInitially":false,"triggerQuestionName":null,"triggerQuestionSecondaryField":null,"triggerQuestionSection":null,"triggerOperator":null,"triggerAnswerValue":null,"isRepeatableQuestion":false,"repeatableQuestionSettings":[],"structure":"[{\"type\":\"question\",\"name\":\"qef594f9a06effed3b84e677dfb44660f2dbab425\"},{\"type\":\"question\",\"name\":\"q0ec09be2b86b35284913b0b6f5917be308b3a565\"}]","questions":[{"name":"qef594f9a06effed3b84e677dfb44660f2dbab425","text":"What type of fraud is involved?","guid":"18eeb80469e722d4f3513ee0c5b183da219c6975","number":1,"settings":[{"name":"required","value":"true"},{"name":"answers","value":"[{\"value\":\"deliberate_overcrowding_to_increase_banding\",\"text\":\"Deliberate overcrowding to increase banding\",\"data\":\"\",\"internal\":false},{\"value\":\"fraudulent_application\",\"text\":\"Fraudulent application\",\"data\":\"\",\"internal\":false},{\"value\":\"other\",\"text\":\"Other\",\"data\":\"\",\"internal\":false}]"},{"name":"empty_option","value":"Please select"}]},{"name":"q0ec09be2b86b35284913b0b6f5917be308b3a565","text":"Please tell us about the suspected fraud","guid":"39c1d58d95f4fbb636ae61c4dccd9992ce707c24","number":1,"settings":[{"name":"required","value":"true"},{"name":"help","value":"Please provide as much detail as possible."},{"name":"rows","value":"4"},{"name":"cols","value":"40"}]}],"clauseType":null,"data":null}]}}