{"id":305,"isFormSpecific":true,"version":{"metadata":{"id":758,"title":"Housing Tenancy Fraud","instructions":""},"sections":[{"name":"main","title":"main","showTitle":false,"hideInitially":false,"triggerQuestionName":null,"triggerQuestionSecondaryField":null,"triggerQuestionSection":null,"triggerOperator":null,"triggerAnswerValue":null,"isRepeatableQuestion":false,"repeatableQuestionSettings":[],"structure":"[{\"type\":\"question\",\"name\":\"q3f552d81f649f226c35bbe57604dcea4007ead30\"},{\"type\":\"question\",\"name\":\"q1c3a13dcc63053867cd825360a5d7ed4dde61246\"}]","questions":[{"name":"q1c3a13dcc63053867cd825360a5d7ed4dde61246","text":"Please tell us about the suspected fraud","guid":"39c1d58d95f4fbb636ae61c4dccd9992ce707c24","number":1,"settings":[{"name":"required","value":"true"},{"name":"help","value":"Please provide as much detail as possible"},{"name":"rows","value":"4"},{"name":"cols","value":"40"}]},{"name":"q3f552d81f649f226c35bbe57604dcea4007ead30","text":"What type of fraud is involved?","guid":"18eeb80469e722d4f3513ee0c5b183da219c6975","number":1,"settings":[{"name":"required","value":"true"},{"name":"answers","value":"[{\"value\":\"false_succession_of_tenancy\",\"text\":\"False succession of tenancy\",\"data\":\"\",\"internal\":false},{\"value\":\"key_selling\",\"text\":\"Key selling\",\"data\":\"\",\"internal\":false},{\"value\":\"non-occupation\",\"text\":\"Non-occupation\",\"data\":\"\",\"internal\":false},{\"value\":\"subletting\",\"text\":\"Subletting\",\"data\":\"\",\"internal\":false},{\"value\":\"other\",\"text\":\"Other\",\"data\":\"\",\"internal\":false}]"},{"name":"empty_option","value":"Please select"}]}],"clauseType":null,"data":null}]}}