{"id":300,"isFormSpecific":true,"version":{"metadata":{"id":744,"title":"Housing Benefit Fraud","instructions":"<p>You can report suspected Housing Benefit fraud at GOV.UK:<\/p>\n\n<p><a class=\"button\" href=\"https:\/\/www.gov.uk\/report-benefit-fraud\">Report benefit fraud<\/a><\/p>\n\n<p><span class=\"snippet\"><style type=\"text\/css\">\n.button--next,\n.button--primary,\n.xfpprimary {\nvisibility: hidden;\n}\n<\/style><!-- rel:snippet --><\/span><\/p>"},"sections":[{"name":"main","title":"main","showTitle":false,"hideInitially":false,"triggerQuestionName":null,"triggerQuestionSecondaryField":null,"triggerQuestionSection":null,"triggerOperator":null,"triggerAnswerValue":null,"isRepeatableQuestion":false,"repeatableQuestionSettings":[],"structure":"[]","questions":[],"clauseType":null,"data":null}]}}