{"id":306,"isFormSpecific":true,"version":{"metadata":{"id":761,"title":"Insurance Fraud","instructions":"<p>Insurance fraud against your local authority is a serious offence. People commit many kinds of fraud and local authorities are working closely with the Police to take action.<\/p>"},"sections":[{"name":"main","title":"main","showTitle":false,"hideInitially":false,"triggerQuestionName":null,"triggerQuestionSecondaryField":null,"triggerQuestionSection":null,"triggerOperator":null,"triggerAnswerValue":null,"isRepeatableQuestion":false,"repeatableQuestionSettings":[],"structure":"[{\"type\":\"question\",\"name\":\"q6b316b7fdefd3ac92510ed3c111a6ee702123a2e\"},{\"type\":\"question\",\"name\":\"qd13233880aa15abd5deb6fbfdbfbd732869b81c6\"}]","questions":[{"name":"qd13233880aa15abd5deb6fbfdbfbd732869b81c6","text":"Please tell us about the suspected fraud","guid":"39c1d58d95f4fbb636ae61c4dccd9992ce707c24","number":1,"settings":[{"name":"required","value":"true"},{"name":"help","value":"Please provide as much detail as possible"},{"name":"rows","value":"4"},{"name":"cols","value":"40"}]},{"name":"q6b316b7fdefd3ac92510ed3c111a6ee702123a2e","text":"What type of insurance fraud is involved?","guid":"18eeb80469e722d4f3513ee0c5b183da219c6975","number":1,"settings":[{"name":"required","value":"true"},{"name":"answers","value":"[{\"value\":\"claiming_for_injurydamage_that_was_not_the_councils_liability\",\"text\":\"Claiming for injury\/damage that was not the council's liability\",\"data\":\"\",\"internal\":false},{\"value\":\"claiming_for_injurydamage_from_more_than_one_authority\",\"text\":\"Claiming for injury\/damage from more than one authority\",\"data\":\"\",\"internal\":false},{\"value\":\"planning_an_accident_to_claim_from_the_council\",\"text\":\"Planning an accident to claim from the council\",\"data\":\"\",\"internal\":false},{\"value\":\"other\",\"text\":\"Other\",\"data\":\"\",\"internal\":false}]"},{"name":"empty_option","value":"Please select"}]}],"clauseType":null,"data":null}]}}