{"id":307,"isFormSpecific":true,"version":{"metadata":{"id":764,"title":"Procurement Fraud","instructions":""},"sections":[{"name":"main","title":"main","showTitle":false,"hideInitially":false,"triggerQuestionName":null,"triggerQuestionSecondaryField":null,"triggerQuestionSection":null,"triggerOperator":null,"triggerAnswerValue":null,"isRepeatableQuestion":false,"repeatableQuestionSettings":[],"structure":"[{\"type\":\"question\",\"name\":\"q4c5cc3649b512fdaaa14e4331299f30af88c10ae\"},{\"type\":\"question\",\"name\":\"qf6532e1ad628cd721934527ccb99fcd1e2643ca2\"}]","questions":[{"name":"qf6532e1ad628cd721934527ccb99fcd1e2643ca2","text":"Please tell us about the suspected fraud","guid":"39c1d58d95f4fbb636ae61c4dccd9992ce707c24","number":1,"settings":[{"name":"help","value":"Please provide as much detail as possible."},{"name":"rows","value":"4"},{"name":"cols","value":"40"}]},{"name":"q4c5cc3649b512fdaaa14e4331299f30af88c10ae","text":"What type of procurement fraud is involved?","guid":"18eeb80469e722d4f3513ee0c5b183da219c6975","number":1,"settings":[{"name":"required","value":"true"},{"name":"answers","value":"[{\"value\":\"allegation_of_collusion_between_contract_bidder_and_staff_member\",\"text\":\"Allegation of collusion between contract bidder and staff member\",\"data\":\"\",\"internal\":false},{\"value\":\"allegation_of_collusion_between_bidders_to_inflate_the_contract_price\",\"text\":\"Allegation of collusion between bidders to inflate the contract price\",\"data\":\"\",\"internal\":false},{\"value\":\"carrying_out_work_that_is_below_the_standard_set_out_in_the_contract\",\"text\":\"Carrying out work that is below the standard set out in the contract\",\"data\":\"\",\"internal\":false},{\"value\":\"contractor_claiming_for_work_that_they_have_not_done_or_was_not_in_the_contract\",\"text\":\"Contractor claiming for work that they have not done or was not in the contract\",\"data\":\"\",\"internal\":false},{\"value\":\"other\",\"text\":\"Other\",\"data\":\"\",\"internal\":false}]"},{"name":"empty_option","value":"Please select"}]}],"clauseType":null,"data":null}]}}