{"id":276,"isFormSpecific":true,"version":{"metadata":{"id":689,"title":"Type of Fraud","instructions":""},"sections":[{"name":"main","title":"main","showTitle":false,"hideInitially":false,"triggerQuestionName":null,"triggerQuestionSecondaryField":null,"triggerQuestionSection":null,"triggerOperator":null,"triggerAnswerValue":null,"isRepeatableQuestion":false,"repeatableQuestionSettings":[],"structure":"[{\"type\":\"question\",\"name\":\"qec68c2aeb1eec6812ff2097a1a62a7e6578dd4a3\"}]","questions":[{"name":"qec68c2aeb1eec6812ff2097a1a62a7e6578dd4a3","text":"What type of fraud do you want to report?","guid":"18eeb80469e722d4f3513ee0c5b183da219c6975","number":1,"settings":[{"name":"required","value":"true"},{"name":"answers","value":"[{\"value\":\"housing_benefit_fraud\",\"text\":\"Housing benefit fraud\",\"data\":\"\",\"internal\":false},{\"value\":\"council_tax_reduction_scheme_fraud\",\"text\":\"Council tax reduction scheme fraud\",\"data\":\"\",\"internal\":false},{\"value\":\"business_rates_fraud\",\"text\":\"Business rates fraud\",\"data\":\"\",\"internal\":false},{\"value\":\"council_tax_fraud\",\"text\":\"Council tax fraud\",\"data\":\"\",\"internal\":false},{\"value\":\"employee_fraud\",\"text\":\"Employee fraud\",\"data\":\"\",\"internal\":false},{\"value\":\"grant_fraud\",\"text\":\"Grant fraud\",\"data\":\"\",\"internal\":false},{\"value\":\"housing_options_fraud\",\"text\":\"Housing options fraud\",\"data\":\"\",\"internal\":false},{\"value\":\"housing_right-to-buy_fraud\",\"text\":\"Housing right-to-buy fraud\",\"data\":\"\",\"internal\":false},{\"value\":\"housing_tenancy_fraud\",\"text\":\"Housing tenancy fraud\",\"data\":\"\",\"internal\":false},{\"value\":\"insurance_fraud\",\"text\":\"Insurance fraud\",\"data\":\"\",\"internal\":false},{\"value\":\"planning_fraud\",\"text\":\"Planning fraud\",\"data\":\"\",\"internal\":false},{\"value\":\"procurement_fraud\",\"text\":\"Procurement fraud\",\"data\":\"\",\"internal\":false}]"},{"name":"empty_option","value":"Please select"}]}],"clauseType":null,"data":null}]}}