{"form.json":"33a9aa22c9f115c8919433c11bd2cc35d9a442ca","page-templates\/353-Bin_to_be_emptied.json":"006cdb0e50519bba24f92b95e8683dac71cc0487","page-templates\/354-Replacement_or_damaged_bin.json":"037ae2356875e7f66b5a974d094aad67e6759127","page-templates\/357-Bin_request.json":"9dbc77f55420a5d807a1e0850a580eff1768b256","page-templates\/387-Bin_Request_Details.json":"2c73e265759b6a271adb062552cd0f7cea6f0bfe","page-templates\/82-Personal_Details.json":"bd001ea025f8b53bda1c50f57bd72393c37e99ac","structure\/pages.json":"9955ba51249af42a5f10b0f293bfa89617aeef80","structure\/branching.json":"0063dfc860bbaa6d05c065f60f4f183201e15639","misc\/pdfs.json":"97d170e1550eee4afc0af065b78cda302a97674c","misc\/prefills.json":"97d170e1550eee4afc0af065b78cda302a97674c","misc\/placeholders.json":"97d170e1550eee4afc0af065b78cda302a97674c","misc\/logic_definitions.json":"97d170e1550eee4afc0af065b78cda302a97674c","misc\/ic_inputs.json":"97d170e1550eee4afc0af065b78cda302a97674c","misc\/data-retention.json":"fa8b819d756eec4a4f185f5465ef79b349ea9ce4","misc\/images.json":"fa0abfbde00f93c9ce9227a12a21b38039e3222b"}