{"title":"Bins - Missed, Damaged or New","instructions":"<p>This online form handles most bin requests including reporting a missed bin, reporting a damaged\/stolen bin or requesting a new bin service.<\/p>","progressBar":"1","allowUnregistered":"1","resumeAtStart":"0","reCaptcha":"0","internalOnly":0,"metadata":{"id":"162","itemID":"300","creator":"Danielle Wilson","contributor":"","publisher":"South Gippsland Shire Council","rights":"South Gippsland Shire Council","source":"","status":"V1.0 Public Consumption","coverage":"Australia","created":1602111600,"modified":1602111600,"valid":null,"expired":null,"format":"text\/html","language":"en","subject":"garbage, bin service, missed bin, new bin, broken bin, damaged bin","description":"An online form to report a missed bin, order a replacement bin or start a new bin service."},"categories":[{"id":"2800","categoryType":"Navigation","itemID":300,"categoryID":"20000"}]}