{"id":1174,"actionType":"Jadu\\XFormsPro\\Form\\Rules\\Actions\\CXM\\CreateCaseActionType","title":"Crate case template","mappings":[{"field":"runAsSignedInUser","type":"static","value":"","secondaryValue":null,"label":"Run as signed in user"},{"field":"sys-first-name","type":"answer","value":"1364-main-qea7d3c9e733e75f619dd99100c4b7a64bbc6d0d1","secondaryValue":null,"label":"SYS First name"},{"field":"sys-last-name","type":"answer","value":"1364-main-qb37d8c42a1672cf639de5628037dd7f1978760b8","secondaryValue":null,"label":"SYS Last name"},{"field":"age","type":"label","value":"1364-main-q0b001bf95b472037aa65b60e002913fa03d07791","secondaryValue":null,"label":"Age"},{"field":"sys-email-address","type":"answer","value":"1364-main-qbf44f12d5c88cf2f28aff6e0d43830bc3520fca3","secondaryValue":null,"label":"SYS Email address"},{"field":"sys-telephone-number","type":"answer","value":"1364-main-qce623e71f6266f1f2aeb2cf5d1d2b160c6c2736f","secondaryValue":null,"label":"SYS Telephone number"},{"field":"address-from-postcode","type":"logic","value":"1523","secondaryValue":null,"label":"Address from postcode"},{"field":"do-you-have-a-dbs-check","type":"label","value":"1363-main-q49db9ac62ab7d44b9dfe501ac75e63290e7e6f8b","secondaryValue":null,"label":"Do you have a DBS check?"},{"field":"expiry-date-of-dbs","type":"answer","value":"1363-sa26fc5c6f1b65456e81ea6e461c5b6c2b5933dea-qc9c15546b543bbe7523815159b1d1a56bfa6df48","secondaryValue":null,"label":"Expiry date of DBS"},{"field":"driving-license","type":"label","value":"1360-main-qd321e58a329df01c2bfe78dd470ba1676c8a710f","secondaryValue":null,"label":"Driving License"},{"field":"do-you-have-a-car-and-would-be-willing-to-drive","type":"label","value":"1360-s60b562a8be58026bb374d2040e32304a4bdb2a2e-q147f3a125d4a47bb1c88f4dc88984619b82c5edb","secondaryValue":null,"label":"Do you have a car and would be willing to drive?"},{"field":"how-would-you-be-willing-to-help-1","type":"answer","value":"1361-main-q142112ad1960bece3b93fb65801b2de5792f00df","secondaryValue":null,"label":"How would you be willing to help?"},{"field":"volunteer-support-further-information","type":"answer","value":"1361-s1770e10b1bfbe82c009d5ae67ba4a8beb8cba5b4-q900c1168594b2065d23888b706a0080168aa9d99","secondaryValue":null,"label":"Volunteer support further information"},{"field":"where-are-you-able-to-volunteer","type":"answer","value":"1362-main-q5f61af6be1a62701392151768fa1c82dd3e72c34","secondaryValue":null,"label":"Where are you able to volunteer"},{"field":"do-you-have-access-to-a-telephone","type":"label","value":"1362-s29e6590be54e0f8975266eebd4e03623bfcc84d3-q0d398a2928b8e218a6f040f628957cd8be86de12","secondaryValue":null,"label":"Do you have access to a telephone?"},{"field":"do-you-have-access-to-the-internet","type":"label","value":"1362-s29e6590be54e0f8975266eebd4e03623bfcc84d3-qdd52ae0cade4e949119490c52f0a0ebf6b7103e7","secondaryValue":null,"label":"Do you have access to the internet?"},{"field":"towns-and-villages-you-are-able-to-support","type":"answer","value":"1362-scf6143451862e36518df1c20d61da6ac0b303780-qc476816f3ca8f085aa64beada6a49c4f50a2d200","secondaryValue":null,"label":"Towns and villages you are able to support"},{"field":"sys-channel","type":"variable","value":"Jadu\\XFormsPro\\Bundle\\StandardFormComponentBundle\\VariableDefinition\\UserFormChannelDefinition","secondaryValue":null,"label":"SYS Channel"},{"field":"caseType","type":"static","value":"covid-19-volunteers","secondaryValue":null,"label":"Case Type"}]}