{"id":931,"isFormSpecific":true,"version":{"metadata":{"id":2674,"title":"Description of the suspected breach","instructions":""},"sections":[{"name":"main","title":"main","showTitle":false,"hideInitially":false,"triggerQuestionName":null,"triggerQuestionSecondaryField":null,"triggerQuestionSection":null,"triggerOperator":null,"triggerAnswerValue":null,"isRepeatableQuestion":false,"repeatableQuestionSettings":[],"structure":"[{\"type\":\"question\",\"name\":\"q6a969909547bc1eec525c22840cb4fff49de1851\"},{\"type\":\"question\",\"name\":\"q8a72cbc57aa4c8abeca47d2c9d31b21bb4b1cf59\"}]","questions":[{"name":"q6a969909547bc1eec525c22840cb4fff49de1851","text":"Please describe in as much detail as you can the suspected breach of planning that you would like us to investigate.","guid":"39c1d58d95f4fbb636ae61c4dccd9992ce707c24","number":1,"settings":[{"name":"rows","value":"4"},{"name":"cols","value":"80"}]},{"name":"q8a72cbc57aa4c8abeca47d2c9d31b21bb4b1cf59","text":"Do you have any photographic evidence?","guid":"9aca8a0e8fed454c7df8d60bf87b8f3ba70e844e","number":1,"settings":[]}],"clauseType":null,"data":null}]}}