{"id":930,"isFormSpecific":true,"version":{"metadata":{"id":2673,"title":"Details of where suspected breach is taking or has taken place","instructions":""},"sections":[{"name":"main","title":"main","showTitle":false,"hideInitially":false,"triggerQuestionName":null,"triggerQuestionSecondaryField":null,"triggerQuestionSection":null,"triggerOperator":null,"triggerAnswerValue":null,"isRepeatableQuestion":false,"repeatableQuestionSettings":[],"structure":"[{\"type\":\"question\",\"name\":\"qd6d3f25501f9619eeebbaf533363019148d44205\"},{\"type\":\"question\",\"name\":\"q9e18510b2d4aa90b4a4a48b4543cc8f95d370293\"}]","questions":[{"name":"qd6d3f25501f9619eeebbaf533363019148d44205","text":"Site location or address","guid":"39c1d58d95f4fbb636ae61c4dccd9992ce707c24","number":1,"settings":[{"name":"rows","value":"4"},{"name":"cols","value":"80"}]},{"name":"q9e18510b2d4aa90b4a4a48b4543cc8f95d370293","text":"Occupier's or Owners name and contact details if known","guid":"7d7527893d7f786c9073e6a651a9c26181d9a661","number":1,"settings":[]}],"clauseType":null,"data":null}]}}