{"id":255,"isFormSpecific":true,"version":{"metadata":{"id":622,"title":"Additional Details","instructions":"<p>Please answer the following questions to help us understand the issue you are reporting.<\/p>"},"sections":[{"name":"main","title":"main","showTitle":false,"hideInitially":false,"triggerQuestionName":null,"triggerQuestionSecondaryField":null,"triggerQuestionSection":null,"triggerOperator":null,"triggerAnswerValue":null,"isRepeatableQuestion":false,"repeatableQuestionSettings":[],"structure":"[{\"type\":\"question\",\"name\":\"qc2ca1d5e9d4abfc84070eef398f60743563e8ba3\"},{\"type\":\"question\",\"name\":\"qcf2fc4cf8ebba3d69f355585ffbe731b911476dc\"},{\"type\":\"question\",\"name\":\"qd45478bc00f99215d5a542f3d025c71be08c0d15\"},{\"type\":\"question\",\"name\":\"qf70f25128a1283c49529b94316120f0a58e414e9\"},{\"type\":\"question\",\"name\":\"qc9dac81dfae811c2f410cfcfaeac7df4e9e988e9\"},{\"type\":\"question\",\"name\":\"qcd0687c0acc0f8b6b482382bdfd5b99ffd5677c6\"},{\"type\":\"question\",\"name\":\"q225d991c2914f42b888cb9c330a75f53381e250a\"},{\"type\":\"section\",\"name\":\"s4a58759d75dc6a5221dbd4b83ce7ce397b64f335\"}]","questions":[{"name":"qc2ca1d5e9d4abfc84070eef398f60743563e8ba3","text":"How often  are the incidents occurring?","guid":"18eeb80469e722d4f3513ee0c5b183da219c6975","number":1,"settings":[{"name":"required","value":"true"},{"name":"answers","value":"[{\"value\":\"4\",\"text\":\"Daily\",\"data\":\"\",\"internal\":false},{\"value\":\"3\",\"text\":\"Most days\",\"data\":\"\",\"internal\":false},{\"value\":\"2\",\"text\":\"Most weeks\",\"data\":\"\",\"internal\":false},{\"value\":\"1\",\"text\":\"Most months\",\"data\":\"\",\"internal\":false},{\"value\":\"0\",\"text\":\"Rarely \/ Occasionally\",\"data\":\"\",\"internal\":false}]"},{"name":"empty_option","value":"Please select"}]},{"name":"qcf2fc4cf8ebba3d69f355585ffbe731b911476dc","text":"Do you know the offenders?","guid":"18eeb80469e722d4f3513ee0c5b183da219c6975","number":1,"settings":[{"name":"required","value":"true"},{"name":"answers","value":"[{\"value\":\"2\",\"text\":\"Know them well\",\"data\":\"\",\"internal\":false},{\"value\":\"1\",\"text\":\"Know of them\",\"data\":\"\",\"internal\":false},{\"value\":\"0\",\"text\":\"No\",\"data\":\"\",\"internal\":false}]"},{"name":"empty_option","value":"Please select"}]},{"name":"qd45478bc00f99215d5a542f3d025c71be08c0d15","text":"Do you feel this incident is associated with your faith, nationality, ethnicity, sexuality, gender or disability?","guid":"18eeb80469e722d4f3513ee0c5b183da219c6975","number":1,"settings":[{"name":"required","value":"true"},{"name":"answers","value":"[{\"value\":\"3\",\"text\":\"Yes\",\"data\":\"\",\"internal\":false},{\"value\":\"0\",\"text\":\"No\",\"data\":\"\",\"internal\":false}]"},{"name":"empty_option","value":"Please select"}]},{"name":"qf70f25128a1283c49529b94316120f0a58e414e9","text":"Who is this incident affecting?","guid":"18eeb80469e722d4f3513ee0c5b183da219c6975","number":1,"settings":[{"name":"required","value":"true"},{"name":"answers","value":"[{\"value\":\"4\",\"text\":\"You\",\"data\":\"\",\"internal\":false},{\"value\":\"4\",\"text\":\"Your family (including you)\",\"data\":\"\",\"internal\":false},{\"value\":\"3\",\"text\":\"Other direct family members (not including you)\",\"data\":\"\",\"internal\":false},{\"value\":\"1\",\"text\":\"Your community\",\"data\":\"\",\"internal\":false},{\"value\":\"0\",\"text\":\"Nobody\",\"data\":\"\",\"internal\":false}]"},{"name":"empty_option","value":"Please select"}]},{"name":"qc9dac81dfae811c2f410cfcfaeac7df4e9e988e9","text":"Have you informed any other agencies about what has happened?","guid":"18eeb80469e722d4f3513ee0c5b183da219c6975","number":1,"settings":[{"name":"required","value":"true"},{"name":"answers","value":"[{\"value\":\"1\",\"text\":\"No\",\"data\":\"\",\"internal\":false},{\"value\":\"0\",\"text\":\"Yes\",\"data\":\"\",\"internal\":false}]"},{"name":"empty_option","value":"Please select"}]},{"name":"qcd0687c0acc0f8b6b482382bdfd5b99ffd5677c6","text":"How affected do you feel by what has happened?","guid":"18eeb80469e722d4f3513ee0c5b183da219c6975","number":1,"settings":[{"name":"required","value":"true"},{"name":"answers","value":"[{\"value\":\"0\",\"text\":\"Calm\",\"data\":\"\",\"internal\":false},{\"value\":\"2\",\"text\":\"Upset\",\"data\":\"\",\"internal\":false},{\"value\":\"4\",\"text\":\"Distressed\",\"data\":\"\",\"internal\":false}]"},{"name":"empty_option","value":"Please select"}]},{"name":"q225d991c2914f42b888cb9c330a75f53381e250a","text":"Are you completing this form on behalf of someone else?","guid":"18eeb80469e722d4f3513ee0c5b183da219c6975","number":1,"settings":[{"name":"required","value":"true"},{"name":"answers","value":"[{\"value\":\"yes\",\"text\":\"Yes\",\"data\":\"\",\"internal\":false},{\"value\":\"no\",\"text\":\"No\",\"data\":\"\",\"internal\":false}]"},{"name":"empty_option","value":"Please select"}]}],"clauseType":null,"data":null},{"name":"s4a58759d75dc6a5221dbd4b83ce7ce397b64f335","title":"Third Party","showTitle":true,"hideInitially":true,"triggerQuestionName":"q225d991c2914f42b888cb9c330a75f53381e250a","triggerQuestionSecondaryField":null,"triggerQuestionSection":"main","triggerOperator":"equal","triggerAnswerValue":"yes","isRepeatableQuestion":false,"repeatableQuestionSettings":[],"structure":"[{\"type\":\"question\",\"name\":\"qd9e177e227fa0554d1043a6f9ffaeec32ad4e2f1\"}]","questions":[{"name":"qd9e177e227fa0554d1043a6f9ffaeec32ad4e2f1","text":"Please tell us their name","guid":"7d7527893d7f786c9073e6a651a9c26181d9a661","number":1,"settings":[{"name":"required","value":"true"}]}],"clauseType":null,"data":null}]}}