{"id":254,"isFormSpecific":true,"version":{"metadata":{"id":620,"title":"Incident Details","instructions":""},"sections":[{"name":"main","title":"main","showTitle":false,"hideInitially":false,"triggerQuestionName":null,"triggerQuestionSecondaryField":null,"triggerQuestionSection":null,"triggerOperator":null,"triggerAnswerValue":null,"isRepeatableQuestion":false,"repeatableQuestionSettings":[],"structure":"[{\"type\":\"question\",\"name\":\"q2f6c24b21eab2f7d01ee9c17ed53740539cd03f6\"},{\"type\":\"question\",\"name\":\"q7f2b0bd10e41520af5ae60749cf1075be957edaa\"},{\"type\":\"question\",\"name\":\"q87f464cac7af3a6de6767064c2eb153af87dbf31\"},{\"type\":\"question\",\"name\":\"q9bffcf4c34c861deae8efaeb05ed8c9302550cd5\"}]","questions":[{"name":"q2f6c24b21eab2f7d01ee9c17ed53740539cd03f6","text":"What is the address \/ location of the incident?","guid":"39c1d58d95f4fbb636ae61c4dccd9992ce707c24","number":1,"settings":[{"name":"required","value":"true"},{"name":"help","value":"Please be as specific as possible."},{"name":"rows","value":"4"},{"name":"cols","value":"40"}]},{"name":"q7f2b0bd10e41520af5ae60749cf1075be957edaa","text":"Can you please tell us what the details of the incident are?","guid":"39c1d58d95f4fbb636ae61c4dccd9992ce707c24","number":1,"settings":[{"name":"required","value":"true"},{"name":"placeholder","value":"For example, what is happening \/ has happened."},{"name":"rows","value":"4"},{"name":"cols","value":"40"}]},{"name":"q87f464cac7af3a6de6767064c2eb153af87dbf31","text":"Please tell us the date of the incident","guid":"51128cb652b0e7d12d391781cffde80d4e26ca8b","number":1,"settings":[{"name":"required","value":"true"}]},{"name":"q9bffcf4c34c861deae8efaeb05ed8c9302550cd5","text":"Please confirm the time of incident","guid":"7d7527893d7f786c9073e6a651a9c26181d9a661","number":1,"settings":[{"name":"help","value":"For example, when it started or when you became aware of it."}]}],"clauseType":null,"data":null}]}}