{"form.json":"09fa4b7537f667c8a4e1d4f3018c54c1da934ce0","page-templates\/Critical_care_permit.json":"ea3cb7db2378e2b3f0ee5261e9608ab6a36fda0c","page-templates\/Terms_and_conditions_COVID.json":"3b6c4c02caa2ed5b66151bd266a805d1ed512c07","structure\/pages.json":"bd6fbdaf9d9ea717a5f6c89998cd020cc0bc885d","structure\/branching.json":"1175fe431f75950dcd362b292fb9652247a8029b","actions\/rules\/Form_submitted.json":"0f4908744713a380700824fb207a204939aeb9a7","actions\/templates\/Completion_page.json":"dd41c75dbc9f00b7a7bcaa6f70a45ab2609c9a19","actions\/templates\/E-mail_to_the_parking_team.json":"426ca023c7efb212d6cdb2a0216ad5840548ef88","misc\/pdfs.json":"97d170e1550eee4afc0af065b78cda302a97674c","misc\/prefills.json":"787cb63e5577cdd836648283b81406ee5a2b4f65","misc\/placeholders.json":"9708d911435badfe44b7c6d582e4975d3c5cb2a8","misc\/logic_definitions.json":"97d170e1550eee4afc0af065b78cda302a97674c","misc\/logics\/Start_date.json":"8f818b73c57a97109ed46525c3efaad9a6645668","misc\/ic_inputs.json":"97d170e1550eee4afc0af065b78cda302a97674c","misc\/data-retention.json":"fa8b819d756eec4a4f185f5465ef79b349ea9ce4"}