{"title":"Purchase Critical Care Permit","instructions":"\n<h1>COVID-19 - Free parking for NHS staff, social care staff, charities and volunteer groups<\/h1>\n\n<p>All NHS staff,\u00a0social care staff, charities and volunteer groups can apply for a free permit in all our surface level car parks\u00a0and on-street pay and display parking bays. The scheme is not currently open to people who aren't working in one of these roles.<\/p>\n\n<p>In the application, we will ask for proof of your\u00a0work. Valid proofs are:<\/p>\n\n<ul>\n<li>letter of confirmation\/employment<\/li>\n\t<li>authorised ID badge\/card<\/li>\n<\/ul>\n<p>Accepted file formats are jpg, png and pdf.<\/p>\n\n<p>This scheme does not include barrier-controlled car parks, yellow lines, limited waiting or loading restrictions.<\/p>\n\n<p>All permits will expire on 18\u00a0June 2020. However, if the pandemic requirement goes past this date, permits will need to be\u00a0renewed.<\/p>\n\n<p>Once an application has been submitted, we will process your request within 48 hours, excluding weekends. You will be notified by email when the permit has been created.\u00a0<\/p>\n","progressBar":"0","allowUnregistered":"1","resumeAtStart":"1","reCaptcha":"0","internalOnly":0,"metadata":{"id":"406","itemID":"544","creator":"Yelena Tomina","contributor":"","publisher":"Sandbox 04","rights":"Sandbox 04","source":"","status":"V1.0 Public Consumption","coverage":"UK","created":1588719600,"modified":1588719600,"valid":null,"expired":null,"format":"text\/html","language":"en","subject":"","description":"Purchase Critical Care Permit, free permit for key workers"},"categories":[{"id":"3672","categoryType":"Navigation","itemID":544,"categoryID":"100003"}]}