{"import_id":null,"import_version":2,"imported_resource":{"alertEmailTemplate_keys":{"alert-email-template::case-type::business-grants-fund::new-case":{"identifier":"new-case","label":"New Case (N2)","resource_type":"alert-email-template","scope_key":{"identifier":"business-grants-fund","label":"COVID-19 Business grants fund","resource_type":"case-type","scope_key":null}},"alert-email-template::case-type::business-grants-fund::new-membership-added-to-case":{"identifier":"new-membership-added-to-case","label":"New membership added to case (N3)","resource_type":"alert-email-template","scope_key":{"identifier":"business-grants-fund","label":"COVID-19 Business grants fund","resource_type":"case-type","scope_key":null}},"alert-email-template::case-type::business-grants-fund::customer-is-eligible":{"identifier":"customer-is-eligible","label":"Customer is eligible (N4)","resource_type":"alert-email-template","scope_key":{"identifier":"business-grants-fund","label":"COVID-19 Business grants fund","resource_type":"case-type","scope_key":null}},"alert-email-template::case-type::business-grants-fund::customer-is-not-eligible-n5":{"identifier":"customer-is-not-eligible-n5","label":"Customer is not eligible (N5)","resource_type":"alert-email-template","scope_key":{"identifier":"business-grants-fund","label":"COVID-19 Business grants fund","resource_type":"case-type","scope_key":null}}},"auto_assign_users":true,"case_limits":{"primary-address":null},"case_type_group_key":null,"default":false,"form_keys":{"case-form::case-type::business-grants-fund::new-business-grants-fund":{"identifier":"new-business-grants-fund","label":"New Business grants fund","resource_type":"case-form","scope_key":{"identifier":"business-grants-fund","label":"COVID-19 Business grants fund","resource_type":"case-type","scope_key":null}},"case-form::case-type::business-grants-fund::edit-business-grants-fund":{"identifier":"edit-business-grants-fund","label":"Edit Business grants fund","resource_type":"case-form","scope_key":{"identifier":"business-grants-fund","label":"COVID-19 Business grants fund","resource_type":"case-type","scope_key":null}},"case-form::case-type::business-grants-fund::customer-is-not-eligible":{"identifier":"customer-is-not-eligible","label":"Customer is not eligible","resource_type":"case-form","scope_key":{"identifier":"business-grants-fund","label":"COVID-19 Business grants fund","resource_type":"case-type","scope_key":null}}},"key":{"identifier":"business-grants-fund","label":"COVID-19 Business grants fund","resource_type":"case-type","scope_key":null},"personal_data_redaction":true,"reference_format":"BGF%'06d","rule_keys":{"rule::case-type::business-grants-fund::30341":{"identifier":"30341","label":"New Case (R2)","resource_type":"rule","scope_key":{"identifier":"business-grants-fund","label":"COVID-19 Business grants fund","resource_type":"case-type","scope_key":null}},"rule::case-type::business-grants-fund::30342":{"identifier":"30342","label":"New membership added to case (R3)","resource_type":"rule","scope_key":{"identifier":"business-grants-fund","label":"COVID-19 Business grants fund","resource_type":"case-type","scope_key":null}},"rule::case-type::business-grants-fund::30343":{"identifier":"30343","label":"Customer is eligible (R4)","resource_type":"rule","scope_key":{"identifier":"business-grants-fund","label":"COVID-19 Business grants fund","resource_type":"case-type","scope_key":null}},"rule::case-type::business-grants-fund::30344":{"identifier":"30344","label":"Customer is not eligible (R5)","resource_type":"rule","scope_key":{"identifier":"business-grants-fund","label":"COVID-19 Business grants fund","resource_type":"case-type","scope_key":null}}},"status_keys":{"case-status::case-type::business-grants-fund::submitted":{"identifier":"submitted","label":"Submitted","resource_type":"case-status","scope_key":{"identifier":"business-grants-fund","label":"COVID-19 Business grants fund","resource_type":"case-type","scope_key":null}},"case-status::case-type::business-grants-fund::in-progress":{"identifier":"in-progress","label":"In progress","resource_type":"case-status","scope_key":{"identifier":"business-grants-fund","label":"COVID-19 Business grants fund","resource_type":"case-type","scope_key":null}},"case-status::case-type::business-grants-fund::eligible":{"identifier":"eligible","label":"Eligible","resource_type":"case-status","scope_key":{"identifier":"business-grants-fund","label":"COVID-19 Business grants fund","resource_type":"case-type","scope_key":null}},"case-status::case-type::business-grants-fund::not-eligible":{"identifier":"not-eligible","label":"Not eligible","resource_type":"case-status","scope_key":{"identifier":"business-grants-fund","label":"COVID-19 Business grants fund","resource_type":"case-type","scope_key":null}}},"transition_keys":{"case-transition::case-type::business-grants-fund::mark-as-in-progress":{"identifier":"mark-as-in-progress","label":"Mark as In Progress","resource_type":"case-transition","scope_key":{"identifier":"business-grants-fund","label":"COVID-19 Business grants fund","resource_type":"case-type","scope_key":null}},"case-transition::case-type::business-grants-fund::mark-as-eligible":{"identifier":"mark-as-eligible","label":"Mark as Eligible","resource_type":"case-transition","scope_key":{"identifier":"business-grants-fund","label":"COVID-19 Business grants fund","resource_type":"case-type","scope_key":null}},"case-transition::case-type::business-grants-fund::mark-as-not-eligible":{"identifier":"mark-as-not-eligible","label":"Mark as Not Eligible","resource_type":"case-transition","scope_key":{"identifier":"business-grants-fund","label":"COVID-19 Business grants fund","resource_type":"case-type","scope_key":null}}}},"mappings":{"items":[]},"resources":{"items":{"case-status::case-type::business-grants-fund::submitted":{"key":{"identifier":"submitted","label":"Submitted","resource_type":"case-status","scope_key":{"identifier":"business-grants-fund","label":"COVID-19 Business grants fund","resource_type":"case-type","scope_key":null}},"label_colour":"b5cef7","label_font_colour":"0f3778","type":"initial"},"case-status::case-type::business-grants-fund::in-progress":{"key":{"identifier":"in-progress","label":"In progress","resource_type":"case-status","scope_key":{"identifier":"business-grants-fund","label":"COVID-19 Business grants fund","resource_type":"case-type","scope_key":null}},"label_colour":"2670e7","label_font_colour":"ffffff","type":"normal"},"case-status::case-type::business-grants-fund::eligible":{"key":{"identifier":"eligible","label":"Eligible","resource_type":"case-status","scope_key":{"identifier":"business-grants-fund","label":"COVID-19 Business grants fund","resource_type":"case-type","scope_key":null}},"label_colour":"008850","label_font_colour":"ffffff","type":"final"},"case-status::case-type::business-grants-fund::not-eligible":{"key":{"identifier":"not-eligible","label":"Not eligible","resource_type":"case-status","scope_key":{"identifier":"business-grants-fund","label":"COVID-19 Business grants fund","resource_type":"case-type","scope_key":null}},"label_colour":"de2a01","label_font_colour":"ffffff","type":"final"},"alert-email-template::case-type::business-grants-fund::new-case":{"date_definition_keys":[],"field_keys":[],"html_body":"<p>A new case has been created for the Business Grants Fund.<\/p><p>Case reference:&nbsp;<!--cxm-snippet-->{{ case.reference }}<!--\/cxm-snippet--><\/p><p>Click&nbsp;<a href=\"https:\/\/myaccount.changeme.gov.uk\/q\/case\/{{case.reference}}\">here<\/a>&nbsp;to view your corresponding case.<\/p>","key":{"identifier":"new-case","label":"New Case (N2)","resource_type":"alert-email-template","scope_key":{"identifier":"business-grants-fund","label":"COVID-19 Business grants fund","resource_type":"case-type","scope_key":null}},"subject":"New case - Business grants fund"},"alert-email-template::case-type::business-grants-fund::new-membership-added-to-case":{"date_definition_keys":[],"field_keys":[],"html_body":"<p>A case has been allocated to you. The case reference number is&nbsp;<!--cxm-snippet-->{{ case.reference }}<!--\/cxm-snippet--><\/p><p>Click&nbsp;<a href=\"https:\/\/myaccount.changeme.gov.uk\/q\/case\/{{case.reference}}\">here<\/a>&nbsp;to view your corresponding case.<\/p>","key":{"identifier":"new-membership-added-to-case","label":"New membership added to case (N3)","resource_type":"alert-email-template","scope_key":{"identifier":"business-grants-fund","label":"COVID-19 Business grants fund","resource_type":"case-type","scope_key":null}},"subject":"New membership added to case"},"alert-email-template::case-type::business-grants-fund::customer-is-eligible":{"date_definition_keys":[],"field_keys":[],"html_body":"<p>You are eligible for the Business Grants Fund, under reference number&nbsp;<!--cxm-snippet-->{{ case.reference }}<!--\/cxm-snippet-->. Payment will be made shortly direct to your bank account.<\/p><p>If you already have MyAccount, you can&nbsp;<a href=\"https:\/\/myaccount.changeme.gov.uk\/q\/case\/{{case.reference}}\">view your case<\/a>&nbsp;at any time.<\/p><p>If you do not, you can&nbsp;<a href=\"https:\/\/www.changeme.gov.uk\/myaccount\">sign up<\/a>&nbsp;to view updates on the progress of your case, submit documents and more.<\/p>","key":{"identifier":"customer-is-eligible","label":"Customer is eligible (N4)","resource_type":"alert-email-template","scope_key":{"identifier":"business-grants-fund","label":"COVID-19 Business grants fund","resource_type":"case-type","scope_key":null}},"subject":"You are eligible for the Business Grants Fund"},"case-field::reason_1_1":{"allowed_privilege_level_keys":[],"allowed_to_all_privilege_levels":true,"encrypted":false,"redactable":true,"key":{"identifier":"reason_1_1","label":"Reason","resource_type":"case-field","scope_key":null},"position":0,"type":"textarea"},"alert-email-template::case-type::business-grants-fund::customer-is-not-eligible-n5":{"date_definition_keys":[],"field_keys":{"case-field::reason_1_1":{"identifier":"reason_1_1","label":"Reason","resource_type":"case-field","scope_key":null}},"html_body":"<p>Unfortunately, you are not eligible for the Business Grants Fund because:<\/p><p>&quot;<!--cxm-snippet-->{{ case.values.reason_1_1.value }}<!--\/cxm-snippet-->&quot;<\/p><p>You can <a href=\"https:\/\/www.broxbourne.gov.uk\/business\/business-advice\/1\"><u>seek further business advice<\/u><\/a> if you still need support.<\/p><p>If you already have MyAccount, you can&nbsp;<a href=\"https:\/\/myaccount.broxbourne.gov.uk\/q\/case\/{{case.reference}}\">view your case<\/a>&nbsp;at any time.<\/p><p>If you do not, you can&nbsp;<a href=\"https:\/\/www.broxbourne.gov.uk\/myaccount\">sign up<\/a>&nbsp;to view updates on the progress of your case, submit documents and more.<\/p>","key":{"identifier":"customer-is-not-eligible-n5","label":"Customer is not eligible (N5)","resource_type":"alert-email-template","scope_key":{"identifier":"business-grants-fund","label":"COVID-19 Business grants fund","resource_type":"case-type","scope_key":null}},"subject":"You are not eligible for the Business Grants Fund"},"choice::case-field::do_you_receive_a_business_rates_bill::yes":{"disabled":false,"key":{"identifier":"yes","label":"Yes","resource_type":"choice","scope_key":{"identifier":"do_you_receive_a_business_rates_bill","label":"Do you receive a business rates bill?","resource_type":"case-field","scope_key":null}},"value":"yes"},"choice::case-field::do_you_receive_a_business_rates_bill::no":{"disabled":false,"key":{"identifier":"no","label":"No","resource_type":"choice","scope_key":{"identifier":"do_you_receive_a_business_rates_bill","label":"Do you receive a business rates bill?","resource_type":"case-field","scope_key":null}},"value":"no"},"case-field::do_you_receive_a_business_rates_bill":{"allowed_privilege_level_keys":[],"allowed_to_all_privilege_levels":true,"encrypted":false,"redactable":false,"key":{"identifier":"do_you_receive_a_business_rates_bill","label":"Do you receive a business rates bill?","resource_type":"case-field","scope_key":null},"position":0,"choice_keys":[],"default_choice_keys":[],"expanded":true,"exported_choices":{"choice::case-field::do_you_receive_a_business_rates_bill::yes":{"disabled":false,"key":{"identifier":"yes","label":"Yes","resource_type":"choice","scope_key":{"identifier":"do_you_receive_a_business_rates_bill","label":"Do you receive a business rates bill?","resource_type":"case-field","scope_key":null}},"value":"yes"},"choice::case-field::do_you_receive_a_business_rates_bill::no":{"disabled":false,"key":{"identifier":"no","label":"No","resource_type":"choice","scope_key":{"identifier":"do_you_receive_a_business_rates_bill","label":"Do you receive a business rates bill?","resource_type":"case-field","scope_key":null}},"value":"no"}},"exported_default_choices":[],"multiple":false,"type":"choice"},"case-field::full_name_of_applicant":{"allowed_privilege_level_keys":[],"allowed_to_all_privilege_levels":true,"encrypted":true,"redactable":true,"key":{"identifier":"full_name_of_applicant","label":"Full name of applicant","resource_type":"case-field","scope_key":null},"position":0,"type":"text"},"case-field::business_name":{"allowed_privilege_level_keys":[],"allowed_to_all_privilege_levels":true,"encrypted":true,"redactable":true,"key":{"identifier":"business_name","label":"Business name","resource_type":"case-field","scope_key":null},"position":0,"type":"text"},"case-field::business_address":{"allowed_privilege_level_keys":[],"allowed_to_all_privilege_levels":true,"encrypted":false,"redactable":false,"key":{"identifier":"business_address","label":"Business address","resource_type":"case-field","scope_key":null},"position":0,"type":"text"},"case-field::business_address_manual":{"allowed_privilege_level_keys":[],"allowed_to_all_privilege_levels":true,"encrypted":true,"redactable":true,"key":{"identifier":"business_address_manual","label":"Business address (manual)","resource_type":"case-field","scope_key":null},"position":0,"type":"textarea"},"case-field::business_email_address":{"allowed_privilege_level_keys":[],"allowed_to_all_privilege_levels":true,"encrypted":true,"redactable":true,"key":{"identifier":"business_email_address","label":"Business email address","resource_type":"case-field","scope_key":null},"position":0,"type":"email"},"case-field::business_contact_number":{"allowed_privilege_level_keys":[],"allowed_to_all_privilege_levels":true,"encrypted":true,"redactable":true,"key":{"identifier":"business_contact_number","label":"Business contact number","resource_type":"case-field","scope_key":null},"position":0,"type":"text"},"case-field::business_rates_account_number":{"allowed_privilege_level_keys":[],"allowed_to_all_privilege_levels":true,"encrypted":true,"redactable":true,"key":{"identifier":"business_rates_account_number","label":"Business rates account number","resource_type":"case-field","scope_key":null},"position":0,"type":"text"},"case-field::business_vat_number":{"allowed_privilege_level_keys":[],"allowed_to_all_privilege_levels":true,"encrypted":true,"redactable":true,"key":{"identifier":"business_vat_number","label":"Business VAT number","resource_type":"case-field","scope_key":null},"position":0,"type":"text"},"case-field::account_name":{"allowed_privilege_level_keys":[],"allowed_to_all_privilege_levels":true,"encrypted":true,"redactable":true,"key":{"identifier":"account_name","label":"Account name","resource_type":"case-field","scope_key":null},"position":0,"type":"text"},"case-field::sort_code":{"allowed_privilege_level_keys":[],"allowed_to_all_privilege_levels":true,"encrypted":true,"redactable":true,"key":{"identifier":"sort_code","label":"Sort code","resource_type":"case-field","scope_key":null},"position":0,"type":"text"},"case-field::account_number_1":{"allowed_privilege_level_keys":[],"allowed_to_all_privilege_levels":true,"encrypted":true,"redactable":true,"key":{"identifier":"account_number_1","label":"Account number","resource_type":"case-field","scope_key":null},"position":0,"type":"text"},"case-field::if_your_bank_account_name_is_different_to_the_business_name_provide_a_full_explanation_why":{"allowed_privilege_level_keys":[],"allowed_to_all_privilege_levels":true,"encrypted":true,"redactable":true,"key":{"identifier":"if_your_bank_account_name_is_different_to_the_business_name_provide_a_full_explanation_why","label":"If your Bank Account Name is different to the Business Name, provide a full explanation why","resource_type":"case-field","scope_key":null},"position":0,"type":"textarea"},"case-form::case-type::business-grants-fund::new-business-grants-fund":{"external_redirects":[],"fields":[{"key":{"identifier":"do-you-receive-a-business-rates-bill","label":"Do you receive a business rates bill?","resource_type":"case-form-field","scope_key":{"identifier":"new-business-grants-fund","label":"New Business grants fund","resource_type":"case-form","scope_key":{"identifier":"business-grants-fund","label":"COVID-19 Business grants fund","resource_type":"case-type","scope_key":null}}},"position":0,"requirement":{"key":{"identifier":"271834","label":"Expression 271834","resource_type":"expression","scope_key":null},"type":"false_expression"},"visibility":null,"field_key":{"identifier":"do_you_receive_a_business_rates_bill","label":"Do you receive a business rates bill?","resource_type":"case-field","scope_key":null},"type":"case_field"},{"key":{"identifier":"full-name-of-applicant","label":"Full name of applicant","resource_type":"case-form-field","scope_key":{"identifier":"new-business-grants-fund","label":"New Business grants fund","resource_type":"case-form","scope_key":{"identifier":"business-grants-fund","label":"COVID-19 Business grants fund","resource_type":"case-type","scope_key":null}}},"position":1,"requirement":{"key":{"identifier":"271835","label":"Expression 271835","resource_type":"expression","scope_key":null},"type":"false_expression"},"visibility":null,"field_key":{"identifier":"full_name_of_applicant","label":"Full name of applicant","resource_type":"case-field","scope_key":null},"type":"case_field"},{"key":{"identifier":"business-name","label":"Business name","resource_type":"case-form-field","scope_key":{"identifier":"new-business-grants-fund","label":"New Business grants fund","resource_type":"case-form","scope_key":{"identifier":"business-grants-fund","label":"COVID-19 Business grants fund","resource_type":"case-type","scope_key":null}}},"position":2,"requirement":{"key":{"identifier":"271836","label":"Expression 271836","resource_type":"expression","scope_key":null},"type":"false_expression"},"visibility":null,"field_key":{"identifier":"business_name","label":"Business name","resource_type":"case-field","scope_key":null},"type":"case_field"},{"key":{"identifier":"business-address","label":"Business address","resource_type":"case-form-field","scope_key":{"identifier":"new-business-grants-fund","label":"New Business grants fund","resource_type":"case-form","scope_key":{"identifier":"business-grants-fund","label":"COVID-19 Business grants fund","resource_type":"case-type","scope_key":null}}},"position":3,"requirement":{"key":{"identifier":"271837","label":"Expression 271837","resource_type":"expression","scope_key":null},"type":"false_expression"},"visibility":null,"field_key":{"identifier":"business_address","label":"Business address","resource_type":"case-field","scope_key":null},"type":"case_field"},{"key":{"identifier":"business-address-manual","label":"Business address (manual)","resource_type":"case-form-field","scope_key":{"identifier":"new-business-grants-fund","label":"New Business grants fund","resource_type":"case-form","scope_key":{"identifier":"business-grants-fund","label":"COVID-19 Business grants fund","resource_type":"case-type","scope_key":null}}},"position":4,"requirement":{"key":{"identifier":"271838","label":"Expression 271838","resource_type":"expression","scope_key":null},"type":"false_expression"},"visibility":null,"field_key":{"identifier":"business_address_manual","label":"Business address (manual)","resource_type":"case-field","scope_key":null},"type":"case_field"},{"key":{"identifier":"business-email-address","label":"Business email address","resource_type":"case-form-field","scope_key":{"identifier":"new-business-grants-fund","label":"New Business grants fund","resource_type":"case-form","scope_key":{"identifier":"business-grants-fund","label":"COVID-19 Business grants fund","resource_type":"case-type","scope_key":null}}},"position":5,"requirement":{"key":{"identifier":"271839","label":"Expression 271839","resource_type":"expression","scope_key":null},"type":"false_expression"},"visibility":null,"field_key":{"identifier":"business_email_address","label":"Business email address","resource_type":"case-field","scope_key":null},"type":"case_field"},{"key":{"identifier":"business-contact-number","label":"Business contact number","resource_type":"case-form-field","scope_key":{"identifier":"new-business-grants-fund","label":"New Business grants fund","resource_type":"case-form","scope_key":{"identifier":"business-grants-fund","label":"COVID-19 Business grants fund","resource_type":"case-type","scope_key":null}}},"position":6,"requirement":{"key":{"identifier":"271840","label":"Expression 271840","resource_type":"expression","scope_key":null},"type":"false_expression"},"visibility":null,"field_key":{"identifier":"business_contact_number","label":"Business contact number","resource_type":"case-field","scope_key":null},"type":"case_field"},{"key":{"identifier":"business-rates-account-number","label":"Business rates account number","resource_type":"case-form-field","scope_key":{"identifier":"new-business-grants-fund","label":"New Business grants fund","resource_type":"case-form","scope_key":{"identifier":"business-grants-fund","label":"COVID-19 Business grants fund","resource_type":"case-type","scope_key":null}}},"position":7,"requirement":{"key":{"identifier":"271841","label":"Expression 271841","resource_type":"expression","scope_key":null},"type":"false_expression"},"visibility":null,"field_key":{"identifier":"business_rates_account_number","label":"Business rates account number","resource_type":"case-field","scope_key":null},"type":"case_field"},{"key":{"identifier":"business-vat-number","label":"Business VAT number","resource_type":"case-form-field","scope_key":{"identifier":"new-business-grants-fund","label":"New Business grants fund","resource_type":"case-form","scope_key":{"identifier":"business-grants-fund","label":"COVID-19 Business grants fund","resource_type":"case-type","scope_key":null}}},"position":8,"requirement":{"key":{"identifier":"271842","label":"Expression 271842","resource_type":"expression","scope_key":null},"type":"false_expression"},"visibility":null,"field_key":{"identifier":"business_vat_number","label":"Business VAT number","resource_type":"case-field","scope_key":null},"type":"case_field"},{"key":{"identifier":"account-name","label":"Account name","resource_type":"case-form-field","scope_key":{"identifier":"new-business-grants-fund","label":"New Business grants fund","resource_type":"case-form","scope_key":{"identifier":"business-grants-fund","label":"COVID-19 Business grants fund","resource_type":"case-type","scope_key":null}}},"position":9,"requirement":{"key":{"identifier":"271843","label":"Expression 271843","resource_type":"expression","scope_key":null},"type":"false_expression"},"visibility":null,"field_key":{"identifier":"account_name","label":"Account name","resource_type":"case-field","scope_key":null},"type":"case_field"},{"key":{"identifier":"sort-code","label":"Sort code","resource_type":"case-form-field","scope_key":{"identifier":"new-business-grants-fund","label":"New Business grants fund","resource_type":"case-form","scope_key":{"identifier":"business-grants-fund","label":"COVID-19 Business grants fund","resource_type":"case-type","scope_key":null}}},"position":10,"requirement":{"key":{"identifier":"271844","label":"Expression 271844","resource_type":"expression","scope_key":null},"type":"false_expression"},"visibility":null,"field_key":{"identifier":"sort_code","label":"Sort code","resource_type":"case-field","scope_key":null},"type":"case_field"},{"key":{"identifier":"account-number","label":"Account number","resource_type":"case-form-field","scope_key":{"identifier":"new-business-grants-fund","label":"New Business grants fund","resource_type":"case-form","scope_key":{"identifier":"business-grants-fund","label":"COVID-19 Business grants fund","resource_type":"case-type","scope_key":null}}},"position":11,"requirement":{"key":{"identifier":"271845","label":"Expression 271845","resource_type":"expression","scope_key":null},"type":"false_expression"},"visibility":null,"field_key":{"identifier":"account_number_1","label":"Account number","resource_type":"case-field","scope_key":null},"type":"case_field"},{"key":{"identifier":"if-your-bank-account-name-is-different-to-the-business-name-provide-a-full-explanation-why","label":"If your Bank Account Name is different to the Business Name, provide a full explanation why","resource_type":"case-form-field","scope_key":{"identifier":"new-business-grants-fund","label":"New Business grants fund","resource_type":"case-form","scope_key":{"identifier":"business-grants-fund","label":"COVID-19 Business grants fund","resource_type":"case-type","scope_key":null}}},"position":12,"requirement":{"key":{"identifier":"271846","label":"Expression 271846","resource_type":"expression","scope_key":null},"type":"false_expression"},"visibility":null,"field_key":{"identifier":"if_your_bank_account_name_is_different_to_the_business_name_provide_a_full_explanation_why","label":"If your Bank Account Name is different to the Business Name, provide a full explanation why","resource_type":"case-field","scope_key":null},"type":"case_field"}],"key":{"identifier":"new-business-grants-fund","label":"New Business grants fund","resource_type":"case-form","scope_key":{"identifier":"business-grants-fund","label":"COVID-19 Business grants fund","resource_type":"case-type","scope_key":null}},"type":"create"},"case-form::case-type::business-grants-fund::edit-business-grants-fund":{"external_redirects":[],"fields":[],"key":{"identifier":"edit-business-grants-fund","label":"Edit Business grants fund","resource_type":"case-form","scope_key":{"identifier":"business-grants-fund","label":"COVID-19 Business grants fund","resource_type":"case-type","scope_key":null}},"type":"edit"},"case-form::case-type::business-grants-fund::customer-is-not-eligible":{"external_redirects":[],"fields":[{"key":{"identifier":"reason","label":"Reason","resource_type":"case-form-field","scope_key":{"identifier":"customer-is-not-eligible","label":"Customer is not eligible","resource_type":"case-form","scope_key":{"identifier":"business-grants-fund","label":"COVID-19 Business grants fund","resource_type":"case-type","scope_key":null}}},"position":0,"requirement":{"key":{"identifier":"271847","label":"Expression 271847","resource_type":"expression","scope_key":null},"type":"true_expression"},"visibility":null,"field_key":{"identifier":"reason_1_1","label":"Reason","resource_type":"case-field","scope_key":null},"type":"case_field"}],"key":{"identifier":"customer-is-not-eligible","label":"Customer is not eligible","resource_type":"case-form","scope_key":{"identifier":"business-grants-fund","label":"COVID-19 Business grants fund","resource_type":"case-type","scope_key":null}},"type":"normal"},"privilege-level::administrator":{"key":{"identifier":"administrator","label":"API User","resource_type":"privilege-level","scope_key":null}},"privilege-level::advisor":{"key":{"identifier":"advisor","label":"Advisor","resource_type":"privilege-level","scope_key":null}},"privilege-level::staff-free-user":{"key":{"identifier":"staff-free-user","label":"Staff","resource_type":"privilege-level","scope_key":null}},"privilege-level::system-administrator":{"key":{"identifier":"system-administrator","label":"System Administrator","resource_type":"privilege-level","scope_key":null}},"privilege-level::customer-advisor":{"key":{"identifier":"customer-advisor","label":"Customer Advisor","resource_type":"privilege-level","scope_key":null}},"case-transition::case-type::business-grants-fund::mark-as-in-progress":{"allowed_privilege_level_keys":{"privilege-level::administrator":{"identifier":"administrator","label":"API User","resource_type":"privilege-level","scope_key":null},"privilege-level::advisor":{"identifier":"advisor","label":"Advisor","resource_type":"privilege-level","scope_key":null},"privilege-level::staff-free-user":{"identifier":"staff-free-user","label":"Staff","resource_type":"privilege-level","scope_key":null},"privilege-level::system-administrator":{"identifier":"system-administrator","label":"System Administrator","resource_type":"privilege-level","scope_key":null},"privilege-level::customer-advisor":{"identifier":"customer-advisor","label":"Customer Advisor","resource_type":"privilege-level","scope_key":null}},"call_to_action":true,"call_to_action_style":"primary","case_form_key":null,"from_status_keys":{"case-status::case-type::business-grants-fund::submitted":{"identifier":"submitted","label":"Submitted","resource_type":"case-status","scope_key":{"identifier":"business-grants-fund","label":"COVID-19 Business grants fund","resource_type":"case-type","scope_key":null}}},"key":{"identifier":"mark-as-in-progress","label":"Mark as In Progress","resource_type":"case-transition","scope_key":{"identifier":"business-grants-fund","label":"COVID-19 Business grants fund","resource_type":"case-type","scope_key":null}},"to_status_key":{"identifier":"in-progress","label":"In progress","resource_type":"case-status","scope_key":{"identifier":"business-grants-fund","label":"COVID-19 Business grants fund","resource_type":"case-type","scope_key":null}}},"case-transition::case-type::business-grants-fund::mark-as-eligible":{"allowed_privilege_level_keys":{"privilege-level::administrator":{"identifier":"administrator","label":"API User","resource_type":"privilege-level","scope_key":null},"privilege-level::advisor":{"identifier":"advisor","label":"Advisor","resource_type":"privilege-level","scope_key":null},"privilege-level::staff-free-user":{"identifier":"staff-free-user","label":"Staff","resource_type":"privilege-level","scope_key":null},"privilege-level::system-administrator":{"identifier":"system-administrator","label":"System Administrator","resource_type":"privilege-level","scope_key":null},"privilege-level::customer-advisor":{"identifier":"customer-advisor","label":"Customer Advisor","resource_type":"privilege-level","scope_key":null}},"call_to_action":true,"call_to_action_style":"success","case_form_key":null,"from_status_keys":{"case-status::case-type::business-grants-fund::in-progress":{"identifier":"in-progress","label":"In progress","resource_type":"case-status","scope_key":{"identifier":"business-grants-fund","label":"COVID-19 Business grants fund","resource_type":"case-type","scope_key":null}}},"key":{"identifier":"mark-as-eligible","label":"Mark as Eligible","resource_type":"case-transition","scope_key":{"identifier":"business-grants-fund","label":"COVID-19 Business grants fund","resource_type":"case-type","scope_key":null}},"to_status_key":{"identifier":"eligible","label":"Eligible","resource_type":"case-status","scope_key":{"identifier":"business-grants-fund","label":"COVID-19 Business grants fund","resource_type":"case-type","scope_key":null}}},"case-transition::case-type::business-grants-fund::mark-as-not-eligible":{"allowed_privilege_level_keys":{"privilege-level::administrator":{"identifier":"administrator","label":"API User","resource_type":"privilege-level","scope_key":null},"privilege-level::advisor":{"identifier":"advisor","label":"Advisor","resource_type":"privilege-level","scope_key":null},"privilege-level::staff-free-user":{"identifier":"staff-free-user","label":"Staff","resource_type":"privilege-level","scope_key":null},"privilege-level::system-administrator":{"identifier":"system-administrator","label":"System Administrator","resource_type":"privilege-level","scope_key":null},"privilege-level::customer-advisor":{"identifier":"customer-advisor","label":"Customer Advisor","resource_type":"privilege-level","scope_key":null}},"call_to_action":true,"call_to_action_style":"danger","case_form_key":{"identifier":"customer-is-not-eligible","label":"Customer is not eligible","resource_type":"case-form","scope_key":{"identifier":"business-grants-fund","label":"COVID-19 Business grants fund","resource_type":"case-type","scope_key":null}},"from_status_keys":{"case-status::case-type::business-grants-fund::in-progress":{"identifier":"in-progress","label":"In progress","resource_type":"case-status","scope_key":{"identifier":"business-grants-fund","label":"COVID-19 Business grants fund","resource_type":"case-type","scope_key":null}}},"key":{"identifier":"mark-as-not-eligible","label":"Mark as Not Eligible","resource_type":"case-transition","scope_key":{"identifier":"business-grants-fund","label":"COVID-19 Business grants fund","resource_type":"case-type","scope_key":null}},"to_status_key":{"identifier":"not-eligible","label":"Not eligible","resource_type":"case-status","scope_key":{"identifier":"business-grants-fund","label":"COVID-19 Business grants fund","resource_type":"case-type","scope_key":null}}},"user-group::economic-development":{"key":{"identifier":"economic-development","label":"Economic Development","resource_type":"user-group","scope_key":null}},"rule::case-type::business-grants-fund::30341":{"actions":[{"key":{"identifier":"108187","label":"Action 108187","resource_type":"action","scope_key":null},"position":1,"user_group_key":{"identifier":"economic-development","label":"Economic Development","resource_type":"user-group","scope_key":null},"type":"assign_user_group"},{"key":{"identifier":"108186","label":"Action 108186","resource_type":"action","scope_key":null},"position":2,"email_template_key":{"identifier":"new-case","label":"New Case (N2)","resource_type":"alert-email-template","scope_key":{"identifier":"business-grants-fund","label":"COVID-19 Business grants fund","resource_type":"case-type","scope_key":null}},"recipient":{"key":{"identifier":"55595","label":"Recipient 55595","resource_type":"alert-recipient","scope_key":null},"text_value":"changeme@changeme.gov.uk","type":"text_value"},"type":"alert"}],"condition":null,"enabled":true,"key":{"identifier":"30341","label":"New Case (R2)","resource_type":"rule","scope_key":{"identifier":"business-grants-fund","label":"COVID-19 Business grants fund","resource_type":"case-type","scope_key":null}},"triggers":[{"key":{"identifier":"78542","label":"Trigger 78542","resource_type":"trigger","scope_key":null},"event_name":"case.created","type":"event"}]},"rule::case-type::business-grants-fund::30342":{"actions":[{"key":{"identifier":"108185","label":"Action 108185","resource_type":"action","scope_key":null},"position":1,"email_template_key":{"identifier":"new-membership-added-to-case","label":"New membership added to case (N3)","resource_type":"alert-email-template","scope_key":{"identifier":"business-grants-fund","label":"COVID-19 Business grants fund","resource_type":"case-type","scope_key":null}},"recipient":{"key":{"identifier":"55594","label":"Recipient 55594","resource_type":"alert-recipient","scope_key":null},"text_value":"changeme@changeme.gov.uk","type":"text_value"},"type":"alert"}],"condition":null,"enabled":true,"key":{"identifier":"30342","label":"New membership added to case (R3)","resource_type":"rule","scope_key":{"identifier":"business-grants-fund","label":"COVID-19 Business grants fund","resource_type":"case-type","scope_key":null}},"triggers":[{"key":{"identifier":"78541","label":"Trigger 78541","resource_type":"trigger","scope_key":null},"event_name":"case.membership.added","type":"event"}]},"rule::case-type::business-grants-fund::30343":{"actions":[{"key":{"identifier":"108177","label":"Action 108177","resource_type":"action","scope_key":null},"position":1,"email_template_key":{"identifier":"customer-is-eligible","label":"Customer is eligible (N4)","resource_type":"alert-email-template","scope_key":{"identifier":"business-grants-fund","label":"COVID-19 Business grants fund","resource_type":"case-type","scope_key":null}},"recipient":{"key":{"identifier":"55586","label":"Recipient 55586","resource_type":"alert-recipient","scope_key":null},"email_field_key":{"identifier":"business_email_address","label":"Business email address","resource_type":"case-field","scope_key":null},"type":"email_field"},"type":"alert"}],"condition":null,"enabled":true,"key":{"identifier":"30343","label":"Customer is eligible (R4)","resource_type":"rule","scope_key":{"identifier":"business-grants-fund","label":"COVID-19 Business grants fund","resource_type":"case-type","scope_key":null}},"triggers":[{"key":{"identifier":"78532","label":"Trigger 78532","resource_type":"trigger","scope_key":null},"transition_key":{"identifier":"mark-as-eligible","label":"Mark as Eligible","resource_type":"case-transition","scope_key":{"identifier":"business-grants-fund","label":"COVID-19 Business grants fund","resource_type":"case-type","scope_key":null}},"type":"transition"}]},"rule::case-type::business-grants-fund::30344":{"actions":[{"key":{"identifier":"108178","label":"Action 108178","resource_type":"action","scope_key":null},"position":1,"email_template_key":{"identifier":"customer-is-not-eligible-n5","label":"Customer is not eligible (N5)","resource_type":"alert-email-template","scope_key":{"identifier":"business-grants-fund","label":"COVID-19 Business grants fund","resource_type":"case-type","scope_key":null}},"recipient":{"key":{"identifier":"55587","label":"Recipient 55587","resource_type":"alert-recipient","scope_key":null},"email_field_key":{"identifier":"business_email_address","label":"Business email address","resource_type":"case-field","scope_key":null},"type":"email_field"},"type":"alert"}],"condition":null,"enabled":true,"key":{"identifier":"30344","label":"Customer is not eligible (R5)","resource_type":"rule","scope_key":{"identifier":"business-grants-fund","label":"COVID-19 Business grants fund","resource_type":"case-type","scope_key":null}},"triggers":[{"key":{"identifier":"78533","label":"Trigger 78533","resource_type":"trigger","scope_key":null},"transition_key":{"identifier":"mark-as-not-eligible","label":"Mark as Not Eligible","resource_type":"case-transition","scope_key":{"identifier":"business-grants-fund","label":"COVID-19 Business grants fund","resource_type":"case-type","scope_key":null}},"type":"transition"}]}}}}