{"id":917,"isFormSpecific":true,"version":{"metadata":{"id":2427,"title":"Your details - PPE","instructions":""},"sections":[{"name":"sc2cd34805efe22fcd27e67a412bfc280b41c798e","title":"Other","showTitle":false,"hideInitially":true,"triggerQuestionName":"q90a76f73ad35b34e2c123b94f52867577f35f849","triggerQuestionSecondaryField":null,"triggerQuestionSection":"main","triggerOperator":"selection contains","triggerAnswerValue":"[\"other\"]","isRepeatableQuestion":false,"repeatableQuestionSettings":[],"structure":"[{\"type\":\"question\",\"name\":\"q20e76a2f79d963fe3cef8b03992276b4a4a6fd7f\"}]","questions":[{"name":"q20e76a2f79d963fe3cef8b03992276b4a4a6fd7f","text":"Services you can offer:","guid":"Jadu\\XFormsPro\\Bundle\\StandardFormComponentBundle\\Component\\TextArea\\TextAreaComponent","settings":[{"name":"required","value":"true"},{"name":"rows","value":"4"},{"name":"cols","value":"40"}]}],"clauseType":null,"data":null},{"name":"main","title":"main","showTitle":null,"hideInitially":null,"triggerQuestionName":null,"triggerQuestionSecondaryField":null,"triggerQuestionSection":null,"triggerOperator":null,"triggerAnswerValue":null,"isRepeatableQuestion":null,"repeatableQuestionSettings":[],"structure":"[{\"type\":\"question\",\"name\":\"q796c0ca852d0e35df2c40071557fb65ec0818626\"},{\"type\":\"question\",\"name\":\"q184d2ead6dfd9c807eb12083d7557df73ab70bf7\"},{\"type\":\"question\",\"name\":\"qcf0d73462f4fd026e6fe97e0b4d2daef3cfac4a9\"},{\"type\":\"question\",\"name\":\"q370ec6b2a7876ff65ba84a5c19b6ecae5d3216bf\"},{\"type\":\"question\",\"name\":\"q90a76f73ad35b34e2c123b94f52867577f35f849\"},{\"type\":\"section\",\"name\":\"sc2cd34805efe22fcd27e67a412bfc280b41c798e\"}]","questions":[{"name":"q796c0ca852d0e35df2c40071557fb65ec0818626","text":"Name of business:","guid":"Jadu\\XFormsPro\\Bundle\\StandardFormComponentBundle\\Component\\TextField\\TextFieldComponent","settings":[{"name":"required","value":"true"}]},{"name":"q184d2ead6dfd9c807eb12083d7557df73ab70bf7","text":"Contact name:","guid":"Jadu\\XFormsPro\\Bundle\\StandardFormComponentBundle\\Component\\TextField\\TextFieldComponent","settings":[{"name":"required","value":"true"}]},{"name":"qcf0d73462f4fd026e6fe97e0b4d2daef3cfac4a9","text":"Phone number:","guid":"Jadu\\XFormsPro\\Bundle\\StandardFormComponentBundle\\Component\\TextField\\TextFieldComponent","settings":[{"name":"validation","value":"7"},{"name":"required","value":"true"}]},{"name":"q370ec6b2a7876ff65ba84a5c19b6ecae5d3216bf","text":"Email address:","guid":"Jadu\\XFormsPro\\Bundle\\StandardFormComponentBundle\\Component\\TextField\\TextFieldComponent","settings":[{"name":"validation","value":"4"},{"name":"required","value":"true"}]},{"name":"q90a76f73ad35b34e2c123b94f52867577f35f849","text":"What can you offer?","guid":"Jadu\\XFormsPro\\Bundle\\StandardFormComponentBundle\\Component\\Checkboxes\\CheckboxesComponent","settings":[{"name":"required","value":"true"},{"name":"answers","value":"[{\"value\":\"face_masks_surgicaldisposable\",\"text\":\"Face masks \u2013 surgical\/disposable\",\"data\":\"\",\"internal\":false},{\"value\":\"face_masks_fp3_respirator_masks\",\"text\":\"Face masks \u2013 FP3 respirator masks\",\"data\":\"\",\"internal\":false},{\"value\":\"disposable_gloves\",\"text\":\"Disposable gloves\",\"data\":\"\",\"internal\":false},{\"value\":\"disposable_aprons\",\"text\":\"Disposable aprons\",\"data\":\"\",\"internal\":false},{\"value\":\"hand_sanitiser_minimum_60_alcohol\",\"text\":\"Hand Sanitiser ( minimum 60% alcohol)\",\"data\":\"\",\"internal\":false},{\"value\":\"other\",\"text\":\"Other\",\"data\":\"\",\"internal\":false}]"}]}],"clauseType":null,"data":null}]}}