{"id":825,"isFormSpecific":false,"version":{"metadata":{"id":2210,"title":"About the issue - 3","instructions":""},"sections":[{"name":"main","title":"main","showTitle":null,"hideInitially":null,"triggerQuestionName":null,"triggerQuestionSecondaryField":null,"triggerQuestionSection":null,"triggerOperator":null,"triggerAnswerValue":null,"isRepeatableQuestion":null,"repeatableQuestionSettings":[],"structure":"[{\"type\":\"question\",\"name\":\"q5a0240b38f3033b7e73078268074545e62279a81\"},{\"type\":\"question\",\"name\":\"q1e90b4b31c1a6b66a03f6f9d50641481a093c86d\"},{\"type\":\"question\",\"name\":\"q3ce93b93cfde83640c253a5a66fde69f9949d857\"},{\"type\":\"question\",\"name\":\"q62d1fd5edb021b5537ee9f2feabcd7287ba123c1\"}]","questions":[{"name":"q5a0240b38f3033b7e73078268074545e62279a81","text":"What type of issue would you like us to investigate?","guid":"18eeb80469e722d4f3513ee0c5b183da219c6975","settings":[{"name":"required","value":"true"},{"name":"answers","value":"[{\"value\":\"access_concerns\",\"text\":\"Access concerns\",\"data\":\"\",\"internal\":false},{\"value\":\"boiler_concerns\",\"text\":\"Boiler concerns\",\"data\":\"\",\"internal\":false},{\"value\":\"blackother_mold\",\"text\":\"Black\/other mold\",\"data\":\"\",\"internal\":false},{\"value\":\"building_regulation_concerns\",\"text\":\"Building regulation concerns\",\"data\":\"\",\"internal\":false},{\"value\":\"carbon_dioxide_concerns\",\"text\":\"Carbon dioxide concerns\",\"data\":\"\",\"internal\":false},{\"value\":\"chemical_concerns\",\"text\":\"Chemical concerns\",\"data\":\"\",\"internal\":false},{\"value\":\"damp_concerns\",\"text\":\"Damp concerns\",\"data\":\"\",\"internal\":false},{\"value\":\"dangerous_appliances\",\"text\":\"Dangerous appliances\",\"data\":\"\",\"internal\":false},{\"value\":\"door_concerns\",\"text\":\"Door concerns\",\"data\":\"\",\"internal\":false},{\"value\":\"electrical_wiring\",\"text\":\"Electrical wiring\",\"data\":\"\",\"internal\":false},{\"value\":\"explosion_concerns\",\"text\":\"Explosion concerns\",\"data\":\"\",\"internal\":false},{\"value\":\"externalgarden_concerns\",\"text\":\"External\/garden concerns\",\"data\":\"\",\"internal\":false},{\"value\":\"fire_hazards\",\"text\":\"Fire hazards\",\"data\":\"\",\"internal\":false},{\"value\":\"footpath_concerns\",\"text\":\"Footpath concerns\",\"data\":\"\",\"internal\":false},{\"value\":\"furniture_concerns\",\"text\":\"Furniture concerns\",\"data\":\"\",\"internal\":false},{\"value\":\"gas_pipes\",\"text\":\"Gas pipes\",\"data\":\"\",\"internal\":false},{\"value\":\"heating_concerns_cold_or_hot\",\"text\":\"Heating concerns (cold or hot)\",\"data\":\"\",\"internal\":false},{\"value\":\"hygiene_concerns\",\"text\":\"Hygiene concerns\",\"data\":\"\",\"internal\":false},{\"value\":\"leaks\",\"text\":\"Leaks\",\"data\":\"\",\"internal\":false},{\"value\":\"landlord_behavior\",\"text\":\"Landlord behavior\",\"data\":\"\",\"internal\":false},{\"value\":\"lighting_concerns\",\"text\":\"Lighting concerns\",\"data\":\"\",\"internal\":false},{\"value\":\"missing_appliances\",\"text\":\"Missing appliances\",\"data\":\"\",\"internal\":false},{\"value\":\"noise_concerns_equipment_related\",\"text\":\"Noise concerns (equipment related)\",\"data\":\"\",\"internal\":false},{\"value\":\"noise_concerns_structure_related\",\"text\":\"Noise concerns (structure related)\",\"data\":\"\",\"internal\":false},{\"value\":\"occupant_in_a_shared_house_hmo\",\"text\":\"Occupant in a shared house (HMO)\",\"data\":\"\",\"internal\":false},{\"value\":\"overcrowding\",\"text\":\"Overcrowding\",\"data\":\"\",\"internal\":false},{\"value\":\"pest_concerns\",\"text\":\"Pest concerns\",\"data\":\"\",\"internal\":false},{\"value\":\"roof_issues\",\"text\":\"Roof issues\",\"data\":\"\",\"internal\":false},{\"value\":\"sanitation_and_drainage_concerns\",\"text\":\"Sanitation and drainage concerns\",\"data\":\"\",\"internal\":false},{\"value\":\"shared_propertyhmo_concerns\",\"text\":\"Shared property\/HMO concerns\",\"data\":\"\",\"internal\":false},{\"value\":\"structural_disrepair\",\"text\":\"Structural disrepair\",\"data\":\"\",\"internal\":false},{\"value\":\"structural_issues\",\"text\":\"Structural issues\",\"data\":\"\",\"internal\":false},{\"value\":\"trip_or_fall_hazards\",\"text\":\"Trip or fall hazards\",\"data\":\"\",\"internal\":false},{\"value\":\"ventilation_concerns\",\"text\":\"Ventilation concerns\",\"data\":\"\",\"internal\":false},{\"value\":\"unsafe_layout_concerns\",\"text\":\"Unsafe layout concerns\",\"data\":\"\",\"internal\":false},{\"value\":\"water_supply_concerns\",\"text\":\"Water supply concerns\",\"data\":\"\",\"internal\":false},{\"value\":\"window_concerns\",\"text\":\"Window concerns\",\"data\":\"\",\"internal\":false},{\"value\":\"other\",\"text\":\"Other\",\"data\":\"\",\"internal\":false}]"},{"name":"empty_option","value":"Please select"}]},{"name":"q1e90b4b31c1a6b66a03f6f9d50641481a093c86d","text":"Please provide a short description of the issue","guid":"39c1d58d95f4fbb636ae61c4dccd9992ce707c24","settings":[{"name":"required","value":"true"},{"name":"rows","value":"2"},{"name":"cols","value":"40"}]},{"name":"q3ce93b93cfde83640c253a5a66fde69f9949d857","text":"When did you first notice the issue?","guid":"7d7527893d7f786c9073e6a651a9c26181d9a661","settings":[{"name":"required","value":"true"}]},{"name":"q62d1fd5edb021b5537ee9f2feabcd7287ba123c1","text":"Please upload any images you feel will support your complaint","guid":"9aca8a0e8fed454c7df8d60bf87b8f3ba70e844e","settings":[]}],"clauseType":null,"data":null}]}}