{"id":827,"isFormSpecific":false,"version":{"metadata":{"id":2212,"title":"About your landlord - 1 and 1a","instructions":""},"sections":[{"name":"sb7903ea3611341649fbda9f7aee72213969fd298","title":"Have you contacted your Bromford coach?","showTitle":false,"hideInitially":true,"triggerQuestionName":"qa9658ff5c1cba3c76ebb3e5b2fbe19e694228656","triggerQuestionSecondaryField":null,"triggerQuestionSection":"main","triggerOperator":"equal","triggerAnswerValue":"bromford","isRepeatableQuestion":false,"repeatableQuestionSettings":[],"structure":"[{\"type\":\"question\",\"name\":\"qc5d2158904f66a56fbf3fe8b4b32f5ba581b34e9\"}]","questions":[{"name":"qc5d2158904f66a56fbf3fe8b4b32f5ba581b34e9","text":"Have you contacted your Bromford coach about the issue?","guid":"18eeb80469e722d4f3513ee0c5b183da219c6975","settings":[{"name":"required","value":"true"},{"name":"answers","value":"[{\"value\":\"yes\",\"text\":\"Yes\",\"data\":\"\",\"internal\":false},{\"value\":\"no\",\"text\":\"No\",\"data\":\"\",\"internal\":false}]"},{"name":"empty_option","value":"Please select"}]}],"clauseType":null,"data":null},{"name":"s62523b8bc50fee74d8f48fb9bb0228e7d756bf3d","title":"Not contacted community coach","showTitle":false,"hideInitially":true,"triggerQuestionName":"qc5d2158904f66a56fbf3fe8b4b32f5ba581b34e9","triggerQuestionSecondaryField":null,"triggerQuestionSection":"sb7903ea3611341649fbda9f7aee72213969fd298","triggerOperator":"equal","triggerAnswerValue":"no","isRepeatableQuestion":false,"repeatableQuestionSettings":[],"structure":"[{\"type\":\"question\",\"name\":\"q691c75258191ab6eb1534eb47424dc45da2ec757\"}]","questions":[{"name":"q691c75258191ab6eb1534eb47424dc45da2ec757","text":"Contact your community coach","guid":"Jadu\\XFormsPro\\Bundle\\StandardFormComponentBundle\\Component\\TextBlock\\TextBlockComponent","settings":[{"name":"value","value":"<p>Bromford recommend you always talk to your coach first. You can even send them one our template letters to request repairs are carried out - download our template letter.<\/p>\n\n<p>If your coach has not helped you to resolve your issue\/carried out the repairs, before we can you help, you must also first go through the formal two-stage Bromford complaints procedure.<\/p>\n\n<p>Find out more about how to make a complaint to Bromford.<\/p>"}]}],"clauseType":null,"data":null},{"name":"s90d2606c4756bf01cb63c731860f12fc485d3ab1","title":"Issues with a Bromford property","showTitle":false,"hideInitially":true,"triggerQuestionName":"qc5d2158904f66a56fbf3fe8b4b32f5ba581b34e9","triggerQuestionSecondaryField":null,"triggerQuestionSection":"sb7903ea3611341649fbda9f7aee72213969fd298","triggerOperator":"equal","triggerAnswerValue":"yes","isRepeatableQuestion":false,"repeatableQuestionSettings":[],"structure":"[{\"type\":\"question\",\"name\":\"q86aa70fcb394a02af852587c6c2451822722cf3a\"}]","questions":[{"name":"q86aa70fcb394a02af852587c6c2451822722cf3a","text":"Have you also gone through the two-stage Bromford complaints procedure?","guid":"18eeb80469e722d4f3513ee0c5b183da219c6975","settings":[{"name":"required","value":"true"},{"name":"answers","value":"[{\"value\":\"yes\",\"text\":\"Yes\",\"data\":\"\",\"internal\":false},{\"value\":\"no\",\"text\":\"No\",\"data\":\"\",\"internal\":false}]"},{"name":"empty_option","value":"Please select"}]}],"clauseType":null,"data":null},{"name":"sb837443fe32dae67f75d0a8f0a963fa13ac048d2","title":"Stage 2 yes","showTitle":false,"hideInitially":true,"triggerQuestionName":"q86aa70fcb394a02af852587c6c2451822722cf3a","triggerQuestionSecondaryField":null,"triggerQuestionSection":"s90d2606c4756bf01cb63c731860f12fc485d3ab1","triggerOperator":"equal","triggerAnswerValue":"yes","isRepeatableQuestion":false,"repeatableQuestionSettings":[],"structure":"[{\"type\":\"question\",\"name\":\"qbddb9007d593e138ef56689433048250c570bd89\"}]","questions":[{"name":"qbddb9007d593e138ef56689433048250c570bd89","text":"stage 2 details","guid":"7d71b3ba5a3ceb554862ccadb50244fbdb3a65c0","settings":[{"name":"value","value":"<p>If you have gone through the official Bromford complaints procedure, and you are still concerned about an issue, please click next and continue to fill in this form.<\/p>"}]}],"clauseType":null,"data":null},{"name":"main","title":"main","showTitle":null,"hideInitially":null,"triggerQuestionName":null,"triggerQuestionSecondaryField":null,"triggerQuestionSection":null,"triggerOperator":null,"triggerAnswerValue":null,"isRepeatableQuestion":null,"repeatableQuestionSettings":[],"structure":"[{\"type\":\"question\",\"name\":\"qa9658ff5c1cba3c76ebb3e5b2fbe19e694228656\"},{\"type\":\"section\",\"name\":\"sb7903ea3611341649fbda9f7aee72213969fd298\"},{\"type\":\"section\",\"name\":\"s62523b8bc50fee74d8f48fb9bb0228e7d756bf3d\"},{\"type\":\"section\",\"name\":\"s90d2606c4756bf01cb63c731860f12fc485d3ab1\"},{\"type\":\"section\",\"name\":\"sb837443fe32dae67f75d0a8f0a963fa13ac048d2\"}]","questions":[{"name":"qa9658ff5c1cba3c76ebb3e5b2fbe19e694228656","text":"Who is your landlord?","guid":"18eeb80469e722d4f3513ee0c5b183da219c6975","settings":[{"name":"required","value":"true"},{"name":"answers","value":"[{\"value\":\"private\",\"text\":\"Private landlord\",\"data\":\"\",\"internal\":false},{\"value\":\"bromford\",\"text\":\"Bromford\",\"data\":\"\",\"internal\":false},{\"value\":\"midland_other\",\"text\":\"Midland Heart\",\"data\":\"\",\"internal\":false},{\"value\":\"orbit_other\",\"text\":\"Orbit\",\"data\":\"\",\"internal\":false},{\"value\":\"riverside_other\",\"text\":\"Riverside\",\"data\":\"\",\"internal\":false},{\"value\":\"sanctuary_other\",\"text\":\"Sanctuary Housing\",\"data\":\"\",\"internal\":false},{\"value\":\"waterloo_other\",\"text\":\"Waterloo\",\"data\":\"\",\"internal\":false},{\"value\":\"advance_other\",\"text\":\"Advance\",\"data\":\"\",\"internal\":false},{\"value\":\"housing_other\",\"text\":\"Housing 21\",\"data\":\"\",\"internal\":false},{\"value\":\"stonewater_other\",\"text\":\"Stonewater\",\"data\":\"\",\"internal\":false},{\"value\":\"clarion_other\",\"text\":\"Clarion Housing\",\"data\":\"\",\"internal\":false},{\"value\":\"optimawm_other\",\"text\":\"Optima\/WM Housing Group\",\"data\":\"\",\"internal\":false},{\"value\":\"metropolitan_other\",\"text\":\"Metropolitan\",\"data\":\"\",\"internal\":false},{\"value\":\"trident_other\",\"text\":\"Trident\",\"data\":\"\",\"internal\":false},{\"value\":\"other_other\",\"text\":\"Other housing association\",\"data\":\"\",\"internal\":false}]"},{"name":"empty_option","value":"Please select"}]}],"clauseType":null,"data":null}]}}