{"id":824,"isFormSpecific":false,"version":{"metadata":{"id":2209,"title":"About the issue - 2","instructions":""},"sections":[{"name":"s2c5b17ee9d6c705a1f5838f8c3d7cc379c2b04c6","title":"You need to contact your housing association","showTitle":true,"hideInitially":true,"triggerQuestionName":"qf73a304d793f49cdf2ca6836e6dd357155818136","triggerQuestionSecondaryField":null,"triggerQuestionSection":"main","triggerOperator":"equal","triggerAnswerValue":"other","isRepeatableQuestion":false,"repeatableQuestionSettings":[],"structure":"[{\"type\":\"question\",\"name\":\"qfa778b10cb687937ce81d4046222642f402bbab6\"}]","questions":[{"name":"qfa778b10cb687937ce81d4046222642f402bbab6","text":"Because you live in a housing association home","guid":"7d71b3ba5a3ceb554862ccadb50244fbdb3a65c0","settings":[{"name":"value","value":"<p>Because you live in a housing association home, you need to first contact your housing association to ask them to help and resolve your issues or concerns. Most housing associations have a formal complaints procedure that will ensure your complaint is investigated thoroughly.<\/p>\n\n<p>Please first contact your landlord directly using the details below:<\/p>\n\n<p><strong>Midland Heart<\/strong> &ndash; visit <a href=\"http:\/\/www.midlandheart.org.uk\">www.midlandheart.org.uk<\/a> or email the team on <a href=\"mailto:contact@midlandheart.org.uk\">contact@midlandheart.org.uk<\/a>. There are also lots of helpful videos about housing repair and what you can do\/are responsible for: <a href=\"http:\/\/www.midlandheart.org.uk\/contact-us\">www.midlandheart.org.uk\/contact-us<\/a><\/p>\n\n<p><strong>Orbit<\/strong> &ndash; visit <a href=\"http:\/\/www.orbit.org.uk\">www.orbit.org.uk<\/a> or call the team 0800 678 1221. There are also lots of helpful hints and tips about housing repair and what you can do\/are responsible for: <a href=\"http:\/\/www.orbit.org.uk\/contact\">www.orbit.org.uk\/contact<\/a>&nbsp;<\/p>\n\n<p><strong>Riverside<\/strong> &ndash; visit <a href=\"http:\/\/www.riverside.org.uk\">www.riverside.org.uk<\/a>, call the team on 0345 111 0000 or email <a href=\"mailto:info@riverside.org.uk\">info@riverside.org.uk<\/a>. There are also lots of helpful hints and tips about housing repair and what you can do\/are responsible for: <a href=\"http:\/\/www.riverside.org.uk\/contact-us\">www.riverside.org.uk\/contact-us<\/a><\/p>\n\n<p><strong>Sanctuary Housing<\/strong> &ndash; visit <a href=\"http:\/\/www.sanctuary-housing.co.uk\">www.sanctuary-housing.co.uk<\/a>, call the team on 0800 131 3348 or 0300 123 3511, or email <a href=\"mailto:contactus@sanctuary-housing.co.uk\">contactus@sanctuary-housing.co.uk<\/a>. There are also lots of helpful hints and tips about housing repair and what you can do\/are responsible for: <a href=\"http:\/\/www.sanctuary-housing.co.uk\/report-a-repair\">www.sanctuary-housing.co.uk\/report-a-repair<\/a><\/p>\n\n<p><strong>Waterloo<\/strong> &ndash; visit <a href=\"http:\/\/www.waterloo.org.uk\">www.waterloo.org.uk<\/a> or call the team on 0345 600 6055. There are also lots of helpful hints and tips about housing repair and what you can do\/are responsible for: <a href=\"https:\/\/www.waterloo.org.uk\/i-am-a-resident\/how-to-report-a-repair\/\">https:\/\/www.waterloo.org.uk\/i-am-a-resident\/how-to-report-a-repair<\/a>&nbsp;<\/p>\n\n<p><strong>Accord <\/strong>&ndash; visit accordgroup.org.uk or call the team on 0300 111 7000.&nbsp;<\/p>\n\n<p><strong>Advance<\/strong> &ndash; visit <a href=\"http:\/\/www.advanceuk.org\">www.advanceuk.org<\/a> or call the team on 0333 012 4307. There is also lots of helpful information about housing repairs and an online report form: <a href=\"http:\/\/www.advanceuk.org\/housing\/information-for-housing-customers\/report-a-repair\">www.advanceuk.org\/housing\/information-for-housing-customers\/report-a-repair<\/a><\/p>\n\n<p><strong>Housing 21<\/strong> &ndash; visit <a href=\"http:\/\/www.housing21.org.uk\">www.housing21.org.uk<\/a>, call the team on 0370&nbsp;192&nbsp;4000.<\/p>\n\n<p><strong>Stonewater<\/strong> &ndash; visit <a href=\"http:\/\/www.stonewater.org\">www.stonewater.org<\/a> or call the team on 01202 319 119. There are also lots of helpful hints and tips about housing repair and what you can do\/are responsible for: <a href=\"http:\/\/www.stonewater.org\/for-residents\/repairs-and-maintenance\">www.stonewater.org\/for-residents\/repairs-and-maintenance<\/a> &nbsp;&nbsp;&nbsp;<\/p>\n\n<p><strong>Clarion Housing<\/strong> &ndash; visit <a href=\"http:\/\/www.myclarionhousing.com\">www.myclarionhousing.com<\/a>. There are also lots of helpful hints and tips about housing repair and what you can do\/are responsible for: <a href=\"http:\/\/www.myclarionhousing.com\/your-home\/repairs-and-maintenance\">www.myclarionhousing.com\/your-home\/repairs-and-maintenance<\/a>&nbsp;&nbsp;&nbsp;<\/p>\n\n<p><strong>Optima\/WM Housing Group<\/strong> &ndash; visit <a href=\"http:\/\/www.wmhousing.co.uk\">www.wmhousing.co.uk<\/a>, call the team on 0300 790 6560. There are also lots of helpful hints and tips about housing repair and what you can do\/are responsible for: <a href=\"http:\/\/www.wmhousing.co.uk\/report-it\/repairs\">www.wmhousing.co.uk\/report-it\/repairs<\/a> &nbsp;&nbsp;<\/p>\n\n<p><strong>Metropolitan<\/strong> &ndash; visit <a href=\"http:\/\/www.metropolitan.org.uk\">www.metropolitan.org.uk<\/a>, call the team on 020 3535 3535. There are also lots of helpful hints and tips about housing repair and what you can do\/are responsible for: <a href=\"http:\/\/www.metropolitan.org.uk\/for-customers\/report-a-repair\/fix-it\">www.metropolitan.org.uk\/for-customers\/report-a-repair\/fix-it<\/a> &nbsp;&nbsp;<\/p>\n\n<p><strong>Trident <\/strong>&ndash; visit <a href=\"http:\/\/www.tridentgroup.org.uk\">www.tridentgroup.org.uk<\/a> or call the team on 0121 633 4633.<\/p>\n\n<p>If you live in any other housing association home that is not listed here, please contact them direct first.<\/p>\n\n<p>If you have contacted your housing association landlord (at least twice about the issue) and gone through your housing association&#39;s complaints procedure and they have not resolved the issue, please continue with your complaint.<\/p>"}]}],"clauseType":null,"data":null},{"name":"s9e6ab49bec20b2f1de8504d3cbca509ba1767ff3","title":"Private","showTitle":false,"hideInitially":true,"triggerQuestionName":"qf73a304d793f49cdf2ca6836e6dd357155818136","triggerQuestionSecondaryField":null,"triggerQuestionSection":"main","triggerOperator":"not equal","triggerAnswerValue":"bromford","isRepeatableQuestion":false,"repeatableQuestionSettings":[],"structure":"[{\"type\":\"question\",\"name\":\"q3d6fb217e12bf28888eb0f8784fc21a88e19e045\"}]","questions":[{"name":"q3d6fb217e12bf28888eb0f8784fc21a88e19e045","text":"Have you contacted your landlord (by text, email or letter) at least twice about the issue?","guid":"18eeb80469e722d4f3513ee0c5b183da219c6975","settings":[{"name":"required","value":"true"},{"name":"answers","value":"[{\"value\":\"yes\",\"text\":\"Yes\",\"data\":\"\",\"internal\":false},{\"value\":\"no\",\"text\":\"No\",\"data\":\"\",\"internal\":false}]"},{"name":"empty_option","value":"Please select"}]}],"clauseType":null,"data":null},{"name":"s11f9e0d35c68a451404b1331f07966490ff5ae07","title":"yes","showTitle":false,"hideInitially":true,"triggerQuestionName":"q3d6fb217e12bf28888eb0f8784fc21a88e19e045","triggerQuestionSecondaryField":null,"triggerQuestionSection":"s9e6ab49bec20b2f1de8504d3cbca509ba1767ff3","triggerOperator":"equal","triggerAnswerValue":"yes","isRepeatableQuestion":false,"repeatableQuestionSettings":[],"structure":"[{\"type\":\"question\",\"name\":\"q996b1266ba72ee80099608d82f0087708477fdf7\"},{\"type\":\"question\",\"name\":\"qb65c99838388165fe69a26bfad2f818ed3065f9a\"},{\"type\":\"question\",\"name\":\"qefc9941d6f2dae8b531031e7804c3d2c7ae092c9\"}]","questions":[{"name":"q996b1266ba72ee80099608d82f0087708477fdf7","text":"What was their response?","guid":"18eeb80469e722d4f3513ee0c5b183da219c6975","settings":[{"name":"required","value":"true"},{"name":"answers","value":"[{\"value\":\"no_response\",\"text\":\"No response\",\"data\":\"\",\"internal\":false},{\"value\":\"says_its_not_a_problem\",\"text\":\"Says it\u2019s not a problem\",\"data\":\"\",\"internal\":false},{\"value\":\"promised_to_fix_it_but_have_not\",\"text\":\"Promised to fix it but have not\",\"data\":\"\",\"internal\":false},{\"value\":\"tried_to_fix_it_but_its_still_broken\",\"text\":\"Tried to fix it but it\u2019s still broken\",\"data\":\"\",\"internal\":false},{\"value\":\"told_me_its_my_responsibility_to_fix_it\",\"text\":\"Told me it\u2019s my responsibility to fix it\",\"data\":\"\",\"internal\":false},{\"value\":\"other\",\"text\":\"Other\",\"data\":\"\",\"internal\":false}]"},{"name":"empty_option","value":"Please select"}]},{"name":"qb65c99838388165fe69a26bfad2f818ed3065f9a","text":"If other, please enter details below:","guid":"7d7527893d7f786c9073e6a651a9c26181d9a661","settings":[]},{"name":"qefc9941d6f2dae8b531031e7804c3d2c7ae092c9","text":"Roughly when did you first write to your landlord?","guid":"7d7527893d7f786c9073e6a651a9c26181d9a661","settings":[{"name":"validation","value":"2"},{"name":"required","value":"true"},{"name":"help","value":""}]}],"clauseType":null,"data":null},{"name":"s4e217e829499f6c73c8a78ab24f99b55a571d9a0","title":"About contacting your landlord - 2a","showTitle":false,"hideInitially":true,"triggerQuestionName":"q3d6fb217e12bf28888eb0f8784fc21a88e19e045","triggerQuestionSecondaryField":null,"triggerQuestionSection":"s9e6ab49bec20b2f1de8504d3cbca509ba1767ff3","triggerOperator":"equal","triggerAnswerValue":"no","isRepeatableQuestion":false,"repeatableQuestionSettings":[],"structure":"[{\"type\":\"question\",\"name\":\"q6a495d38abb970eb42199ed3b847ecaf405fa82d\"}]","questions":[{"name":"q6a495d38abb970eb42199ed3b847ecaf405fa82d","text":"We recommend that you should contact your landlord in writing","guid":"7d71b3ba5a3ceb554862ccadb50244fbdb3a65c0","settings":[{"name":"value","value":"<p>We recommend that you should contact your landlord in writing before asking us to get involved, provided you feel comfortable to do so. If you have written to your landlord, at least three times, you will also have increased protected as a tenant against eviction.&nbsp;<\/p>\n\n<p>We&#39;ve put together some handy template letters to help you let your landlord know about the issues:&nbsp;<\/p>\n\n<ul>\n\t<li>Send immediately: <a href=\"https:\/\/www.lichfielddc.gov.uk\/downloads\/file\/1236\/first-request-for-repairs-letter-template\">First request for repairs - letter template<\/a><\/li>\n\t<li>Send after 14 days if your landlord has not carried out\/arranged to carry out the repairs: <a href=\"https:\/\/www.lichfielddc.gov.uk\/downloads\/file\/1237\/second-reminder-request-for-repairs-letter-template\">Second\/reminder - requst for repairs - letter template<\/a><\/li>\n\t<li>Send after 48 hours\/2 days if your landlord has not carried out\/arranged to carry out the repairs <a href=\"https:\/\/www.lichfielddc.gov.uk\/downloads\/file\/1238\/third-final-reminder-request-for-repairs-letter-template\">Third\/final reminder - request for repairs - letter template<\/a><\/li>\n<\/ul>\n\n<p>If you are not comfortable contacting your landlord, or would like our support to do so, please press next and continue to fill in this form.&nbsp;<\/p>"}]}],"clauseType":null,"data":null},{"name":"s0722e8887ee9e5cd5d7c33aa74dd759ef4a67e26","title":"Bromford","showTitle":false,"hideInitially":true,"triggerQuestionName":"qf73a304d793f49cdf2ca6836e6dd357155818136","triggerQuestionSecondaryField":null,"triggerQuestionSection":"main","triggerOperator":"equal","triggerAnswerValue":"bromford","isRepeatableQuestion":false,"repeatableQuestionSettings":[],"structure":"[{\"type\":\"question\",\"name\":\"q9da09afaac4cb35e57ba696a025c0184bf96e933\"},{\"type\":\"question\",\"name\":\"q4d6222b061bc22d7f2e99d2907d58649899b48b8\"}]","questions":[{"name":"q9da09afaac4cb35e57ba696a025c0184bf96e933","text":"What was the outcome","guid":"39c1d58d95f4fbb636ae61c4dccd9992ce707c24","settings":[{"name":"required","value":"true"},{"name":"rows","value":"2"},{"name":"cols","value":"40"}]},{"name":"q4d6222b061bc22d7f2e99d2907d58649899b48b8","text":"Roughly when did you tell your landlord about the issue?","guid":"7d7527893d7f786c9073e6a651a9c26181d9a661","settings":[{"name":"required","value":"true"}]}],"clauseType":null,"data":null},{"name":"main","title":"main","showTitle":null,"hideInitially":null,"triggerQuestionName":null,"triggerQuestionSecondaryField":null,"triggerQuestionSection":null,"triggerOperator":null,"triggerAnswerValue":null,"isRepeatableQuestion":null,"repeatableQuestionSettings":[],"structure":"[{\"type\":\"question\",\"name\":\"qf73a304d793f49cdf2ca6836e6dd357155818136\"},{\"type\":\"section\",\"name\":\"s2c5b17ee9d6c705a1f5838f8c3d7cc379c2b04c6\"},{\"type\":\"section\",\"name\":\"s9e6ab49bec20b2f1de8504d3cbca509ba1767ff3\"},{\"type\":\"section\",\"name\":\"s11f9e0d35c68a451404b1331f07966490ff5ae07\"},{\"type\":\"section\",\"name\":\"s4e217e829499f6c73c8a78ab24f99b55a571d9a0\"},{\"type\":\"section\",\"name\":\"s0722e8887ee9e5cd5d7c33aa74dd759ef4a67e26\"}]","questions":[{"name":"qf73a304d793f49cdf2ca6836e6dd357155818136","text":"landlord type","guid":"204deffae05ef305ebf8d0999cffaa428e7c6e56","settings":[{"name":"value","value":"type"}]}],"clauseType":null,"data":null}]}}