{"id":826,"isFormSpecific":false,"version":{"metadata":{"id":2211,"title":"About you and the property - 5","instructions":""},"sections":[{"name":"main","title":"main","showTitle":null,"hideInitially":null,"triggerQuestionName":null,"triggerQuestionSecondaryField":null,"triggerQuestionSection":null,"triggerOperator":null,"triggerAnswerValue":null,"isRepeatableQuestion":null,"repeatableQuestionSettings":[],"structure":"[{\"type\":\"question\",\"name\":\"q36997055a90eee15435b2af560c6d5d7e8d580d2\"},{\"type\":\"question\",\"name\":\"qcc413fc9ca93b9b060595a6ba0db1dab4821225e\"},{\"type\":\"question\",\"name\":\"q676cc7c26484b286625b532183676173973b2de8\"},{\"type\":\"question\",\"name\":\"qe47e13800646ac2fe5e5cbc898178242492688da\"},{\"type\":\"question\",\"name\":\"q412eb6d03850b6c6ea1feabae446988fdedaa837\"}]","questions":[{"name":"q36997055a90eee15435b2af560c6d5d7e8d580d2","text":"Your first name","guid":"7d7527893d7f786c9073e6a651a9c26181d9a661","settings":[{"name":"required","value":"true"}]},{"name":"qcc413fc9ca93b9b060595a6ba0db1dab4821225e","text":"Your surname","guid":"7d7527893d7f786c9073e6a651a9c26181d9a661","settings":[{"name":"required","value":"true"}]},{"name":"q676cc7c26484b286625b532183676173973b2de8","text":"The address of the property you want us to visit","guid":"dafc7be1f6e3057017f8b0a86d50373130ca5da0","settings":[{"name":"required","value":"true"},{"name":"type","value":"5c49c7f90a0e3d59b0a8cf70326808ac4ed67804"}]},{"name":"qe47e13800646ac2fe5e5cbc898178242492688da","text":"Your email address","guid":"7d7527893d7f786c9073e6a651a9c26181d9a661","settings":[{"name":"validation","value":"4"},{"name":"required","value":"true"}]},{"name":"q412eb6d03850b6c6ea1feabae446988fdedaa837","text":"Your telephone number","guid":"7d7527893d7f786c9073e6a651a9c26181d9a661","settings":[{"name":"validation","value":"7"},{"name":"required","value":"true"}]}],"clauseType":null,"data":null}]}}