{"id":1705,"actionType":"be4e8e2d0338ca30919508fcd48c7041e43bf54a","title":"Email Alert 1","mappings":[{"field":"template-to","type":"static","value":"{{0}}","secondaryValue":null,"label":"To"},{"field":"template-from","type":"static","value":"webmaster@yourcouncil.gov.uk","secondaryValue":null,"label":"From"},{"field":"template-subject","type":"static","value":"{{0}}  - Online form receipt","secondaryValue":null,"label":"Subject"},{"field":"format","type":"static","value":"HTML","secondaryValue":null,"label":"Format"},{"field":"content","type":"static","value":"\n<p>Thank you for contacting us.<\/p>\n\n<p>We will ensure that your information is passed to the relevant service area to be dealt with.<\/p>\n\n<p>This message confirms receipt of your {{0}} online form.<\/p>\n","secondaryValue":null,"label":"Content"},{"field":"contentPlain","type":"static","value":"","secondaryValue":null,"label":"Content"},{"field":"attachmentType","type":"static","value":"None","secondaryValue":null,"label":"Attachment"},{"field":"attachmentFormat","type":"static","value":"PDF","secondaryValue":null,"label":"Attachment format"},{"field":"attachmentContent","type":"static","value":"","secondaryValue":null,"label":"Attachment content"},{"field":"attachmentPlain","type":"static","value":"","secondaryValue":null,"label":"Attachment content"}]}