{"id":376,"name":"Motivation Scores","type":"conditional","internalOnly":false,"formula":"","decimalPlaces":null,"inputs":[],"conditional":{"id":26,"else":{"type":"staticvalueclause","value":{"staticText":"0"}},"statements":[{"conditions":[{"label":"If","type":"ifcondition","clauseA":{"type":"questionresponseclause","value":{"question":"{\"value\":\"365-main-q40c945bf0bb58d61a190ca3c6bffb1aa718977dc\",\"type\":\"label\"}"}},"clauseB":{"type":"staticvalueclause","value":{"staticText":"Ageism"}},"operator":"is equal to","conditions":[{"label":"Or","type":"orcondition","clauseA":{"type":"questionresponseclause","value":{"question":"{\"value\":\"365-main-q40c945bf0bb58d61a190ca3c6bffb1aa718977dc\",\"type\":\"label\"}"}},"clauseB":{"type":"staticvalueclause","value":{"staticText":"Homophobia"}},"operator":"is equal to"},{"label":"Or","type":"orcondition","clauseA":{"type":"questionresponseclause","value":{"question":"{\"value\":\"365-main-q40c945bf0bb58d61a190ca3c6bffb1aa718977dc\",\"type\":\"label\"}"}},"clauseB":{"type":"staticvalueclause","value":{"staticText":"Racism"}},"operator":"is equal to"},{"label":"Or","type":"orcondition","clauseA":{"type":"questionresponseclause","value":{"question":"{\"value\":\"365-main-q40c945bf0bb58d61a190ca3c6bffb1aa718977dc\",\"type\":\"label\"}"}},"clauseB":{"type":"staticvalueclause","value":{"staticText":"Sexual discrimination"}},"operator":"is equal to"},{"label":"Or","type":"orcondition","clauseA":{"type":"questionresponseclause","value":{"question":"{\"value\":\"365-main-q40c945bf0bb58d61a190ca3c6bffb1aa718977dc\",\"type\":\"label\"}"}},"clauseB":{"type":"staticvalueclause","value":{"staticText":"Disability"}},"operator":"is equal to"},{"label":"Or","type":"orcondition","clauseA":{"type":"questionresponseclause","value":{"question":"{\"value\":\"365-main-q40c945bf0bb58d61a190ca3c6bffb1aa718977dc\",\"type\":\"label\"}"}},"clauseB":{"type":"staticvalueclause","value":{"staticText":"Transphobia"}},"operator":"is equal to"},{"label":"Or","type":"orcondition","clauseA":{"type":"questionresponseclause","value":{"question":"{\"value\":\"365-main-q40c945bf0bb58d61a190ca3c6bffb1aa718977dc\",\"type\":\"label\"}"}},"clauseB":{"type":"staticvalueclause","value":{"staticText":"Religion or belief"}},"operator":"is equal to"}]}],"return":{"type":"staticvalueclause","value":{"staticText":"3"}}}]}}