{"id":379,"name":"Risk Assessment Score","type":"maths","internalOnly":false,"formula":"[\"#0\",\"+\",\"#1\",\"+\",\"#2\",\"+\",\"#3\",\"+\",\"#4\",\"+\",\"#5\"]","decimalPlaces":0,"inputs":[{"field":"#0","type":"answer","value":"365-main-qffee4ff404b7c3a2f1370bcb634cc4ffaf0a31d3","secondaryValue":null},{"field":"#1","type":"answer","value":"366-main-qb41b2badf93f4d003511e6f8b50073503f17e7bd","secondaryValue":null},{"field":"#2","type":"logic","value":"376","secondaryValue":null},{"field":"#3","type":"logic","value":"377","secondaryValue":null},{"field":"#4","type":"answer","value":"365-main-q22a30461490ffb519a2898df790a31ab4f5062d0","secondaryValue":null},{"field":"#5","type":"logic","value":"378","secondaryValue":null}],"conditional":null}