[{"contentIdentifier":"486_template-to","contentType":"ActionTemplateMapping","field":"0","type":"answer","value":"1196-main-q33a7c293ec537c28e5fc3c765572d862cac5ff40","secondaryValue":null},{"contentIdentifier":"486_content","contentType":"ActionTemplateMapping","field":"0","type":"answer","value":"1196-main-q7a6b63cef797615413e70b6222aa78ea833b6d5a","secondaryValue":null},{"contentIdentifier":"485_content","contentType":"ActionTemplateMapping","field":"0","type":"variable","value":"Jadu\\XFormsPro\\Bundle\\StandardFormComponentBundle\\VariableDefinition\\AllQuestionAnswers\\FrontEndLabelsAndVisible","secondaryValue":null},{"contentIdentifier":"485_content","contentType":"ActionTemplateMapping","field":"1","type":"answer","value":"1198-se317b5937cc1c6aadd97cf71f5fa745c4d887e86-qe0a1365083156985e117652b053c5023d4ff7eaa","secondaryValue":null},{"contentIdentifier":"485_attachmentContent","contentType":"ActionTemplateMapping","field":"0","type":"variable","value":"Jadu\\XFormsPro\\Bundle\\StandardFormComponentBundle\\VariableDefinition\\AllQuestionAnswers\\FrontEndLabelsAndVisible","secondaryValue":null}]