{"form.json":"4eabeab1bc3c914411cd86b2bb254ddb422990b6","page-templates\/383-Food_Complaint.json":"748aca30fab8ec9653838ce08ef81dadad1b6776","page-templates\/82-Personal_Details.json":"bd001ea025f8b53bda1c50f57bd72393c37e99ac","structure\/pages.json":"855b7c4b70e2b94e7060f95cffaa002e696c05e2","structure\/branching.json":"a282d926ed7c01b0fce4af738a4cdca1cb8c1fe3","misc\/pdfs.json":"97d170e1550eee4afc0af065b78cda302a97674c","misc\/prefills.json":"97d170e1550eee4afc0af065b78cda302a97674c","misc\/placeholders.json":"97d170e1550eee4afc0af065b78cda302a97674c","misc\/logic_definitions.json":"97d170e1550eee4afc0af065b78cda302a97674c","misc\/ic_inputs.json":"97d170e1550eee4afc0af065b78cda302a97674c","misc\/data-retention.json":"fa8b819d756eec4a4f185f5465ef79b349ea9ce4","misc\/images.json":"fa0abfbde00f93c9ce9227a12a21b38039e3222b"}