{"title":"Report a Food Safety Complaint","instructions":"<p>Should you wish to register a\u00a0food related\u00a0complaint, please complete the following online\u00a0form.<br>\nFor any urgent issues please do not hesitate to contact the Customer Service Team on XXXX XXXX.<\/p>","progressBar":"1","allowUnregistered":"1","resumeAtStart":"0","reCaptcha":"0","internalOnly":0,"metadata":{"id":"160","itemID":"298","creator":"David Evans","contributor":"","publisher":"Continuum Demo","rights":"Continuum Demo","source":"","status":"V1.0 Public Consumption","coverage":"Australia","created":1602111600,"modified":1602111600,"valid":null,"expired":null,"format":"text\/html","language":"en","subject":"Report a Food Safety Complaint ","description":"Report a Food Safety Complaint"},"categories":[]}