{"form.json":"8d083e830070f2ae2261fcff57e6b2d2cb468c24","page-templates\/Type_of_Fraud.json":"1be5777178fc07a62ebe4886ab8d8d39cb6e3441","page-templates\/Customer_Details_(UK).json":"44937f44cb46365c9828bbfc457dc333635b8740","page-templates\/Anonymity.json":"2a5c78d89463a159cb22005291aa73f9dcfc97aa","page-templates\/Housing_Benefit_Fraud.json":"8cd52032ecaa42f9f0c9737f21982299cd23d159","page-templates\/Generic_Fraud_Template.json":"81e7c39b02963ba59792e43c78071f85d22efa91","page-templates\/Business_Rates_Fraud.json":"0c81f92791e1bab1d424bfea55335366a3ca551b","page-templates\/Council_Tax_Fraud.json":"bebada0745dda701e03f9a34b60fa7ac9fc0bdf4","page-templates\/Housing_Options_Based_Fraud.json":"2160d800d7fbaa3de68b971552591156c54ec065","page-templates\/Housing_Tenancy_Fraud.json":"ec03eb42741937ae2446bcf917f2db4d57ccbb9c","page-templates\/Insurance_Fraud.json":"3b6c963e311815e8f685743da91de00d143b614b","page-templates\/Procurement_Fraud.json":"ac82581b9ccd54df2f46b29c253d8e657c10fc2d","structure\/pages.json":"9321f6e5b0dbc4ae0acc20a2364f6a8acffa821a","structure\/branching.json":"5bc48abe76b3394ad3cb9aa43afa9a0ab8f3b00c","misc\/pdfs.json":"97d170e1550eee4afc0af065b78cda302a97674c","misc\/prefills.json":"97d170e1550eee4afc0af065b78cda302a97674c","misc\/placeholders.json":"97d170e1550eee4afc0af065b78cda302a97674c","misc\/logic_definitions.json":"97d170e1550eee4afc0af065b78cda302a97674c","misc\/ic_inputs.json":"97d170e1550eee4afc0af065b78cda302a97674c","misc\/data-retention.json":"fa8b819d756eec4a4f185f5465ef79b349ea9ce4"}