{"title":"Report Fraud","instructions":"<p>All information received will be treated with the strictest confidence. If you wish to report fraud without giving your name you may do so.<\/p>","progressBar":"0","allowUnregistered":"1","resumeAtStart":"0","reCaptcha":"0","internalOnly":0,"metadata":{"id":"148","itemID":"286","creator":"Paul Johnson","contributor":"","publisher":"Sandbox 04","rights":"Sandbox 04","source":"","status":"V1.0 Public Consumption","coverage":"UK","created":1569279600,"modified":1569279600,"valid":null,"expired":null,"format":"text\/html","language":"en","subject":"","description":"All information received will be treated with the strictest confidence. If you wish to report fraud without giving your name you may do so."},"categories":[{"id":"2878","categoryType":"Navigation","itemID":286,"categoryID":"200129"}]}