[{"pageID":"1349","questionName":null,"sectionName":null,"questionPageID":null,"questionSecondaryField":null,"logicID":null,"ruleNumber":1,"conditionNumber":1,"conditionOptionID":null,"conditionOperator":null,"conditionLiteralValue":null,"conditionLiteralValueTwo":null,"goToPageID":"1350","clauseType":null,"data":null},{"pageID":"1350","questionName":null,"sectionName":null,"questionPageID":null,"questionSecondaryField":null,"logicID":null,"ruleNumber":1,"conditionNumber":1,"conditionOptionID":null,"conditionOperator":null,"conditionLiteralValue":null,"conditionLiteralValueTwo":null,"goToPageID":"1356","clauseType":null,"data":null},{"pageID":"Start","questionName":null,"sectionName":null,"questionPageID":null,"questionSecondaryField":null,"logicID":null,"ruleNumber":1,"conditionNumber":1,"conditionOptionID":null,"conditionOperator":null,"conditionLiteralValue":null,"conditionLiteralValueTwo":null,"goToPageID":"1351","clauseType":null,"data":null},{"pageID":"1351","questionName":null,"sectionName":null,"questionPageID":null,"questionSecondaryField":null,"logicID":null,"ruleNumber":1,"conditionNumber":1,"conditionOptionID":null,"conditionOperator":null,"conditionLiteralValue":null,"conditionLiteralValueTwo":null,"goToPageID":"1349","clauseType":null,"data":null},{"pageID":"1352","questionName":null,"sectionName":null,"questionPageID":null,"questionSecondaryField":null,"logicID":null,"ruleNumber":1,"conditionNumber":1,"conditionOptionID":null,"conditionOperator":null,"conditionLiteralValue":null,"conditionLiteralValueTwo":null,"goToPageID":"1349","clauseType":null,"data":null},{"pageID":"1353","questionName":null,"sectionName":null,"questionPageID":null,"questionSecondaryField":null,"logicID":null,"ruleNumber":1,"conditionNumber":1,"conditionOptionID":null,"conditionOperator":null,"conditionLiteralValue":null,"conditionLiteralValueTwo":null,"goToPageID":"1349","clauseType":null,"data":null},{"pageID":"1354","questionName":null,"sectionName":null,"questionPageID":null,"questionSecondaryField":null,"logicID":null,"ruleNumber":1,"conditionNumber":1,"conditionOptionID":null,"conditionOperator":null,"conditionLiteralValue":null,"conditionLiteralValueTwo":null,"goToPageID":"1349","clauseType":null,"data":null},{"pageID":"1355","questionName":null,"sectionName":null,"questionPageID":null,"questionSecondaryField":null,"logicID":null,"ruleNumber":1,"conditionNumber":1,"conditionOptionID":null,"conditionOperator":null,"conditionLiteralValue":null,"conditionLiteralValueTwo":null,"goToPageID":"1349","clauseType":null,"data":null},{"pageID":"1356","questionName":null,"sectionName":null,"questionPageID":null,"questionSecondaryField":null,"logicID":null,"ruleNumber":1,"conditionNumber":1,"conditionOptionID":null,"conditionOperator":null,"conditionLiteralValue":null,"conditionLiteralValueTwo":null,"goToPageID":"Confirmation","clauseType":null,"data":null},{"pageID":"1357","questionName":null,"sectionName":null,"questionPageID":null,"questionSecondaryField":null,"logicID":null,"ruleNumber":1,"conditionNumber":1,"conditionOptionID":null,"conditionOperator":null,"conditionLiteralValue":null,"conditionLiteralValueTwo":null,"goToPageID":"1349","clauseType":null,"data":null},{"pageID":"1351","questionName":null,"sectionName":null,"questionPageID":null,"questionSecondaryField":null,"logicID":1517,"ruleNumber":2,"conditionNumber":1,"conditionOptionID":null,"conditionOperator":"equal","conditionLiteralValue":"TAWS","conditionLiteralValueTwo":null,"goToPageID":"1357","clauseType":null,"data":null},{"pageID":"1351","questionName":"q4c96a78c2d538913669b7bc5d4423a78f024857f","sectionName":"main","questionPageID":"1351","questionSecondaryField":null,"logicID":null,"ruleNumber":3,"conditionNumber":1,"conditionOptionID":null,"conditionOperator":"equal","conditionLiteralValue":"no","conditionLiteralValueTwo":null,"goToPageID":"1352","clauseType":null,"data":null},{"pageID":"1352","questionName":null,"sectionName":null,"questionPageID":null,"questionSecondaryField":null,"logicID":1516,"ruleNumber":2,"conditionNumber":1,"conditionOptionID":null,"conditionOperator":"equal","conditionLiteralValue":"hassupport","conditionLiteralValueTwo":null,"goToPageID":"1355","clauseType":null,"data":null},{"pageID":"1352","questionName":null,"sectionName":null,"questionPageID":null,"questionSecondaryField":null,"logicID":1520,"ruleNumber":3,"conditionNumber":1,"conditionOptionID":null,"conditionOperator":"equal","conditionLiteralValue":"Wellbeing","conditionLiteralValueTwo":null,"goToPageID":"1354","clauseType":null,"data":null},{"pageID":"1352","questionName":null,"sectionName":null,"questionPageID":null,"questionSecondaryField":null,"logicID":1519,"ruleNumber":4,"conditionNumber":1,"conditionOptionID":null,"conditionOperator":"equal","conditionLiteralValue":"TAWS","conditionLiteralValueTwo":null,"goToPageID":"1353","clauseType":null,"data":null},{"pageID":"1352","questionName":null,"sectionName":null,"questionPageID":null,"questionSecondaryField":null,"logicID":1518,"ruleNumber":4,"conditionNumber":2,"conditionOptionID":null,"conditionOperator":"equal","conditionLiteralValue":"TAWS","conditionLiteralValueTwo":null,"goToPageID":"1353","clauseType":null,"data":null}]