[{"id":1349,"templateID":935,"metadata":{"id":2458,"title":"Who needs support","instructions":""}},{"id":1350,"templateID":931,"metadata":{"id":2459,"title":"Other support available","instructions":""}},{"id":1351,"templateID":930,"metadata":{"id":2460,"title":"NHS letter received","instructions":""}},{"id":1352,"templateID":932,"metadata":{"id":2461,"title":"Recipient Details","instructions":""}},{"id":1353,"templateID":933,"metadata":{"id":2462,"title":"Refer to TAW website","instructions":"\n<p>Please visit the <a href=\"http:\/\/theaws.co.uk\/relief\">The Active Wellbeing Society<\/a>\u00a0(TAWS) website\u00a0and complete the form there.\u00a0 \u00a0They will be able to assist you.\u00a0<\/p>\n\n<p>\u00a0<\/p>\n<style type=\"text\/css\">.button--primary{ visibility:hidden;}\n<\/style>\n"}},{"id":1354,"templateID":933,"metadata":{"id":2463,"title":"Refer to the Wellbeing website","instructions":"\n<p>Unfortunately we are unable to assist at this time.\u00a0 Please refer to the <a href=\"https:\/\/r2wbirmingham.info\/\">Wellbeing <\/a>website .<\/p>\n\n<p>\u00a0<\/p>\n<style type=\"text\/css\">.button--primary{ visibility:hidden;}\n<\/style>\n"}},{"id":1355,"templateID":933,"metadata":{"id":2464,"title":"Unable to complete online","instructions":"\n<p>During this difficult time we are prioritising those who have no help available to them at all.\u00a0 If you are able to contact family and friends and they are able to assist with bringing you emergency food and essential items please contact them in the first instance.<\/p>\n\n<p>\u00a0<\/p>\n<style type=\"text\/css\">.button--primary{ visibility:hidden;}\n<\/style>\n"}},{"id":1356,"templateID":929,"metadata":{"id":2465,"title":"Help and Support","instructions":""}},{"id":1357,"templateID":933,"metadata":{"id":2466,"title":"Please visit TAW website","instructions":"\n<p>Please visit the <a href=\"http:\/\/theaws.co.uk\/relief\">TAW website<\/a>\u00a0and complete the form there.\u00a0 \u00a0They will be able to assist you.\u00a0<\/p>\n\n<p>\u00a0<\/p>\n<style type=\"text\/css\">.button--primary{ visibility:hidden;}\n<\/style>\n"}}]