{"id":741,"isFormSpecific":true,"version":{"metadata":{"id":1975,"title":"Equipment requirements (733)","instructions":""},"sections":[{"name":"s9486f67e9945e616245c42f5a10e7644bfde5dcb","title":"Aerosol Generating Procedures","showTitle":false,"hideInitially":true,"triggerQuestionName":"q86bfad0cded124f48b9fb2566c211bd281ddd63a","triggerQuestionSecondaryField":null,"triggerQuestionSection":"main","triggerOperator":"equal","triggerAnswerValue":"yes","isRepeatableQuestion":false,"repeatableQuestionSettings":[],"structure":"[{\"type\":\"question\",\"name\":\"q3715e92f3d5233c0e6c9d051feae81a6cfc4bd86\"},{\"type\":\"question\",\"name\":\"qe1f5e5a5136a6356492c60735e18712bebd04905\"},{\"type\":\"question\",\"name\":\"qcd88dfac0ae14fcc535a7310be48973d243d8342\"},{\"type\":\"question\",\"name\":\"qa144903434c57bf3bc0e7c9d10e03a7b49115a27\"},{\"type\":\"question\",\"name\":\"qa4ac8e343efd4385337d4f1c3fb2f6c268231721\"},{\"type\":\"question\",\"name\":\"qaa905e7dedd689a0777f9cee3f9c9fecae5cab45\"},{\"type\":\"question\",\"name\":\"qb50fcf295254b7097b613b36ac51586813e2bea2\"}]","questions":[{"name":"q3715e92f3d5233c0e6c9d051feae81a6cfc4bd86","text":"FFP3 mask - number of days stock","guid":"Jadu\\XFormsPro\\Bundle\\StandardFormComponentBundle\\Component\\RadioButtons\\RadioButtonsComponent","settings":[{"name":"required","value":"true"},{"name":"answers","value":"[{\"value\":\"7_days\",\"text\":\">7 days\",\"data\":\"\",\"internal\":false},{\"value\":\"3-7_days\",\"text\":\"3-7 days\",\"data\":\"\",\"internal\":false},{\"value\":\"1_or_2_days\",\"text\":\"1 or 2 days\",\"data\":\"\",\"internal\":false},{\"value\":\"na\",\"text\":\"n\/a\",\"data\":\"\",\"internal\":false}]"}]},{"name":"qe1f5e5a5136a6356492c60735e18712bebd04905","text":"FFP3 mask - actual stock","guid":"Jadu\\XFormsPro\\Bundle\\StandardFormComponentBundle\\Component\\TextField\\TextFieldComponent","settings":[{"name":"validation","value":"3"}]},{"name":"qcd88dfac0ae14fcc535a7310be48973d243d8342","text":"Suggested pack size - FFP mask","guid":"Jadu\\XFormsPro\\Bundle\\StandardFormComponentBundle\\Component\\HiddenField\\HiddenFieldComponent","settings":[{"name":"value","value":"manual"}]},{"name":"qa144903434c57bf3bc0e7c9d10e03a7b49115a27","text":"Thumb loop gown - number of days stock","guid":"Jadu\\XFormsPro\\Bundle\\StandardFormComponentBundle\\Component\\RadioButtons\\RadioButtonsComponent","settings":[{"name":"required","value":"true"},{"name":"answers","value":"[{\"value\":\"7_days\",\"text\":\">7 days\",\"data\":\"\",\"internal\":false},{\"value\":\"3-7_days\",\"text\":\"3-7 days\",\"data\":\"\",\"internal\":false},{\"value\":\"1_or_2_days\",\"text\":\"1 or 2 days\",\"data\":\"\",\"internal\":false},{\"value\":\"na\",\"text\":\"n\/a\",\"data\":\"\",\"internal\":false}]"}]},{"name":"qa4ac8e343efd4385337d4f1c3fb2f6c268231721","text":"Thumb loop gown - actual stock","guid":"Jadu\\XFormsPro\\Bundle\\StandardFormComponentBundle\\Component\\TextField\\TextFieldComponent","settings":[{"name":"validation","value":"3"}]},{"name":"qaa905e7dedd689a0777f9cee3f9c9fecae5cab45","text":"Suggested pack size - thumb loop gown","guid":"Jadu\\XFormsPro\\Bundle\\StandardFormComponentBundle\\Component\\HiddenField\\HiddenFieldComponent","settings":[{"name":"value","value":"manual"}]},{"name":"qb50fcf295254b7097b613b36ac51586813e2bea2","text":"Number and frequency of Aerosol Generating Procedures","guid":"Jadu\\XFormsPro\\Bundle\\StandardFormComponentBundle\\Component\\TextArea\\TextAreaComponent","settings":[{"name":"rows","value":"4"},{"name":"cols","value":"40"}]}],"clauseType":null,"data":null},{"name":"main","title":"main","showTitle":null,"hideInitially":null,"triggerQuestionName":null,"triggerQuestionSecondaryField":null,"triggerQuestionSection":null,"triggerOperator":null,"triggerAnswerValue":null,"isRepeatableQuestion":null,"repeatableQuestionSettings":[],"structure":"[{\"type\":\"question\",\"name\":\"q86bfad0cded124f48b9fb2566c211bd281ddd63a\"},{\"type\":\"question\",\"name\":\"qf8b164255cfa605ad6cb3aac9b2093f1ac5cdc76\"},{\"type\":\"question\",\"name\":\"qfcfa7e9e4620882cec1cc42297e30aaae6a15342\"},{\"type\":\"section\",\"name\":\"s9486f67e9945e616245c42f5a10e7644bfde5dcb\"},{\"type\":\"question\",\"name\":\"qfc7b89963450f86dc123bcdf100b4f10ac79ab20\"},{\"type\":\"question\",\"name\":\"q3b1f6fbf929c479b598c7da357ac305393652122\"},{\"type\":\"question\",\"name\":\"qf40a33fb4f59f358eb9882fc68cbbfc6412e31ff\"},{\"type\":\"question\",\"name\":\"qa6b7348221e49157b952885a220eed18efeae4f7\"},{\"type\":\"question\",\"name\":\"q74ca1d89d823dbde99eb851b55ae171e81ae6a67\"},{\"type\":\"question\",\"name\":\"qdfc8bb15c8ed46de5936d372f7a1138582b7f96e\"},{\"type\":\"question\",\"name\":\"qf4634b925fbd67cfc7bc33bea5ef51cd40277af4\"},{\"type\":\"question\",\"name\":\"q69643b13728ed5c5a8060943c4e0c1da746d0981\"},{\"type\":\"question\",\"name\":\"q230dfda4cd949295d5d7427bc0a21d6f4e4b821a\"},{\"type\":\"question\",\"name\":\"qfdb0fedd6bcf28ebcf341ea97521e4418848de7c\"},{\"type\":\"question\",\"name\":\"qfe27c0b2be7cdf804505b0d5e21766c043212be3\"},{\"type\":\"question\",\"name\":\"q68352c861462e04f3d801fb90ba7479cf6d04dfa\"},{\"type\":\"question\",\"name\":\"q92eefa4a99d57a6d75d0a4431cf8211dd4079b3d\"},{\"type\":\"question\",\"name\":\"q720eb65c37589cb1387ab0d3671624f2ca6e97d5\"},{\"type\":\"question\",\"name\":\"q4134994ac42985f78ed403d813fdf9f8b782d59b\"}]","questions":{"0":{"name":"q86bfad0cded124f48b9fb2566c211bd281ddd63a","text":"Aerosol revealer","guid":"Jadu\\XFormsPro\\Bundle\\StandardFormComponentBundle\\Component\\HiddenField\\HiddenFieldComponent","settings":[{"name":"value","value":"no"}]},"1":{"name":"qf8b164255cfa605ad6cb3aac9b2093f1ac5cdc76","text":"Priority","guid":"Jadu\\XFormsPro\\Bundle\\StandardFormComponentBundle\\Component\\HiddenField\\HiddenFieldComponent","settings":[{"name":"value","value":"manual"}]},"2":{"name":"qfcfa7e9e4620882cec1cc42297e30aaae6a15342","text":"Size","guid":"Jadu\\XFormsPro\\Bundle\\StandardFormComponentBundle\\Component\\HiddenField\\HiddenFieldComponent","settings":[{"name":"value","value":"manual"}]},"4":{"name":"qfc7b89963450f86dc123bcdf100b4f10ac79ab20","text":"Surgical face mask - number of days stock in place","guid":"Jadu\\XFormsPro\\Bundle\\StandardFormComponentBundle\\Component\\RadioButtons\\RadioButtonsComponent","settings":[{"name":"required","value":"true"},{"name":"answers","value":"[{\"value\":\"7_days\",\"text\":\">7 days\",\"data\":\"\",\"internal\":false},{\"value\":\"3-7_days\",\"text\":\"3-7 days\",\"data\":\"\",\"internal\":false},{\"value\":\"1_or_2_days\",\"text\":\"1 or 2 days\",\"data\":\"\",\"internal\":false},{\"value\":\"na\",\"text\":\"n\/a\",\"data\":\"\",\"internal\":false}]"}]},"5":{"name":"q3b1f6fbf929c479b598c7da357ac305393652122","text":"Surgical face mask - actual stock in place","guid":"Jadu\\XFormsPro\\Bundle\\StandardFormComponentBundle\\Component\\TextField\\TextFieldComponent","settings":[{"name":"validation","value":"3"}]},"6":{"name":"qf40a33fb4f59f358eb9882fc68cbbfc6412e31ff","text":"Suggested pack size - surgical face mask","guid":"Jadu\\XFormsPro\\Bundle\\StandardFormComponentBundle\\Component\\HiddenField\\HiddenFieldComponent","settings":[{"name":"value","value":"manual"}]},"7":{"name":"qa6b7348221e49157b952885a220eed18efeae4f7","text":"Eye protectors - number of days stock","guid":"Jadu\\XFormsPro\\Bundle\\StandardFormComponentBundle\\Component\\RadioButtons\\RadioButtonsComponent","settings":[{"name":"required","value":"true"},{"name":"answers","value":"[{\"value\":\"7_days\",\"text\":\">7 days\",\"data\":\"\",\"internal\":false},{\"value\":\"3-7_days\",\"text\":\"3-7 days\",\"data\":\"\",\"internal\":false},{\"value\":\"1_or_2_days\",\"text\":\"1 or 2 days\",\"data\":\"\",\"internal\":false},{\"value\":\"na\",\"text\":\"n\/a\",\"data\":\"\",\"internal\":false}]"}]},"8":{"name":"q74ca1d89d823dbde99eb851b55ae171e81ae6a67","text":"Eye protectors - actual stock","guid":"Jadu\\XFormsPro\\Bundle\\StandardFormComponentBundle\\Component\\TextField\\TextFieldComponent","settings":[{"name":"validation","value":"3"},{"name":"help","value":"Count as 1 set if separate frames and lens"}]},"9":{"name":"qdfc8bb15c8ed46de5936d372f7a1138582b7f96e","text":"Suggested pack size - eye protectors","guid":"Jadu\\XFormsPro\\Bundle\\StandardFormComponentBundle\\Component\\HiddenField\\HiddenFieldComponent","settings":[{"name":"value","value":"manual"}]},"10":{"name":"qf4634b925fbd67cfc7bc33bea5ef51cd40277af4","text":"Apron - number of days stock","guid":"Jadu\\XFormsPro\\Bundle\\StandardFormComponentBundle\\Component\\RadioButtons\\RadioButtonsComponent","settings":[{"name":"required","value":"true"},{"name":"answers","value":"[{\"value\":\"7_days\",\"text\":\">7 days\",\"data\":\"\",\"internal\":false},{\"value\":\"3-7_days\",\"text\":\"3-7 days\",\"data\":\"\",\"internal\":false},{\"value\":\"1_or_2_days\",\"text\":\"1 or 2 days\",\"data\":\"\",\"internal\":false},{\"value\":\"na\",\"text\":\"n\/a\",\"data\":\"\",\"internal\":false}]"}]},"11":{"name":"q69643b13728ed5c5a8060943c4e0c1da746d0981","text":"Apron - actual stock","guid":"Jadu\\XFormsPro\\Bundle\\StandardFormComponentBundle\\Component\\TextField\\TextFieldComponent","settings":[{"name":"validation","value":"3"},{"name":"help","value":"Clear or white"}]},"12":{"name":"q230dfda4cd949295d5d7427bc0a21d6f4e4b821a","text":"Suggested pack size - apron","guid":"Jadu\\XFormsPro\\Bundle\\StandardFormComponentBundle\\Component\\HiddenField\\HiddenFieldComponent","settings":[{"name":"value","value":"manual"}]},"13":{"name":"qfdb0fedd6bcf28ebcf341ea97521e4418848de7c","text":"Gloves - number of days stock","guid":"Jadu\\XFormsPro\\Bundle\\StandardFormComponentBundle\\Component\\RadioButtons\\RadioButtonsComponent","settings":[{"name":"required","value":"true"},{"name":"answers","value":"[{\"value\":\"7_days\",\"text\":\">7 days\",\"data\":\"\",\"internal\":false},{\"value\":\"3-7_days\",\"text\":\"3-7 days\",\"data\":\"\",\"internal\":false},{\"value\":\"1_or_2_days\",\"text\":\"1 or 2 days\",\"data\":\"\",\"internal\":false},{\"value\":\"na\",\"text\":\"n\/a\",\"data\":\"\",\"internal\":false}]"}]},"14":{"name":"qfe27c0b2be7cdf804505b0d5e21766c043212be3","text":"Gloves - actual stock","guid":"Jadu\\XFormsPro\\Bundle\\StandardFormComponentBundle\\Component\\TextField\\TextFieldComponent","settings":[{"name":"validation","value":"3"},{"name":"help","value":"Any nitrile glove"}]},"15":{"name":"q68352c861462e04f3d801fb90ba7479cf6d04dfa","text":"Suggested pack size - gloves","guid":"Jadu\\XFormsPro\\Bundle\\StandardFormComponentBundle\\Component\\HiddenField\\HiddenFieldComponent","settings":[{"name":"value","value":"manual"}]},"16":{"name":"q92eefa4a99d57a6d75d0a4431cf8211dd4079b3d","text":"Alcohol gel - number of days stock","guid":"Jadu\\XFormsPro\\Bundle\\StandardFormComponentBundle\\Component\\RadioButtons\\RadioButtonsComponent","settings":[{"name":"required","value":"true"},{"name":"answers","value":"[{\"value\":\"7_days\",\"text\":\">7 days\",\"data\":\"\",\"internal\":false},{\"value\":\"3-7_days\",\"text\":\"3-7 days\",\"data\":\"\",\"internal\":false},{\"value\":\"1_or_2_days\",\"text\":\"1 or 2 days\",\"data\":\"\",\"internal\":false},{\"value\":\"na\",\"text\":\"n\/a\",\"data\":\"\",\"internal\":false}]"}]},"17":{"name":"q720eb65c37589cb1387ab0d3671624f2ca6e97d5","text":"Alcohol gel - actual stock","guid":"Jadu\\XFormsPro\\Bundle\\StandardFormComponentBundle\\Component\\TextField\\TextFieldComponent","settings":[{"name":"validation","value":"3"}]},"18":{"name":"q4134994ac42985f78ed403d813fdf9f8b782d59b","text":"Suggested pack size - alcohol gel","guid":"Jadu\\XFormsPro\\Bundle\\StandardFormComponentBundle\\Component\\HiddenField\\HiddenFieldComponent","settings":[{"name":"value","value":"manual"}]}},"clauseType":null,"data":null}]}}