{"id":742,"isFormSpecific":true,"version":{"metadata":{"id":1976,"title":"Provider details (733)","instructions":""},"sections":[{"name":"s743490aa5de22fd53cbaeb7fda7137ab331f4c17","title":"Care homes","showTitle":false,"hideInitially":false,"triggerQuestionName":null,"triggerQuestionSecondaryField":null,"triggerQuestionSection":null,"triggerOperator":null,"triggerAnswerValue":null,"isRepeatableQuestion":false,"repeatableQuestionSettings":[],"structure":"[{\"type\":\"question\",\"name\":\"q39c2a7aeda45c29ce58bb1b22009c06d42a97073\"}]","questions":[{"name":"q39c2a7aeda45c29ce58bb1b22009c06d42a97073","text":"Care homes","guid":"Jadu\\XFormsPro\\Bundle\\StandardFormComponentBundle\\Component\\TextBlock\\TextBlockComponent","settings":[{"name":"value","value":"<p>Note - <strong>Care Homes<\/strong> should request PPE via the Birmingham Community Healthcare NHS Trust by sending an email to&nbsp;<a href=\"mailto:COVID-19.PPE@bhamcommunity.nhs.uk?subject=Emergency%20PPE%20order\">COVID-19.PPE@bhamcommunity.nhs.uk<\/a>&nbsp;<\/p>"}]}],"clauseType":null,"data":null},{"name":"sc38b4a90ff1015028c4fb652c071b74dad5711df","title":"Address not found","showTitle":true,"hideInitially":true,"triggerQuestionName":"qf8d350849645cd86ab8deeff989b1213a6a258eb","triggerQuestionSecondaryField":"data_1_0","triggerQuestionSection":"main","triggerOperator":"equal","triggerAnswerValue":"0","isRepeatableQuestion":false,"repeatableQuestionSettings":[],"structure":"[{\"type\":\"question\",\"name\":\"q9b367645c4cb5c81943aee208268013bc53eb84c\"}]","questions":[{"name":"q9b367645c4cb5c81943aee208268013bc53eb84c","text":"Your address","guid":"Jadu\\XFormsPro\\Bundle\\StandardFormComponentBundle\\Component\\TextArea\\TextAreaComponent","settings":[{"name":"required","value":"true"},{"name":"rows","value":"4"},{"name":"cols","value":"40"}]}],"clauseType":null,"data":null},{"name":"main","title":"main","showTitle":null,"hideInitially":null,"triggerQuestionName":null,"triggerQuestionSecondaryField":null,"triggerQuestionSection":null,"triggerOperator":null,"triggerAnswerValue":null,"isRepeatableQuestion":null,"repeatableQuestionSettings":[],"structure":"[{\"type\":\"question\",\"name\":\"q27fce78406fecde16015a1fe3ce944c4f2144c4d\"},{\"type\":\"question\",\"name\":\"qbfd6485aaaf8593b55104b312ae7dfb360e86fc7\"},{\"type\":\"question\",\"name\":\"qcba1d2af10a261cd545c9eed8bcc468241dd99cf\"},{\"type\":\"section\",\"name\":\"s743490aa5de22fd53cbaeb7fda7137ab331f4c17\"},{\"type\":\"question\",\"name\":\"q42dbecc2a9898e4ab237d29f001d1e96e1673651\"},{\"type\":\"question\",\"name\":\"q8c87567bad9f63b6cb5ef8f75e4352005fed2038\"},{\"type\":\"question\",\"name\":\"qf8d350849645cd86ab8deeff989b1213a6a258eb\"},{\"type\":\"section\",\"name\":\"sc38b4a90ff1015028c4fb652c071b74dad5711df\"},{\"type\":\"question\",\"name\":\"qf92b0add70916d3cf7f15bdc18273b07ccd4b71d\"},{\"type\":\"question\",\"name\":\"q8615f47a0b21a1d85280ff750aad0cc2cdbefc20\"},{\"type\":\"question\",\"name\":\"qdf96f8d07440e86e9250f791a74fde6cef746ed1\"},{\"type\":\"question\",\"name\":\"qd2fa2e9888c766c9b29f91d2b4e1db6bccb22491\"},{\"type\":\"question\",\"name\":\"qb8be15625fc65610ea42419c7cefa61e0a07ee18\"},{\"type\":\"question\",\"name\":\"qc6a41fee13b4af0cf2c5145de71844912b48dee1\"},{\"type\":\"question\",\"name\":\"qdfab1402635631b48239a4bdb76b67cf07f2c3ba\"},{\"type\":\"question\",\"name\":\"qfcf2fef54849352677ddca363cdc243df90aaa0f\"},{\"type\":\"question\",\"name\":\"q237a4874e686dca0924895d529f7732060acd1c9\"}]","questions":{"0":{"name":"q27fce78406fecde16015a1fe3ce944c4f2144c4d","text":"Date submitted","guid":"Jadu\\XFormsPro\\Bundle\\StandardFormComponentBundle\\Component\\HiddenField\\HiddenFieldComponent","settings":[{"name":"value","value":""}]},"1":{"name":"qbfd6485aaaf8593b55104b312ae7dfb360e86fc7","text":"Provider name","guid":"Jadu\\XFormsPro\\Bundle\\StandardFormComponentBundle\\Component\\TextField\\TextFieldComponent","settings":[{"name":"required","value":"true"}]},"2":{"name":"qcba1d2af10a261cd545c9eed8bcc468241dd99cf","text":"CQC location ID (if appropriate)","guid":"Jadu\\XFormsPro\\Bundle\\StandardFormComponentBundle\\Component\\TextField\\TextFieldComponent","settings":[{"name":"help","value":"Format 1-1 followed by 8 or 9 digits"}]},"4":{"name":"q42dbecc2a9898e4ab237d29f001d1e96e1673651","text":"Provider type","guid":"Jadu\\XFormsPro\\Bundle\\StandardFormComponentBundle\\Component\\RadioButtons\\RadioButtonsComponent","settings":[{"name":"required","value":"true"},{"name":"answers","value":"[{\"value\":\"domiciliary_care\",\"text\":\"Domiciliary Care\",\"data\":\"\",\"internal\":false},{\"value\":\"education_and_related\",\"text\":\"Education and related\",\"data\":\"\",\"internal\":false},{\"value\":\"funeral_director\",\"text\":\"Funeral director\",\"data\":\"\",\"internal\":false},{\"value\":\"personal_assistant\",\"text\":\"Personal Assistant\",\"data\":\"\",\"internal\":false},{\"value\":\"shared_lives\",\"text\":\"Shared Lives\",\"data\":\"\",\"internal\":false},{\"value\":\"supported_housing_provider\",\"text\":\"Supported housing provider\",\"data\":\"\",\"internal\":false},{\"value\":\"supported_living\",\"text\":\"Supported Living\",\"data\":\"\",\"internal\":false},{\"value\":\"other_adult_social_care\",\"text\":\"Other adult social care\",\"data\":\"\",\"internal\":false},{\"value\":\"other_childrens_social_care\",\"text\":\"Other childrens social care\",\"data\":\"\",\"internal\":false},{\"value\":\"other_housing_provider\",\"text\":\"Other housing provider\",\"data\":\"\",\"internal\":false},{\"value\":\"other\",\"text\":\"Other\",\"data\":\"\",\"internal\":false}]"}]},"5":{"name":"q8c87567bad9f63b6cb5ef8f75e4352005fed2038","text":"If Other please provide details","guid":"Jadu\\XFormsPro\\Bundle\\StandardFormComponentBundle\\Component\\TextArea\\TextAreaComponent","settings":[{"name":"rows","value":"6"},{"name":"cols","value":"40"}]},"6":{"name":"qf8d350849645cd86ab8deeff989b1213a6a258eb","text":"Address","guid":"Jadu\\XFormsPro\\Bundle\\StandardFormComponentBundle\\Component\\IntegratedComponent\\IntegratedComponent","settings":[{"name":"required","value":"true"},{"name":"type","value":"5c49c7f90a0e3d59b0a8cf70326808ac4ed67804"}]},"8":{"name":"qf92b0add70916d3cf7f15bdc18273b07ccd4b71d","text":"Contact name","guid":"Jadu\\XFormsPro\\Bundle\\StandardFormComponentBundle\\Component\\TextField\\TextFieldComponent","settings":[{"name":"required","value":"true"}]},"9":{"name":"q8615f47a0b21a1d85280ff750aad0cc2cdbefc20","text":"Telephone number","guid":"Jadu\\XFormsPro\\Bundle\\StandardFormComponentBundle\\Component\\TextField\\TextFieldComponent","settings":[{"name":"validation","value":"7"},{"name":"required","value":"true"}]},"10":{"name":"qdf96f8d07440e86e9250f791a74fde6cef746ed1","text":"Email address","guid":"Jadu\\XFormsPro\\Bundle\\StandardFormComponentBundle\\Component\\TextField\\TextFieldComponent","settings":[{"name":"validation","value":"4"},{"name":"required","value":"true"}]},"11":{"name":"qd2fa2e9888c766c9b29f91d2b4e1db6bccb22491","text":"Have you exhausted all suppliers from the national List of Distributors?","guid":"Jadu\\XFormsPro\\Bundle\\StandardFormComponentBundle\\Component\\RadioButtons\\RadioButtonsComponent","settings":[{"name":"default","value":"no"},{"name":"answers","value":"[{\"value\":\"yes\",\"text\":\"Yes\",\"data\":\"\",\"internal\":false},{\"value\":\"no\",\"text\":\"No\",\"data\":\"\",\"internal\":false}]"}]},"12":{"name":"qb8be15625fc65610ea42419c7cefa61e0a07ee18","text":"Number of citizens supported","guid":"Jadu\\XFormsPro\\Bundle\\StandardFormComponentBundle\\Component\\TextField\\TextFieldComponent","settings":[{"name":"required","value":"true"}]},"13":{"name":"qc6a41fee13b4af0cf2c5145de71844912b48dee1","text":"Number of daily staff on shift","guid":"Jadu\\XFormsPro\\Bundle\\StandardFormComponentBundle\\Component\\TextField\\TextFieldComponent","settings":[]},"14":{"name":"qdfab1402635631b48239a4bdb76b67cf07f2c3ba","text":"Number of confirmed COVID citizens","guid":"Jadu\\XFormsPro\\Bundle\\StandardFormComponentBundle\\Component\\TextField\\TextFieldComponent","settings":[]},"15":{"name":"qfcf2fef54849352677ddca363cdc243df90aaa0f","text":"Number of suspected COVID citizens","guid":"Jadu\\XFormsPro\\Bundle\\StandardFormComponentBundle\\Component\\TextField\\TextFieldComponent","settings":[]},"16":{"name":"q237a4874e686dca0924895d529f7732060acd1c9","text":"Any Aerosol Generating Procedures?","guid":"Jadu\\XFormsPro\\Bundle\\StandardFormComponentBundle\\Component\\RadioButtons\\RadioButtonsComponent","settings":[{"name":"default","value":"no"},{"name":"answers","value":"[{\"value\":\"yes\",\"text\":\"Yes\",\"data\":\"\",\"internal\":false},{\"value\":\"no\",\"text\":\"No\",\"data\":\"\",\"internal\":false}]"}]}},"clauseType":null,"data":null}]}}