{"import_id":null,"import_version":2,"imported_resource":{"alertEmailTemplate_keys":{"alert-email-template::case-type::covid-19-volunteers::n1-thank-you-email":{"identifier":"n1-thank-you-email","label":"N1 Thank you email","resource_type":"alert-email-template","scope_key":{"identifier":"covid-19-volunteers","label":"COVID-19 Volunteers","resource_type":"case-type","scope_key":null}}},"auto_assign_users":false,"case_limits":{"primary-address":null},"case_type_group_key":null,"default":false,"form_keys":{"case-form::case-type::covid-19-volunteers::new-covid-19-volunteers":{"identifier":"new-covid-19-volunteers","label":"New COVID 19 Volunteers","resource_type":"case-form","scope_key":{"identifier":"covid-19-volunteers","label":"COVID-19 Volunteers","resource_type":"case-type","scope_key":null}},"case-form::case-type::covid-19-volunteers::edit-covid-19-volunteers":{"identifier":"edit-covid-19-volunteers","label":"Edit COVID 19 Volunteers","resource_type":"case-form","scope_key":{"identifier":"covid-19-volunteers","label":"COVID-19 Volunteers","resource_type":"case-type","scope_key":null}}},"key":{"identifier":"covid-19-volunteers","label":"COVID-19 Volunteers","resource_type":"case-type","scope_key":null},"personal_data_redaction":true,"reference_format":"COV%'06d","rule_keys":{"rule::case-type::covid-19-volunteers::29943":{"identifier":"29943","label":"R99 Retention Date","resource_type":"rule","scope_key":{"identifier":"covid-19-volunteers","label":"COVID-19 Volunteers","resource_type":"case-type","scope_key":null}},"rule::case-type::covid-19-volunteers::30615":{"identifier":"30615","label":"Send thank you email on case creation","resource_type":"rule","scope_key":{"identifier":"covid-19-volunteers","label":"COVID-19 Volunteers","resource_type":"case-type","scope_key":null}},"rule::case-type::covid-19-volunteers::30632":{"identifier":"30632","label":"Send thank you email to all","resource_type":"rule","scope_key":{"identifier":"covid-19-volunteers","label":"COVID-19 Volunteers","resource_type":"case-type","scope_key":null}}},"status_keys":{"case-status::case-type::covid-19-volunteers::submitted":{"identifier":"submitted","label":"Submitted","resource_type":"case-status","scope_key":{"identifier":"covid-19-volunteers","label":"COVID-19 Volunteers","resource_type":"case-type","scope_key":null}},"case-status::case-type::covid-19-volunteers::closed":{"identifier":"closed","label":"Closed","resource_type":"case-status","scope_key":{"identifier":"covid-19-volunteers","label":"COVID-19 Volunteers","resource_type":"case-type","scope_key":null}}},"transition_keys":{"case-transition::case-type::covid-19-volunteers::close-case":{"identifier":"close-case","label":"Close case","resource_type":"case-transition","scope_key":{"identifier":"covid-19-volunteers","label":"COVID-19 Volunteers","resource_type":"case-type","scope_key":null}}}},"mappings":{"items":[]},"resources":{"items":{"case-status::case-type::covid-19-volunteers::submitted":{"key":{"identifier":"submitted","label":"Submitted","resource_type":"case-status","scope_key":{"identifier":"covid-19-volunteers","label":"COVID-19 Volunteers","resource_type":"case-type","scope_key":null}},"label_colour":"2670e7","label_font_colour":"ffffff","type":"initial"},"case-status::case-type::covid-19-volunteers::closed":{"key":{"identifier":"closed","label":"Closed","resource_type":"case-status","scope_key":{"identifier":"covid-19-volunteers","label":"COVID-19 Volunteers","resource_type":"case-type","scope_key":null}},"label_colour":"de2a01","label_font_colour":"ffffff","type":"final"},"case-field::sys_first_name":{"allowed_privilege_level_keys":[],"allowed_to_all_privilege_levels":true,"encrypted":false,"redactable":true,"key":{"identifier":"sys_first_name","label":"SYS First name","resource_type":"case-field","scope_key":null},"position":0,"type":"text"},"case-field::sys_last_name":{"allowed_privilege_level_keys":[],"allowed_to_all_privilege_levels":true,"encrypted":false,"redactable":true,"key":{"identifier":"sys_last_name","label":"SYS Last name","resource_type":"case-field","scope_key":null},"position":0,"type":"text"},"alert-email-template::case-type::covid-19-volunteers::n1-thank-you-email":{"date_definition_keys":[],"field_keys":{"case-field::sys_first_name":{"identifier":"sys_first_name","label":"SYS First name","resource_type":"case-field","scope_key":null},"case-field::sys_last_name":{"identifier":"sys_last_name","label":"SYS Last name","resource_type":"case-field","scope_key":null}},"html_body":"<p>Dear&nbsp;<!--cxm-snippet-->{{ case.values.sys_first_name.value}}<!--\/cxm-snippet-->&nbsp;<!--cxm-snippet-->{{ case.values.sys_last_name.value}}<!--\/cxm-snippet--><\/p><p>Thank you for registering your interest in volunteering to help those affected by the Covid19 situation.&nbsp;<\/p><p>Your contact details and offer of support have been forwarded to the relevant colleague or partner organisation and they will shortly be in contact with you.<\/p><p>Thank you once again for your support.<\/p><p>Kind regards<\/p><p>Central Bedfordshire Council<\/p><p>Community Engagement &nbsp;Team<\/p>","key":{"identifier":"n1-thank-you-email","label":"N1 Thank you email","resource_type":"alert-email-template","scope_key":{"identifier":"covid-19-volunteers","label":"COVID-19 Volunteers","resource_type":"case-type","scope_key":null}},"subject":"Thank you for volunteering"},"case-field::age":{"allowed_privilege_level_keys":[],"allowed_to_all_privilege_levels":true,"encrypted":false,"redactable":false,"key":{"identifier":"age","label":"Age","resource_type":"case-field","scope_key":null},"position":0,"type":"text"},"case-field::sys_email_address":{"allowed_privilege_level_keys":[],"allowed_to_all_privilege_levels":true,"encrypted":false,"redactable":true,"key":{"identifier":"sys_email_address","label":"SYS Email address","resource_type":"case-field","scope_key":null},"position":0,"type":"email"},"case-field::sys_telephone_number":{"allowed_privilege_level_keys":[],"allowed_to_all_privilege_levels":true,"encrypted":false,"redactable":true,"key":{"identifier":"sys_telephone_number","label":"SYS Telephone number","resource_type":"case-field","scope_key":null},"position":0,"type":"text"},"case-field::address_from_postcode":{"allowed_privilege_level_keys":[],"allowed_to_all_privilege_levels":true,"encrypted":true,"redactable":true,"key":{"identifier":"address_from_postcode","label":"Address from postcode","resource_type":"case-field","scope_key":null},"position":0,"type":"textarea"},"case-field::do_you_have_a_dbs_check":{"allowed_privilege_level_keys":[],"allowed_to_all_privilege_levels":true,"encrypted":false,"redactable":false,"key":{"identifier":"do_you_have_a_dbs_check","label":"Do you have a DBS check?","resource_type":"case-field","scope_key":null},"position":0,"type":"text"},"case-field::expiry_date_of_dbs":{"allowed_privilege_level_keys":[],"allowed_to_all_privilege_levels":true,"encrypted":false,"redactable":false,"key":{"identifier":"expiry_date_of_dbs","label":"Expiry date of DBS","resource_type":"case-field","scope_key":null},"position":0,"type":"date"},"case-field::driving_license":{"allowed_privilege_level_keys":[],"allowed_to_all_privilege_levels":true,"encrypted":false,"redactable":false,"key":{"identifier":"driving_license","label":"Driving License","resource_type":"case-field","scope_key":null},"position":15,"type":"textarea"},"case-field::do_you_have_a_car_and_would_be_willing_to_drive":{"allowed_privilege_level_keys":[],"allowed_to_all_privilege_levels":true,"encrypted":false,"redactable":false,"key":{"identifier":"do_you_have_a_car_and_would_be_willing_to_drive","label":"Do you have a car and would be willing to drive?","resource_type":"case-field","scope_key":null},"position":0,"type":"text"},"choice::case-field::how_would_you_be_willing_to_help_1::check-in-via-phone":{"disabled":false,"key":{"identifier":"check-in-via-phone","label":"Check in via phone","resource_type":"choice","scope_key":{"identifier":"how_would_you_be_willing_to_help_1","label":"How would you be willing to help?","resource_type":"case-field","scope_key":null}},"value":"phone"},"choice::case-field::how_would_you_be_willing_to_help_1::help-a-vulnerable-person-with-practicalities":{"disabled":false,"key":{"identifier":"help-a-vulnerable-person-with-practicalities","label":"Help a vulnerable person with practicalities","resource_type":"choice","scope_key":{"identifier":"how_would_you_be_willing_to_help_1","label":"How would you be willing to help?","resource_type":"case-field","scope_key":null}},"value":"practicalities"},"choice::case-field::how_would_you_be_willing_to_help_1::help-a-vulnerable-person-with-home-help":{"disabled":false,"key":{"identifier":"help-a-vulnerable-person-with-home-help","label":"Help a vulnerable person with home help","resource_type":"choice","scope_key":{"identifier":"how_would_you_be_willing_to_help_1","label":"How would you be willing to help?","resource_type":"case-field","scope_key":null}},"value":"home_help"},"choice::case-field::how_would_you_be_willing_to_help_1::support-my-neighbours-in-general-ways":{"disabled":false,"key":{"identifier":"support-my-neighbours-in-general-ways","label":"Support my neighbours in general ways","resource_type":"choice","scope_key":{"identifier":"how_would_you_be_willing_to_help_1","label":"How would you be willing to help?","resource_type":"case-field","scope_key":null}},"value":"general_ways"},"choice::case-field::how_would_you_be_willing_to_help_1::adding-capacity-to-key-services":{"disabled":false,"key":{"identifier":"adding-capacity-to-key-services","label":"Adding capacity to key services","resource_type":"choice","scope_key":{"identifier":"how_would_you_be_willing_to_help_1","label":"How would you be willing to help?","resource_type":"case-field","scope_key":null}},"value":"key_services"},"choice::case-field::how_would_you_be_willing_to_help_1::other":{"disabled":false,"key":{"identifier":"other","label":"Assist in another way","resource_type":"choice","scope_key":{"identifier":"how_would_you_be_willing_to_help_1","label":"How would you be willing to help?","resource_type":"case-field","scope_key":null}},"value":"assist_in_another_way"},"case-field::how_would_you_be_willing_to_help_1":{"allowed_privilege_level_keys":[],"allowed_to_all_privilege_levels":true,"encrypted":false,"redactable":false,"key":{"identifier":"how_would_you_be_willing_to_help_1","label":"How would you be willing to help?","resource_type":"case-field","scope_key":null},"position":0,"choice_keys":[],"default_choice_keys":[],"expanded":true,"exported_choices":{"choice::case-field::how_would_you_be_willing_to_help_1::check-in-via-phone":{"disabled":false,"key":{"identifier":"check-in-via-phone","label":"Check in via phone","resource_type":"choice","scope_key":{"identifier":"how_would_you_be_willing_to_help_1","label":"How would you be willing to help?","resource_type":"case-field","scope_key":null}},"value":"phone"},"choice::case-field::how_would_you_be_willing_to_help_1::help-a-vulnerable-person-with-practicalities":{"disabled":false,"key":{"identifier":"help-a-vulnerable-person-with-practicalities","label":"Help a vulnerable person with practicalities","resource_type":"choice","scope_key":{"identifier":"how_would_you_be_willing_to_help_1","label":"How would you be willing to help?","resource_type":"case-field","scope_key":null}},"value":"practicalities"},"choice::case-field::how_would_you_be_willing_to_help_1::help-a-vulnerable-person-with-home-help":{"disabled":false,"key":{"identifier":"help-a-vulnerable-person-with-home-help","label":"Help a vulnerable person with home help","resource_type":"choice","scope_key":{"identifier":"how_would_you_be_willing_to_help_1","label":"How would you be willing to help?","resource_type":"case-field","scope_key":null}},"value":"home_help"},"choice::case-field::how_would_you_be_willing_to_help_1::support-my-neighbours-in-general-ways":{"disabled":false,"key":{"identifier":"support-my-neighbours-in-general-ways","label":"Support my neighbours in general ways","resource_type":"choice","scope_key":{"identifier":"how_would_you_be_willing_to_help_1","label":"How would you be willing to help?","resource_type":"case-field","scope_key":null}},"value":"general_ways"},"choice::case-field::how_would_you_be_willing_to_help_1::adding-capacity-to-key-services":{"disabled":false,"key":{"identifier":"adding-capacity-to-key-services","label":"Adding capacity to key services","resource_type":"choice","scope_key":{"identifier":"how_would_you_be_willing_to_help_1","label":"How would you be willing to help?","resource_type":"case-field","scope_key":null}},"value":"key_services"},"choice::case-field::how_would_you_be_willing_to_help_1::other":{"disabled":false,"key":{"identifier":"other","label":"Assist in another way","resource_type":"choice","scope_key":{"identifier":"how_would_you_be_willing_to_help_1","label":"How would you be willing to help?","resource_type":"case-field","scope_key":null}},"value":"assist_in_another_way"}},"exported_default_choices":[],"multiple":true,"type":"choice"},"case-field::volunteer_support_further_information":{"allowed_privilege_level_keys":[],"allowed_to_all_privilege_levels":true,"encrypted":true,"redactable":true,"key":{"identifier":"volunteer_support_further_information","label":"Volunteer support further information","resource_type":"case-field","scope_key":null},"position":0,"type":"textarea"},"choice::case-field::where_are_you_able_to_volunteer::working-from-home":{"disabled":false,"key":{"identifier":"working-from-home","label":"Working from home","resource_type":"choice","scope_key":{"identifier":"where_are_you_able_to_volunteer","label":"Where are you able to volunteer","resource_type":"case-field","scope_key":null}},"value":"working_from_home"},"choice::case-field::where_are_you_able_to_volunteer::your-street-or-surrounding-roads":{"disabled":false,"key":{"identifier":"your-street-or-surrounding-roads","label":"Your street or surrounding roads","resource_type":"choice","scope_key":{"identifier":"where_are_you_able_to_volunteer","label":"Where are you able to volunteer","resource_type":"case-field","scope_key":null}},"value":"surrounding_roads"},"choice::case-field::where_are_you_able_to_volunteer::your-wider-neighbourhood-town-or-village":{"disabled":false,"key":{"identifier":"your-wider-neighbourhood-town-or-village","label":"Your wider neighbourhood, town or village","resource_type":"choice","scope_key":{"identifier":"where_are_you_able_to_volunteer","label":"Where are you able to volunteer","resource_type":"case-field","scope_key":null}},"value":"wider_neighbourhood"},"choice::case-field::where_are_you_able_to_volunteer::surrounding-towns-or-villages-to-my-own":{"disabled":false,"key":{"identifier":"surrounding-towns-or-villages-to-my-own","label":"Surrounding towns or villages to my own","resource_type":"choice","scope_key":{"identifier":"where_are_you_able_to_volunteer","label":"Where are you able to volunteer","resource_type":"case-field","scope_key":null}},"value":"towns_or_villages"},"choice::case-field::where_are_you_able_to_volunteer::anywhere-within-central-bedfordshire":{"disabled":false,"key":{"identifier":"anywhere-within-central-bedfordshire","label":"Anywhere within Central Bedfordshire","resource_type":"choice","scope_key":{"identifier":"where_are_you_able_to_volunteer","label":"Where are you able to volunteer","resource_type":"case-field","scope_key":null}},"value":"anywhere"},"case-field::where_are_you_able_to_volunteer":{"allowed_privilege_level_keys":[],"allowed_to_all_privilege_levels":true,"encrypted":false,"redactable":true,"key":{"identifier":"where_are_you_able_to_volunteer","label":"Where are you able to volunteer","resource_type":"case-field","scope_key":null},"position":0,"choice_keys":[],"default_choice_keys":[],"expanded":true,"exported_choices":{"choice::case-field::where_are_you_able_to_volunteer::working-from-home":{"disabled":false,"key":{"identifier":"working-from-home","label":"Working from home","resource_type":"choice","scope_key":{"identifier":"where_are_you_able_to_volunteer","label":"Where are you able to volunteer","resource_type":"case-field","scope_key":null}},"value":"working_from_home"},"choice::case-field::where_are_you_able_to_volunteer::your-street-or-surrounding-roads":{"disabled":false,"key":{"identifier":"your-street-or-surrounding-roads","label":"Your street or surrounding roads","resource_type":"choice","scope_key":{"identifier":"where_are_you_able_to_volunteer","label":"Where are you able to volunteer","resource_type":"case-field","scope_key":null}},"value":"surrounding_roads"},"choice::case-field::where_are_you_able_to_volunteer::your-wider-neighbourhood-town-or-village":{"disabled":false,"key":{"identifier":"your-wider-neighbourhood-town-or-village","label":"Your wider neighbourhood, town or village","resource_type":"choice","scope_key":{"identifier":"where_are_you_able_to_volunteer","label":"Where are you able to volunteer","resource_type":"case-field","scope_key":null}},"value":"wider_neighbourhood"},"choice::case-field::where_are_you_able_to_volunteer::surrounding-towns-or-villages-to-my-own":{"disabled":false,"key":{"identifier":"surrounding-towns-or-villages-to-my-own","label":"Surrounding towns or villages to my own","resource_type":"choice","scope_key":{"identifier":"where_are_you_able_to_volunteer","label":"Where are you able to volunteer","resource_type":"case-field","scope_key":null}},"value":"towns_or_villages"},"choice::case-field::where_are_you_able_to_volunteer::anywhere-within-central-bedfordshire":{"disabled":false,"key":{"identifier":"anywhere-within-central-bedfordshire","label":"Anywhere within Central Bedfordshire","resource_type":"choice","scope_key":{"identifier":"where_are_you_able_to_volunteer","label":"Where are you able to volunteer","resource_type":"case-field","scope_key":null}},"value":"anywhere"}},"exported_default_choices":[],"multiple":true,"type":"choice"},"case-field::do_you_have_access_to_a_telephone":{"allowed_privilege_level_keys":[],"allowed_to_all_privilege_levels":true,"encrypted":false,"redactable":false,"key":{"identifier":"do_you_have_access_to_a_telephone","label":"Do you have access to a telephone?","resource_type":"case-field","scope_key":null},"position":0,"type":"text"},"case-field::do_you_have_access_to_the_internet":{"allowed_privilege_level_keys":[],"allowed_to_all_privilege_levels":true,"encrypted":false,"redactable":false,"key":{"identifier":"do_you_have_access_to_the_internet","label":"Do you have access to the internet?","resource_type":"case-field","scope_key":null},"position":0,"type":"text"},"case-field::towns_and_villages_you_are_able_to_support":{"allowed_privilege_level_keys":[],"allowed_to_all_privilege_levels":true,"encrypted":true,"redactable":true,"key":{"identifier":"towns_and_villages_you_are_able_to_support","label":"Towns and villages you are able to support","resource_type":"case-field","scope_key":null},"position":0,"type":"textarea"},"case-field::sys_channel":{"allowed_privilege_level_keys":[],"allowed_to_all_privilege_levels":true,"encrypted":false,"redactable":false,"key":{"identifier":"sys_channel","label":"SYS Channel","resource_type":"case-field","scope_key":null},"position":null,"type":"text"},"privilege-level::advisor":{"key":{"identifier":"advisor","label":"Advisor","resource_type":"privilege-level","scope_key":null}},"privilege-level::system-administrator":{"key":{"identifier":"system-administrator","label":"System Administrator","resource_type":"privilege-level","scope_key":null}},"case-form::case-type::covid-19-volunteers::new-covid-19-volunteers":{"external_redirects":[{"key":{"identifier":"4536","label":"https:\/\/www.centralbedfordshire.gov.uk\/xfp\/form\/150","resource_type":"case-form-external-redirect","scope_key":null},"privilege_level_keys":{"privilege-level::advisor":{"identifier":"advisor","label":"Advisor","resource_type":"privilege-level","scope_key":null},"privilege-level::system-administrator":{"identifier":"system-administrator","label":"System Administrator","resource_type":"privilege-level","scope_key":null}},"url":"https:\/\/www.centralbedfordshire.gov.uk\/xfp\/form\/150"}],"fields":[{"key":{"identifier":"sys-first-name","label":"SYS First name","resource_type":"case-form-field","scope_key":{"identifier":"new-covid-19-volunteers","label":"New COVID 19 Volunteers","resource_type":"case-form","scope_key":{"identifier":"covid-19-volunteers","label":"COVID-19 Volunteers","resource_type":"case-type","scope_key":null}}},"position":0,"requirement":{"key":{"identifier":"268035","label":"Expression 268035","resource_type":"expression","scope_key":null},"type":"false_expression"},"visibility":null,"field_key":{"identifier":"sys_first_name","label":"SYS First name","resource_type":"case-field","scope_key":null},"type":"case_field"},{"key":{"identifier":"sys-last-name","label":"SYS Last name","resource_type":"case-form-field","scope_key":{"identifier":"new-covid-19-volunteers","label":"New COVID 19 Volunteers","resource_type":"case-form","scope_key":{"identifier":"covid-19-volunteers","label":"COVID-19 Volunteers","resource_type":"case-type","scope_key":null}}},"position":1,"requirement":{"key":{"identifier":"268036","label":"Expression 268036","resource_type":"expression","scope_key":null},"type":"false_expression"},"visibility":null,"field_key":{"identifier":"sys_last_name","label":"SYS Last name","resource_type":"case-field","scope_key":null},"type":"case_field"},{"key":{"identifier":"age","label":"Age","resource_type":"case-form-field","scope_key":{"identifier":"new-covid-19-volunteers","label":"New COVID 19 Volunteers","resource_type":"case-form","scope_key":{"identifier":"covid-19-volunteers","label":"COVID-19 Volunteers","resource_type":"case-type","scope_key":null}}},"position":2,"requirement":{"key":{"identifier":"268037","label":"Expression 268037","resource_type":"expression","scope_key":null},"type":"false_expression"},"visibility":null,"field_key":{"identifier":"age","label":"Age","resource_type":"case-field","scope_key":null},"type":"case_field"},{"key":{"identifier":"sys-email-address","label":"SYS Email address","resource_type":"case-form-field","scope_key":{"identifier":"new-covid-19-volunteers","label":"New COVID 19 Volunteers","resource_type":"case-form","scope_key":{"identifier":"covid-19-volunteers","label":"COVID-19 Volunteers","resource_type":"case-type","scope_key":null}}},"position":3,"requirement":{"key":{"identifier":"268038","label":"Expression 268038","resource_type":"expression","scope_key":null},"type":"false_expression"},"visibility":null,"field_key":{"identifier":"sys_email_address","label":"SYS Email address","resource_type":"case-field","scope_key":null},"type":"case_field"},{"key":{"identifier":"sys-telephone-number","label":"SYS Telephone number","resource_type":"case-form-field","scope_key":{"identifier":"new-covid-19-volunteers","label":"New COVID 19 Volunteers","resource_type":"case-form","scope_key":{"identifier":"covid-19-volunteers","label":"COVID-19 Volunteers","resource_type":"case-type","scope_key":null}}},"position":4,"requirement":{"key":{"identifier":"268039","label":"Expression 268039","resource_type":"expression","scope_key":null},"type":"false_expression"},"visibility":null,"field_key":{"identifier":"sys_telephone_number","label":"SYS Telephone number","resource_type":"case-field","scope_key":null},"type":"case_field"},{"key":{"identifier":"address-from-postcode","label":"Address from postcode","resource_type":"case-form-field","scope_key":{"identifier":"new-covid-19-volunteers","label":"New COVID 19 Volunteers","resource_type":"case-form","scope_key":{"identifier":"covid-19-volunteers","label":"COVID-19 Volunteers","resource_type":"case-type","scope_key":null}}},"position":5,"requirement":{"key":{"identifier":"268040","label":"Expression 268040","resource_type":"expression","scope_key":null},"type":"false_expression"},"visibility":null,"field_key":{"identifier":"address_from_postcode","label":"Address from postcode","resource_type":"case-field","scope_key":null},"type":"case_field"},{"key":{"identifier":"do-you-have-a-dbs-check","label":"Do you have a DBS check?","resource_type":"case-form-field","scope_key":{"identifier":"new-covid-19-volunteers","label":"New COVID 19 Volunteers","resource_type":"case-form","scope_key":{"identifier":"covid-19-volunteers","label":"COVID-19 Volunteers","resource_type":"case-type","scope_key":null}}},"position":6,"requirement":{"key":{"identifier":"268041","label":"Expression 268041","resource_type":"expression","scope_key":null},"type":"false_expression"},"visibility":null,"field_key":{"identifier":"do_you_have_a_dbs_check","label":"Do you have a DBS check?","resource_type":"case-field","scope_key":null},"type":"case_field"},{"key":{"identifier":"expiry-date-of-dbs","label":"Expiry date of DBS","resource_type":"case-form-field","scope_key":{"identifier":"new-covid-19-volunteers","label":"New COVID 19 Volunteers","resource_type":"case-form","scope_key":{"identifier":"covid-19-volunteers","label":"COVID-19 Volunteers","resource_type":"case-type","scope_key":null}}},"position":7,"requirement":{"key":{"identifier":"268042","label":"Expression 268042","resource_type":"expression","scope_key":null},"type":"false_expression"},"visibility":null,"field_key":{"identifier":"expiry_date_of_dbs","label":"Expiry date of DBS","resource_type":"case-field","scope_key":null},"type":"case_field"},{"key":{"identifier":"driving-license","label":"Driving License","resource_type":"case-form-field","scope_key":{"identifier":"new-covid-19-volunteers","label":"New COVID 19 Volunteers","resource_type":"case-form","scope_key":{"identifier":"covid-19-volunteers","label":"COVID-19 Volunteers","resource_type":"case-type","scope_key":null}}},"position":8,"requirement":{"key":{"identifier":"268043","label":"Expression 268043","resource_type":"expression","scope_key":null},"type":"false_expression"},"visibility":null,"field_key":{"identifier":"driving_license","label":"Driving License","resource_type":"case-field","scope_key":null},"type":"case_field"},{"key":{"identifier":"do-you-have-a-car-and-would-be-willing-to-drive","label":"Do you have a car and would be willing to drive?","resource_type":"case-form-field","scope_key":{"identifier":"new-covid-19-volunteers","label":"New COVID 19 Volunteers","resource_type":"case-form","scope_key":{"identifier":"covid-19-volunteers","label":"COVID-19 Volunteers","resource_type":"case-type","scope_key":null}}},"position":9,"requirement":{"key":{"identifier":"268044","label":"Expression 268044","resource_type":"expression","scope_key":null},"type":"false_expression"},"visibility":null,"field_key":{"identifier":"do_you_have_a_car_and_would_be_willing_to_drive","label":"Do you have a car and would be willing to drive?","resource_type":"case-field","scope_key":null},"type":"case_field"},{"key":{"identifier":"how-would-you-be-willing-to-help-1","label":"How would you be willing to help?","resource_type":"case-form-field","scope_key":{"identifier":"new-covid-19-volunteers","label":"New COVID 19 Volunteers","resource_type":"case-form","scope_key":{"identifier":"covid-19-volunteers","label":"COVID-19 Volunteers","resource_type":"case-type","scope_key":null}}},"position":10,"requirement":{"key":{"identifier":"268045","label":"Expression 268045","resource_type":"expression","scope_key":null},"type":"false_expression"},"visibility":null,"field_key":{"identifier":"how_would_you_be_willing_to_help_1","label":"How would you be willing to help?","resource_type":"case-field","scope_key":null},"type":"case_field"},{"key":{"identifier":"volunteer-support-further-information","label":"Volunteer support further information","resource_type":"case-form-field","scope_key":{"identifier":"new-covid-19-volunteers","label":"New COVID 19 Volunteers","resource_type":"case-form","scope_key":{"identifier":"covid-19-volunteers","label":"COVID-19 Volunteers","resource_type":"case-type","scope_key":null}}},"position":11,"requirement":{"key":{"identifier":"268046","label":"Expression 268046","resource_type":"expression","scope_key":null},"type":"false_expression"},"visibility":null,"field_key":{"identifier":"volunteer_support_further_information","label":"Volunteer support further information","resource_type":"case-field","scope_key":null},"type":"case_field"},{"key":{"identifier":"where-are-you-able-to-volunteer","label":"Where are you able to volunteer","resource_type":"case-form-field","scope_key":{"identifier":"new-covid-19-volunteers","label":"New COVID 19 Volunteers","resource_type":"case-form","scope_key":{"identifier":"covid-19-volunteers","label":"COVID-19 Volunteers","resource_type":"case-type","scope_key":null}}},"position":12,"requirement":{"key":{"identifier":"268047","label":"Expression 268047","resource_type":"expression","scope_key":null},"type":"false_expression"},"visibility":null,"field_key":{"identifier":"where_are_you_able_to_volunteer","label":"Where are you able to volunteer","resource_type":"case-field","scope_key":null},"type":"case_field"},{"key":{"identifier":"do-you-have-access-to-a-telephone","label":"Do you have access to a telephone?","resource_type":"case-form-field","scope_key":{"identifier":"new-covid-19-volunteers","label":"New COVID 19 Volunteers","resource_type":"case-form","scope_key":{"identifier":"covid-19-volunteers","label":"COVID-19 Volunteers","resource_type":"case-type","scope_key":null}}},"position":13,"requirement":{"key":{"identifier":"268048","label":"Expression 268048","resource_type":"expression","scope_key":null},"type":"false_expression"},"visibility":null,"field_key":{"identifier":"do_you_have_access_to_a_telephone","label":"Do you have access to a telephone?","resource_type":"case-field","scope_key":null},"type":"case_field"},{"key":{"identifier":"do-you-have-access-to-the-internet","label":"Do you have access to the internet?","resource_type":"case-form-field","scope_key":{"identifier":"new-covid-19-volunteers","label":"New COVID 19 Volunteers","resource_type":"case-form","scope_key":{"identifier":"covid-19-volunteers","label":"COVID-19 Volunteers","resource_type":"case-type","scope_key":null}}},"position":14,"requirement":{"key":{"identifier":"268049","label":"Expression 268049","resource_type":"expression","scope_key":null},"type":"false_expression"},"visibility":null,"field_key":{"identifier":"do_you_have_access_to_the_internet","label":"Do you have access to the internet?","resource_type":"case-field","scope_key":null},"type":"case_field"},{"key":{"identifier":"towns-and-villages-you-are-able-to-support","label":"Towns and villages you are able to support","resource_type":"case-form-field","scope_key":{"identifier":"new-covid-19-volunteers","label":"New COVID 19 Volunteers","resource_type":"case-form","scope_key":{"identifier":"covid-19-volunteers","label":"COVID-19 Volunteers","resource_type":"case-type","scope_key":null}}},"position":15,"requirement":{"key":{"identifier":"268050","label":"Expression 268050","resource_type":"expression","scope_key":null},"type":"false_expression"},"visibility":null,"field_key":{"identifier":"towns_and_villages_you_are_able_to_support","label":"Towns and villages you are able to support","resource_type":"case-field","scope_key":null},"type":"case_field"},{"key":{"identifier":"sys-channel","label":"SYS Channel","resource_type":"case-form-field","scope_key":{"identifier":"new-covid-19-volunteers","label":"New COVID 19 Volunteers","resource_type":"case-form","scope_key":{"identifier":"covid-19-volunteers","label":"COVID-19 Volunteers","resource_type":"case-type","scope_key":null}}},"position":16,"requirement":{"key":{"identifier":"268110","label":"Expression 268110","resource_type":"expression","scope_key":null},"type":"false_expression"},"visibility":null,"field_key":{"identifier":"sys_channel","label":"SYS Channel","resource_type":"case-field","scope_key":null},"type":"case_field"}],"key":{"identifier":"new-covid-19-volunteers","label":"New COVID 19 Volunteers","resource_type":"case-form","scope_key":{"identifier":"covid-19-volunteers","label":"COVID-19 Volunteers","resource_type":"case-type","scope_key":null}},"type":"create"},"case-form::case-type::covid-19-volunteers::edit-covid-19-volunteers":{"external_redirects":[],"fields":[],"key":{"identifier":"edit-covid-19-volunteers","label":"Edit COVID 19 Volunteers","resource_type":"case-form","scope_key":{"identifier":"covid-19-volunteers","label":"COVID-19 Volunteers","resource_type":"case-type","scope_key":null}},"type":"edit"},"privilege-level::staff-free-user":{"key":{"identifier":"staff-free-user","label":"Staff - free user","resource_type":"privilege-level","scope_key":null}},"privilege-level::forms-admin":{"key":{"identifier":"forms-admin","label":"FormsAdministrator","resource_type":"privilege-level","scope_key":null}},"privilege-level::staff-lite":{"key":{"identifier":"staff-lite","label":"Staff Lite","resource_type":"privilege-level","scope_key":null}},"privilege-level::staff-lite-no-case-create":{"key":{"identifier":"staff-lite-no-case-create","label":"Staff Lite (no case create)","resource_type":"privilege-level","scope_key":null}},"case-transition::case-type::covid-19-volunteers::close-case":{"allowed_privilege_level_keys":{"privilege-level::advisor":{"identifier":"advisor","label":"Advisor","resource_type":"privilege-level","scope_key":null},"privilege-level::staff-free-user":{"identifier":"staff-free-user","label":"Staff - free user","resource_type":"privilege-level","scope_key":null},"privilege-level::system-administrator":{"identifier":"system-administrator","label":"System Administrator","resource_type":"privilege-level","scope_key":null},"privilege-level::forms-admin":{"identifier":"forms-admin","label":"FormsAdministrator","resource_type":"privilege-level","scope_key":null},"privilege-level::staff-lite":{"identifier":"staff-lite","label":"Staff Lite","resource_type":"privilege-level","scope_key":null},"privilege-level::staff-lite-no-case-create":{"identifier":"staff-lite-no-case-create","label":"Staff Lite (no case create)","resource_type":"privilege-level","scope_key":null}},"call_to_action":true,"call_to_action_style":"danger","case_form_key":null,"from_status_keys":{"case-status::case-type::covid-19-volunteers::submitted":{"identifier":"submitted","label":"Submitted","resource_type":"case-status","scope_key":{"identifier":"covid-19-volunteers","label":"COVID-19 Volunteers","resource_type":"case-type","scope_key":null}}},"key":{"identifier":"close-case","label":"Close case","resource_type":"case-transition","scope_key":{"identifier":"covid-19-volunteers","label":"COVID-19 Volunteers","resource_type":"case-type","scope_key":null}},"to_status_key":{"identifier":"closed","label":"Closed","resource_type":"case-status","scope_key":{"identifier":"covid-19-volunteers","label":"COVID-19 Volunteers","resource_type":"case-type","scope_key":null}}},"case-field::sys_retention_date":{"allowed_privilege_level_keys":[],"allowed_to_all_privilege_levels":true,"encrypted":false,"redactable":false,"key":{"identifier":"sys_retention_date","label":"Retention Date","resource_type":"case-field","scope_key":null},"position":0,"type":"date"},"date-definition::3_years_from_now":{"allowed_privilege_level_keys":[],"based_on":"case_created_at","field_key":null,"delta":"+3 years","description":"Sets a date 3 years from now.  Used in retention.","key":{"identifier":"3_years_from_now","label":"3 years from case creation","resource_type":"date-definition","scope_key":null}},"rule::case-type::covid-19-volunteers::29943":{"actions":[{"key":{"identifier":"107245","label":"Action 107245","resource_type":"action","scope_key":null},"position":1,"choice_key":null,"date_definition_key":{"identifier":"3_years_from_now","label":"3 years from case creation","resource_type":"date-definition","scope_key":null},"field_key":{"identifier":"sys_retention_date","label":"Retention Date","resource_type":"case-field","scope_key":null},"value_expression":null,"type":"set_case_value"}],"condition":null,"enabled":true,"key":{"identifier":"29943","label":"R99 Retention Date","resource_type":"rule","scope_key":{"identifier":"covid-19-volunteers","label":"COVID-19 Volunteers","resource_type":"case-type","scope_key":null}},"triggers":[{"key":{"identifier":"77740","label":"Trigger 77740","resource_type":"trigger","scope_key":null},"event_name":"case.created","type":"event"}]},"rule::case-type::covid-19-volunteers::30615":{"actions":[{"key":{"identifier":"108996","label":"Action 108996","resource_type":"action","scope_key":null},"position":1,"email_template_key":{"identifier":"n1-thank-you-email","label":"N1 Thank you email","resource_type":"alert-email-template","scope_key":{"identifier":"covid-19-volunteers","label":"COVID-19 Volunteers","resource_type":"case-type","scope_key":null}},"recipient":{"key":{"identifier":"55941","label":"Recipient 55941","resource_type":"alert-recipient","scope_key":null},"email_field_key":{"identifier":"sys_email_address","label":"SYS Email address","resource_type":"case-field","scope_key":null},"type":"email_field"},"type":"alert"}],"condition":null,"enabled":true,"key":{"identifier":"30615","label":"Send thank you email on case creation","resource_type":"rule","scope_key":{"identifier":"covid-19-volunteers","label":"COVID-19 Volunteers","resource_type":"case-type","scope_key":null}},"triggers":[{"key":{"identifier":"79211","label":"Trigger 79211","resource_type":"trigger","scope_key":null},"event_name":"case.created","type":"event"}]},"rule::case-type::covid-19-volunteers::30632":{"actions":[{"key":{"identifier":"109027","label":"Action 109027","resource_type":"action","scope_key":null},"position":1,"email_template_key":{"identifier":"n1-thank-you-email","label":"N1 Thank you email","resource_type":"alert-email-template","scope_key":{"identifier":"covid-19-volunteers","label":"COVID-19 Volunteers","resource_type":"case-type","scope_key":null}},"recipient":{"key":{"identifier":"55959","label":"Recipient 55959","resource_type":"alert-recipient","scope_key":null},"email_field_key":{"identifier":"sys_email_address","label":"SYS Email address","resource_type":"case-field","scope_key":null},"type":"email_field"},"type":"alert"}],"condition":null,"enabled":true,"key":{"identifier":"30632","label":"Send thank you email to all","resource_type":"rule","scope_key":{"identifier":"covid-19-volunteers","label":"COVID-19 Volunteers","resource_type":"case-type","scope_key":null}},"triggers":[{"key":{"identifier":"79261","label":"Trigger 79261","resource_type":"trigger","scope_key":null},"trigger_date":"2020-04-03T14:45:00+00:00","type":"date_time"}]}}}}