[{"pageID":"Start","questionName":null,"sectionName":null,"questionPageID":null,"questionSecondaryField":null,"logicID":null,"ruleNumber":1,"conditionNumber":1,"conditionOptionID":null,"conditionOperator":null,"conditionLiteralValue":null,"conditionLiteralValueTwo":null,"goToPageID":"1230","clauseType":null,"data":null},{"pageID":"1230","questionName":null,"sectionName":null,"questionPageID":null,"questionSecondaryField":null,"logicID":null,"ruleNumber":1,"conditionNumber":1,"conditionOptionID":null,"conditionOperator":null,"conditionLiteralValue":null,"conditionLiteralValueTwo":null,"goToPageID":"1234","clauseType":null,"data":null},{"pageID":"1231","questionName":null,"sectionName":null,"questionPageID":null,"questionSecondaryField":null,"logicID":null,"ruleNumber":1,"conditionNumber":1,"conditionOptionID":null,"conditionOperator":null,"conditionLiteralValue":null,"conditionLiteralValueTwo":null,"goToPageID":"1234","clauseType":null,"data":null},{"pageID":"1232","questionName":null,"sectionName":null,"questionPageID":null,"questionSecondaryField":null,"logicID":null,"ruleNumber":1,"conditionNumber":1,"conditionOptionID":null,"conditionOperator":null,"conditionLiteralValue":null,"conditionLiteralValueTwo":null,"goToPageID":"1234","clauseType":null,"data":null},{"pageID":"1233","questionName":null,"sectionName":null,"questionPageID":null,"questionSecondaryField":null,"logicID":null,"ruleNumber":1,"conditionNumber":1,"conditionOptionID":null,"conditionOperator":null,"conditionLiteralValue":null,"conditionLiteralValueTwo":null,"goToPageID":"1234","clauseType":null,"data":null},{"pageID":"1234","questionName":null,"sectionName":null,"questionPageID":null,"questionSecondaryField":null,"logicID":null,"ruleNumber":1,"conditionNumber":1,"conditionOptionID":null,"conditionOperator":null,"conditionLiteralValue":null,"conditionLiteralValueTwo":null,"goToPageID":"1236","clauseType":null,"data":null},{"pageID":"1235","questionName":null,"sectionName":null,"questionPageID":null,"questionSecondaryField":null,"logicID":null,"ruleNumber":1,"conditionNumber":1,"conditionOptionID":null,"conditionOperator":null,"conditionLiteralValue":null,"conditionLiteralValueTwo":null,"goToPageID":"1234","clauseType":null,"data":null},{"pageID":"1236","questionName":null,"sectionName":null,"questionPageID":null,"questionSecondaryField":null,"logicID":null,"ruleNumber":1,"conditionNumber":1,"conditionOptionID":null,"conditionOperator":null,"conditionLiteralValue":null,"conditionLiteralValueTwo":null,"goToPageID":"1237","clauseType":null,"data":null},{"pageID":"1237","questionName":null,"sectionName":null,"questionPageID":null,"questionSecondaryField":null,"logicID":null,"ruleNumber":1,"conditionNumber":1,"conditionOptionID":null,"conditionOperator":null,"conditionLiteralValue":null,"conditionLiteralValueTwo":null,"goToPageID":"1238","clauseType":null,"data":null},{"pageID":"1238","questionName":null,"sectionName":null,"questionPageID":null,"questionSecondaryField":null,"logicID":null,"ruleNumber":1,"conditionNumber":1,"conditionOptionID":null,"conditionOperator":null,"conditionLiteralValue":null,"conditionLiteralValueTwo":null,"goToPageID":"Confirmation","clauseType":null,"data":null},{"pageID":"1239","questionName":null,"sectionName":null,"questionPageID":null,"questionSecondaryField":null,"logicID":null,"ruleNumber":1,"conditionNumber":1,"conditionOptionID":null,"conditionOperator":null,"conditionLiteralValue":null,"conditionLiteralValueTwo":null,"goToPageID":"1238","clauseType":null,"data":null},{"pageID":"1237","questionName":"qd8610385283518d3b788cbfed609b9778e32d6a1","sectionName":"main","questionPageID":"1237","questionSecondaryField":null,"logicID":null,"ruleNumber":2,"conditionNumber":1,"conditionOptionID":null,"conditionOperator":"equal","conditionLiteralValue":"no","conditionLiteralValueTwo":null,"goToPageID":"1239","clauseType":null,"data":null},{"pageID":"1240","questionName":null,"sectionName":null,"questionPageID":null,"questionSecondaryField":null,"logicID":null,"ruleNumber":1,"conditionNumber":1,"conditionOptionID":null,"conditionOperator":null,"conditionLiteralValue":null,"conditionLiteralValueTwo":null,"goToPageID":"1234","clauseType":null,"data":null},{"pageID":"1230","questionName":"q9e8bbbccccf72fa7afffe7fbb32c6679ee580abd","sectionName":"main","questionPageID":"1230","questionSecondaryField":null,"logicID":null,"ruleNumber":2,"conditionNumber":1,"conditionOptionID":null,"conditionOperator":"equal","conditionLiteralValue":"no","conditionLiteralValueTwo":null,"goToPageID":"1240","clauseType":null,"data":null},{"pageID":"1230","questionName":"q776f2d7a67aed62af0b315dffba2a6edf30e26a9","sectionName":"sfdd1eebb5835fc184ad1f624b09cb1aeb46142e8","questionPageID":"1230","questionSecondaryField":null,"logicID":null,"ruleNumber":3,"conditionNumber":1,"conditionOptionID":null,"conditionOperator":"equal","conditionLiteralValue":"smellsodours","conditionLiteralValueTwo":null,"goToPageID":"1233","clauseType":null,"data":null},{"pageID":"1230","questionName":"q776f2d7a67aed62af0b315dffba2a6edf30e26a9","sectionName":"sfdd1eebb5835fc184ad1f624b09cb1aeb46142e8","questionPageID":"1230","questionSecondaryField":null,"logicID":null,"ruleNumber":4,"conditionNumber":1,"conditionOptionID":null,"conditionOperator":"equal","conditionLiteralValue":"fumes","conditionLiteralValueTwo":null,"goToPageID":"1232","clauseType":null,"data":null},{"pageID":"1230","questionName":"q776f2d7a67aed62af0b315dffba2a6edf30e26a9","sectionName":"sfdd1eebb5835fc184ad1f624b09cb1aeb46142e8","questionPageID":"1230","questionSecondaryField":null,"logicID":null,"ruleNumber":5,"conditionNumber":1,"conditionOptionID":null,"conditionOperator":"equal","conditionLiteralValue":"dust","conditionLiteralValueTwo":null,"goToPageID":"1231","clauseType":null,"data":null},{"pageID":"1241","questionName":null,"sectionName":null,"questionPageID":null,"questionSecondaryField":null,"logicID":null,"ruleNumber":1,"conditionNumber":1,"conditionOptionID":null,"conditionOperator":null,"conditionLiteralValue":null,"conditionLiteralValueTwo":null,"goToPageID":"Confirmation","clauseType":null,"data":null},{"pageID":"1238","questionName":"qe7acd51982918ac015584fa77260fc8dc9feaee3","sectionName":"main","questionPageID":"1238","questionSecondaryField":"data_1_0","logicID":null,"ruleNumber":2,"conditionNumber":1,"conditionOptionID":null,"conditionOperator":"equal","conditionLiteralValue":"0","conditionLiteralValueTwo":null,"goToPageID":"1241","clauseType":null,"data":null},{"pageID":"1242","questionName":null,"sectionName":null,"questionPageID":null,"questionSecondaryField":null,"logicID":null,"ruleNumber":1,"conditionNumber":1,"conditionOptionID":null,"conditionOperator":null,"conditionLiteralValue":null,"conditionLiteralValueTwo":null,"goToPageID":"1234","clauseType":null,"data":null},{"pageID":"1233","questionName":"qd5ff6f5816a5329734069fb4f719ec776a4ce5ea","sectionName":"sd18f2e0f03415081c84e57b799f5325424f8c38d","questionPageID":"1233","questionSecondaryField":"data_1_0","logicID":null,"ruleNumber":2,"conditionNumber":1,"conditionOptionID":null,"conditionOperator":"equal","conditionLiteralValue":"0","conditionLiteralValueTwo":null,"goToPageID":"1242","clauseType":null,"data":null},{"pageID":"1233","questionName":"q5fa65df1cc3ed278fbc9d6b65969690b2ac433fd","sectionName":"sd7ebc6c9df41e8ee091500eae893133dbdb4ed6c","questionPageID":"1233","questionSecondaryField":"data_1_0","logicID":null,"ruleNumber":2,"conditionNumber":2,"conditionOptionID":null,"conditionOperator":"equal","conditionLiteralValue":"0","conditionLiteralValueTwo":null,"goToPageID":"1242","clauseType":null,"data":null},{"pageID":"1243","questionName":null,"sectionName":null,"questionPageID":null,"questionSecondaryField":null,"logicID":null,"ruleNumber":1,"conditionNumber":1,"conditionOptionID":null,"conditionOperator":null,"conditionLiteralValue":null,"conditionLiteralValueTwo":null,"goToPageID":"1234","clauseType":null,"data":null},{"pageID":"1232","questionName":"q20c7f035ffd9040c8122338f2776a7a4200e9da6","sectionName":"s0419d57cfc4d0c8dc53642a646079574c0363f47","questionPageID":"1232","questionSecondaryField":"data_1_0","logicID":null,"ruleNumber":2,"conditionNumber":1,"conditionOptionID":null,"conditionOperator":"equal","conditionLiteralValue":"0","conditionLiteralValueTwo":null,"goToPageID":"1243","clauseType":null,"data":null},{"pageID":"1232","questionName":"qe654433fab19dca343a5543e28b6daf9df7c58cc","sectionName":"s5567bce57c216b096bc75c6221d517e80ff56f23","questionPageID":"1232","questionSecondaryField":"data_1_0","logicID":null,"ruleNumber":2,"conditionNumber":2,"conditionOptionID":null,"conditionOperator":"equal","conditionLiteralValue":"0","conditionLiteralValueTwo":null,"goToPageID":"1243","clauseType":null,"data":null},{"pageID":"1244","questionName":null,"sectionName":null,"questionPageID":null,"questionSecondaryField":null,"logicID":null,"ruleNumber":1,"conditionNumber":1,"conditionOptionID":null,"conditionOperator":null,"conditionLiteralValue":null,"conditionLiteralValueTwo":null,"goToPageID":"1234","clauseType":null,"data":null},{"pageID":"1231","questionName":"q6a0b6f04910d16b059809c48eba19b218ecb4f2e","sectionName":"s93130410ad974c7545bc3943c4d569a72094fac8","questionPageID":"1231","questionSecondaryField":"data_1_0","logicID":null,"ruleNumber":2,"conditionNumber":1,"conditionOptionID":null,"conditionOperator":"equal","conditionLiteralValue":"0","conditionLiteralValueTwo":null,"goToPageID":"1244","clauseType":null,"data":null},{"pageID":"1231","questionName":"qa7228ca573a224f624ca3f1402a392f74e169e01","sectionName":"s0623a765c15b47e297c2854c8339bda1158bd27a","questionPageID":"1231","questionSecondaryField":"data_1_0","logicID":null,"ruleNumber":2,"conditionNumber":2,"conditionOptionID":null,"conditionOperator":"equal","conditionLiteralValue":"0","conditionLiteralValueTwo":null,"goToPageID":"1244","clauseType":null,"data":null},{"pageID":"1231","questionName":"q888c906bd2163bef4a76685bb40c28604e7c0a5f","sectionName":"main","questionPageID":"1231","questionSecondaryField":null,"logicID":null,"ruleNumber":3,"conditionNumber":1,"conditionOptionID":null,"conditionOperator":"equal","conditionLiteralValue":"domestic_property","conditionLiteralValueTwo":null,"goToPageID":"1235","clauseType":null,"data":null}]