[{"id":1230,"templateID":837,"metadata":{"id":2239,"title":"About your complaint","instructions":""}},{"id":1231,"templateID":833,"metadata":{"id":2240,"title":"About the dust","instructions":""}},{"id":1232,"templateID":835,"metadata":{"id":2241,"title":"About the fumes\/gases","instructions":""}},{"id":1233,"templateID":836,"metadata":{"id":2242,"title":"About the smell\/odour","instructions":"<p>Please note, we have limited powers to investigate smells from domestic properties, however, we are able to deal with certain causes of smells, such as\u00a0an accumulation of waste.<\/p>"}},{"id":1234,"templateID":834,"metadata":{"id":2243,"title":"About the frequency","instructions":""}},{"id":1235,"templateID":839,"metadata":{"id":2244,"title":"We are sorry but we cannot investigate","instructions":"\n<div>\n<p>We are sorry but we cannot investigate dust complaints about domestic properties. If your complaint relates to a bonfire, please fill in our smoke complaint form.<\/p>\n<\/div>\n\n<p><span class=\"snippet\"><style>\n.button--primary {\nvisibility: hidden;\n}\n<\/style>\n<!-- rel:snippet --><\/span><\/p>\n"}},{"id":1236,"templateID":831,"metadata":{"id":2245,"title":"About resolving your complaint","instructions":""}},{"id":1237,"templateID":838,"metadata":{"id":2246,"title":"Logging your complaint","instructions":"\n<p>In order to process your complaint, we need you to complete a log sheet(s) to record the dates, times and details of the smells, fumes or dust. It\u2019s very important you fill out the log sheet(s) accurately as it will show us the extent of the problem and support any action we may take. The log sheet(s) ask you to record:<\/p>\n\n<ul>\n<li>How often it occurs.<\/li>\n\t<li>How long it lasts.<\/li>\n\t<li>The time of day or night it occurs.<\/li>\n\t<li>How it affects you.<\/li>\n\t<li>Where it is coming from.<\/li>\n<\/ul>\n"}},{"id":1238,"templateID":819,"metadata":{"id":2247,"title":"Your details","instructions":""}},{"id":1239,"templateID":839,"metadata":{"id":2248,"title":"We will not be able to take enforcement","instructions":"<p>If you are not willing to log\/record the issue, we will not be able to take enforcement action as we will not be able to properly assess the impact of the issue on your life.<span class=\"snippet\"><style>\n.button--primary {\nvisibility: hidden;\n}\n<\/style>\n<!-- rel:snippet --><\/span><\/p>"}},{"id":1240,"templateID":840,"metadata":{"id":2249,"title":"We will only investigate","instructions":"<div>\n<p>We are sorry but we will only investigate complaints about smells, odours, fumes or dust if they are affecting you at your home\/business property.<\/p>\n\n<p><strong>If you are worried you can smell gas please call the National Gas Emergency service immediately on 0800 111 999. They operate 24 hours a day, 52 weeks a year. If you are able to access the meter, turn it off. Don\u2019t use electrical switches or naked flames and keep people away from the area.<\/strong><\/p>\n\n<p><span class=\"snippet\"><style>\n.button--primary {\nvisibility: hidden;\n}\n<\/style>\n<!-- rel:snippet --><\/span><\/p>\n<\/div>"}},{"id":1241,"templateID":807,"metadata":{"id":2250,"title":"We are sorry but we cannot process your report unless we know your address","instructions":"\n<p>We are sorry but we cannot process your report unless we know your address. This is because we need to know that the issue is affecting you at your home or business address in Lichfield District.<\/p>\n\n<p>Please click on the previous button and return to the previous page and select your address from the dropdown list.<\/p>\n\n<p>Thank you.<\/p>\n\n<p><span class=\"snippet\"><style>\n.button--primary {\nvisibility: hidden;\n}\n<\/style>\n<!-- rel:snippet --><\/span><\/p>\n"}},{"id":1242,"templateID":807,"metadata":{"id":2251,"title":"We are sorry but we cannot process your report unless we know address \/ street","instructions":"\n<p>We are sorry but we cannot process your report unless we know address \/ location where the issue is comming from. Pleas click on the previous button and return to the previous page and select address \/ street from the dropdown list.<\/p>\n\n<p>Thank you.<\/p>\n\n<p><span class=\"snippet\"><style>\n.button--primary {\nvisibility: hidden;\n}\n<\/style>\n<!-- rel:snippet --><\/span><\/p>\n"}},{"id":1243,"templateID":807,"metadata":{"id":2252,"title":"We are sorry but we cannot process your report unless we know location","instructions":"\n<p>We are sorry but we cannot process your report unless we know address \/ location where the issue is comming from. Pleas click on the previous button and return to the previous page and select address \/ street from the dropdown list.<\/p>\n\n<p>Thank you.<\/p>\n\n<p><span class=\"snippet\"><style>\n.button--primary {\nvisibility: hidden;\n}\n<\/style>\n<!-- rel:snippet --><\/span><\/p>\n"}},{"id":1244,"templateID":807,"metadata":{"id":2253,"title":"We are sorry but we cannot process your report unless we know location details","instructions":"\n<p>We are sorry but we cannot process your report unless we know address \/ location where the issue is comming from. Pleas click on the previous button and return to the previous page and select address \/ street from the dropdown list.<\/p>\n\n<p>Thank you.<\/p>\n\n<p><span class=\"snippet\"><style>\n.button--primary {\nvisibility: hidden;\n}\n<\/style>\n<!-- rel:snippet --><\/span><\/p>\n"}}]