{"form.json":"877d09082d523765b1d6eec71df0c9adcb192bfe","page-templates\/Result_page_-_EH.json":"e0c3171ef5a64fdb93135654534234cdaf707467","page-templates\/About_the_issue_-_2.json":"9690209b73b3b25adfb003ed829139584b974a0b","page-templates\/About_the_issue_-_3.json":"c98a75a1779df2e0814cf64bd1a4ef7b6e7c893e","page-templates\/About_you_and_the_property_-_5.json":"a88d9ff14fd677937e3f8b96d4ba95a756386b12","page-templates\/About_your_landlord_-_1_and_1a.json":"abbc31b4abb0fc7cc8b15def4789dff36be9b3e2","page-templates\/About_your_landlord_or_managing_letting_agent_-_4.json":"3a836a35bc0b485d5996e3707f1189f6aa69a1ab","structure\/pages.json":"e9e4316254781a703a56759ce5a5bb04fced7a09","structure\/branching.json":"c654f1ed9544893cc750bf18143f1c289d4521d6","actions\/rules\/Sorry.json":"fe25e7d7da7c37595a5d3341c1567019080120ff","actions\/rules\/Web.json":"a931804d3afcbf6b043eb4749bab1c9818a20ac8","actions\/templates\/Thank_you_email.json":"af4ed30a095d8d1c014c2f972cc4fdf0a9630874","actions\/templates\/Thank_you_for_submitting_a_private_rented_housing_complaint.json":"f4b5042afb8b3855403e28a1fa8f751f516cac46","actions\/templates\/We_are_sorry_but_we_cannot_investigate_your_issue.json":"972f52bee158b59fc3a6cc49ffe102111bfa2932","misc\/pdfs.json":"97d170e1550eee4afc0af065b78cda302a97674c","misc\/prefills.json":"6704c0813030aad8cd833f83fccabd51129dcc4a","misc\/placeholders.json":"6180abe9100a28adc9f70a92556f90e5b3e08636","misc\/logic_definitions.json":"97d170e1550eee4afc0af065b78cda302a97674c","misc\/logics\/Bromford_branch.json":"26dc4b6d540dda179f915625c57f510a56539eae","misc\/logics\/Landlord_type.json":"34701ea431d2ab0021a376d814fccdb0bdf5baf6","misc\/logics\/Roughly_when.json":"d0e28c25a4e02f2fc73763bdb080c9a25d41e9e6","misc\/ic_inputs.json":"97d170e1550eee4afc0af065b78cda302a97674c","misc\/data-retention.json":"fa8b819d756eec4a4f185f5465ef79b349ea9ce4"}