{"title":"Private rented housing complaint","instructions":"\n<p>We will investigate health and safety concerns about private rented housing, particularly if your landlord is refusing to or has simply not fixed an issue. The government states your landlord is <strong>always responsible<\/strong> for repairs to:<\/p>\n\n<ul>\n<li>the property\u2019s structure and exterior.<\/li>\n\t<li>basins, sinks, baths and other sanitary fittings including pipes and drains.<\/li>\n\t<li>heating and hot water.<\/li>\n\t<li>gas appliances, pipes, flues and ventilation.<\/li>\n\t<li>electrical wiring.<\/li>\n\t<li>any damage they cause by attempting repairs.<\/li>\n<\/ul>\n<p>Your landlord (if they are the freeholder of the building) is also usually responsible for repairing common areas and structures, for example staircases in blocks of flats. Check your tenancy agreement if you\u2019re unsure.<\/p>\n\n<p><strong>You may be able to carry out minor repairs if your tenancy agreement says you can, but check your agreement first. You cannot be forced to do repairs that are your landlord\u2019s responsibility.<\/strong><\/p>\n\n<h2>We recommend you contact your landlord first<\/h2>\n\n<p>We recommend you contact your landlord at least twice before asking us to get involved, provided you feel comfortable to do so. This should either be by email, letter or text, so you have some record of having contacted them.<\/p>\n\n<p>If you live in a housing association home, they will have a formal complaints procedure you can use to raise issues with your landlord.\u00a0<\/p>\n\n<p>We've put together some handy template letters to help you let your landlord know about the issues:\u00a0<\/p>\n\n<ul>\n<li>Send immediately: first request for repairs - letter template<\/li>\n\t<li>Send after 14 days if your landlord has not carried out\/arranged to carry out the repairs: second\/reminder - request for repairs - letter template<\/li>\n\t<li>Send after 48 hours\/2 days if your landlord has not carried out\/arranged to carry out the repairs: third\/final reminder - request for repairs - letter template<\/li>\n<\/ul>\n<p>It's really important you carry on paying rent while you\u2019re waiting for repairs to be carried out to protect your tenant's rights.<\/p>\n\n<h2>How we can help<\/h2>\n\n<p>If you have contacted your landlord and they have not helped\/have not resolved the issue, we can assess health and safety hazards in your home including, but not limited to faulty electrical wiring,\u00a0structural disrepair,\u00a0damp concerns,\u00a0leaks,\u00a0black mold,\u00a0noisy appliances and more.\u00a0<\/p>\n\n<h2>What to expect when you submit a complaint<\/h2>\n\n<p>Our private sector housing officer will contact you to arrange a time to visit to carry out a Housing Health and Safety Rating System (HHSRS) assessment. Before we visit we must write to your landlord (this is called serving notice). This lets us come into your property and take photographs to help record and understand the issue. We will then visit you and carry out an inspection, before sharing our findings with you and your landlord. This could require your landlord to resolve the issue, and if they do not, we can put measures in place to enforce any necessary improvements. It could also involve us providing you with advice and guidance on how to resolve the issue \u2013 for example advice on heating and ventilation use.<\/p>\n\n<p><strong>Concerned about gas smells <\/strong>If you smell gas, call the National Grid\u2019s gas emergency team immediately on 0800 111 999. The Health and Safety Executive also have handy <a href=\"http:\/\/www.hse.gov.uk\/gas\/domestic\/faqtenant.htm\">advice and guidance on gas safety for tenants<\/a> and <a href=\"http:\/\/www.hse.gov.uk\/gas\/domestic\/faqlandlord.htm\">landlords\/letting agents<\/a>.<\/p>\n\n<p><strong>Urgent\/out of hours complaints <\/strong>We do not operate a 24 hour response to private housing complaints.<\/p>\n\n<p><strong>Concerned about anti-social behaviour <\/strong>Please do not use this form to make a complaint about anti-social behaviour (unless you live in a shared house (HMO) and it is in relation to another occupant\/tenant). To report anti-social behaviour, please fill in our our anti-social behaviour report form.<\/p>\n\n<p><strong>Anonymous complaints <\/strong>We are sorry but we cannot take anonymous complaints because we cannot take action without assessing the impacts of the problem on your life.<\/p>\n\n<p><strong>Please use this form to make a private housing complaint. As part of this form, we will ask you for your email address. This is so we can contact you to make an appointment and visit you, as well as keep you up to date on the progress of your case.\u00a0<\/strong><\/p>\n","progressBar":"0","allowUnregistered":"1","resumeAtStart":"1","reCaptcha":"0","internalOnly":0,"metadata":{"id":"371","itemID":"509","creator":"Yelena Tomina CRM","contributor":"","publisher":"Lichfield District Council","rights":"\u00a9 Copyright 2005 (updated 2018) Lichfield District Council","source":"","status":"V1.0 Public Consumption","coverage":"Alrewas, Armitage, Burntwood (town), Chorley, Clifton Campville Colton, Curborough, Drayton Bassett, Edingale, Elford, Elmhurst, Farewell, Fazeley, Fisherwick, Fradley, Hammerwich, Hamstall Ridware, Handsacre, Harlaston, Hints, Hopwas, Kings Bromley, Lichfield (city), Longdon, Mavesyn Ridware, Packington, Shenstone, Streethay, Swinfen, Thorpe Constantine, Wall, Weeford, Whittington, Wigginton, Lichfield District","created":1583712000,"modified":1583712000,"valid":null,"expired":null,"format":"text\/html","language":"en","subject":"Private rented housing complaint","description":"Private rented housing complaint"},"categories":[{"id":"3559","categoryType":"Navigation","itemID":509,"categoryID":"200128"}]}