{"import_id":null,"import_version":1,"imported_resource":{"alertEmailTemplate_keys":{"alert-email-template::case-type::parking-bay-suspensions::rejection-to-customer":{"identifier":"rejection-to-customer","label":"Rejection to customer","resource_type":"alert-email-template","scope_key":{"identifier":"parking-bay-suspensions","label":"Parking bay suspensions","resource_type":"case-type","scope_key":null}},"alert-email-template::case-type::parking-bay-suspensions::notify-area-team":{"identifier":"notify-area-team","label":"Notify area team","resource_type":"alert-email-template","scope_key":{"identifier":"parking-bay-suspensions","label":"Parking bay suspensions","resource_type":"case-type","scope_key":null}},"alert-email-template::case-type::parking-bay-suspensions::confirmation-email":{"identifier":"confirmation-email","label":"Confirmation email","resource_type":"alert-email-template","scope_key":{"identifier":"parking-bay-suspensions","label":"Parking bay suspensions","resource_type":"case-type","scope_key":null}},"alert-email-template::case-type::parking-bay-suspensions::new-application-notification":{"identifier":"new-application-notification","label":"New application notification","resource_type":"alert-email-template","scope_key":{"identifier":"parking-bay-suspensions","label":"Parking bay suspensions","resource_type":"case-type","scope_key":null}},"alert-email-template::case-type::parking-bay-suspensions::notification-of-swt-response":{"identifier":"notification-of-swt-response","label":"Notification of response","resource_type":"alert-email-template","scope_key":{"identifier":"parking-bay-suspensions","label":"Parking bay suspensions","resource_type":"case-type","scope_key":null}},"alert-email-template::case-type::parking-bay-suspensions::notification-of-early-completion":{"identifier":"notification-of-early-completion","label":"Notification of early completion","resource_type":"alert-email-template","scope_key":{"identifier":"parking-bay-suspensions","label":"Parking bay suspensions","resource_type":"case-type","scope_key":null}}},"auto_assign_users":false,"case_limits":{"primary-address":null},"case_type_group_key":null,"default":false,"form_keys":{"case-form::case-type::parking-bay-suspensions::new-parking-bay-suspensions":{"identifier":"new-parking-bay-suspensions","label":"New Parking bay suspensions","resource_type":"case-form","scope_key":{"identifier":"parking-bay-suspensions","label":"Parking bay suspensions","resource_type":"case-type","scope_key":null}},"case-form::case-type::parking-bay-suspensions::edit-parking-bay-suspensions":{"identifier":"edit-parking-bay-suspensions","label":"Edit Parking bay suspensions","resource_type":"case-form","scope_key":{"identifier":"parking-bay-suspensions","label":"Parking bay suspensions","resource_type":"case-type","scope_key":null}},"case-form::case-type::parking-bay-suspensions::rejected":{"identifier":"rejected","label":"Rejected","resource_type":"case-form","scope_key":{"identifier":"parking-bay-suspensions","label":"Parking bay suspensions","resource_type":"case-type","scope_key":null}},"case-form::case-type::parking-bay-suspensions::assign-to-area":{"identifier":"assign-to-area","label":"Assign to area","resource_type":"case-form","scope_key":{"identifier":"parking-bay-suspensions","label":"Parking bay suspensions","resource_type":"case-type","scope_key":null}},"case-form::case-type::parking-bay-suspensions::issue-permit":{"identifier":"issue-permit","label":"Issue permit","resource_type":"case-form","scope_key":{"identifier":"parking-bay-suspensions","label":"Parking bay suspensions","resource_type":"case-type","scope_key":null}},"case-form::case-type::parking-bay-suspensions::amend":{"identifier":"amend","label":"Amend","resource_type":"case-form","scope_key":{"identifier":"parking-bay-suspensions","label":"Parking bay suspensions","resource_type":"case-type","scope_key":null}},"case-form::case-type::parking-bay-suspensions::swt-response":{"identifier":"swt-response","label":"SWT Response","resource_type":"case-form","scope_key":{"identifier":"parking-bay-suspensions","label":"Parking bay suspensions","resource_type":"case-type","scope_key":null}},"case-form::case-type::parking-bay-suspensions::completed-early":{"identifier":"completed-early","label":"Completed Early","resource_type":"case-form","scope_key":{"identifier":"parking-bay-suspensions","label":"Parking bay suspensions","resource_type":"case-type","scope_key":null}}},"key":{"identifier":"parking-bay-suspensions","label":"Parking bay suspensions","resource_type":"case-type","scope_key":null},"personal_data_redaction":false,"reference_format":"PBS%'06d","rule_keys":{"rule::case-type::parking-bay-suspensions::23807":{"identifier":"23807","label":"Assign to north","resource_type":"rule","scope_key":{"identifier":"parking-bay-suspensions","label":"Parking bay suspensions","resource_type":"case-type","scope_key":null}},"rule::case-type::parking-bay-suspensions::23808":{"identifier":"23808","label":"Assign to south","resource_type":"rule","scope_key":{"identifier":"parking-bay-suspensions","label":"Parking bay suspensions","resource_type":"case-type","scope_key":null}},"rule::case-type::parking-bay-suspensions::23809":{"identifier":"23809","label":"Send rejection email","resource_type":"rule","scope_key":{"identifier":"parking-bay-suspensions","label":"Parking bay suspensions","resource_type":"case-type","scope_key":null}},"rule::case-type::parking-bay-suspensions::23810":{"identifier":"23810","label":"Assign to East","resource_type":"rule","scope_key":{"identifier":"parking-bay-suspensions","label":"Parking bay suspensions","resource_type":"case-type","scope_key":null}},"rule::case-type::parking-bay-suspensions::23811":{"identifier":"23811","label":"Assign to West","resource_type":"rule","scope_key":{"identifier":"parking-bay-suspensions","label":"Parking bay suspensions","resource_type":"case-type","scope_key":null}},"rule::case-type::parking-bay-suspensions::23812":{"identifier":"23812","label":"Send receipt emails","resource_type":"rule","scope_key":{"identifier":"parking-bay-suspensions","label":"Parking bay suspensions","resource_type":"case-type","scope_key":null}},"rule::case-type::parking-bay-suspensions::23813":{"identifier":"23813","label":"Send team response","resource_type":"rule","scope_key":{"identifier":"parking-bay-suspensions","label":"Parking bay suspensions","resource_type":"case-type","scope_key":null}},"rule::case-type::parking-bay-suspensions::23814":{"identifier":"23814","label":"Send early completion notification","resource_type":"rule","scope_key":{"identifier":"parking-bay-suspensions","label":"Parking bay suspensions","resource_type":"case-type","scope_key":null}},"rule::case-type::parking-bay-suspensions::23815":{"identifier":"23815","label":"Close case","resource_type":"rule","scope_key":{"identifier":"parking-bay-suspensions","label":"Parking bay suspensions","resource_type":"case-type","scope_key":null}}},"status_keys":{"case-status::case-type::parking-bay-suspensions::submitted":{"identifier":"submitted","label":"Submitted","resource_type":"case-status","scope_key":{"identifier":"parking-bay-suspensions","label":"Parking bay suspensions","resource_type":"case-type","scope_key":null}},"case-status::case-type::parking-bay-suspensions::with-swt":{"identifier":"with-swt","label":"In Progress","resource_type":"case-status","scope_key":{"identifier":"parking-bay-suspensions","label":"Parking bay suspensions","resource_type":"case-type","scope_key":null}},"case-status::case-type::parking-bay-suspensions::rejected":{"identifier":"rejected","label":"Rejected","resource_type":"case-status","scope_key":{"identifier":"parking-bay-suspensions","label":"Parking bay suspensions","resource_type":"case-type","scope_key":null}},"case-status::case-type::parking-bay-suspensions::issued":{"identifier":"issued","label":"Issued","resource_type":"case-status","scope_key":{"identifier":"parking-bay-suspensions","label":"Parking bay suspensions","resource_type":"case-type","scope_key":null}},"case-status::case-type::parking-bay-suspensions::accepted-by-swt":{"identifier":"accepted-by-swt","label":"Accepted","resource_type":"case-status","scope_key":{"identifier":"parking-bay-suspensions","label":"Parking bay suspensions","resource_type":"case-type","scope_key":null}},"case-status::case-type::parking-bay-suspensions::rejected-by-swt":{"identifier":"rejected-by-swt","label":"Rejected","resource_type":"case-status","scope_key":{"identifier":"parking-bay-suspensions","label":"Parking bay suspensions","resource_type":"case-type","scope_key":null}},"case-status::case-type::parking-bay-suspensions::completed":{"identifier":"completed","label":"Completed","resource_type":"case-status","scope_key":{"identifier":"parking-bay-suspensions","label":"Parking bay suspensions","resource_type":"case-type","scope_key":null}}},"transition_keys":{"case-transition::case-type::parking-bay-suspensions::pass-to-swt":{"identifier":"pass-to-swt","label":"Pass for Processing","resource_type":"case-transition","scope_key":{"identifier":"parking-bay-suspensions","label":"Parking bay suspensions","resource_type":"case-type","scope_key":null}},"case-transition::case-type::parking-bay-suspensions::reject":{"identifier":"reject","label":"Reject","resource_type":"case-transition","scope_key":{"identifier":"parking-bay-suspensions","label":"Parking bay suspensions","resource_type":"case-type","scope_key":null}},"case-transition::case-type::parking-bay-suspensions::issue":{"identifier":"issue","label":"Issue","resource_type":"case-transition","scope_key":{"identifier":"parking-bay-suspensions","label":"Parking bay suspensions","resource_type":"case-type","scope_key":null}},"case-transition::case-type::parking-bay-suspensions::amend":{"identifier":"amend","label":"Amend","resource_type":"case-transition","scope_key":{"identifier":"parking-bay-suspensions","label":"Parking bay suspensions","resource_type":"case-type","scope_key":null}},"case-transition::case-type::parking-bay-suspensions::amend-1":{"identifier":"amend-1","label":"Amend","resource_type":"case-transition","scope_key":{"identifier":"parking-bay-suspensions","label":"Parking bay suspensions","resource_type":"case-type","scope_key":null}},"case-transition::case-type::parking-bay-suspensions::amend-2":{"identifier":"amend-2","label":"Amend","resource_type":"case-transition","scope_key":{"identifier":"parking-bay-suspensions","label":"Parking bay suspensions","resource_type":"case-type","scope_key":null}},"case-transition::case-type::parking-bay-suspensions::swt-accept":{"identifier":"swt-accept","label":"Accept","resource_type":"case-transition","scope_key":{"identifier":"parking-bay-suspensions","label":"Parking bay suspensions","resource_type":"case-type","scope_key":null}},"case-transition::case-type::parking-bay-suspensions::swt-reject":{"identifier":"swt-reject","label":"Reject","resource_type":"case-transition","scope_key":{"identifier":"parking-bay-suspensions","label":"Parking bay suspensions","resource_type":"case-type","scope_key":null}},"case-transition::case-type::parking-bay-suspensions::complete":{"identifier":"complete","label":"Complete","resource_type":"case-transition","scope_key":{"identifier":"parking-bay-suspensions","label":"Parking bay suspensions","resource_type":"case-type","scope_key":null}},"case-transition::case-type::parking-bay-suspensions::complete-early":{"identifier":"complete-early","label":"Complete early","resource_type":"case-transition","scope_key":{"identifier":"parking-bay-suspensions","label":"Parking bay suspensions","resource_type":"case-type","scope_key":null}}}},"mappings":{"items":[]},"resources":{"items":{"case-status::case-type::parking-bay-suspensions::submitted":{"key":{"identifier":"submitted","label":"Submitted","resource_type":"case-status","scope_key":{"identifier":"parking-bay-suspensions","label":"Parking bay suspensions","resource_type":"case-type","scope_key":null}},"label_colour":"fdeebf","label_font_colour":"6b5100","type":"initial"},"case-status::case-type::parking-bay-suspensions::with-swt":{"key":{"identifier":"with-swt","label":"In Progress","resource_type":"case-status","scope_key":{"identifier":"parking-bay-suspensions","label":"Parking bay suspensions","resource_type":"case-type","scope_key":null}},"label_colour":"2670e7","label_font_colour":"ffffff","type":"normal"},"case-status::case-type::parking-bay-suspensions::rejected":{"key":{"identifier":"rejected","label":"Rejected","resource_type":"case-status","scope_key":{"identifier":"parking-bay-suspensions","label":"Parking bay suspensions","resource_type":"case-type","scope_key":null}},"label_colour":"de2a01","label_font_colour":"ffffff","type":"final"},"case-status::case-type::parking-bay-suspensions::issued":{"key":{"identifier":"issued","label":"Issued","resource_type":"case-status","scope_key":{"identifier":"parking-bay-suspensions","label":"Parking bay suspensions","resource_type":"case-type","scope_key":null}},"label_colour":"38d790","label_font_colour":"05472a","type":"final"},"case-status::case-type::parking-bay-suspensions::accepted-by-swt":{"key":{"identifier":"accepted-by-swt","label":"Accepted","resource_type":"case-status","scope_key":{"identifier":"parking-bay-suspensions","label":"Parking bay suspensions","resource_type":"case-type","scope_key":null}},"label_colour":"fdeebf","label_font_colour":"6b5100","type":"normal"},"case-status::case-type::parking-bay-suspensions::rejected-by-swt":{"key":{"identifier":"rejected-by-swt","label":"Rejected","resource_type":"case-status","scope_key":{"identifier":"parking-bay-suspensions","label":"Parking bay suspensions","resource_type":"case-type","scope_key":null}},"label_colour":"fdeebf","label_font_colour":"6b5100","type":"normal"},"case-status::case-type::parking-bay-suspensions::completed":{"key":{"identifier":"completed","label":"Completed","resource_type":"case-status","scope_key":{"identifier":"parking-bay-suspensions","label":"Parking bay suspensions","resource_type":"case-type","scope_key":null}},"label_colour":"e7e7e7","label_font_colour":"484848","type":"normal"},"case-field::location_address":{"allowed_privilege_level_keys":[],"allowed_to_all_privilege_levels":true,"encrypted":false,"redactable":false,"key":{"identifier":"location_address","label":"Location address","resource_type":"case-field","scope_key":null},"position":0,"type":"textarea"},"case-field::location_postcode":{"allowed_privilege_level_keys":[],"allowed_to_all_privilege_levels":true,"encrypted":false,"redactable":false,"key":{"identifier":"location_postcode","label":"location postcode","resource_type":"case-field","scope_key":null},"position":0,"type":"text"},"case-field::suspension_date_from":{"allowed_privilege_level_keys":[],"allowed_to_all_privilege_levels":true,"encrypted":false,"redactable":false,"key":{"identifier":"suspension_date_from","label":"Suspension date from","resource_type":"case-field","scope_key":null},"position":0,"type":"date"},"case-field::suspension_date_to":{"allowed_privilege_level_keys":[],"allowed_to_all_privilege_levels":true,"encrypted":false,"redactable":false,"key":{"identifier":"suspension_date_to","label":"Suspension date to","resource_type":"case-field","scope_key":null},"position":0,"type":"date"},"case-field::reason_for_rejection":{"allowed_privilege_level_keys":[],"allowed_to_all_privilege_levels":true,"encrypted":true,"redactable":true,"key":{"identifier":"reason_for_rejection","label":"Reason for rejection","resource_type":"case-field","scope_key":null},"position":0,"type":"textarea"},"alert-email-template::case-type::parking-bay-suspensions::rejection-to-customer":{"date_definition_keys":[],"field_keys":{"case-field::location_address":{"identifier":"location_address","label":"Location address","resource_type":"case-field","scope_key":null},"case-field::location_postcode":{"identifier":"location_postcode","label":"location postcode","resource_type":"case-field","scope_key":null},"case-field::suspension_date_from":{"identifier":"suspension_date_from","label":"Suspension date from","resource_type":"case-field","scope_key":null},"case-field::suspension_date_to":{"identifier":"suspension_date_to","label":"Suspension date to","resource_type":"case-field","scope_key":null},"case-field::reason_for_rejection":{"identifier":"reason_for_rejection","label":"Reason for rejection","resource_type":"case-field","scope_key":null}},"html_body":"<p>Regarding your application for a Parking Bay Suspension:<\/p><p>Case reference: {{case.reference}}<br \/>Location: {{case.values.location_address.value}} {{case.values.location_postcode.value}}<br \/>Start Date:&nbsp;<!--cxm-snippet-->{{ case.values.suspension_date_from.value|date('d\/m\/Y') }}<!--\/cxm-snippet--><br \/>End Date:&nbsp;&nbsp;<!--cxm-snippet-->{{ case.values.suspension_date_to.value|date('d\/m\/Y') }}<!--\/cxm-snippet--><\/p><p>We regret to inform you that your application has been rejected.<\/p><p>{{case.values.reason_for_rejection.value}}<\/p><p>Kind regards,<\/p><p>Highways<\/p>","key":{"identifier":"rejection-to-customer","label":"Rejection to customer","resource_type":"alert-email-template","scope_key":{"identifier":"parking-bay-suspensions","label":"Parking bay suspensions","resource_type":"case-type","scope_key":null}},"subject":"Your parking bay suspension request"},"alert-email-template::case-type::parking-bay-suspensions::notify-area-team":{"date_definition_keys":[],"field_keys":{"case-field::location_address":{"identifier":"location_address","label":"Location address","resource_type":"case-field","scope_key":null},"case-field::location_postcode":{"identifier":"location_postcode","label":"location postcode","resource_type":"case-field","scope_key":null},"case-field::suspension_date_from":{"identifier":"suspension_date_from","label":"Suspension date from","resource_type":"case-field","scope_key":null},"case-field::suspension_date_to":{"identifier":"suspension_date_to","label":"Suspension date to","resource_type":"case-field","scope_key":null}},"html_body":"<p>A new application for a Parking Bay Suspension has been assigned to your team to review.<\/p><p>Case reference: {{case.reference}}<br \/>Location: {{case.values.location_address.value}} {{case.values.location_postcode.value}}<br \/>Start Date:&nbsp;<!--cxm-snippet-->{{ case.values.suspension_date_from.value|date('d\/m\/Y') }}<!--\/cxm-snippet--><br \/>End Date:&nbsp;<!--cxm-snippet-->{{ case.values.suspension_date_to.value|date('d\/m\/Y') }}<!--\/cxm-snippet--><\/p>","key":{"identifier":"notify-area-team","label":"Notify area team","resource_type":"alert-email-template","scope_key":{"identifier":"parking-bay-suspensions","label":"Parking bay suspensions","resource_type":"case-type","scope_key":null}},"subject":"You have a new parking bay suspension request"},"alert-email-template::case-type::parking-bay-suspensions::confirmation-email":{"date_definition_keys":[],"field_keys":[],"html_body":"<p>Thank you for your application for a Parking Bay Suspension.&nbsp;<\/p><p>We will contact you shortly.<\/p><p>Kind regards,<\/p><p>&nbsp;<\/p>","key":{"identifier":"confirmation-email","label":"Confirmation email","resource_type":"alert-email-template","scope_key":{"identifier":"parking-bay-suspensions","label":"Parking bay suspensions","resource_type":"case-type","scope_key":null}},"subject":"Parking Bay Suspension application"},"alert-email-template::case-type::parking-bay-suspensions::new-application-notification":{"date_definition_keys":[],"field_keys":{"case-field::location_address":{"identifier":"location_address","label":"Location address","resource_type":"case-field","scope_key":null},"case-field::location_postcode":{"identifier":"location_postcode","label":"location postcode","resource_type":"case-field","scope_key":null},"case-field::suspension_date_from":{"identifier":"suspension_date_from","label":"Suspension date from","resource_type":"case-field","scope_key":null},"case-field::suspension_date_to":{"identifier":"suspension_date_to","label":"Suspension date to","resource_type":"case-field","scope_key":null}},"html_body":"<p>A new application for a Parking Bay Suspension has been received.<\/p><p>Case reference: {{case.reference}}<br \/>Location: {{case.values.location_address.value}} {{case.values.location_postcode.value}}<br \/>Start Date:&nbsp;<!--cxm-snippet-->{{ case.values.suspension_date_from.value|date('d\/m\/Y') }}<!--\/cxm-snippet--><br \/>End Date:&nbsp;<!--cxm-snippet-->{{ case.values.suspension_date_to.value|date('d\/m\/Y') }}<!--\/cxm-snippet--><\/p>","key":{"identifier":"new-application-notification","label":"New application notification","resource_type":"alert-email-template","scope_key":{"identifier":"parking-bay-suspensions","label":"Parking bay suspensions","resource_type":"case-type","scope_key":null}},"subject":"New Parking Bay Suspension Application"},"choice::case-field::area::north":{"key":{"identifier":"north","label":"North","resource_type":"choice","scope_key":{"identifier":"area","label":"Area","resource_type":"case-field","scope_key":null}}},"choice::case-field::area::south":{"key":{"identifier":"south","label":"South","resource_type":"choice","scope_key":{"identifier":"area","label":"Area","resource_type":"case-field","scope_key":null}}},"choice::case-field::area::east":{"key":{"identifier":"east","label":"East","resource_type":"choice","scope_key":{"identifier":"area","label":"Area","resource_type":"case-field","scope_key":null}}},"choice::case-field::area::west":{"key":{"identifier":"west","label":"West","resource_type":"choice","scope_key":{"identifier":"area","label":"Area","resource_type":"case-field","scope_key":null}}},"case-field::area":{"allowed_privilege_level_keys":[],"allowed_to_all_privilege_levels":true,"encrypted":false,"redactable":false,"key":{"identifier":"area","label":"Area","resource_type":"case-field","scope_key":null},"position":0,"choice_keys":{"choice::case-field::area::north":{"identifier":"north","label":"North","resource_type":"choice","scope_key":{"identifier":"area","label":"Area","resource_type":"case-field","scope_key":null}},"choice::case-field::area::south":{"identifier":"south","label":"South","resource_type":"choice","scope_key":{"identifier":"area","label":"Area","resource_type":"case-field","scope_key":null}},"choice::case-field::area::east":{"identifier":"east","label":"East","resource_type":"choice","scope_key":{"identifier":"area","label":"Area","resource_type":"case-field","scope_key":null}},"choice::case-field::area::west":{"identifier":"west","label":"West","resource_type":"choice","scope_key":{"identifier":"area","label":"Area","resource_type":"case-field","scope_key":null}}},"default_choice_keys":[],"expanded":false,"multiple":false,"type":"choice"},"case-field::detailed_response":{"allowed_privilege_level_keys":[],"allowed_to_all_privilege_levels":true,"encrypted":false,"redactable":false,"key":{"identifier":"detailed_response","label":"Detailed Response","resource_type":"case-field","scope_key":null},"position":0,"type":"textarea"},"alert-email-template::case-type::parking-bay-suspensions::notification-of-swt-response":{"date_definition_keys":[],"field_keys":{"case-field::area":{"identifier":"area","label":"Area","resource_type":"case-field","scope_key":null},"case-field::location_address":{"identifier":"location_address","label":"Location address","resource_type":"case-field","scope_key":null},"case-field::location_postcode":{"identifier":"location_postcode","label":"location postcode","resource_type":"case-field","scope_key":null},"case-field::suspension_date_from":{"identifier":"suspension_date_from","label":"Suspension date from","resource_type":"case-field","scope_key":null},"case-field::suspension_date_to":{"identifier":"suspension_date_to","label":"Suspension date to","resource_type":"case-field","scope_key":null},"case-field::detailed_response":{"identifier":"detailed_response","label":"Detailed Response","resource_type":"case-field","scope_key":null}},"html_body":"<p>Team&nbsp;<!--cxm-snippet-->{{ case.values.area.label }}<!--\/cxm-snippet-->&nbsp;has responded to an application for a Parking Bay Suspension.<\/p><p>{{case.reference}}<br \/>Location: {{case.values.location_address.value}} {{case.values.location_postcode.value}}<br \/>Start Date:&nbsp;<!--cxm-snippet-->{{ case.values.suspension_date_from.value|date('d\/m\/Y') }}<!--\/cxm-snippet--><br \/>End Date:&nbsp;<!--cxm-snippet-->{{ case.values.suspension_date_to.value|date('d\/m\/Y') }}<!--\/cxm-snippet--><\/p><p>{{case.values.detailed_response.value}}<\/p>","key":{"identifier":"notification-of-swt-response","label":"Notification of response","resource_type":"alert-email-template","scope_key":{"identifier":"parking-bay-suspensions","label":"Parking bay suspensions","resource_type":"case-type","scope_key":null}},"subject":"Team response to Parking Bay Suspension application"},"alert-email-template::case-type::parking-bay-suspensions::notification-of-early-completion":{"date_definition_keys":[],"field_keys":{"case-field::location_address":{"identifier":"location_address","label":"Location address","resource_type":"case-field","scope_key":null},"case-field::location_postcode":{"identifier":"location_postcode","label":"location postcode","resource_type":"case-field","scope_key":null},"case-field::suspension_date_from":{"identifier":"suspension_date_from","label":"Suspension date from","resource_type":"case-field","scope_key":null},"case-field::suspension_date_to":{"identifier":"suspension_date_to","label":"Suspension date to","resource_type":"case-field","scope_key":null}},"html_body":"<p>A notification of early completion has been received for a Parking Bay Suspension<\/p><p>Case reference: {{case.reference}}<br \/>Location: {{case.values.location_address.value}} {{case.values.location_postcode.value}}<br \/>Start Date:&nbsp;<!--cxm-snippet-->{{ case.values.suspension_date_from.value|date('d\/m\/Y') }}<!--\/cxm-snippet--><br \/>End Date:&nbsp;<!--cxm-snippet-->{{ case.values.suspension_date_to.value|date('d\/m\/Y') }}<!--\/cxm-snippet--><\/p>","key":{"identifier":"notification-of-early-completion","label":"Notification of early completion","resource_type":"alert-email-template","scope_key":{"identifier":"parking-bay-suspensions","label":"Parking bay suspensions","resource_type":"case-type","scope_key":null}},"subject":"Parking Bay Suspension: Early completion"},"case-field::first_name":{"allowed_privilege_level_keys":[],"allowed_to_all_privilege_levels":true,"encrypted":true,"redactable":true,"key":{"identifier":"first_name","label":"First Name","resource_type":"case-field","scope_key":null},"position":null,"type":"text"},"case-field::last_name":{"allowed_privilege_level_keys":[],"allowed_to_all_privilege_levels":true,"encrypted":true,"redactable":true,"key":{"identifier":"last_name","label":"Last Name","resource_type":"case-field","scope_key":null},"position":null,"type":"text"},"case-field::email":{"allowed_privilege_level_keys":[],"allowed_to_all_privilege_levels":true,"encrypted":true,"redactable":true,"key":{"identifier":"email","label":"Email","resource_type":"case-field","scope_key":null},"position":null,"type":"email"},"case-field::company_address":{"allowed_privilege_level_keys":[],"allowed_to_all_privilege_levels":true,"encrypted":false,"redactable":false,"key":{"identifier":"company_address","label":"Company address","resource_type":"case-field","scope_key":null},"position":0,"type":"textarea"},"case-field::company_postcode":{"allowed_privilege_level_keys":[],"allowed_to_all_privilege_levels":true,"encrypted":false,"redactable":false,"key":{"identifier":"company_postcode","label":"Company postcode","resource_type":"case-field","scope_key":null},"position":0,"type":"text"},"case-field::company_name":{"allowed_privilege_level_keys":[],"allowed_to_all_privilege_levels":true,"encrypted":false,"redactable":false,"key":{"identifier":"company_name","label":"Company name","resource_type":"case-field","scope_key":null},"position":0,"type":"text"},"case-field::telephone_number":{"allowed_privilege_level_keys":[],"allowed_to_all_privilege_levels":true,"encrypted":false,"redactable":false,"key":{"identifier":"telephone_number","label":"Telephone Number","resource_type":"case-field","scope_key":null},"position":9,"type":"telephone"},"choice::case-field::reason_for_suspension::event":{"key":{"identifier":"event","label":"Event","resource_type":"choice","scope_key":{"identifier":"reason_for_suspension","label":"Reason for suspension","resource_type":"case-field","scope_key":null}}},"choice::case-field::reason_for_suspension::works":{"key":{"identifier":"works","label":"Works","resource_type":"choice","scope_key":{"identifier":"reason_for_suspension","label":"Reason for suspension","resource_type":"case-field","scope_key":null}}},"case-field::reason_for_suspension":{"allowed_privilege_level_keys":[],"allowed_to_all_privilege_levels":true,"encrypted":false,"redactable":false,"key":{"identifier":"reason_for_suspension","label":"Reason for suspension","resource_type":"case-field","scope_key":null},"position":0,"choice_keys":{"choice::case-field::reason_for_suspension::event":{"identifier":"event","label":"Event","resource_type":"choice","scope_key":{"identifier":"reason_for_suspension","label":"Reason for suspension","resource_type":"case-field","scope_key":null}},"choice::case-field::reason_for_suspension::works":{"identifier":"works","label":"Works","resource_type":"choice","scope_key":{"identifier":"reason_for_suspension","label":"Reason for suspension","resource_type":"case-field","scope_key":null}}},"default_choice_keys":[],"expanded":false,"multiple":false,"type":"choice"},"case-field::access_code":{"allowed_privilege_level_keys":[],"allowed_to_all_privilege_levels":true,"encrypted":false,"redactable":false,"key":{"identifier":"access_code","label":"Access Code","resource_type":"case-field","scope_key":null},"position":0,"type":"text"},"case-field::swt_email":{"allowed_privilege_level_keys":[],"allowed_to_all_privilege_levels":true,"encrypted":false,"redactable":false,"key":{"identifier":"swt_email","label":"SWT Email","resource_type":"case-field","scope_key":null},"position":0,"type":"email"},"case-field::details_of_event_or_works":{"allowed_privilege_level_keys":[],"allowed_to_all_privilege_levels":true,"encrypted":false,"redactable":false,"key":{"identifier":"details_of_event_or_works","label":"Details of event or works","resource_type":"case-field","scope_key":null},"position":0,"type":"textarea"},"case-form::case-type::parking-bay-suspensions::new-parking-bay-suspensions":{"external_redirects":[],"fields":[{"key":{"identifier":"first-name","label":"First Name","resource_type":"case-form-field","scope_key":{"identifier":"new-parking-bay-suspensions","label":"New Parking bay suspensions","resource_type":"case-form","scope_key":{"identifier":"parking-bay-suspensions","label":"Parking bay suspensions","resource_type":"case-type","scope_key":null}}},"position":0,"requirement":{"key":{"identifier":"210183","label":"Expression 210183","resource_type":"expression","scope_key":null},"type":"false_expression"},"visibility":null,"field_key":{"identifier":"first_name","label":"First Name","resource_type":"case-field","scope_key":null},"type":"case_field"},{"key":{"identifier":"last-name","label":"Last name","resource_type":"case-form-field","scope_key":{"identifier":"new-parking-bay-suspensions","label":"New Parking bay suspensions","resource_type":"case-form","scope_key":{"identifier":"parking-bay-suspensions","label":"Parking bay suspensions","resource_type":"case-type","scope_key":null}}},"position":1,"requirement":{"key":{"identifier":"210184","label":"Expression 210184","resource_type":"expression","scope_key":null},"type":"false_expression"},"visibility":null,"field_key":{"identifier":"last_name","label":"Last Name","resource_type":"case-field","scope_key":null},"type":"case_field"},{"key":{"identifier":"email","label":"Email","resource_type":"case-form-field","scope_key":{"identifier":"new-parking-bay-suspensions","label":"New Parking bay suspensions","resource_type":"case-form","scope_key":{"identifier":"parking-bay-suspensions","label":"Parking bay suspensions","resource_type":"case-type","scope_key":null}}},"position":2,"requirement":{"key":{"identifier":"210185","label":"Expression 210185","resource_type":"expression","scope_key":null},"type":"false_expression"},"visibility":null,"field_key":{"identifier":"email","label":"Email","resource_type":"case-field","scope_key":null},"type":"case_field"},{"key":{"identifier":"company-address","label":"Company address","resource_type":"case-form-field","scope_key":{"identifier":"new-parking-bay-suspensions","label":"New Parking bay suspensions","resource_type":"case-form","scope_key":{"identifier":"parking-bay-suspensions","label":"Parking bay suspensions","resource_type":"case-type","scope_key":null}}},"position":3,"requirement":{"key":{"identifier":"210186","label":"Expression 210186","resource_type":"expression","scope_key":null},"type":"false_expression"},"visibility":null,"field_key":{"identifier":"company_address","label":"Company address","resource_type":"case-field","scope_key":null},"type":"case_field"},{"key":{"identifier":"company-postcode","label":"Company postcode","resource_type":"case-form-field","scope_key":{"identifier":"new-parking-bay-suspensions","label":"New Parking bay suspensions","resource_type":"case-form","scope_key":{"identifier":"parking-bay-suspensions","label":"Parking bay suspensions","resource_type":"case-type","scope_key":null}}},"position":4,"requirement":{"key":{"identifier":"210187","label":"Expression 210187","resource_type":"expression","scope_key":null},"type":"false_expression"},"visibility":null,"field_key":{"identifier":"company_postcode","label":"Company postcode","resource_type":"case-field","scope_key":null},"type":"case_field"},{"key":{"identifier":"company-name","label":"Company name","resource_type":"case-form-field","scope_key":{"identifier":"new-parking-bay-suspensions","label":"New Parking bay suspensions","resource_type":"case-form","scope_key":{"identifier":"parking-bay-suspensions","label":"Parking bay suspensions","resource_type":"case-type","scope_key":null}}},"position":5,"requirement":{"key":{"identifier":"210188","label":"Expression 210188","resource_type":"expression","scope_key":null},"type":"false_expression"},"visibility":null,"field_key":{"identifier":"company_name","label":"Company name","resource_type":"case-field","scope_key":null},"type":"case_field"},{"key":{"identifier":"telephone-number","label":"Telephone number","resource_type":"case-form-field","scope_key":{"identifier":"new-parking-bay-suspensions","label":"New Parking bay suspensions","resource_type":"case-form","scope_key":{"identifier":"parking-bay-suspensions","label":"Parking bay suspensions","resource_type":"case-type","scope_key":null}}},"position":6,"requirement":{"key":{"identifier":"210189","label":"Expression 210189","resource_type":"expression","scope_key":null},"type":"false_expression"},"visibility":null,"field_key":{"identifier":"telephone_number","label":"Telephone Number","resource_type":"case-field","scope_key":null},"type":"case_field"},{"key":{"identifier":"reason-for-suspension","label":"Reason for suspension","resource_type":"case-form-field","scope_key":{"identifier":"new-parking-bay-suspensions","label":"New Parking bay suspensions","resource_type":"case-form","scope_key":{"identifier":"parking-bay-suspensions","label":"Parking bay suspensions","resource_type":"case-type","scope_key":null}}},"position":7,"requirement":{"key":{"identifier":"210190","label":"Expression 210190","resource_type":"expression","scope_key":null},"type":"false_expression"},"visibility":null,"field_key":{"identifier":"reason_for_suspension","label":"Reason for suspension","resource_type":"case-field","scope_key":null},"type":"case_field"},{"key":{"identifier":"suspension-date-from","label":"Suspension date from","resource_type":"case-form-field","scope_key":{"identifier":"new-parking-bay-suspensions","label":"New Parking bay suspensions","resource_type":"case-form","scope_key":{"identifier":"parking-bay-suspensions","label":"Parking bay suspensions","resource_type":"case-type","scope_key":null}}},"position":8,"requirement":{"key":{"identifier":"210191","label":"Expression 210191","resource_type":"expression","scope_key":null},"type":"false_expression"},"visibility":null,"field_key":{"identifier":"suspension_date_from","label":"Suspension date from","resource_type":"case-field","scope_key":null},"type":"case_field"},{"key":{"identifier":"suspension-date-to","label":"Suspension date to","resource_type":"case-form-field","scope_key":{"identifier":"new-parking-bay-suspensions","label":"New Parking bay suspensions","resource_type":"case-form","scope_key":{"identifier":"parking-bay-suspensions","label":"Parking bay suspensions","resource_type":"case-type","scope_key":null}}},"position":9,"requirement":{"key":{"identifier":"210192","label":"Expression 210192","resource_type":"expression","scope_key":null},"type":"false_expression"},"visibility":null,"field_key":{"identifier":"suspension_date_to","label":"Suspension date to","resource_type":"case-field","scope_key":null},"type":"case_field"},{"key":{"identifier":"location-address","label":"Location address","resource_type":"case-form-field","scope_key":{"identifier":"new-parking-bay-suspensions","label":"New Parking bay suspensions","resource_type":"case-form","scope_key":{"identifier":"parking-bay-suspensions","label":"Parking bay suspensions","resource_type":"case-type","scope_key":null}}},"position":10,"requirement":{"key":{"identifier":"210193","label":"Expression 210193","resource_type":"expression","scope_key":null},"type":"false_expression"},"visibility":null,"field_key":{"identifier":"location_address","label":"Location address","resource_type":"case-field","scope_key":null},"type":"case_field"},{"key":{"identifier":"location-postcode","label":"location postcode","resource_type":"case-form-field","scope_key":{"identifier":"new-parking-bay-suspensions","label":"New Parking bay suspensions","resource_type":"case-form","scope_key":{"identifier":"parking-bay-suspensions","label":"Parking bay suspensions","resource_type":"case-type","scope_key":null}}},"position":11,"requirement":{"key":{"identifier":"210194","label":"Expression 210194","resource_type":"expression","scope_key":null},"type":"false_expression"},"visibility":null,"field_key":{"identifier":"location_postcode","label":"location postcode","resource_type":"case-field","scope_key":null},"type":"case_field"},{"key":{"identifier":"access-code","label":"Access Code","resource_type":"case-form-field","scope_key":{"identifier":"new-parking-bay-suspensions","label":"New Parking bay suspensions","resource_type":"case-form","scope_key":{"identifier":"parking-bay-suspensions","label":"Parking bay suspensions","resource_type":"case-type","scope_key":null}}},"position":12,"requirement":{"key":{"identifier":"210195","label":"Expression 210195","resource_type":"expression","scope_key":null},"type":"false_expression"},"visibility":null,"field_key":{"identifier":"access_code","label":"Access Code","resource_type":"case-field","scope_key":null},"type":"case_field"},{"key":{"identifier":"swt-email","label":"SWT Email","resource_type":"case-form-field","scope_key":{"identifier":"new-parking-bay-suspensions","label":"New Parking bay suspensions","resource_type":"case-form","scope_key":{"identifier":"parking-bay-suspensions","label":"Parking bay suspensions","resource_type":"case-type","scope_key":null}}},"position":13,"requirement":{"key":{"identifier":"210196","label":"Expression 210196","resource_type":"expression","scope_key":null},"type":"false_expression"},"visibility":null,"field_key":{"identifier":"swt_email","label":"SWT Email","resource_type":"case-field","scope_key":null},"type":"case_field"},{"key":{"identifier":"details-of-event-or-works","label":"Details of event or works","resource_type":"case-form-field","scope_key":{"identifier":"new-parking-bay-suspensions","label":"New Parking bay suspensions","resource_type":"case-form","scope_key":{"identifier":"parking-bay-suspensions","label":"Parking bay suspensions","resource_type":"case-type","scope_key":null}}},"position":14,"requirement":{"key":{"identifier":"210197","label":"Expression 210197","resource_type":"expression","scope_key":null},"type":"false_expression"},"visibility":null,"field_key":{"identifier":"details_of_event_or_works","label":"Details of event or works","resource_type":"case-field","scope_key":null},"type":"case_field"}],"key":{"identifier":"new-parking-bay-suspensions","label":"New Parking bay suspensions","resource_type":"case-form","scope_key":{"identifier":"parking-bay-suspensions","label":"Parking bay suspensions","resource_type":"case-type","scope_key":null}},"type":"create"},"case-form::case-type::parking-bay-suspensions::edit-parking-bay-suspensions":{"external_redirects":[],"fields":[],"key":{"identifier":"edit-parking-bay-suspensions","label":"Edit Parking bay suspensions","resource_type":"case-form","scope_key":{"identifier":"parking-bay-suspensions","label":"Parking bay suspensions","resource_type":"case-type","scope_key":null}},"type":"edit"},"case-form::case-type::parking-bay-suspensions::rejected":{"external_redirects":[],"fields":[{"key":{"identifier":"reason-for-rejection","label":"Reason for rejection","resource_type":"case-form-field","scope_key":{"identifier":"rejected","label":"Rejected","resource_type":"case-form","scope_key":{"identifier":"parking-bay-suspensions","label":"Parking bay suspensions","resource_type":"case-type","scope_key":null}}},"position":0,"requirement":{"key":{"identifier":"210198","label":"Expression 210198","resource_type":"expression","scope_key":null},"type":"true_expression"},"visibility":null,"field_key":{"identifier":"reason_for_rejection","label":"Reason for rejection","resource_type":"case-field","scope_key":null},"type":"case_field"}],"key":{"identifier":"rejected","label":"Rejected","resource_type":"case-form","scope_key":{"identifier":"parking-bay-suspensions","label":"Parking bay suspensions","resource_type":"case-type","scope_key":null}},"type":"normal"},"case-form::case-type::parking-bay-suspensions::assign-to-area":{"external_redirects":[],"fields":[{"key":{"identifier":"area","label":"Area","resource_type":"case-form-field","scope_key":{"identifier":"assign-to-area","label":"Assign to area","resource_type":"case-form","scope_key":{"identifier":"parking-bay-suspensions","label":"Parking bay suspensions","resource_type":"case-type","scope_key":null}}},"position":0,"requirement":{"key":{"identifier":"210199","label":"Expression 210199","resource_type":"expression","scope_key":null},"type":"false_expression"},"visibility":null,"field_key":{"identifier":"area","label":"Area","resource_type":"case-field","scope_key":null},"type":"case_field"}],"key":{"identifier":"assign-to-area","label":"Assign to area","resource_type":"case-form","scope_key":{"identifier":"parking-bay-suspensions","label":"Parking bay suspensions","resource_type":"case-type","scope_key":null}},"type":"normal"},"case-form::case-type::parking-bay-suspensions::issue-permit":{"external_redirects":[],"fields":[],"key":{"identifier":"issue-permit","label":"Issue permit","resource_type":"case-form","scope_key":{"identifier":"parking-bay-suspensions","label":"Parking bay suspensions","resource_type":"case-type","scope_key":null}},"type":"normal"},"case-field::changes_to_application":{"allowed_privilege_level_keys":[],"allowed_to_all_privilege_levels":true,"encrypted":false,"redactable":false,"key":{"identifier":"changes_to_application","label":"Changes to application","resource_type":"case-field","scope_key":null},"position":0,"type":"textarea"},"case-form::case-type::parking-bay-suspensions::amend":{"external_redirects":[],"fields":[{"key":{"identifier":"location-address","label":"Location address","resource_type":"case-form-field","scope_key":{"identifier":"amend","label":"Amend","resource_type":"case-form","scope_key":{"identifier":"parking-bay-suspensions","label":"Parking bay suspensions","resource_type":"case-type","scope_key":null}}},"position":0,"requirement":{"key":{"identifier":"210200","label":"Expression 210200","resource_type":"expression","scope_key":null},"type":"true_expression"},"visibility":null,"field_key":{"identifier":"location_address","label":"Location address","resource_type":"case-field","scope_key":null},"type":"case_field"},{"key":{"identifier":"location-postcode","label":"location postcode","resource_type":"case-form-field","scope_key":{"identifier":"amend","label":"Amend","resource_type":"case-form","scope_key":{"identifier":"parking-bay-suspensions","label":"Parking bay suspensions","resource_type":"case-type","scope_key":null}}},"position":1,"requirement":{"key":{"identifier":"210201","label":"Expression 210201","resource_type":"expression","scope_key":null},"type":"true_expression"},"visibility":null,"field_key":{"identifier":"location_postcode","label":"location postcode","resource_type":"case-field","scope_key":null},"type":"case_field"},{"key":{"identifier":"reason-for-suspension","label":"Reason for suspension","resource_type":"case-form-field","scope_key":{"identifier":"amend","label":"Amend","resource_type":"case-form","scope_key":{"identifier":"parking-bay-suspensions","label":"Parking bay suspensions","resource_type":"case-type","scope_key":null}}},"position":2,"requirement":{"key":{"identifier":"210202","label":"Expression 210202","resource_type":"expression","scope_key":null},"type":"true_expression"},"visibility":null,"field_key":{"identifier":"reason_for_suspension","label":"Reason for suspension","resource_type":"case-field","scope_key":null},"type":"case_field"},{"key":{"identifier":"details-of-event-or-works","label":"Details of event or works","resource_type":"case-form-field","scope_key":{"identifier":"amend","label":"Amend","resource_type":"case-form","scope_key":{"identifier":"parking-bay-suspensions","label":"Parking bay suspensions","resource_type":"case-type","scope_key":null}}},"position":3,"requirement":{"key":{"identifier":"210203","label":"Expression 210203","resource_type":"expression","scope_key":null},"type":"true_expression"},"visibility":null,"field_key":{"identifier":"details_of_event_or_works","label":"Details of event or works","resource_type":"case-field","scope_key":null},"type":"case_field"},{"key":{"identifier":"suspension-date-from","label":"Suspension date from","resource_type":"case-form-field","scope_key":{"identifier":"amend","label":"Amend","resource_type":"case-form","scope_key":{"identifier":"parking-bay-suspensions","label":"Parking bay suspensions","resource_type":"case-type","scope_key":null}}},"position":4,"requirement":{"key":{"identifier":"210204","label":"Expression 210204","resource_type":"expression","scope_key":null},"type":"true_expression"},"visibility":null,"field_key":{"identifier":"suspension_date_from","label":"Suspension date from","resource_type":"case-field","scope_key":null},"type":"case_field"},{"key":{"identifier":"suspension-date-to","label":"Suspension date to","resource_type":"case-form-field","scope_key":{"identifier":"amend","label":"Amend","resource_type":"case-form","scope_key":{"identifier":"parking-bay-suspensions","label":"Parking bay suspensions","resource_type":"case-type","scope_key":null}}},"position":5,"requirement":{"key":{"identifier":"210205","label":"Expression 210205","resource_type":"expression","scope_key":null},"type":"true_expression"},"visibility":null,"field_key":{"identifier":"suspension_date_to","label":"Suspension date to","resource_type":"case-field","scope_key":null},"type":"case_field"},{"key":{"identifier":"changes-to-application","label":"Changes to application","resource_type":"case-form-field","scope_key":{"identifier":"amend","label":"Amend","resource_type":"case-form","scope_key":{"identifier":"parking-bay-suspensions","label":"Parking bay suspensions","resource_type":"case-type","scope_key":null}}},"position":6,"requirement":{"key":{"identifier":"210206","label":"Expression 210206","resource_type":"expression","scope_key":null},"type":"true_expression"},"visibility":null,"field_key":{"identifier":"changes_to_application","label":"Changes to application","resource_type":"case-field","scope_key":null},"type":"case_field"}],"key":{"identifier":"amend","label":"Amend","resource_type":"case-form","scope_key":{"identifier":"parking-bay-suspensions","label":"Parking bay suspensions","resource_type":"case-type","scope_key":null}},"type":"normal"},"case-form::case-type::parking-bay-suspensions::swt-response":{"external_redirects":[],"fields":[{"key":{"identifier":"detailed-response","label":"Detailed Response","resource_type":"case-form-field","scope_key":{"identifier":"swt-response","label":"SWT Response","resource_type":"case-form","scope_key":{"identifier":"parking-bay-suspensions","label":"Parking bay suspensions","resource_type":"case-type","scope_key":null}}},"position":0,"requirement":{"key":{"identifier":"210207","label":"Expression 210207","resource_type":"expression","scope_key":null},"type":"false_expression"},"visibility":null,"field_key":{"identifier":"detailed_response","label":"Detailed Response","resource_type":"case-field","scope_key":null},"type":"case_field"}],"key":{"identifier":"swt-response","label":"SWT Response","resource_type":"case-form","scope_key":{"identifier":"parking-bay-suspensions","label":"Parking bay suspensions","resource_type":"case-type","scope_key":null}},"type":"normal"},"choice::case-field::completed_early::yes":{"key":{"identifier":"yes","label":"Yes","resource_type":"choice","scope_key":{"identifier":"completed_early","label":"Completed early","resource_type":"case-field","scope_key":null}}},"choice::case-field::completed_early::no":{"key":{"identifier":"no","label":"No","resource_type":"choice","scope_key":{"identifier":"completed_early","label":"Completed early","resource_type":"case-field","scope_key":null}}},"case-field::completed_early":{"allowed_privilege_level_keys":[],"allowed_to_all_privilege_levels":true,"encrypted":false,"redactable":false,"key":{"identifier":"completed_early","label":"Completed early","resource_type":"case-field","scope_key":null},"position":0,"choice_keys":{"choice::case-field::completed_early::yes":{"identifier":"yes","label":"Yes","resource_type":"choice","scope_key":{"identifier":"completed_early","label":"Completed early","resource_type":"case-field","scope_key":null}},"choice::case-field::completed_early::no":{"identifier":"no","label":"No","resource_type":"choice","scope_key":{"identifier":"completed_early","label":"Completed early","resource_type":"case-field","scope_key":null}}},"default_choice_keys":[],"expanded":false,"multiple":false,"type":"choice"},"case-form::case-type::parking-bay-suspensions::completed-early":{"external_redirects":[],"fields":[{"key":{"identifier":"completed-early","label":"Completed early","resource_type":"case-form-field","scope_key":{"identifier":"completed-early","label":"Completed Early","resource_type":"case-form","scope_key":{"identifier":"parking-bay-suspensions","label":"Parking bay suspensions","resource_type":"case-type","scope_key":null}}},"position":0,"requirement":{"key":{"identifier":"210208","label":"Expression 210208","resource_type":"expression","scope_key":null},"type":"false_expression"},"visibility":null,"field_key":{"identifier":"completed_early","label":"Completed early","resource_type":"case-field","scope_key":null},"type":"case_field"}],"key":{"identifier":"completed-early","label":"Completed Early","resource_type":"case-form","scope_key":{"identifier":"parking-bay-suspensions","label":"Parking bay suspensions","resource_type":"case-type","scope_key":null}},"type":"normal"},"privilege-level::administrator":{"key":{"identifier":"administrator","label":"API User","resource_type":"privilege-level","scope_key":null}},"privilege-level::advisor":{"key":{"identifier":"advisor","label":"Advisor","resource_type":"privilege-level","scope_key":null}},"privilege-level::staff-free-user":{"key":{"identifier":"staff-free-user","label":"Staff","resource_type":"privilege-level","scope_key":null}},"privilege-level::system-administrator":{"key":{"identifier":"system-administrator","label":"System Administrator","resource_type":"privilege-level","scope_key":null}},"case-transition::case-type::parking-bay-suspensions::pass-to-swt":{"allowed_privilege_level_keys":{"privilege-level::administrator":{"identifier":"administrator","label":"API User","resource_type":"privilege-level","scope_key":null},"privilege-level::advisor":{"identifier":"advisor","label":"Advisor","resource_type":"privilege-level","scope_key":null},"privilege-level::staff-free-user":{"identifier":"staff-free-user","label":"Staff","resource_type":"privilege-level","scope_key":null},"privilege-level::system-administrator":{"identifier":"system-administrator","label":"System Administrator","resource_type":"privilege-level","scope_key":null}},"call_to_action":true,"call_to_action_style":"success","case_form_key":{"identifier":"assign-to-area","label":"Assign to area","resource_type":"case-form","scope_key":{"identifier":"parking-bay-suspensions","label":"Parking bay suspensions","resource_type":"case-type","scope_key":null}},"from_status_keys":{"case-status::case-type::parking-bay-suspensions::submitted":{"identifier":"submitted","label":"Submitted","resource_type":"case-status","scope_key":{"identifier":"parking-bay-suspensions","label":"Parking bay suspensions","resource_type":"case-type","scope_key":null}}},"key":{"identifier":"pass-to-swt","label":"Pass for Processing","resource_type":"case-transition","scope_key":{"identifier":"parking-bay-suspensions","label":"Parking bay suspensions","resource_type":"case-type","scope_key":null}},"to_status_key":{"identifier":"with-swt","label":"In Progress","resource_type":"case-status","scope_key":{"identifier":"parking-bay-suspensions","label":"Parking bay suspensions","resource_type":"case-type","scope_key":null}}},"case-transition::case-type::parking-bay-suspensions::reject":{"allowed_privilege_level_keys":{"privilege-level::administrator":{"identifier":"administrator","label":"API User","resource_type":"privilege-level","scope_key":null},"privilege-level::advisor":{"identifier":"advisor","label":"Advisor","resource_type":"privilege-level","scope_key":null},"privilege-level::staff-free-user":{"identifier":"staff-free-user","label":"Staff","resource_type":"privilege-level","scope_key":null},"privilege-level::system-administrator":{"identifier":"system-administrator","label":"System Administrator","resource_type":"privilege-level","scope_key":null}},"call_to_action":true,"call_to_action_style":"danger","case_form_key":{"identifier":"rejected","label":"Rejected","resource_type":"case-form","scope_key":{"identifier":"parking-bay-suspensions","label":"Parking bay suspensions","resource_type":"case-type","scope_key":null}},"from_status_keys":{"case-status::case-type::parking-bay-suspensions::submitted":{"identifier":"submitted","label":"Submitted","resource_type":"case-status","scope_key":{"identifier":"parking-bay-suspensions","label":"Parking bay suspensions","resource_type":"case-type","scope_key":null}},"case-status::case-type::parking-bay-suspensions::rejected-by-swt":{"identifier":"rejected-by-swt","label":"Rejected","resource_type":"case-status","scope_key":{"identifier":"parking-bay-suspensions","label":"Parking bay suspensions","resource_type":"case-type","scope_key":null}}},"key":{"identifier":"reject","label":"Reject","resource_type":"case-transition","scope_key":{"identifier":"parking-bay-suspensions","label":"Parking bay suspensions","resource_type":"case-type","scope_key":null}},"to_status_key":{"identifier":"rejected","label":"Rejected","resource_type":"case-status","scope_key":{"identifier":"parking-bay-suspensions","label":"Parking bay suspensions","resource_type":"case-type","scope_key":null}}},"case-transition::case-type::parking-bay-suspensions::issue":{"allowed_privilege_level_keys":{"privilege-level::administrator":{"identifier":"administrator","label":"API User","resource_type":"privilege-level","scope_key":null},"privilege-level::advisor":{"identifier":"advisor","label":"Advisor","resource_type":"privilege-level","scope_key":null},"privilege-level::staff-free-user":{"identifier":"staff-free-user","label":"Staff","resource_type":"privilege-level","scope_key":null},"privilege-level::system-administrator":{"identifier":"system-administrator","label":"System Administrator","resource_type":"privilege-level","scope_key":null}},"call_to_action":true,"call_to_action_style":"primary","case_form_key":{"identifier":"issue-permit","label":"Issue permit","resource_type":"case-form","scope_key":{"identifier":"parking-bay-suspensions","label":"Parking bay suspensions","resource_type":"case-type","scope_key":null}},"from_status_keys":{"case-status::case-type::parking-bay-suspensions::accepted-by-swt":{"identifier":"accepted-by-swt","label":"Accepted","resource_type":"case-status","scope_key":{"identifier":"parking-bay-suspensions","label":"Parking bay suspensions","resource_type":"case-type","scope_key":null}},"case-status::case-type::parking-bay-suspensions::rejected-by-swt":{"identifier":"rejected-by-swt","label":"Rejected","resource_type":"case-status","scope_key":{"identifier":"parking-bay-suspensions","label":"Parking bay suspensions","resource_type":"case-type","scope_key":null}}},"key":{"identifier":"issue","label":"Issue","resource_type":"case-transition","scope_key":{"identifier":"parking-bay-suspensions","label":"Parking bay suspensions","resource_type":"case-type","scope_key":null}},"to_status_key":{"identifier":"issued","label":"Issued","resource_type":"case-status","scope_key":{"identifier":"parking-bay-suspensions","label":"Parking bay suspensions","resource_type":"case-type","scope_key":null}}},"case-transition::case-type::parking-bay-suspensions::amend":{"allowed_privilege_level_keys":{"privilege-level::administrator":{"identifier":"administrator","label":"API User","resource_type":"privilege-level","scope_key":null},"privilege-level::advisor":{"identifier":"advisor","label":"Advisor","resource_type":"privilege-level","scope_key":null},"privilege-level::staff-free-user":{"identifier":"staff-free-user","label":"Staff","resource_type":"privilege-level","scope_key":null},"privilege-level::system-administrator":{"identifier":"system-administrator","label":"System Administrator","resource_type":"privilege-level","scope_key":null}},"call_to_action":true,"call_to_action_style":"warning","case_form_key":{"identifier":"amend","label":"Amend","resource_type":"case-form","scope_key":{"identifier":"parking-bay-suspensions","label":"Parking bay suspensions","resource_type":"case-type","scope_key":null}},"from_status_keys":{"case-status::case-type::parking-bay-suspensions::submitted":{"identifier":"submitted","label":"Submitted","resource_type":"case-status","scope_key":{"identifier":"parking-bay-suspensions","label":"Parking bay suspensions","resource_type":"case-type","scope_key":null}}},"key":{"identifier":"amend","label":"Amend","resource_type":"case-transition","scope_key":{"identifier":"parking-bay-suspensions","label":"Parking bay suspensions","resource_type":"case-type","scope_key":null}},"to_status_key":{"identifier":"submitted","label":"Submitted","resource_type":"case-status","scope_key":{"identifier":"parking-bay-suspensions","label":"Parking bay suspensions","resource_type":"case-type","scope_key":null}}},"case-transition::case-type::parking-bay-suspensions::amend-1":{"allowed_privilege_level_keys":{"privilege-level::administrator":{"identifier":"administrator","label":"API User","resource_type":"privilege-level","scope_key":null},"privilege-level::advisor":{"identifier":"advisor","label":"Advisor","resource_type":"privilege-level","scope_key":null},"privilege-level::staff-free-user":{"identifier":"staff-free-user","label":"Staff","resource_type":"privilege-level","scope_key":null},"privilege-level::system-administrator":{"identifier":"system-administrator","label":"System Administrator","resource_type":"privilege-level","scope_key":null}},"call_to_action":true,"call_to_action_style":"warning","case_form_key":{"identifier":"amend","label":"Amend","resource_type":"case-form","scope_key":{"identifier":"parking-bay-suspensions","label":"Parking bay suspensions","resource_type":"case-type","scope_key":null}},"from_status_keys":{"case-status::case-type::parking-bay-suspensions::accepted-by-swt":{"identifier":"accepted-by-swt","label":"Accepted","resource_type":"case-status","scope_key":{"identifier":"parking-bay-suspensions","label":"Parking bay suspensions","resource_type":"case-type","scope_key":null}}},"key":{"identifier":"amend-1","label":"Amend","resource_type":"case-transition","scope_key":{"identifier":"parking-bay-suspensions","label":"Parking bay suspensions","resource_type":"case-type","scope_key":null}},"to_status_key":{"identifier":"accepted-by-swt","label":"Accepted","resource_type":"case-status","scope_key":{"identifier":"parking-bay-suspensions","label":"Parking bay suspensions","resource_type":"case-type","scope_key":null}}},"case-transition::case-type::parking-bay-suspensions::amend-2":{"allowed_privilege_level_keys":{"privilege-level::administrator":{"identifier":"administrator","label":"API User","resource_type":"privilege-level","scope_key":null},"privilege-level::advisor":{"identifier":"advisor","label":"Advisor","resource_type":"privilege-level","scope_key":null},"privilege-level::staff-free-user":{"identifier":"staff-free-user","label":"Staff","resource_type":"privilege-level","scope_key":null},"privilege-level::system-administrator":{"identifier":"system-administrator","label":"System Administrator","resource_type":"privilege-level","scope_key":null}},"call_to_action":true,"call_to_action_style":"warning","case_form_key":{"identifier":"amend","label":"Amend","resource_type":"case-form","scope_key":{"identifier":"parking-bay-suspensions","label":"Parking bay suspensions","resource_type":"case-type","scope_key":null}},"from_status_keys":{"case-status::case-type::parking-bay-suspensions::rejected-by-swt":{"identifier":"rejected-by-swt","label":"Rejected","resource_type":"case-status","scope_key":{"identifier":"parking-bay-suspensions","label":"Parking bay suspensions","resource_type":"case-type","scope_key":null}}},"key":{"identifier":"amend-2","label":"Amend","resource_type":"case-transition","scope_key":{"identifier":"parking-bay-suspensions","label":"Parking bay suspensions","resource_type":"case-type","scope_key":null}},"to_status_key":{"identifier":"rejected-by-swt","label":"Rejected","resource_type":"case-status","scope_key":{"identifier":"parking-bay-suspensions","label":"Parking bay suspensions","resource_type":"case-type","scope_key":null}}},"case-transition::case-type::parking-bay-suspensions::swt-accept":{"allowed_privilege_level_keys":{"privilege-level::administrator":{"identifier":"administrator","label":"API User","resource_type":"privilege-level","scope_key":null},"privilege-level::advisor":{"identifier":"advisor","label":"Advisor","resource_type":"privilege-level","scope_key":null},"privilege-level::staff-free-user":{"identifier":"staff-free-user","label":"Staff","resource_type":"privilege-level","scope_key":null},"privilege-level::system-administrator":{"identifier":"system-administrator","label":"System Administrator","resource_type":"privilege-level","scope_key":null}},"call_to_action":true,"call_to_action_style":"success","case_form_key":{"identifier":"swt-response","label":"SWT Response","resource_type":"case-form","scope_key":{"identifier":"parking-bay-suspensions","label":"Parking bay suspensions","resource_type":"case-type","scope_key":null}},"from_status_keys":{"case-status::case-type::parking-bay-suspensions::with-swt":{"identifier":"with-swt","label":"In Progress","resource_type":"case-status","scope_key":{"identifier":"parking-bay-suspensions","label":"Parking bay suspensions","resource_type":"case-type","scope_key":null}}},"key":{"identifier":"swt-accept","label":"Accept","resource_type":"case-transition","scope_key":{"identifier":"parking-bay-suspensions","label":"Parking bay suspensions","resource_type":"case-type","scope_key":null}},"to_status_key":{"identifier":"accepted-by-swt","label":"Accepted","resource_type":"case-status","scope_key":{"identifier":"parking-bay-suspensions","label":"Parking bay suspensions","resource_type":"case-type","scope_key":null}}},"case-transition::case-type::parking-bay-suspensions::swt-reject":{"allowed_privilege_level_keys":{"privilege-level::administrator":{"identifier":"administrator","label":"API User","resource_type":"privilege-level","scope_key":null},"privilege-level::advisor":{"identifier":"advisor","label":"Advisor","resource_type":"privilege-level","scope_key":null},"privilege-level::staff-free-user":{"identifier":"staff-free-user","label":"Staff","resource_type":"privilege-level","scope_key":null},"privilege-level::system-administrator":{"identifier":"system-administrator","label":"System Administrator","resource_type":"privilege-level","scope_key":null}},"call_to_action":true,"call_to_action_style":"danger","case_form_key":{"identifier":"swt-response","label":"SWT Response","resource_type":"case-form","scope_key":{"identifier":"parking-bay-suspensions","label":"Parking bay suspensions","resource_type":"case-type","scope_key":null}},"from_status_keys":{"case-status::case-type::parking-bay-suspensions::with-swt":{"identifier":"with-swt","label":"In Progress","resource_type":"case-status","scope_key":{"identifier":"parking-bay-suspensions","label":"Parking bay suspensions","resource_type":"case-type","scope_key":null}}},"key":{"identifier":"swt-reject","label":"Reject","resource_type":"case-transition","scope_key":{"identifier":"parking-bay-suspensions","label":"Parking bay suspensions","resource_type":"case-type","scope_key":null}},"to_status_key":{"identifier":"rejected-by-swt","label":"Rejected","resource_type":"case-status","scope_key":{"identifier":"parking-bay-suspensions","label":"Parking bay suspensions","resource_type":"case-type","scope_key":null}}},"case-transition::case-type::parking-bay-suspensions::complete":{"allowed_privilege_level_keys":{"privilege-level::administrator":{"identifier":"administrator","label":"API User","resource_type":"privilege-level","scope_key":null},"privilege-level::advisor":{"identifier":"advisor","label":"Advisor","resource_type":"privilege-level","scope_key":null},"privilege-level::staff-free-user":{"identifier":"staff-free-user","label":"Staff","resource_type":"privilege-level","scope_key":null},"privilege-level::system-administrator":{"identifier":"system-administrator","label":"System Administrator","resource_type":"privilege-level","scope_key":null}},"call_to_action":false,"call_to_action_style":"default","case_form_key":null,"from_status_keys":{"case-status::case-type::parking-bay-suspensions::issued":{"identifier":"issued","label":"Issued","resource_type":"case-status","scope_key":{"identifier":"parking-bay-suspensions","label":"Parking bay suspensions","resource_type":"case-type","scope_key":null}}},"key":{"identifier":"complete","label":"Complete","resource_type":"case-transition","scope_key":{"identifier":"parking-bay-suspensions","label":"Parking bay suspensions","resource_type":"case-type","scope_key":null}},"to_status_key":{"identifier":"completed","label":"Completed","resource_type":"case-status","scope_key":{"identifier":"parking-bay-suspensions","label":"Parking bay suspensions","resource_type":"case-type","scope_key":null}}},"case-transition::case-type::parking-bay-suspensions::complete-early":{"allowed_privilege_level_keys":{"privilege-level::administrator":{"identifier":"administrator","label":"API User","resource_type":"privilege-level","scope_key":null},"privilege-level::advisor":{"identifier":"advisor","label":"Advisor","resource_type":"privilege-level","scope_key":null},"privilege-level::staff-free-user":{"identifier":"staff-free-user","label":"Staff","resource_type":"privilege-level","scope_key":null},"privilege-level::system-administrator":{"identifier":"system-administrator","label":"System Administrator","resource_type":"privilege-level","scope_key":null}},"call_to_action":false,"call_to_action_style":"default","case_form_key":{"identifier":"completed-early","label":"Completed Early","resource_type":"case-form","scope_key":{"identifier":"parking-bay-suspensions","label":"Parking bay suspensions","resource_type":"case-type","scope_key":null}},"from_status_keys":{"case-status::case-type::parking-bay-suspensions::issued":{"identifier":"issued","label":"Issued","resource_type":"case-status","scope_key":{"identifier":"parking-bay-suspensions","label":"Parking bay suspensions","resource_type":"case-type","scope_key":null}}},"key":{"identifier":"complete-early","label":"Complete early","resource_type":"case-transition","scope_key":{"identifier":"parking-bay-suspensions","label":"Parking bay suspensions","resource_type":"case-type","scope_key":null}},"to_status_key":{"identifier":"completed","label":"Completed","resource_type":"case-status","scope_key":{"identifier":"parking-bay-suspensions","label":"Parking bay suspensions","resource_type":"case-type","scope_key":null}}},"user-group::customer-services":{"key":{"identifier":"customer-services","label":"Customer Services","resource_type":"user-group","scope_key":null}},"rule::case-type::parking-bay-suspensions::23807":{"actions":[{"key":{"identifier":"84838","label":"Action 84838","resource_type":"action","scope_key":null},"position":1,"user_group_key":{"identifier":"customer-services","label":"Customer Services","resource_type":"user-group","scope_key":null},"type":"assign_user_group"},{"key":{"identifier":"84839","label":"Action 84839","resource_type":"action","scope_key":null},"position":2,"email_template_key":{"identifier":"notify-area-team","label":"Notify area team","resource_type":"alert-email-template","scope_key":{"identifier":"parking-bay-suspensions","label":"Parking bay suspensions","resource_type":"case-type","scope_key":null}},"recipient":{"key":{"identifier":"42443","label":"Recipient 42443","resource_type":"alert-recipient","scope_key":null},"text_value":"test@test.test","type":"text_value"},"type":"alert"},{"key":{"identifier":"84840","label":"Action 84840","resource_type":"action","scope_key":null},"position":3,"date_definition_key":null,"field_key":{"identifier":"swt_email","label":"SWT Email","resource_type":"case-field","scope_key":null},"value_expression":{"key":{"identifier":"210241","label":"Expression 210241","resource_type":"expression","scope_key":null},"value":"test@test.test","type":"string_expression"},"type":"set_case_value"}],"condition":{"key":{"identifier":"210244","label":"Expression 210244","resource_type":"expression","scope_key":null},"operands":[{"key":{"identifier":"210243","label":"Expression 210243","resource_type":"expression","scope_key":null},"operands":[{"key":{"identifier":"210242","label":"Expression 210242","resource_type":"expression","scope_key":null},"field_key":{"identifier":"area","label":"Area","resource_type":"case-field","scope_key":null},"operator":"==","value":"north","type":"case_value_match_expression"}],"type":"or_expression"}],"type":"and_expression"},"enabled":true,"key":{"identifier":"23807","label":"Assign to north","resource_type":"rule","scope_key":{"identifier":"parking-bay-suspensions","label":"Parking bay suspensions","resource_type":"case-type","scope_key":null}},"triggers":[{"key":{"identifier":"61181","label":"Trigger 61181","resource_type":"trigger","scope_key":null},"field_key":{"identifier":"area","label":"Area","resource_type":"case-field","scope_key":null},"type":"field_changed"}]},"rule::case-type::parking-bay-suspensions::23808":{"actions":[{"key":{"identifier":"84841","label":"Action 84841","resource_type":"action","scope_key":null},"position":1,"user_group_key":{"identifier":"customer-services","label":"Customer Services","resource_type":"user-group","scope_key":null},"type":"assign_user_group"},{"key":{"identifier":"84842","label":"Action 84842","resource_type":"action","scope_key":null},"position":2,"email_template_key":{"identifier":"notify-area-team","label":"Notify area team","resource_type":"alert-email-template","scope_key":{"identifier":"parking-bay-suspensions","label":"Parking bay suspensions","resource_type":"case-type","scope_key":null}},"recipient":{"key":{"identifier":"42444","label":"Recipient 42444","resource_type":"alert-recipient","scope_key":null},"text_value":"test@test.test","type":"text_value"},"type":"alert"},{"key":{"identifier":"84843","label":"Action 84843","resource_type":"action","scope_key":null},"position":3,"date_definition_key":null,"field_key":{"identifier":"swt_email","label":"SWT Email","resource_type":"case-field","scope_key":null},"value_expression":{"key":{"identifier":"210245","label":"Expression 210245","resource_type":"expression","scope_key":null},"value":"test@test.test","type":"string_expression"},"type":"set_case_value"}],"condition":{"key":{"identifier":"210248","label":"Expression 210248","resource_type":"expression","scope_key":null},"operands":[{"key":{"identifier":"210247","label":"Expression 210247","resource_type":"expression","scope_key":null},"operands":[{"key":{"identifier":"210246","label":"Expression 210246","resource_type":"expression","scope_key":null},"field_key":{"identifier":"area","label":"Area","resource_type":"case-field","scope_key":null},"operator":"==","value":"south","type":"case_value_match_expression"}],"type":"or_expression"}],"type":"and_expression"},"enabled":true,"key":{"identifier":"23808","label":"Assign to south","resource_type":"rule","scope_key":{"identifier":"parking-bay-suspensions","label":"Parking bay suspensions","resource_type":"case-type","scope_key":null}},"triggers":[{"key":{"identifier":"61182","label":"Trigger 61182","resource_type":"trigger","scope_key":null},"field_key":{"identifier":"area","label":"Area","resource_type":"case-field","scope_key":null},"type":"field_changed"}]},"rule::case-type::parking-bay-suspensions::23809":{"actions":[{"key":{"identifier":"84818","label":"Action 84818","resource_type":"action","scope_key":null},"position":1,"email_template_key":{"identifier":"rejection-to-customer","label":"Rejection to customer","resource_type":"alert-email-template","scope_key":{"identifier":"parking-bay-suspensions","label":"Parking bay suspensions","resource_type":"case-type","scope_key":null}},"recipient":{"key":{"identifier":"42430","label":"Recipient 42430","resource_type":"alert-recipient","scope_key":null},"email_field_key":{"identifier":"email","label":"Email","resource_type":"case-field","scope_key":null},"type":"email_field"},"type":"alert"}],"condition":null,"enabled":true,"key":{"identifier":"23809","label":"Send rejection email","resource_type":"rule","scope_key":{"identifier":"parking-bay-suspensions","label":"Parking bay suspensions","resource_type":"case-type","scope_key":null}},"triggers":[{"key":{"identifier":"61165","label":"Trigger 61165","resource_type":"trigger","scope_key":null},"transition_key":{"identifier":"reject","label":"Reject","resource_type":"case-transition","scope_key":{"identifier":"parking-bay-suspensions","label":"Parking bay suspensions","resource_type":"case-type","scope_key":null}},"type":"transition"}]},"rule::case-type::parking-bay-suspensions::23810":{"actions":[{"key":{"identifier":"84835","label":"Action 84835","resource_type":"action","scope_key":null},"position":1,"user_group_key":{"identifier":"customer-services","label":"Customer Services","resource_type":"user-group","scope_key":null},"type":"assign_user_group"},{"key":{"identifier":"84836","label":"Action 84836","resource_type":"action","scope_key":null},"position":2,"email_template_key":{"identifier":"notify-area-team","label":"Notify area team","resource_type":"alert-email-template","scope_key":{"identifier":"parking-bay-suspensions","label":"Parking bay suspensions","resource_type":"case-type","scope_key":null}},"recipient":{"key":{"identifier":"42442","label":"Recipient 42442","resource_type":"alert-recipient","scope_key":null},"text_value":"test@test.test","type":"text_value"},"type":"alert"},{"key":{"identifier":"84837","label":"Action 84837","resource_type":"action","scope_key":null},"position":3,"date_definition_key":null,"field_key":{"identifier":"swt_email","label":"SWT Email","resource_type":"case-field","scope_key":null},"value_expression":{"key":{"identifier":"210237","label":"Expression 210237","resource_type":"expression","scope_key":null},"value":"test@test.test","type":"string_expression"},"type":"set_case_value"}],"condition":{"key":{"identifier":"210240","label":"Expression 210240","resource_type":"expression","scope_key":null},"operands":[{"key":{"identifier":"210239","label":"Expression 210239","resource_type":"expression","scope_key":null},"operands":[{"key":{"identifier":"210238","label":"Expression 210238","resource_type":"expression","scope_key":null},"field_key":{"identifier":"area","label":"Area","resource_type":"case-field","scope_key":null},"operator":"==","value":"east","type":"case_value_match_expression"}],"type":"or_expression"}],"type":"and_expression"},"enabled":true,"key":{"identifier":"23810","label":"Assign to East","resource_type":"rule","scope_key":{"identifier":"parking-bay-suspensions","label":"Parking bay suspensions","resource_type":"case-type","scope_key":null}},"triggers":[{"key":{"identifier":"61180","label":"Trigger 61180","resource_type":"trigger","scope_key":null},"transition_key":{"identifier":"pass-to-swt","label":"Pass for Processing","resource_type":"case-transition","scope_key":{"identifier":"parking-bay-suspensions","label":"Parking bay suspensions","resource_type":"case-type","scope_key":null}},"type":"transition"}]},"rule::case-type::parking-bay-suspensions::23811":{"actions":[{"key":{"identifier":"84844","label":"Action 84844","resource_type":"action","scope_key":null},"position":1,"user_group_key":{"identifier":"customer-services","label":"Customer Services","resource_type":"user-group","scope_key":null},"type":"assign_user_group"},{"key":{"identifier":"84845","label":"Action 84845","resource_type":"action","scope_key":null},"position":2,"email_template_key":{"identifier":"notify-area-team","label":"Notify area team","resource_type":"alert-email-template","scope_key":{"identifier":"parking-bay-suspensions","label":"Parking bay suspensions","resource_type":"case-type","scope_key":null}},"recipient":{"key":{"identifier":"42445","label":"Recipient 42445","resource_type":"alert-recipient","scope_key":null},"text_value":"test@test.test","type":"text_value"},"type":"alert"},{"key":{"identifier":"84846","label":"Action 84846","resource_type":"action","scope_key":null},"position":3,"date_definition_key":null,"field_key":{"identifier":"swt_email","label":"SWT Email","resource_type":"case-field","scope_key":null},"value_expression":{"key":{"identifier":"210249","label":"Expression 210249","resource_type":"expression","scope_key":null},"value":"test@test.test","type":"string_expression"},"type":"set_case_value"}],"condition":{"key":{"identifier":"210252","label":"Expression 210252","resource_type":"expression","scope_key":null},"operands":[{"key":{"identifier":"210251","label":"Expression 210251","resource_type":"expression","scope_key":null},"operands":[{"key":{"identifier":"210250","label":"Expression 210250","resource_type":"expression","scope_key":null},"field_key":{"identifier":"area","label":"Area","resource_type":"case-field","scope_key":null},"operator":"==","value":"west","type":"case_value_match_expression"}],"type":"or_expression"}],"type":"and_expression"},"enabled":true,"key":{"identifier":"23811","label":"Assign to West","resource_type":"rule","scope_key":{"identifier":"parking-bay-suspensions","label":"Parking bay suspensions","resource_type":"case-type","scope_key":null}},"triggers":[{"key":{"identifier":"61183","label":"Trigger 61183","resource_type":"trigger","scope_key":null},"transition_key":{"identifier":"pass-to-swt","label":"Pass for Processing","resource_type":"case-transition","scope_key":{"identifier":"parking-bay-suspensions","label":"Parking bay suspensions","resource_type":"case-type","scope_key":null}},"type":"transition"}]},"rule::case-type::parking-bay-suspensions::23812":{"actions":[{"key":{"identifier":"84848","label":"Action 84848","resource_type":"action","scope_key":null},"position":1,"email_template_key":{"identifier":"confirmation-email","label":"Confirmation email","resource_type":"alert-email-template","scope_key":{"identifier":"parking-bay-suspensions","label":"Parking bay suspensions","resource_type":"case-type","scope_key":null}},"recipient":{"key":{"identifier":"42448","label":"Recipient 42448","resource_type":"alert-recipient","scope_key":null},"email_field_key":{"identifier":"email","label":"Email","resource_type":"case-field","scope_key":null},"type":"email_field"},"type":"alert"},{"key":{"identifier":"84849","label":"Action 84849","resource_type":"action","scope_key":null},"position":2,"email_template_key":{"identifier":"new-application-notification","label":"New application notification","resource_type":"alert-email-template","scope_key":{"identifier":"parking-bay-suspensions","label":"Parking bay suspensions","resource_type":"case-type","scope_key":null}},"recipient":{"key":{"identifier":"42447","label":"Recipient 42447","resource_type":"alert-recipient","scope_key":null},"text_value":"test@test.test","type":"text_value"},"type":"alert"}],"condition":null,"enabled":true,"key":{"identifier":"23812","label":"Send receipt emails","resource_type":"rule","scope_key":{"identifier":"parking-bay-suspensions","label":"Parking bay suspensions","resource_type":"case-type","scope_key":null}},"triggers":[{"key":{"identifier":"61185","label":"Trigger 61185","resource_type":"trigger","scope_key":null},"event_name":"case.created","type":"event"}]},"rule::case-type::parking-bay-suspensions::23813":{"actions":[{"key":{"identifier":"84834","label":"Action 84834","resource_type":"action","scope_key":null},"position":1,"email_template_key":{"identifier":"notification-of-swt-response","label":"Notification of response","resource_type":"alert-email-template","scope_key":{"identifier":"parking-bay-suspensions","label":"Parking bay suspensions","resource_type":"case-type","scope_key":null}},"recipient":{"key":{"identifier":"42441","label":"Recipient 42441","resource_type":"alert-recipient","scope_key":null},"text_value":"test@test.test","type":"text_value"},"type":"alert"}],"condition":null,"enabled":true,"key":{"identifier":"23813","label":"Send team response","resource_type":"rule","scope_key":{"identifier":"parking-bay-suspensions","label":"Parking bay suspensions","resource_type":"case-type","scope_key":null}},"triggers":[{"key":{"identifier":"61178","label":"Trigger 61178","resource_type":"trigger","scope_key":null},"transition_key":{"identifier":"swt-accept","label":"Accept","resource_type":"case-transition","scope_key":{"identifier":"parking-bay-suspensions","label":"Parking bay suspensions","resource_type":"case-type","scope_key":null}},"type":"transition"},{"key":{"identifier":"61179","label":"Trigger 61179","resource_type":"trigger","scope_key":null},"transition_key":{"identifier":"swt-reject","label":"Reject","resource_type":"case-transition","scope_key":{"identifier":"parking-bay-suspensions","label":"Parking bay suspensions","resource_type":"case-type","scope_key":null}},"type":"transition"}]},"rule::case-type::parking-bay-suspensions::23814":{"actions":[{"key":{"identifier":"84847","label":"Action 84847","resource_type":"action","scope_key":null},"position":1,"email_template_key":{"identifier":"notification-of-early-completion","label":"Notification of early completion","resource_type":"alert-email-template","scope_key":{"identifier":"parking-bay-suspensions","label":"Parking bay suspensions","resource_type":"case-type","scope_key":null}},"recipient":{"key":{"identifier":"42446","label":"Recipient 42446","resource_type":"alert-recipient","scope_key":null},"text_value":"test@test.test","type":"text_value"},"type":"alert"}],"condition":null,"enabled":true,"key":{"identifier":"23814","label":"Send early completion notification","resource_type":"rule","scope_key":{"identifier":"parking-bay-suspensions","label":"Parking bay suspensions","resource_type":"case-type","scope_key":null}},"triggers":[{"key":{"identifier":"61184","label":"Trigger 61184","resource_type":"trigger","scope_key":null},"transition_key":{"identifier":"complete-early","label":"Complete early","resource_type":"case-transition","scope_key":{"identifier":"parking-bay-suspensions","label":"Parking bay suspensions","resource_type":"case-type","scope_key":null}},"type":"transition"}]},"date-definition::suspended_to_plus_1":{"allowed_privilege_level_keys":[],"based_on":"case_field","field_key":{"identifier":"suspension_date_to","label":"Suspension date to","resource_type":"case-field","scope_key":null},"delta":"+1 days","description":"Suspended to plus 1 day","key":{"identifier":"suspended_to_plus_1","label":"Suspended to plus 1","resource_type":"date-definition","scope_key":null}},"rule::case-type::parking-bay-suspensions::23815":{"actions":[{"key":{"identifier":"84829","label":"Action 84829","resource_type":"action","scope_key":null},"position":1,"transition_key":{"identifier":"complete","label":"Complete","resource_type":"case-transition","scope_key":{"identifier":"parking-bay-suspensions","label":"Parking bay suspensions","resource_type":"case-type","scope_key":null}},"type":"transition"}],"condition":{"key":{"identifier":"210227","label":"Expression 210227","resource_type":"expression","scope_key":null},"operands":[{"key":{"identifier":"210225","label":"Expression 210225","resource_type":"expression","scope_key":null},"operands":[{"key":{"identifier":"210226","label":"Expression 210226","resource_type":"expression","scope_key":null},"operator":"IS","case_status_keys":{"case-status::case-type::parking-bay-suspensions::issued":{"identifier":"issued","label":"Issued","resource_type":"case-status","scope_key":{"identifier":"parking-bay-suspensions","label":"Parking bay suspensions","resource_type":"case-type","scope_key":null}}},"type":"case_status_match_expression"}],"type":"or_expression"}],"type":"and_expression"},"enabled":true,"key":{"identifier":"23815","label":"Close case","resource_type":"rule","scope_key":{"identifier":"parking-bay-suspensions","label":"Parking bay suspensions","resource_type":"case-type","scope_key":null}},"triggers":[{"key":{"identifier":"61172","label":"Trigger 61172","resource_type":"trigger","scope_key":null},"date_definition_key":{"identifier":"suspended_to_plus_1","label":"Suspended to plus 1","resource_type":"date-definition","scope_key":null},"type":"date"}]}}}}