{"id":766,"actionType":"1add43318b227e91ce6d3aae7ff4b4b31f45a0b0","title":"Book Slot","mappings":[{"field":"runAsSignedInUser","type":"static","value":"","secondaryValue":null,"label":"Run as signed in user"},{"field":"booking-id","type":"answer","value":"854-main-qaf8939e868a7662392d5c53276f03accd024e633","secondaryValue":"event_id","label":"Booking ID"},{"field":"pitch-date","type":"answer","value":"854-main-qaf8939e868a7662392d5c53276f03accd024e633","secondaryValue":"event_start","label":"Pitch Date"},{"field":"caseType","type":"static","value":"pitch-booking","secondaryValue":null,"label":"Case Type"}]}