{"id":767,"actionType":"1add43318b227e91ce6d3aae7ff4b4b31f45a0b0","title":"Create All Day Booking","mappings":[{"field":"runAsSignedInUser","type":"static","value":"","secondaryValue":null,"label":"Run as signed in user"},{"field":"booking-id","type":"answer","value":"855-main-q280aa9a34b545f7ca668629885868a23b3c4bfe3","secondaryValue":"event_id","label":"Booking ID"},{"field":"pitch-date","type":"answer","value":"855-main-q280aa9a34b545f7ca668629885868a23b3c4bfe3","secondaryValue":"event_date","label":"Pitch Date"},{"field":"caseType","type":"static","value":"pitch-booking","secondaryValue":null,"label":"Case Type"}]}