[{"contentIdentifier":"1168_content","contentType":"ActionTemplateMapping","field":"0","type":"variable","value":"Jadu\\XFormsPro\\Bundle\\StandardFormComponentBundle\\VariableDefinition\\CXMCaseReferenceDefinition","secondaryValue":null},{"contentIdentifier":"1169_content","contentType":"ActionTemplateMapping","field":"0","type":"variable","value":"Jadu\\XFormsPro\\Bundle\\StandardFormComponentBundle\\VariableDefinition\\CXMCaseReferenceDefinition","secondaryValue":null},{"contentIdentifier":"1165_template-subject","contentType":"ActionTemplateMapping","field":"0","type":"variable","value":"Jadu\\XFormsPro\\Bundle\\StandardFormComponentBundle\\VariableDefinition\\FormTitleDefinition","secondaryValue":null},{"contentIdentifier":"1165_template-subject","contentType":"ActionTemplateMapping","field":"1","type":"variable","value":"Jadu\\XFormsPro\\Bundle\\StandardFormComponentBundle\\VariableDefinition\\UserFormIdentifierDefinition","secondaryValue":null},{"contentIdentifier":"1165_content","contentType":"ActionTemplateMapping","field":"0","type":"variable","value":"Jadu\\XFormsPro\\Bundle\\StandardFormComponentBundle\\VariableDefinition\\CXMCaseReferenceDefinition","secondaryValue":null},{"contentIdentifier":"1165_content","contentType":"ActionTemplateMapping","field":"1","type":"variable","value":"Jadu\\XFormsPro\\Bundle\\StandardFormComponentBundle\\VariableDefinition\\AllQuestionAnswers\\FrontEndLabelsAndVisible","secondaryValue":null},{"contentIdentifier":"1166_template-subject","contentType":"ActionTemplateMapping","field":"0","type":"variable","value":"Jadu\\XFormsPro\\Bundle\\StandardFormComponentBundle\\VariableDefinition\\FormTitleDefinition","secondaryValue":null},{"contentIdentifier":"1166_template-subject","contentType":"ActionTemplateMapping","field":"1","type":"variable","value":"Jadu\\XFormsPro\\Bundle\\StandardFormComponentBundle\\VariableDefinition\\UserFormIdentifierDefinition","secondaryValue":null},{"contentIdentifier":"1166_content","contentType":"ActionTemplateMapping","field":"0","type":"variable","value":"Jadu\\XFormsPro\\Bundle\\StandardFormComponentBundle\\VariableDefinition\\CXMCaseReferenceDefinition","secondaryValue":null},{"contentIdentifier":"1166_content","contentType":"ActionTemplateMapping","field":"1","type":"variable","value":"Jadu\\XFormsPro\\Bundle\\StandardFormComponentBundle\\VariableDefinition\\AllQuestionAnswers\\FrontEndLabelsAndVisible","secondaryValue":null},{"contentIdentifier":"1167_template-subject","contentType":"ActionTemplateMapping","field":"0","type":"variable","value":"Jadu\\XFormsPro\\Bundle\\StandardFormComponentBundle\\VariableDefinition\\FormTitleDefinition","secondaryValue":null},{"contentIdentifier":"1167_template-subject","contentType":"ActionTemplateMapping","field":"1","type":"variable","value":"Jadu\\XFormsPro\\Bundle\\StandardFormComponentBundle\\VariableDefinition\\CXMCaseReferenceDefinition","secondaryValue":null},{"contentIdentifier":"1167_content","contentType":"ActionTemplateMapping","field":"0","type":"variable","value":"Jadu\\XFormsPro\\Bundle\\StandardFormComponentBundle\\VariableDefinition\\AllQuestionAnswers\\FrontEndLabelsAndVisible","secondaryValue":null},{"contentIdentifier":"1171_template-subject","contentType":"ActionTemplateMapping","field":"0","type":"variable","value":"Jadu\\XFormsPro\\Bundle\\StandardFormComponentBundle\\VariableDefinition\\FormTitleDefinition","secondaryValue":null},{"contentIdentifier":"1171_template-subject","contentType":"ActionTemplateMapping","field":"1","type":"variable","value":"Jadu\\XFormsPro\\Bundle\\StandardFormComponentBundle\\VariableDefinition\\CXMCaseReferenceDefinition","secondaryValue":null},{"contentIdentifier":"1171_content","contentType":"ActionTemplateMapping","field":"0","type":"variable","value":"Jadu\\XFormsPro\\Bundle\\StandardFormComponentBundle\\VariableDefinition\\CXMCaseReferenceDefinition","secondaryValue":null},{"contentIdentifier":"1171_content","contentType":"ActionTemplateMapping","field":"1","type":"variable","value":"Jadu\\XFormsPro\\Bundle\\StandardFormComponentBundle\\VariableDefinition\\AllQuestionAnswers\\FrontEndLabelsAndVisible","secondaryValue":null}]