[{"pageID":"1349","sectionName":"main","questionName":"q33654cba4c88be98b99282e80fbf5aa7f297d8ef","questionSecondaryField":"","sourceType":"variable","sourceValue":"Jadu\\XFormsPro\\Bundle\\StandardFormComponentBundle\\VariableDefinition\\UserAccountPostcodeDefinition","sourceSecondaryField":null},{"pageID":"1349","sectionName":"main","questionName":"q07e16525e03ef40398450a09c3be9ed8b2e865e8","questionSecondaryField":"","sourceType":"variable","sourceValue":"Jadu\\XFormsPro\\Bundle\\StandardFormComponentBundle\\VariableDefinition\\UserAccountForenameDefinition","sourceSecondaryField":null},{"pageID":"1349","sectionName":"main","questionName":"qf40e705bae5a5ed85d338ceaa383376ba9f2f7d0","questionSecondaryField":"","sourceType":"variable","sourceValue":"Jadu\\XFormsPro\\Bundle\\StandardFormComponentBundle\\VariableDefinition\\UserAccountSurnameDefinition","sourceSecondaryField":null},{"pageID":"1349","sectionName":"main","questionName":"qf8ad0a91aafb4165577f0be1cd6a5c16e005196f","questionSecondaryField":"","sourceType":"variable","sourceValue":"Jadu\\XFormsPro\\Bundle\\StandardFormComponentBundle\\VariableDefinition\\UserAccountEmailDefinition","sourceSecondaryField":null},{"pageID":"1349","sectionName":"main","questionName":"qf9d9280de223f2e47ce030d6e8af7cfb89e80dcd","questionSecondaryField":"","sourceType":"variable","sourceValue":"Jadu\\XFormsPro\\Bundle\\StandardFormComponentBundle\\VariableDefinition\\UserAccountTelephoneDefinition","sourceSecondaryField":null},{"pageID":"1349","sectionName":"main","questionName":"q6687081099d331562eeafba06dbf8c3a1b3c8fab","questionSecondaryField":"","sourceType":"variable","sourceValue":"Jadu\\XFormsPro\\Bundle\\StandardFormComponentBundle\\VariableDefinition\\UserAccountTelephoneDefinition","sourceSecondaryField":null},{"pageID":"1356","sectionName":"s5b6c72d8d6936225a9d2e3c6053cc83027409652","questionName":"qd19a792bd0785bef8dfba9711d6d6336b1178644","questionSecondaryField":"","sourceType":"logic","sourceValue":"1521","sourceSecondaryField":null}]