{"form.json":"1d819af30e2375f50d652b7c0b261bf130652e1a","page-templates\/Result_page_-_EH.json":"e0c3171ef5a64fdb93135654534234cdaf707467","page-templates\/About_resolving_your_noise_complaint_(217).json":"4a21c9b21183183495dc44d946a99c53b5386c42","page-templates\/About_the_frequency_(223)_(508).json":"8faefb5749181be9c08d09ebd398fae28876a95d","page-templates\/About_the_noise_(223)_(508).json":"6de41d332ded3170e62da004c789b12efb361fde","page-templates\/About_your_complaint_(217).json":"d99e05db9be3eb1a7d6df922155b78692515e704","page-templates\/Alarm_going_off_at_the_moment_(223)_(508).json":"e74f7170196e998e2b0ac0251cc8cca913695554","page-templates\/Customer_details_-_Street_Scene.json":"9ada9cd625bb084c531cc10c1d8f3242fd836c31","page-templates\/If_the_noise_has_only_occurred_once_(223)_(508).json":"b58aeea319b2b7899f2b41b6d109a3dda21aae2c","page-templates\/Logging_your_noise_complaint_(217).json":"a680832505a795924f9b52ae3209d21c84d43c40","page-templates\/We_are_sorry_(223)_(508).json":"0ae7e238fec44db309474d41b44ef0849983a683","structure\/pages.json":"4b9af3a8efac3b74ba2553eac1319f17ab455d3a","structure\/branching.json":"1b61aad974b49454ba835fd853f8d7468bc1e9f5","actions\/rules\/We_are_sorry.json":"40ea086b4335a0fd7caaf3ddc94ab56065f885eb","actions\/rules\/Form_submitted.json":"47906909cc31438ea99f978ea4ea349acc4fd7a5","actions\/templates\/Thank_you_email.json":"34681cb68fd58d5ea3c5b643a8e0b6938c365b65","actions\/templates\/Thank_you_for_submitting_a_noise_complaint.json":"c458ba5b11bdea93f6cdb642ebc05c9ceb5feaeb","actions\/templates\/We_are_sorry.json":"b0956bae25c6718af34e332cce88f343804504d8","misc\/pdfs.json":"97d170e1550eee4afc0af065b78cda302a97674c","misc\/prefills.json":"0fcb9f69c23f2ae4d0ab2e845be667d8849d5f3c","misc\/placeholders.json":"f2d1d0b402fde940df9a8896ef0ca5ce10e94d68","misc\/logic_definitions.json":"97d170e1550eee4afc0af065b78cda302a97674c","misc\/logics\/If_other.json":"fd20abcf67fc8a9144a66cf85a1744cd57acaf54","misc\/logics\/location.json":"67491c2cb554deb392cb55e5e31e2bab7cd4542d","misc\/ic_inputs.json":"97d170e1550eee4afc0af065b78cda302a97674c","misc\/data-retention.json":"fa8b819d756eec4a4f185f5465ef79b349ea9ce4"}