{"title":"Noise nuisance complaint","instructions":"\n<p><strong>Key facts:<\/strong><\/p>\n\n<p>We investigate complaints about <strong>ongoing\/repeated<\/strong> <strong>noise<\/strong> -\u00a0 if it is affecting you at your home\/business property, including:<\/p>\n\n<ul>\n<li>Neighbourhood noise \u2013 such as repeated music, house\/car alarms, DIY at unreasonable hours, barking dogs\/other pet noise etc.<\/li>\n\t<li>Noise from commercial premises \u2013 such as music, noisy customers, ventilation systems, alarms etc.<\/li>\n\t<li>Noise from industrial\/manufacturing premises \u2013 such as construction, demolition, alarms etc.<\/li>\n<\/ul>\n<p><strong>We will not usually investigate noise complaints about:<\/strong><\/p>\n\n<ul>\n<li>Children playing.<\/li>\n\t<li>One-off party or celebration.<\/li>\n\t<li>Normal household noise during reasonable hours, such as washing machines and tumble driers, doors shutting, flushing toilets, footsteps, and talking.<\/li>\n\t<li>Issues caused by houses having poor sound insulation.<\/li>\n\t<li>Road traffic and rail noise.<\/li>\n\t<li>Aircraft\u00a0\u2013 find out more about aircraft noise.<\/li>\n<\/ul>\n<p><strong>We do not operate a 24 hour response to noise complaints. Our office is open Monday - Friday 9am - 5pm.<\/strong><\/p>\n\n<h2>We recommend you contact the noisemaker before making a complaint<\/h2>\n\n<p>Contacting the noisemaker may resolve the problem more quickly and often leads to a better long term solution. If you are comfortable to do so \u2013 why not download our letter template.<\/p>\n\n<h2>Recording\/logging the noise<\/h2>\n\n<p>This form asks for your agreement to take part in recording\/logging the noise issue. Once you submit your form, we will provide you with a log sheet\/details of our NoiseApp. These help us assess the scale of the issue and the impact on your life. If you do not submit the log sheets\/use the NoiseApp, after a period of one calendar month, we will assume the noise issue is not ongoing and we will close your case.<\/p>\n\n<h2>Anonymous complaints<\/h2>\n\n<p>We are sorry but we cannot take anonymous complaints because we cannot take enforcement action without assessing the impacts of the problem on your life\/business.<\/p>\n\n<p><strong>Please use this form to report ongoing\/repeated<\/strong> <strong>noise<\/strong><strong>. We will ask you for your email address, so we can keep you up to date on what we will do to resolve\/address your issue. <\/strong><\/p>\n","progressBar":"0","allowUnregistered":"1","resumeAtStart":"1","reCaptcha":"0","internalOnly":0,"metadata":{"id":"370","itemID":"508","creator":"Yelena Tomina","contributor":"","publisher":"Lichfield District Council","rights":"\u00a9 Copyright 2005 (updated 2018) Lichfield District Council","source":"","status":"V1.0 Public Consumption","coverage":"Alrewas, Armitage, Burntwood (town), Chorley, Clifton Campville Colton, Curborough, Drayton Bassett, Edingale, Elford, Elmhurst, Farewell, Fazeley, Fisherwick, Fradley, Hammerwich, Hamstall Ridware, Handsacre, Harlaston, Hints, Hopwas, Kings Bromley, Lichfield (city), Longdon, Mavesyn Ridware, Packington, Shenstone, Streethay, Swinfen, Thorpe Constantine, Wall, Weeford, Whittington, Wigginton, Lichfield District","created":1583452800,"modified":1583452800,"valid":null,"expired":null,"format":"text\/html","language":"en","subject":"Noise nuisance complaint","description":"Noise nuisance complaint"},"categories":[{"id":"3557","categoryType":"Navigation","itemID":508,"categoryID":"200128"}]}