{"id":1462,"name":"1 Date","type":"predefined","internalOnly":false,"formula":"ac8a470eec6ffc594794e3a7363b0dc1b830e72d","decimalPlaces":null,"inputs":[{"field":"date","type":"answer","value":"1203-main-qa88f9b3857a1e9961713371a65747f16795d3fd3","secondaryValue":"event_date"},{"field":"inputFormat","type":"static","value":"Y-m-d","secondaryValue":null},{"field":"outputFormat","type":"static","value":"d\/m\/Y","secondaryValue":null},{"field":"difference","type":"static","value":"plus","secondaryValue":null},{"field":"days","type":"static","value":"0","secondaryValue":null},{"field":"type","type":"static","value":"days","secondaryValue":null}],"conditional":null}