{"import_id":null,"import_version":2,"imported_resource":{"alertEmailTemplate_keys":[],"auto_assign_users":false,"case_limits":{"primary-address":null},"case_type_group_key":null,"default":false,"form_keys":{"case-form::case-type::covid-19-nhs-clients::new-covid-19-nhs-clients":{"identifier":"new-covid-19-nhs-clients","label":"New COVID 19 NHS Clients","resource_type":"case-form","scope_key":{"identifier":"covid-19-nhs-clients","label":"COVID 19 NHS Clients","resource_type":"case-type","scope_key":null}},"case-form::case-type::covid-19-nhs-clients::edit-covid-19-nhs-clients":{"identifier":"edit-covid-19-nhs-clients","label":"Edit COVID 19 NHS Clients","resource_type":"case-form","scope_key":{"identifier":"covid-19-nhs-clients","label":"COVID 19 NHS Clients","resource_type":"case-type","scope_key":null}}},"key":{"identifier":"covid-19-nhs-clients","label":"COVID 19 NHS Clients","resource_type":"case-type","scope_key":null},"personal_data_redaction":true,"reference_format":"CNC%'06d","rule_keys":{"rule::case-type::covid-19-nhs-clients::30613":{"identifier":"30613","label":"R1 Has support - Close case","resource_type":"rule","scope_key":{"identifier":"covid-19-nhs-clients","label":"COVID 19 NHS Clients","resource_type":"case-type","scope_key":null}},"rule::case-type::covid-19-nhs-clients::30714":{"identifier":"30714","label":"R2 No Support and No essential supplies for 1 week","resource_type":"rule","scope_key":{"identifier":"covid-19-nhs-clients","label":"COVID 19 NHS Clients","resource_type":"case-type","scope_key":null}}},"status_keys":{"case-status::case-type::covid-19-nhs-clients::submitted":{"identifier":"submitted","label":"Submitted","resource_type":"case-status","scope_key":{"identifier":"covid-19-nhs-clients","label":"COVID 19 NHS Clients","resource_type":"case-type","scope_key":null}},"case-status::case-type::covid-19-nhs-clients::closed":{"identifier":"closed","label":"Closed","resource_type":"case-status","scope_key":{"identifier":"covid-19-nhs-clients","label":"COVID 19 NHS Clients","resource_type":"case-type","scope_key":null}},"case-status::case-type::covid-19-nhs-clients::under-review-3-days":{"identifier":"under-review-3-days","label":"Under review 3 days","resource_type":"case-status","scope_key":{"identifier":"covid-19-nhs-clients","label":"COVID 19 NHS Clients","resource_type":"case-type","scope_key":null}}},"transition_keys":{"case-transition::case-type::covid-19-nhs-clients::close-case":{"identifier":"close-case","label":"Close case","resource_type":"case-transition","scope_key":{"identifier":"covid-19-nhs-clients","label":"COVID 19 NHS Clients","resource_type":"case-type","scope_key":null}},"case-transition::case-type::covid-19-nhs-clients::under-review-3-days":{"identifier":"under-review-3-days","label":"Under review 3 days","resource_type":"case-transition","scope_key":{"identifier":"covid-19-nhs-clients","label":"COVID 19 NHS Clients","resource_type":"case-type","scope_key":null}}}},"mappings":{"items":[]},"resources":{"items":{"case-status::case-type::covid-19-nhs-clients::submitted":{"key":{"identifier":"submitted","label":"Submitted","resource_type":"case-status","scope_key":{"identifier":"covid-19-nhs-clients","label":"COVID 19 NHS Clients","resource_type":"case-type","scope_key":null}},"label_colour":"2670e7","label_font_colour":"ffffff","type":"initial"},"case-status::case-type::covid-19-nhs-clients::closed":{"key":{"identifier":"closed","label":"Closed","resource_type":"case-status","scope_key":{"identifier":"covid-19-nhs-clients","label":"COVID 19 NHS Clients","resource_type":"case-type","scope_key":null}},"label_colour":"de2a01","label_font_colour":"ffffff","type":"final"},"case-status::case-type::covid-19-nhs-clients::under-review-3-days":{"key":{"identifier":"under-review-3-days","label":"Under review 3 days","resource_type":"case-status","scope_key":{"identifier":"covid-19-nhs-clients","label":"COVID 19 NHS Clients","resource_type":"case-type","scope_key":null}},"label_colour":"008850","label_font_colour":"ffffff","type":"normal"},"case-field::nhs_number":{"allowed_privilege_level_keys":[],"allowed_to_all_privilege_levels":true,"encrypted":true,"redactable":true,"key":{"identifier":"nhs_number","label":"NHS number","resource_type":"case-field","scope_key":null},"position":null,"type":"text"},"case-field::sys_first_name":{"allowed_privilege_level_keys":[],"allowed_to_all_privilege_levels":true,"encrypted":false,"redactable":true,"key":{"identifier":"sys_first_name","label":"SYS First name","resource_type":"case-field","scope_key":null},"position":0,"type":"text"},"case-field::sys_last_name":{"allowed_privilege_level_keys":[],"allowed_to_all_privilege_levels":true,"encrypted":false,"redactable":true,"key":{"identifier":"sys_last_name","label":"SYS Last name","resource_type":"case-field","scope_key":null},"position":0,"type":"text"},"case-field::contact_address":{"allowed_privilege_level_keys":[],"allowed_to_all_privilege_levels":true,"encrypted":true,"redactable":true,"key":{"identifier":"contact_address","label":"Contact address","resource_type":"case-field","scope_key":null},"position":0,"type":"textarea"},"case-field::do_you_live_alone":{"allowed_privilege_level_keys":[],"allowed_to_all_privilege_levels":true,"encrypted":true,"redactable":true,"key":{"identifier":"do_you_live_alone","label":"Do you live alone","resource_type":"case-field","scope_key":null},"position":0,"type":"text"},"case-field::do_you_have_any_support_to_help_with_essential_supples":{"allowed_privilege_level_keys":[],"allowed_to_all_privilege_levels":true,"encrypted":false,"redactable":false,"key":{"identifier":"do_you_have_any_support_to_help_with_essential_supples","label":"Do you have any support to help with essential supplies","resource_type":"case-field","scope_key":null},"position":0,"type":"text"},"case-field::do_you_have_essential_supplies_for_a_week":{"allowed_privilege_level_keys":[],"allowed_to_all_privilege_levels":true,"encrypted":false,"redactable":false,"key":{"identifier":"do_you_have_essential_supplies_for_a_week","label":"Do you have essential supplies for a week","resource_type":"case-field","scope_key":null},"position":null,"type":"text"},"case-field::essential_supplies_required":{"allowed_privilege_level_keys":[],"allowed_to_all_privilege_levels":true,"encrypted":false,"redactable":false,"key":{"identifier":"essential_supplies_required","label":"Essential supplies required","resource_type":"case-field","scope_key":null},"position":0,"type":"textarea"},"case-field::dietary_requirements":{"allowed_privilege_level_keys":[],"allowed_to_all_privilege_levels":true,"encrypted":false,"redactable":false,"key":{"identifier":"dietary_requirements","label":"Dietary requirements","resource_type":"case-field","scope_key":null},"position":0,"type":"text"},"case-field::details_of_dietary_requirements":{"allowed_privilege_level_keys":[],"allowed_to_all_privilege_levels":true,"encrypted":false,"redactable":false,"key":{"identifier":"details_of_dietary_requirements","label":"Details of dietary requirements","resource_type":"case-field","scope_key":null},"position":0,"type":"textarea"},"case-field::assisted_delivery_required":{"allowed_privilege_level_keys":[],"allowed_to_all_privilege_levels":true,"encrypted":false,"redactable":false,"key":{"identifier":"assisted_delivery_required","label":"Assisted delivery required","resource_type":"case-field","scope_key":null},"position":0,"type":"text"},"case-field::sys_telephone_number":{"allowed_privilege_level_keys":[],"allowed_to_all_privilege_levels":true,"encrypted":false,"redactable":true,"key":{"identifier":"sys_telephone_number","label":"SYS Telephone number","resource_type":"case-field","scope_key":null},"position":0,"type":"text"},"case-field::sys_alt_telephone_number":{"allowed_privilege_level_keys":[],"allowed_to_all_privilege_levels":true,"encrypted":false,"redactable":true,"key":{"identifier":"sys_alt_telephone_number","label":"SYS Alt telephone number","resource_type":"case-field","scope_key":null},"position":0,"type":"text"},"case-field::contact_telephone_number":{"allowed_privilege_level_keys":[],"allowed_to_all_privilege_levels":true,"encrypted":true,"redactable":true,"key":{"identifier":"contact_telephone_number","label":"Contact telephone number","resource_type":"case-field","scope_key":null},"position":0,"type":"text"},"case-field::campaign_flag":{"allowed_privilege_level_keys":[],"allowed_to_all_privilege_levels":true,"encrypted":false,"redactable":false,"key":{"identifier":"campaign_flag","label":"Campaign Flag","resource_type":"case-field","scope_key":null},"position":null,"type":"text"},"case-field::are_your_basic_care_needs_being_met_at_home_at_the_moment":{"allowed_privilege_level_keys":[],"allowed_to_all_privilege_levels":true,"encrypted":false,"redactable":true,"key":{"identifier":"are_your_basic_care_needs_being_met_at_home_at_the_moment","label":"Are your basic care needs being met at home at the moment","resource_type":"case-field","scope_key":null},"position":null,"type":"text"},"case-field::do_you_have_any_concerns":{"allowed_privilege_level_keys":[],"allowed_to_all_privilege_levels":true,"encrypted":false,"redactable":false,"key":{"identifier":"do_you_have_any_concerns","label":"Do you have any concerns","resource_type":"case-field","scope_key":null},"position":null,"type":"text"},"case-field::safeguarding_comments":{"allowed_privilege_level_keys":[],"allowed_to_all_privilege_levels":true,"encrypted":true,"redactable":true,"key":{"identifier":"safeguarding_comments","label":"Safeguarding - comments","resource_type":"case-field","scope_key":null},"position":0,"type":"textarea"},"privilege-level::advisor":{"key":{"identifier":"advisor","label":"Advisor","resource_type":"privilege-level","scope_key":null}},"privilege-level::system-administrator":{"key":{"identifier":"system-administrator","label":"System Administrator","resource_type":"privilege-level","scope_key":null}},"case-form::case-type::covid-19-nhs-clients::new-covid-19-nhs-clients":{"external_redirects":[{"key":{"identifier":"4568","label":"https:\/\/cms2-centralbedfordshire.uat.jadu.net\/xfp\/form\/474","resource_type":"case-form-external-redirect","scope_key":null},"privilege_level_keys":{"privilege-level::advisor":{"identifier":"advisor","label":"Advisor","resource_type":"privilege-level","scope_key":null},"privilege-level::system-administrator":{"identifier":"system-administrator","label":"System Administrator","resource_type":"privilege-level","scope_key":null}},"url":"https:\/\/cms2-centralbedfordshire.uat.jadu.net\/xfp\/form\/474"}],"fields":[{"key":{"identifier":"nhs-number","label":"NHS number","resource_type":"case-form-field","scope_key":{"identifier":"new-covid-19-nhs-clients","label":"New COVID 19 NHS Clients","resource_type":"case-form","scope_key":{"identifier":"covid-19-nhs-clients","label":"COVID 19 NHS Clients","resource_type":"case-type","scope_key":null}}},"position":0,"requirement":{"key":{"identifier":"271442","label":"Expression 271442","resource_type":"expression","scope_key":null},"type":"false_expression"},"visibility":null,"field_key":{"identifier":"nhs_number","label":"NHS number","resource_type":"case-field","scope_key":null},"type":"case_field"},{"key":{"identifier":"sys-first-name","label":"SYS First name","resource_type":"case-form-field","scope_key":{"identifier":"new-covid-19-nhs-clients","label":"New COVID 19 NHS Clients","resource_type":"case-form","scope_key":{"identifier":"covid-19-nhs-clients","label":"COVID 19 NHS Clients","resource_type":"case-type","scope_key":null}}},"position":1,"requirement":{"key":{"identifier":"271443","label":"Expression 271443","resource_type":"expression","scope_key":null},"type":"false_expression"},"visibility":null,"field_key":{"identifier":"sys_first_name","label":"SYS First name","resource_type":"case-field","scope_key":null},"type":"case_field"},{"key":{"identifier":"sys-last-name","label":"SYS Last name","resource_type":"case-form-field","scope_key":{"identifier":"new-covid-19-nhs-clients","label":"New COVID 19 NHS Clients","resource_type":"case-form","scope_key":{"identifier":"covid-19-nhs-clients","label":"COVID 19 NHS Clients","resource_type":"case-type","scope_key":null}}},"position":2,"requirement":{"key":{"identifier":"271444","label":"Expression 271444","resource_type":"expression","scope_key":null},"type":"false_expression"},"visibility":null,"field_key":{"identifier":"sys_last_name","label":"SYS Last name","resource_type":"case-field","scope_key":null},"type":"case_field"},{"key":{"identifier":"contact-address","label":"Contact address","resource_type":"case-form-field","scope_key":{"identifier":"new-covid-19-nhs-clients","label":"New COVID 19 NHS Clients","resource_type":"case-form","scope_key":{"identifier":"covid-19-nhs-clients","label":"COVID 19 NHS Clients","resource_type":"case-type","scope_key":null}}},"position":3,"requirement":{"key":{"identifier":"271445","label":"Expression 271445","resource_type":"expression","scope_key":null},"type":"false_expression"},"visibility":null,"field_key":{"identifier":"contact_address","label":"Contact address","resource_type":"case-field","scope_key":null},"type":"case_field"},{"key":{"identifier":"do-you-live-alone","label":"Do you live alone","resource_type":"case-form-field","scope_key":{"identifier":"new-covid-19-nhs-clients","label":"New COVID 19 NHS Clients","resource_type":"case-form","scope_key":{"identifier":"covid-19-nhs-clients","label":"COVID 19 NHS Clients","resource_type":"case-type","scope_key":null}}},"position":4,"requirement":{"key":{"identifier":"275146","label":"Expression 275146","resource_type":"expression","scope_key":null},"type":"false_expression"},"visibility":null,"field_key":{"identifier":"do_you_live_alone","label":"Do you live alone","resource_type":"case-field","scope_key":null},"type":"case_field"},{"key":{"identifier":"do-you-have-any-support-to-help-with-essential-supples","label":"Do you have any support to help with essential supples","resource_type":"case-form-field","scope_key":{"identifier":"new-covid-19-nhs-clients","label":"New COVID 19 NHS Clients","resource_type":"case-form","scope_key":{"identifier":"covid-19-nhs-clients","label":"COVID 19 NHS Clients","resource_type":"case-type","scope_key":null}}},"position":5,"requirement":{"key":{"identifier":"271446","label":"Expression 271446","resource_type":"expression","scope_key":null},"type":"false_expression"},"visibility":null,"field_key":{"identifier":"do_you_have_any_support_to_help_with_essential_supples","label":"Do you have any support to help with essential supplies","resource_type":"case-field","scope_key":null},"type":"case_field"},{"key":{"identifier":"do-you-have-essential-supplies-for-a-week","label":"Do you have essential supplies for a week","resource_type":"case-form-field","scope_key":{"identifier":"new-covid-19-nhs-clients","label":"New COVID 19 NHS Clients","resource_type":"case-form","scope_key":{"identifier":"covid-19-nhs-clients","label":"COVID 19 NHS Clients","resource_type":"case-type","scope_key":null}}},"position":6,"requirement":{"key":{"identifier":"274326","label":"Expression 274326","resource_type":"expression","scope_key":null},"type":"false_expression"},"visibility":null,"field_key":{"identifier":"do_you_have_essential_supplies_for_a_week","label":"Do you have essential supplies for a week","resource_type":"case-field","scope_key":null},"type":"case_field"},{"key":{"identifier":"essential-supplies-required","label":"Essential supplies required","resource_type":"case-form-field","scope_key":{"identifier":"new-covid-19-nhs-clients","label":"New COVID 19 NHS Clients","resource_type":"case-form","scope_key":{"identifier":"covid-19-nhs-clients","label":"COVID 19 NHS Clients","resource_type":"case-type","scope_key":null}}},"position":7,"requirement":{"key":{"identifier":"271448","label":"Expression 271448","resource_type":"expression","scope_key":null},"type":"false_expression"},"visibility":null,"field_key":{"identifier":"essential_supplies_required","label":"Essential supplies required","resource_type":"case-field","scope_key":null},"type":"case_field"},{"key":{"identifier":"dietary-requirements","label":"Dietary requirements","resource_type":"case-form-field","scope_key":{"identifier":"new-covid-19-nhs-clients","label":"New COVID 19 NHS Clients","resource_type":"case-form","scope_key":{"identifier":"covid-19-nhs-clients","label":"COVID 19 NHS Clients","resource_type":"case-type","scope_key":null}}},"position":8,"requirement":{"key":{"identifier":"271449","label":"Expression 271449","resource_type":"expression","scope_key":null},"type":"false_expression"},"visibility":null,"field_key":{"identifier":"dietary_requirements","label":"Dietary requirements","resource_type":"case-field","scope_key":null},"type":"case_field"},{"key":{"identifier":"details-of-dietary-requirements","label":"Details of dietary requirements","resource_type":"case-form-field","scope_key":{"identifier":"new-covid-19-nhs-clients","label":"New COVID 19 NHS Clients","resource_type":"case-form","scope_key":{"identifier":"covid-19-nhs-clients","label":"COVID 19 NHS Clients","resource_type":"case-type","scope_key":null}}},"position":9,"requirement":{"key":{"identifier":"271450","label":"Expression 271450","resource_type":"expression","scope_key":null},"type":"false_expression"},"visibility":null,"field_key":{"identifier":"details_of_dietary_requirements","label":"Details of dietary requirements","resource_type":"case-field","scope_key":null},"type":"case_field"},{"key":{"identifier":"assisted-delivery-required","label":"Assisted delivery required","resource_type":"case-form-field","scope_key":{"identifier":"new-covid-19-nhs-clients","label":"New COVID 19 NHS Clients","resource_type":"case-form","scope_key":{"identifier":"covid-19-nhs-clients","label":"COVID 19 NHS Clients","resource_type":"case-type","scope_key":null}}},"position":10,"requirement":{"key":{"identifier":"271451","label":"Expression 271451","resource_type":"expression","scope_key":null},"type":"false_expression"},"visibility":null,"field_key":{"identifier":"assisted_delivery_required","label":"Assisted delivery required","resource_type":"case-field","scope_key":null},"type":"case_field"},{"key":{"identifier":"sys-telephone-number","label":"SYS Telephone number","resource_type":"case-form-field","scope_key":{"identifier":"new-covid-19-nhs-clients","label":"New COVID 19 NHS Clients","resource_type":"case-form","scope_key":{"identifier":"covid-19-nhs-clients","label":"COVID 19 NHS Clients","resource_type":"case-type","scope_key":null}}},"position":11,"requirement":{"key":{"identifier":"274992","label":"Expression 274992","resource_type":"expression","scope_key":null},"type":"false_expression"},"visibility":null,"field_key":{"identifier":"sys_telephone_number","label":"SYS Telephone number","resource_type":"case-field","scope_key":null},"type":"case_field"},{"key":{"identifier":"sys-alt-telephone-number","label":"SYS Alt telephone number","resource_type":"case-form-field","scope_key":{"identifier":"new-covid-19-nhs-clients","label":"New COVID 19 NHS Clients","resource_type":"case-form","scope_key":{"identifier":"covid-19-nhs-clients","label":"COVID 19 NHS Clients","resource_type":"case-type","scope_key":null}}},"position":12,"requirement":{"key":{"identifier":"274991","label":"Expression 274991","resource_type":"expression","scope_key":null},"type":"false_expression"},"visibility":null,"field_key":{"identifier":"sys_alt_telephone_number","label":"SYS Alt telephone number","resource_type":"case-field","scope_key":null},"type":"case_field"},{"key":{"identifier":"contact-telephone-number","label":"Contact telephone number","resource_type":"case-form-field","scope_key":{"identifier":"new-covid-19-nhs-clients","label":"New COVID 19 NHS Clients","resource_type":"case-form","scope_key":{"identifier":"covid-19-nhs-clients","label":"COVID 19 NHS Clients","resource_type":"case-type","scope_key":null}}},"position":13,"requirement":{"key":{"identifier":"274990","label":"Expression 274990","resource_type":"expression","scope_key":null},"type":"false_expression"},"visibility":null,"field_key":{"identifier":"contact_telephone_number","label":"Contact telephone number","resource_type":"case-field","scope_key":null},"type":"case_field"},{"key":{"identifier":"campaign-flag","label":"Campaign Flag","resource_type":"case-form-field","scope_key":{"identifier":"new-covid-19-nhs-clients","label":"New COVID 19 NHS Clients","resource_type":"case-form","scope_key":{"identifier":"covid-19-nhs-clients","label":"COVID 19 NHS Clients","resource_type":"case-type","scope_key":null}}},"position":14,"requirement":{"key":{"identifier":"275825","label":"Expression 275825","resource_type":"expression","scope_key":null},"type":"false_expression"},"visibility":null,"field_key":{"identifier":"campaign_flag","label":"Campaign Flag","resource_type":"case-field","scope_key":null},"type":"case_field"},{"key":{"identifier":"are-your-basic-care-needs-being-met-at-home-at-the-moment","label":"Are your basic care needs being met at home at the moment","resource_type":"case-form-field","scope_key":{"identifier":"new-covid-19-nhs-clients","label":"New COVID 19 NHS Clients","resource_type":"case-form","scope_key":{"identifier":"covid-19-nhs-clients","label":"COVID 19 NHS Clients","resource_type":"case-type","scope_key":null}}},"position":15,"requirement":{"key":{"identifier":"276634","label":"Expression 276634","resource_type":"expression","scope_key":null},"type":"false_expression"},"visibility":null,"field_key":{"identifier":"are_your_basic_care_needs_being_met_at_home_at_the_moment","label":"Are your basic care needs being met at home at the moment","resource_type":"case-field","scope_key":null},"type":"case_field"},{"key":{"identifier":"do-you-have-any-concerns","label":"Do you have any concerns","resource_type":"case-form-field","scope_key":{"identifier":"new-covid-19-nhs-clients","label":"New COVID 19 NHS Clients","resource_type":"case-form","scope_key":{"identifier":"covid-19-nhs-clients","label":"COVID 19 NHS Clients","resource_type":"case-type","scope_key":null}}},"position":16,"requirement":{"key":{"identifier":"275918","label":"Expression 275918","resource_type":"expression","scope_key":null},"type":"false_expression"},"visibility":null,"field_key":{"identifier":"do_you_have_any_concerns","label":"Do you have any concerns","resource_type":"case-field","scope_key":null},"type":"case_field"},{"key":{"identifier":"safeguarding-comments","label":"Safeguarding - comments","resource_type":"case-form-field","scope_key":{"identifier":"new-covid-19-nhs-clients","label":"New COVID 19 NHS Clients","resource_type":"case-form","scope_key":{"identifier":"covid-19-nhs-clients","label":"COVID 19 NHS Clients","resource_type":"case-type","scope_key":null}}},"position":17,"requirement":{"key":{"identifier":"275919","label":"Expression 275919","resource_type":"expression","scope_key":null},"type":"false_expression"},"visibility":null,"field_key":{"identifier":"safeguarding_comments","label":"Safeguarding - comments","resource_type":"case-field","scope_key":null},"type":"case_field"}],"key":{"identifier":"new-covid-19-nhs-clients","label":"New COVID 19 NHS Clients","resource_type":"case-form","scope_key":{"identifier":"covid-19-nhs-clients","label":"COVID 19 NHS Clients","resource_type":"case-type","scope_key":null}},"type":"create"},"case-form::case-type::covid-19-nhs-clients::edit-covid-19-nhs-clients":{"external_redirects":[],"fields":[],"key":{"identifier":"edit-covid-19-nhs-clients","label":"Edit COVID 19 NHS Clients","resource_type":"case-form","scope_key":{"identifier":"covid-19-nhs-clients","label":"COVID 19 NHS Clients","resource_type":"case-type","scope_key":null}},"type":"edit"},"privilege-level::administrator":{"key":{"identifier":"administrator","label":"Integrations Admin","resource_type":"privilege-level","scope_key":null}},"privilege-level::forms-admin":{"key":{"identifier":"forms-admin","label":"FormsAdministrator","resource_type":"privilege-level","scope_key":null}},"case-transition::case-type::covid-19-nhs-clients::close-case":{"allowed_privilege_level_keys":{"privilege-level::administrator":{"identifier":"administrator","label":"Integrations Admin","resource_type":"privilege-level","scope_key":null},"privilege-level::system-administrator":{"identifier":"system-administrator","label":"System Administrator","resource_type":"privilege-level","scope_key":null},"privilege-level::forms-admin":{"identifier":"forms-admin","label":"FormsAdministrator","resource_type":"privilege-level","scope_key":null}},"call_to_action":true,"call_to_action_style":"danger","case_form_key":null,"from_status_keys":{"case-status::case-type::covid-19-nhs-clients::submitted":{"identifier":"submitted","label":"Submitted","resource_type":"case-status","scope_key":{"identifier":"covid-19-nhs-clients","label":"COVID 19 NHS Clients","resource_type":"case-type","scope_key":null}},"case-status::case-type::covid-19-nhs-clients::under-review-3-days":{"identifier":"under-review-3-days","label":"Under review 3 days","resource_type":"case-status","scope_key":{"identifier":"covid-19-nhs-clients","label":"COVID 19 NHS Clients","resource_type":"case-type","scope_key":null}}},"key":{"identifier":"close-case","label":"Close case","resource_type":"case-transition","scope_key":{"identifier":"covid-19-nhs-clients","label":"COVID 19 NHS Clients","resource_type":"case-type","scope_key":null}},"to_status_key":{"identifier":"closed","label":"Closed","resource_type":"case-status","scope_key":{"identifier":"covid-19-nhs-clients","label":"COVID 19 NHS Clients","resource_type":"case-type","scope_key":null}}},"case-transition::case-type::covid-19-nhs-clients::under-review-3-days":{"allowed_privilege_level_keys":{"privilege-level::administrator":{"identifier":"administrator","label":"Integrations Admin","resource_type":"privilege-level","scope_key":null},"privilege-level::system-administrator":{"identifier":"system-administrator","label":"System Administrator","resource_type":"privilege-level","scope_key":null}},"call_to_action":false,"call_to_action_style":"default","case_form_key":null,"from_status_keys":{"case-status::case-type::covid-19-nhs-clients::submitted":{"identifier":"submitted","label":"Submitted","resource_type":"case-status","scope_key":{"identifier":"covid-19-nhs-clients","label":"COVID 19 NHS Clients","resource_type":"case-type","scope_key":null}}},"key":{"identifier":"under-review-3-days","label":"Under review 3 days","resource_type":"case-transition","scope_key":{"identifier":"covid-19-nhs-clients","label":"COVID 19 NHS Clients","resource_type":"case-type","scope_key":null}},"to_status_key":{"identifier":"under-review-3-days","label":"Under review 3 days","resource_type":"case-status","scope_key":{"identifier":"covid-19-nhs-clients","label":"COVID 19 NHS Clients","resource_type":"case-type","scope_key":null}}},"rule::case-type::covid-19-nhs-clients::30613":{"actions":[{"key":{"identifier":"109298","label":"Action 109298","resource_type":"action","scope_key":null},"position":1,"transition_key":{"identifier":"close-case","label":"Close case","resource_type":"case-transition","scope_key":{"identifier":"covid-19-nhs-clients","label":"COVID 19 NHS Clients","resource_type":"case-type","scope_key":null}},"type":"transition"}],"condition":{"key":{"identifier":"275396","label":"Expression 275396","resource_type":"expression","scope_key":null},"operands":[{"key":{"identifier":"275395","label":"Expression 275395","resource_type":"expression","scope_key":null},"operands":[{"key":{"identifier":"275394","label":"Expression 275394","resource_type":"expression","scope_key":null},"choice_key":null,"field_key":{"identifier":"do_you_have_any_support_to_help_with_essential_supples","label":"Do you have any support to help with essential supplies","resource_type":"case-field","scope_key":null},"operator":"==","value":"Yes","type":"case_value_match_expression"}],"type":"or_expression"}],"type":"and_expression"},"enabled":true,"key":{"identifier":"30613","label":"R1 Has support - Close case","resource_type":"rule","scope_key":{"identifier":"covid-19-nhs-clients","label":"COVID 19 NHS Clients","resource_type":"case-type","scope_key":null}},"triggers":[{"key":{"identifier":"79462","label":"Trigger 79462","resource_type":"trigger","scope_key":null},"event_name":"case.created","type":"event"}]},"rule::case-type::covid-19-nhs-clients::30714":{"actions":[{"key":{"identifier":"109299","label":"Action 109299","resource_type":"action","scope_key":null},"position":1,"transition_key":{"identifier":"under-review-3-days","label":"Under review 3 days","resource_type":"case-transition","scope_key":{"identifier":"covid-19-nhs-clients","label":"COVID 19 NHS Clients","resource_type":"case-type","scope_key":null}},"type":"transition"}],"condition":{"key":{"identifier":"275401","label":"Expression 275401","resource_type":"expression","scope_key":null},"operands":[{"key":{"identifier":"275399","label":"Expression 275399","resource_type":"expression","scope_key":null},"operands":[{"key":{"identifier":"275397","label":"Expression 275397","resource_type":"expression","scope_key":null},"choice_key":null,"field_key":{"identifier":"do_you_have_any_support_to_help_with_essential_supples","label":"Do you have any support to help with essential supplies","resource_type":"case-field","scope_key":null},"operator":"==","value":"No","type":"case_value_match_expression"}],"type":"or_expression"},{"key":{"identifier":"275400","label":"Expression 275400","resource_type":"expression","scope_key":null},"operands":[{"key":{"identifier":"275398","label":"Expression 275398","resource_type":"expression","scope_key":null},"choice_key":null,"field_key":{"identifier":"do_you_have_essential_supplies_for_a_week","label":"Do you have essential supplies for a week","resource_type":"case-field","scope_key":null},"operator":"==","value":"No","type":"case_value_match_expression"}],"type":"or_expression"}],"type":"and_expression"},"enabled":true,"key":{"identifier":"30714","label":"R2 No Support and No essential supplies for 1 week","resource_type":"rule","scope_key":{"identifier":"covid-19-nhs-clients","label":"COVID 19 NHS Clients","resource_type":"case-type","scope_key":null}},"triggers":[{"key":{"identifier":"79463","label":"Trigger 79463","resource_type":"trigger","scope_key":null},"event_name":"case.created","type":"event"}]}}}}