{"form.json":"29f1d3bec0b14f2c67ada7efa8bf96a392c69044","page-templates\/Your_details.json":"62cfb8c71d89eff6d147948226ad7ad4c80fecf1","page-templates\/Enquiry_details.json":"e08f40ad7a658bec7d90014778f8ec0555664d45","structure\/pages.json":"9de24efa15784fc1493e8b95e9e539ae0cc9ccf6","structure\/branching.json":"63c3eabbc7d918ef300380bd8518a93b40e86b21","misc\/pdfs.json":"97d170e1550eee4afc0af065b78cda302a97674c","misc\/prefills.json":"97d170e1550eee4afc0af065b78cda302a97674c","misc\/placeholders.json":"97d170e1550eee4afc0af065b78cda302a97674c","misc\/logic_definitions.json":"97d170e1550eee4afc0af065b78cda302a97674c","misc\/ic_inputs.json":"97d170e1550eee4afc0af065b78cda302a97674c","misc\/data-retention.json":"fa8b819d756eec4a4f185f5465ef79b349ea9ce4"}