{"title":"Bins and recycling enquiries","instructions":"","progressBar":"0","allowUnregistered":"1","resumeAtStart":"0","reCaptcha":"0","internalOnly":0,"metadata":{"id":"667","itemID":"805","creator":"Jadu Customer Success","contributor":"","publisher":"Jadu Customer Success","rights":"Jadu Customer Success","source":"","status":"V1.0 Public Consumption","coverage":"UK","created":1570402800,"modified":1570402800,"valid":null,"expired":null,"format":"text\/html","language":"en","subject":"","description":"Bins and recycling enquiries"},"categories":[{"id":"4897","categoryType":"Navigation","itemID":805,"categoryID":"100002"}]}