{"form.json":"d20ae22e715d383f3e2f6cdfc1723276e9cbfe0e","page-templates\/Your_donation.json":"05130acb5564a7b6564973bad9fa62fb03a75b16","structure\/pages.json":"d964fea05f41f766f640f6cb5520d01cc58aeb62","structure\/branching.json":"6735dda0c212f7e44b7ba9827c191fa3a3a9d277","misc\/pdfs.json":"97d170e1550eee4afc0af065b78cda302a97674c","misc\/prefills.json":"97d170e1550eee4afc0af065b78cda302a97674c","misc\/placeholders.json":"97d170e1550eee4afc0af065b78cda302a97674c","misc\/logic_definitions.json":"97d170e1550eee4afc0af065b78cda302a97674c","misc\/logics\/Anonymous_or_named.json":"03021bab8ebd7620442e376391a439ffd53c965b","misc\/logics\/Donation_amount.json":"c55564e41cd70a149ecad9a66b2468ca3af57097","misc\/logics\/Full_name.json":"ab5d80138f2a8cb438a7435607d0bd7ce3d9ee1b","misc\/ic_inputs.json":"97d170e1550eee4afc0af065b78cda302a97674c","misc\/data-retention.json":"fa8b819d756eec4a4f185f5465ef79b349ea9ce4"}