{"title":"Donate to the XX Council coronavirus appeal","instructions":"","progressBar":"0","allowUnregistered":"1","resumeAtStart":"0","reCaptcha":"0","internalOnly":0,"metadata":{"id":"387","itemID":"525","creator":"Maria Barrett-Smith","contributor":"","publisher":"Canterbury City Council","rights":"Copyright Canterbury City Council","source":"","status":"V1.0 Public Consumption","coverage":"Canterbury, Kent, England, United Kingdom","created":1585695600,"modified":1585695600,"valid":null,"expired":null,"format":"text\/html","language":"en","subject":"","description":"This appeal is for our Canterbury community support programme, run by not for profit organisations and volunteers. Your donation will help the people in our district that need it the most at this critical time."},"categories":[{"id":"3626","categoryType":"Navigation","itemID":525,"categoryID":"200128"}]}