{"id":939,"isFormSpecific":true,"version":{"metadata":{"id":2472,"title":"COVID 19 - Volunteer support data protection (465) (537)","instructions":"<p>We will need to ask you to give us some information about yourself, such as your contact details and the type of help you can provide.&nbsp;<\/p>\n\n<p>We are doing this as a public task in the public interest.<\/p>\n\n<ul>\n\t<li>We will only use this to&nbsp;understand&nbsp;the support or assistance you can provide. We may email you or call you to discuss this.<\/li>\n\t<li>We will safely share your information with other people or organisations where it is necessary that require support.<\/li>\n\t<li>We will ask these organisations and individuals to keep your data safe and respect your privacy.<\/li>\n\t<li>We will keep your information safe on our own Council systems.<\/li>\n\t<li>We will keep your information no longer than we need to.<\/li>\n<\/ul>"},"sections":[{"name":"main","title":"main","showTitle":null,"hideInitially":null,"triggerQuestionName":null,"triggerQuestionSecondaryField":null,"triggerQuestionSection":null,"triggerOperator":null,"triggerAnswerValue":null,"isRepeatableQuestion":null,"repeatableQuestionSettings":[],"structure":"[]","questions":[],"clauseType":null,"data":null}]}}