{"id":940,"isFormSpecific":false,"version":{"metadata":{"id":2473,"title":"Disclosure and Barring Service information","instructions":""},"sections":[{"name":"sa26fc5c6f1b65456e81ea6e461c5b6c2b5933dea","title":"Further DBS info","showTitle":false,"hideInitially":true,"triggerQuestionName":"q49db9ac62ab7d44b9dfe501ac75e63290e7e6f8b","triggerQuestionSecondaryField":null,"triggerQuestionSection":"main","triggerOperator":"equal","triggerAnswerValue":"yes","isRepeatableQuestion":false,"repeatableQuestionSettings":[],"structure":"[{\"type\":\"question\",\"name\":\"qc9c15546b543bbe7523815159b1d1a56bfa6df48\"}]","questions":[{"name":"qc9c15546b543bbe7523815159b1d1a56bfa6df48","text":"What is the expiry date of your DBS?","guid":"Jadu\\XFormsPro\\Bundle\\StandardFormComponentBundle\\Component\\Date\\DateComponent","settings":[{"name":"required","value":"true"},{"name":"accept_only_future_dates","value":"true"},{"name":"accept_only_future_dates_relative_value","value":""}]}],"clauseType":null,"data":null},{"name":"main","title":"main","showTitle":null,"hideInitially":null,"triggerQuestionName":null,"triggerQuestionSecondaryField":null,"triggerQuestionSection":null,"triggerOperator":null,"triggerAnswerValue":null,"isRepeatableQuestion":null,"repeatableQuestionSettings":[],"structure":"[{\"type\":\"question\",\"name\":\"q49db9ac62ab7d44b9dfe501ac75e63290e7e6f8b\"},{\"type\":\"section\",\"name\":\"sa26fc5c6f1b65456e81ea6e461c5b6c2b5933dea\"}]","questions":[{"name":"q49db9ac62ab7d44b9dfe501ac75e63290e7e6f8b","text":"Do you have a Disclosure and Barring Service (DBS) check?","guid":"Jadu\\XFormsPro\\Bundle\\StandardFormComponentBundle\\Component\\RadioButtons\\RadioButtonsComponent","settings":[{"name":"required","value":"true"},{"name":"answers","value":"[{\"value\":\"yes\",\"text\":\"Yes\",\"data\":\"\",\"internal\":false},{\"value\":\"no\",\"text\":\"No\",\"data\":\"\",\"internal\":false}]"}]}],"clauseType":null,"data":null}]}}