{"id":941,"isFormSpecific":true,"version":{"metadata":{"id":2474,"title":"Driving (150) (465) (537)","instructions":""},"sections":[{"name":"s60b562a8be58026bb374d2040e32304a4bdb2a2e","title":"Do you have a car?","showTitle":false,"hideInitially":true,"triggerQuestionName":"qd321e58a329df01c2bfe78dd470ba1676c8a710f","triggerQuestionSecondaryField":null,"triggerQuestionSection":"main","triggerOperator":"equal","triggerAnswerValue":"yes","isRepeatableQuestion":false,"repeatableQuestionSettings":[],"structure":"[{\"type\":\"question\",\"name\":\"q147f3a125d4a47bb1c88f4dc88984619b82c5edb\"}]","questions":[{"name":"q147f3a125d4a47bb1c88f4dc88984619b82c5edb","text":"Do you have a car and would you be willing to drive?","guid":"Jadu\\XFormsPro\\Bundle\\StandardFormComponentBundle\\Component\\RadioButtons\\RadioButtonsComponent","settings":[{"name":"required","value":"true"},{"name":"answers","value":"[{\"value\":\"yes\",\"text\":\"Yes\",\"data\":\"\",\"internal\":false},{\"value\":\"no\",\"text\":\"No\",\"data\":\"\",\"internal\":false}]"}]}],"clauseType":null,"data":null},{"name":"main","title":"main","showTitle":null,"hideInitially":null,"triggerQuestionName":null,"triggerQuestionSecondaryField":null,"triggerQuestionSection":null,"triggerOperator":null,"triggerAnswerValue":null,"isRepeatableQuestion":null,"repeatableQuestionSettings":[],"structure":"[{\"type\":\"question\",\"name\":\"qd321e58a329df01c2bfe78dd470ba1676c8a710f\"},{\"type\":\"section\",\"name\":\"s60b562a8be58026bb374d2040e32304a4bdb2a2e\"}]","questions":[{"name":"qd321e58a329df01c2bfe78dd470ba1676c8a710f","text":"Do you have a valid driving license?","guid":"Jadu\\XFormsPro\\Bundle\\StandardFormComponentBundle\\Component\\RadioButtons\\RadioButtonsComponent","settings":[{"name":"required","value":"true"},{"name":"answers","value":"[{\"value\":\"yes\",\"text\":\"Yes\",\"data\":\"\",\"internal\":false},{\"value\":\"no\",\"text\":\"No\",\"data\":\"\",\"internal\":false}]"}]}],"clauseType":null,"data":null}]}}