{"id":942,"isFormSpecific":true,"version":{"metadata":{"id":2475,"title":"Locality of support (150) (465) (537)","instructions":""},"sections":[{"name":"s29e6590be54e0f8975266eebd4e03623bfcc84d3","title":"Working from home","showTitle":false,"hideInitially":true,"triggerQuestionName":"q5f61af6be1a62701392151768fa1c82dd3e72c34","triggerQuestionSecondaryField":null,"triggerQuestionSection":"main","triggerOperator":"selection contains","triggerAnswerValue":"[\"working_from_home\"]","isRepeatableQuestion":false,"repeatableQuestionSettings":[],"structure":"[{\"type\":\"question\",\"name\":\"qdd52ae0cade4e949119490c52f0a0ebf6b7103e7\"},{\"type\":\"question\",\"name\":\"q0d398a2928b8e218a6f040f628957cd8be86de12\"}]","questions":[{"name":"qdd52ae0cade4e949119490c52f0a0ebf6b7103e7","text":"Do you have access to the internet?","guid":"Jadu\\XFormsPro\\Bundle\\StandardFormComponentBundle\\Component\\RadioButtons\\RadioButtonsComponent","settings":[{"name":"required","value":"true"},{"name":"answers","value":"[{\"value\":\"yes\",\"text\":\"Yes\",\"data\":\"\",\"internal\":false},{\"value\":\"no\",\"text\":\"No\",\"data\":\"\",\"internal\":false}]"}]},{"name":"q0d398a2928b8e218a6f040f628957cd8be86de12","text":"Do you have access to a telephone?","guid":"Jadu\\XFormsPro\\Bundle\\StandardFormComponentBundle\\Component\\RadioButtons\\RadioButtonsComponent","settings":[{"name":"required","value":"true"},{"name":"answers","value":"[{\"value\":\"yes\",\"text\":\"Yes\",\"data\":\"\",\"internal\":false},{\"value\":\"no\",\"text\":\"No\",\"data\":\"\",\"internal\":false}]"}]}],"clauseType":null,"data":null},{"name":"scf6143451862e36518df1c20d61da6ac0b303780","title":"Extra locality info","showTitle":false,"hideInitially":true,"triggerQuestionName":"q5f61af6be1a62701392151768fa1c82dd3e72c34","triggerQuestionSecondaryField":null,"triggerQuestionSection":"main","triggerOperator":"selection contains","triggerAnswerValue":"[\"towns_or_villages\"]","isRepeatableQuestion":false,"repeatableQuestionSettings":[],"structure":"[{\"type\":\"question\",\"name\":\"qc476816f3ca8f085aa64beada6a49c4f50a2d200\"}]","questions":[{"name":"qc476816f3ca8f085aa64beada6a49c4f50a2d200","text":"Please tell us which towns and villages you would be able to support","guid":"Jadu\\XFormsPro\\Bundle\\StandardFormComponentBundle\\Component\\TextArea\\TextAreaComponent","settings":[{"name":"required","value":"true"},{"name":"help","value":"e.g. Flitwick, Biggleswade,"},{"name":"rows","value":"4"},{"name":"cols","value":"40"}]}],"clauseType":null,"data":null},{"name":"main","title":"main","showTitle":null,"hideInitially":null,"triggerQuestionName":null,"triggerQuestionSecondaryField":null,"triggerQuestionSection":null,"triggerOperator":null,"triggerAnswerValue":null,"isRepeatableQuestion":null,"repeatableQuestionSettings":[],"structure":"[{\"type\":\"question\",\"name\":\"q5f61af6be1a62701392151768fa1c82dd3e72c34\"},{\"type\":\"section\",\"name\":\"s29e6590be54e0f8975266eebd4e03623bfcc84d3\"},{\"type\":\"section\",\"name\":\"scf6143451862e36518df1c20d61da6ac0b303780\"}]","questions":[{"name":"q5f61af6be1a62701392151768fa1c82dd3e72c34","text":"Where are you able to volunteer","guid":"Jadu\\XFormsPro\\Bundle\\StandardFormComponentBundle\\Component\\Checkboxes\\CheckboxesComponent","settings":[{"name":"required","value":"true"},{"name":"answers","value":"[{\"value\":\"working_from_home\",\"text\":\"Working from home (e.g. making care calls, online food deliveries etc)\",\"data\":\"\",\"internal\":false},{\"value\":\"surrounding_roads\",\"text\":\"Your street or surrounding roads\",\"data\":\"\",\"internal\":false},{\"value\":\"wider_neighbourhood\",\"text\":\"Your wider neighbourhood, town or village\",\"data\":\"\",\"internal\":false},{\"value\":\"towns_or_villages\",\"text\":\"Surrounding towns or villages to my own\",\"data\":\"\",\"internal\":false},{\"value\":\"anywhere\",\"text\":\"Anywhere within Central Bedfordshire\",\"data\":\"\",\"internal\":false}]"}]}],"clauseType":null,"data":null}]}}