{"id":943,"isFormSpecific":false,"version":{"metadata":{"id":2476,"title":"Volunteering help","instructions":""},"sections":[{"name":"s1770e10b1bfbe82c009d5ae67ba4a8beb8cba5b4","title":"Other info","showTitle":false,"hideInitially":true,"triggerQuestionName":"q142112ad1960bece3b93fb65801b2de5792f00df","triggerQuestionSecondaryField":null,"triggerQuestionSection":"main","triggerOperator":"selection contains","triggerAnswerValue":"[\"assist_in_another_way\"]","isRepeatableQuestion":false,"repeatableQuestionSettings":[],"structure":"[{\"type\":\"question\",\"name\":\"q900c1168594b2065d23888b706a0080168aa9d99\"}]","questions":[{"name":"q900c1168594b2065d23888b706a0080168aa9d99","text":"Please provide further information","guid":"Jadu\\XFormsPro\\Bundle\\StandardFormComponentBundle\\Component\\TextArea\\TextAreaComponent","settings":[{"name":"answer_length","value":"1000"},{"name":"required","value":"true"},{"name":"rows","value":"4"},{"name":"cols","value":"80"}]}],"clauseType":null,"data":null},{"name":"main","title":"main","showTitle":null,"hideInitially":null,"triggerQuestionName":null,"triggerQuestionSecondaryField":null,"triggerQuestionSection":null,"triggerOperator":null,"triggerAnswerValue":null,"isRepeatableQuestion":null,"repeatableQuestionSettings":[],"structure":"[{\"type\":\"question\",\"name\":\"q142112ad1960bece3b93fb65801b2de5792f00df\"},{\"type\":\"section\",\"name\":\"s1770e10b1bfbe82c009d5ae67ba4a8beb8cba5b4\"}]","questions":[{"name":"q142112ad1960bece3b93fb65801b2de5792f00df","text":"How would you be willing to help?","guid":"Jadu\\XFormsPro\\Bundle\\StandardFormComponentBundle\\Component\\Checkboxes\\CheckboxesComponent","settings":[{"name":"required","value":"true"},{"name":"help","value":"This is an initial list and it is not exhaustive. We ask that you only choose things you would be willing to do, although we understand your circumstances may change"},{"name":"answers","value":"[{\"value\":\"phone\",\"text\":\"Contact a person in need by phone (e.g. \u2018wellbeing\u2019 check in)\",\"data\":\"\",\"internal\":false},{\"value\":\"practicalities\",\"text\":\"Help a vulnerable person with practicalities (e.g. food deliveries, online shopping, picking up prescriptions etc)\",\"data\":\"\",\"internal\":false},{\"value\":\"home_help\",\"text\":\"Help a vulnerable person with home help (e.g. preparing food, delivering a hot meal)\",\"data\":\"\",\"internal\":false},{\"value\":\"general_ways\",\"text\":\"Support my neighbours in general ways (e.g. make myself known to my local residents)\",\"data\":\"\",\"internal\":false},{\"value\":\"key_services\",\"text\":\"Adding capacity to key services (e.g. care homes, children's centres) in case of staff shortages\",\"data\":\"\",\"internal\":false},{\"value\":\"assist_in_another_way\",\"text\":\"Assist in another way\",\"data\":\"\",\"internal\":false}]"}]}],"clauseType":null,"data":null}]}}