{"id":944,"isFormSpecific":true,"version":{"metadata":{"id":2477,"title":"Your details - volunteer (150) (465) (537)","instructions":""},"sections":[{"name":"s1c101ea68aec11970a09998c5b7d0d37ff846b71","title":"Manual address","showTitle":false,"hideInitially":true,"triggerQuestionName":"q9dc082050fb9cb1475ad1c7d14f6f744af5bb918","triggerQuestionSecondaryField":"data_1_0","triggerQuestionSection":"main","triggerOperator":"equal","triggerAnswerValue":"0","isRepeatableQuestion":false,"repeatableQuestionSettings":[],"structure":"[{\"type\":\"question\",\"name\":\"qf5e30eb4bd79e1a64c03678d94485101c5702b6c\"}]","questions":[{"name":"qf5e30eb4bd79e1a64c03678d94485101c5702b6c","text":"Please provide your full address, including postcode","guid":"Jadu\\XFormsPro\\Bundle\\StandardFormComponentBundle\\Component\\TextArea\\TextAreaComponent","settings":[{"name":"required","value":"true"},{"name":"rows","value":"4"},{"name":"cols","value":"80"}]}],"clauseType":null,"data":null},{"name":"main","title":"main","showTitle":null,"hideInitially":null,"triggerQuestionName":null,"triggerQuestionSecondaryField":null,"triggerQuestionSection":null,"triggerOperator":null,"triggerAnswerValue":null,"isRepeatableQuestion":null,"repeatableQuestionSettings":[],"structure":"[{\"type\":\"question\",\"name\":\"qea7d3c9e733e75f619dd99100c4b7a64bbc6d0d1\"},{\"type\":\"question\",\"name\":\"qb37d8c42a1672cf639de5628037dd7f1978760b8\"},{\"type\":\"question\",\"name\":\"q0b001bf95b472037aa65b60e002913fa03d07791\"},{\"type\":\"question\",\"name\":\"qbf44f12d5c88cf2f28aff6e0d43830bc3520fca3\"},{\"type\":\"question\",\"name\":\"qce623e71f6266f1f2aeb2cf5d1d2b160c6c2736f\"},{\"type\":\"question\",\"name\":\"q9dc082050fb9cb1475ad1c7d14f6f744af5bb918\"},{\"type\":\"section\",\"name\":\"s1c101ea68aec11970a09998c5b7d0d37ff846b71\"}]","questions":[{"name":"qea7d3c9e733e75f619dd99100c4b7a64bbc6d0d1","text":"First name","guid":"7d7527893d7f786c9073e6a651a9c26181d9a661","settings":[{"name":"required","value":"true"}]},{"name":"qb37d8c42a1672cf639de5628037dd7f1978760b8","text":"Last name","guid":"7d7527893d7f786c9073e6a651a9c26181d9a661","settings":[{"name":"required","value":"true"}]},{"name":"q0b001bf95b472037aa65b60e002913fa03d07791","text":"Which age bracket are you in?","guid":"Jadu\\XFormsPro\\Bundle\\StandardFormComponentBundle\\Component\\RadioButtons\\RadioButtonsComponent","settings":[{"name":"required","value":"true"},{"name":"answers","value":"[{\"value\":\"18-30\",\"text\":\"18 - 30\",\"data\":\"\",\"internal\":false},{\"value\":\"31-50\",\"text\":\"31 - 50\",\"data\":\"\",\"internal\":false},{\"value\":\"51-60\",\"text\":\"51 - 60\",\"data\":\"\",\"internal\":false},{\"value\":\"61-69\",\"text\":\"61 - 69\",\"data\":\"\",\"internal\":false},{\"value\":\"70_or_over\",\"text\":\"70 or over\",\"data\":\"\",\"internal\":false}]"}]},{"name":"qbf44f12d5c88cf2f28aff6e0d43830bc3520fca3","text":"Email address","guid":"7d7527893d7f786c9073e6a651a9c26181d9a661","settings":[{"name":"validation","value":"4"},{"name":"required","value":"true"}]},{"name":"qce623e71f6266f1f2aeb2cf5d1d2b160c6c2736f","text":"Telephone number","guid":"7d7527893d7f786c9073e6a651a9c26181d9a661","settings":[{"name":"validation","value":"7"},{"name":"required","value":"true"}]},{"name":"q9dc082050fb9cb1475ad1c7d14f6f744af5bb918","text":"Address","guid":"Jadu\\XFormsPro\\Bundle\\StandardFormComponentBundle\\Component\\IntegratedComponent\\IntegratedComponent","settings":[{"name":"required","value":"true"},{"name":"type","value":"5c49c7f90a0e3d59b0a8cf70326808ac4ed67804"}]}],"clauseType":null,"data":null}]}}