{"clauseStructure":[[{"clauseType":"Jadu\\XFormsPro\\Form\\Rules\\Clauses\\QuestionClauseType","data":"{\"question\":\"{\\\"value\\\":\\\"1352-s93e6b50e3f740efb58ab628be36eed938cb75d5d-q792bb35916b3bb0d47fe04187c432dee6b7dfe20\\\",\\\"type\\\":\\\"answer\\\"}\",\"action\":\"equal\",\"answer\":\"someone_in_the_household_is_already_receiving_support_from_childrens_social_care\"}"}],[{"clauseType":"Jadu\\XFormsPro\\Form\\Rules\\Clauses\\QuestionClauseType","data":"{\"question\":\"{\\\"value\\\":\\\"1352-s618c5e694f71c0f50a06fde7403341363013ccb7-q906a1faf064132a32b6dcbf29627f1dae11e16dd\\\",\\\"type\\\":\\\"answer\\\"}\",\"action\":\"was answered\"}"}]],"actions":[{"id":1930,"actionType":"Jadu\\XFormsPro\\Form\\Rules\\Actions\\Email\\EmailActionType","template":1165,"inputs":[]}],"title":"Send email to BCT","runTime":"on-submit","enabled":true}