{"clauseStructure":[[{"clauseType":"Jadu\\XFormsPro\\Form\\Rules\\Clauses\\QuestionClauseType","data":"{\"question\":\"{\\\"value\\\":\\\"1351-main-q4c96a78c2d538913669b7bc5d4423a78f024857f\\\",\\\"type\\\":\\\"answer\\\"}\",\"action\":\"equal\",\"answer\":\"yes\"}"}],[{"clauseType":"Jadu\\XFormsPro\\Form\\Rules\\Clauses\\QuestionClauseType","data":"{\"question\":\"{\\\"value\\\":\\\"1351-s2563142edf76f6aebaf22003704ad9f313e8dde7-qb17384885fc527190937d8006546fc2a4afe333a\\\",\\\"type\\\":\\\"answer\\\"}\",\"action\":\"equal\",\"answer\":\"social_contact\"}"},{"clauseType":"Jadu\\XFormsPro\\Form\\Rules\\Clauses\\QuestionClauseType","data":"{\"question\":\"{\\\"value\\\":\\\"1351-s2563142edf76f6aebaf22003704ad9f313e8dde7-qb17384885fc527190937d8006546fc2a4afe333a\\\",\\\"type\\\":\\\"answer\\\"}\",\"action\":\"equal\",\"answer\":\"other\"}"}]],"actions":[{"id":1935,"actionType":"Jadu\\XFormsPro\\Form\\Rules\\Actions\\Email\\EmailActionType","template":1166,"inputs":[]}],"title":"send email to C19SS for NHS","runTime":"on-submit","enabled":true}