{"clauseStructure":[[{"clauseType":"Jadu\\XFormsPro\\Form\\Rules\\Clauses\\QuestionClauseType","data":"{\"question\":\"{\\\"value\\\":\\\"1356-main-q7e908fe051d64cfb09a63360400aeaf0b609bd40\\\",\\\"type\\\":\\\"answer\\\"}\",\"action\":\"equal\",\"answer\":\"i_no_longer_require_support_and_wish_to_cancel_the_service\"}"}]],"actions":[{"id":1933,"actionType":"Jadu\\XFormsPro\\Form\\Rules\\Actions\\CompletePage\\CompletePageActionType","template":1169,"inputs":[]}],"title":"Service cancelled show completion message","runTime":"on-submit","enabled":true}