{"clauseStructure":[[{"clauseType":"Jadu\\XFormsPro\\Form\\Rules\\Clauses\\QuestionClauseType","data":"{\"question\":\"{\\\"value\\\":\\\"1190-main-qb5c769b4669273bb06e9e18d496652948688440d\\\",\\\"type\\\":\\\"answer\\\"}\",\"action\":\"equal\",\"answer\":\"someone_else\"}"}],[{"clauseType":"Jadu\\XFormsPro\\Form\\Rules\\Clauses\\QuestionClauseType","data":"{\"question\":\"{\\\"value\\\":\\\"1191-main-q870076121ea0b2adcced02c7f82458e12f408f32\\\",\\\"type\\\":\\\"answer\\\"}\",\"action\":\"equal\",\"answer\":\"yes\"}"}]],"actions":[{"id":561,"actionType":"Jadu\\XFormsPro\\Form\\Rules\\Actions\\Email\\EmailActionType","template":482,"inputs":[]},{"id":562,"actionType":"Jadu\\XFormsPro\\Form\\Rules\\Actions\\Email\\EmailActionType","template":481,"inputs":[]}],"title":"Send email - someone else (other person knows)","runTime":"on-submit","enabled":true}