{"import_id":null,"import_version":2,"imported_resource":{"alertEmailTemplate_keys":[],"auto_assign_users":true,"case_limits":{"primary-address":null},"case_type_group_key":null,"default":false,"form_keys":{"case-form::case-type::food-parcel::new-food-parcel":{"identifier":"new-food-parcel","label":"New Food parcel","resource_type":"case-form","scope_key":{"identifier":"food-parcel","label":"Food parcel","resource_type":"case-type","scope_key":null}},"case-form::case-type::food-parcel::edit-food-parcel":{"identifier":"edit-food-parcel","label":"Edit Food parcel","resource_type":"case-form","scope_key":{"identifier":"food-parcel","label":"Food parcel","resource_type":"case-type","scope_key":null}}},"key":{"identifier":"food-parcel","label":"Food parcel","resource_type":"case-type","scope_key":null},"personal_data_redaction":true,"reference_format":"FOO%'06d","rule_keys":{"rule::case-type::food-parcel::31294":{"identifier":"31294","label":"Pass to CoOp","resource_type":"rule","scope_key":{"identifier":"food-parcel","label":"Food parcel","resource_type":"case-type","scope_key":null}},"rule::case-type::food-parcel::31295":{"identifier":"31295","label":"Close case","resource_type":"rule","scope_key":{"identifier":"food-parcel","label":"Food parcel","resource_type":"case-type","scope_key":null}}},"status_keys":{"case-status::case-type::food-parcel::submitted":{"identifier":"submitted","label":"Submitted","resource_type":"case-status","scope_key":{"identifier":"food-parcel","label":"Food parcel","resource_type":"case-type","scope_key":null}},"case-status::case-type::food-parcel::passed-to-coop":{"identifier":"passed-to-coop","label":"Passed to CoOp","resource_type":"case-status","scope_key":{"identifier":"food-parcel","label":"Food parcel","resource_type":"case-type","scope_key":null}},"case-status::case-type::food-parcel::closed":{"identifier":"closed","label":"Closed","resource_type":"case-status","scope_key":{"identifier":"food-parcel","label":"Food parcel","resource_type":"case-type","scope_key":null}}},"transition_keys":{"case-transition::case-type::food-parcel::passed-to-coop":{"identifier":"passed-to-coop","label":"Passed to CoOp","resource_type":"case-transition","scope_key":{"identifier":"food-parcel","label":"Food parcel","resource_type":"case-type","scope_key":null}},"case-transition::case-type::food-parcel::close-case":{"identifier":"close-case","label":"Close case","resource_type":"case-transition","scope_key":{"identifier":"food-parcel","label":"Food parcel","resource_type":"case-type","scope_key":null}}}},"mappings":{"items":[]},"resources":{"items":{"case-status::case-type::food-parcel::submitted":{"key":{"identifier":"submitted","label":"Submitted","resource_type":"case-status","scope_key":{"identifier":"food-parcel","label":"Food parcel","resource_type":"case-type","scope_key":null}},"label_colour":"fdeebf","label_font_colour":"6b5100","type":"initial"},"case-status::case-type::food-parcel::passed-to-coop":{"key":{"identifier":"passed-to-coop","label":"Passed to CoOp","resource_type":"case-status","scope_key":{"identifier":"food-parcel","label":"Food parcel","resource_type":"case-type","scope_key":null}},"label_colour":"a0ddc0","label_font_colour":"015531","type":"normal"},"case-status::case-type::food-parcel::closed":{"key":{"identifier":"closed","label":"Closed","resource_type":"case-status","scope_key":{"identifier":"food-parcel","label":"Food parcel","resource_type":"case-type","scope_key":null}},"label_colour":"7d3cff","label_font_colour":"ffffff","type":"final"},"case-field::first_name":{"allowed_privilege_level_keys":[],"allowed_to_all_privilege_levels":true,"encrypted":true,"redactable":true,"key":{"identifier":"first_name","label":"First Name","resource_type":"case-field","scope_key":null},"position":null,"type":"text"},"case-field::last_name":{"allowed_privilege_level_keys":[],"allowed_to_all_privilege_levels":true,"encrypted":true,"redactable":true,"key":{"identifier":"last_name","label":"Last Name","resource_type":"case-field","scope_key":null},"position":null,"type":"text"},"case-field::delivery_address":{"allowed_privilege_level_keys":[],"allowed_to_all_privilege_levels":true,"encrypted":false,"redactable":false,"key":{"identifier":"delivery_address","label":"Delivery address","resource_type":"case-field","scope_key":null},"position":0,"type":"text"},"case-field::customer_telephone_number":{"allowed_privilege_level_keys":[],"allowed_to_all_privilege_levels":true,"encrypted":false,"redactable":true,"key":{"identifier":"customer_telephone_number","label":"Telephone Number","resource_type":"case-field","scope_key":null},"position":0,"type":"text"},"case-field::email_address":{"allowed_privilege_level_keys":[],"allowed_to_all_privilege_levels":true,"encrypted":false,"redactable":true,"key":{"identifier":"email_address","label":"Email Address","resource_type":"case-field","scope_key":null},"position":0,"type":"email"},"case-field::reported_by":{"allowed_privilege_level_keys":[],"allowed_to_all_privilege_levels":true,"encrypted":true,"redactable":true,"key":{"identifier":"reported_by","label":"Reported by","resource_type":"case-field","scope_key":null},"position":null,"type":"text"},"case-field::contact_telephone_number_for_reporter":{"allowed_privilege_level_keys":[],"allowed_to_all_privilege_levels":true,"encrypted":true,"redactable":true,"key":{"identifier":"contact_telephone_number_for_reporter","label":"Contact telephone number for reporter","resource_type":"case-field","scope_key":null},"position":null,"type":"text"},"choice::case-field::what_is_your_relationship_to_the_person_you_are_making_the_referral_for::relative":{"disabled":false,"key":{"identifier":"relative","label":"Relative","resource_type":"choice","scope_key":{"identifier":"what_is_your_relationship_to_the_person_you_are_making_the_referral_for","label":"What is your relationship to the person you are making the referral for?","resource_type":"case-field","scope_key":null}},"value":"relative"},"choice::case-field::what_is_your_relationship_to_the_person_you_are_making_the_referral_for::friend":{"disabled":false,"key":{"identifier":"friend","label":"Friend","resource_type":"choice","scope_key":{"identifier":"what_is_your_relationship_to_the_person_you_are_making_the_referral_for","label":"What is your relationship to the person you are making the referral for?","resource_type":"case-field","scope_key":null}},"value":"friend"},"choice::case-field::what_is_your_relationship_to_the_person_you_are_making_the_referral_for::carer":{"disabled":false,"key":{"identifier":"carer","label":"Carer","resource_type":"choice","scope_key":{"identifier":"what_is_your_relationship_to_the_person_you_are_making_the_referral_for","label":"What is your relationship to the person you are making the referral for?","resource_type":"case-field","scope_key":null}},"value":"carer"},"choice::case-field::what_is_your_relationship_to_the_person_you_are_making_the_referral_for::neighbour":{"disabled":false,"key":{"identifier":"neighbour","label":"Neighbour","resource_type":"choice","scope_key":{"identifier":"what_is_your_relationship_to_the_person_you_are_making_the_referral_for","label":"What is your relationship to the person you are making the referral for?","resource_type":"case-field","scope_key":null}},"value":"neighbour"},"choice::case-field::what_is_your_relationship_to_the_person_you_are_making_the_referral_for::nhs-staff":{"disabled":false,"key":{"identifier":"nhs-staff","label":"NHS staff","resource_type":"choice","scope_key":{"identifier":"what_is_your_relationship_to_the_person_you_are_making_the_referral_for","label":"What is your relationship to the person you are making the referral for?","resource_type":"case-field","scope_key":null}},"value":"nhs_staff"},"choice::case-field::what_is_your_relationship_to_the_person_you_are_making_the_referral_for::community-voluntary-organisation-member":{"disabled":false,"key":{"identifier":"community-voluntary-organisation-member","label":"Community\/Voluntary organisation member","resource_type":"choice","scope_key":{"identifier":"what_is_your_relationship_to_the_person_you_are_making_the_referral_for","label":"What is your relationship to the person you are making the referral for?","resource_type":"case-field","scope_key":null}},"value":"communityvoluntary_organisation_member"},"choice::case-field::what_is_your_relationship_to_the_person_you_are_making_the_referral_for::other":{"disabled":false,"key":{"identifier":"other","label":"Other","resource_type":"choice","scope_key":{"identifier":"what_is_your_relationship_to_the_person_you_are_making_the_referral_for","label":"What is your relationship to the person you are making the referral for?","resource_type":"case-field","scope_key":null}},"value":"other"},"case-field::what_is_your_relationship_to_the_person_you_are_making_the_referral_for":{"allowed_privilege_level_keys":[],"allowed_to_all_privilege_levels":true,"encrypted":false,"redactable":false,"key":{"identifier":"what_is_your_relationship_to_the_person_you_are_making_the_referral_for","label":"What is your relationship to the person you are making the referral for?","resource_type":"case-field","scope_key":null},"position":0,"choice_keys":[],"default_choice_keys":[],"expanded":true,"exported_choices":{"choice::case-field::what_is_your_relationship_to_the_person_you_are_making_the_referral_for::relative":{"disabled":false,"key":{"identifier":"relative","label":"Relative","resource_type":"choice","scope_key":{"identifier":"what_is_your_relationship_to_the_person_you_are_making_the_referral_for","label":"What is your relationship to the person you are making the referral for?","resource_type":"case-field","scope_key":null}},"value":"relative"},"choice::case-field::what_is_your_relationship_to_the_person_you_are_making_the_referral_for::friend":{"disabled":false,"key":{"identifier":"friend","label":"Friend","resource_type":"choice","scope_key":{"identifier":"what_is_your_relationship_to_the_person_you_are_making_the_referral_for","label":"What is your relationship to the person you are making the referral for?","resource_type":"case-field","scope_key":null}},"value":"friend"},"choice::case-field::what_is_your_relationship_to_the_person_you_are_making_the_referral_for::carer":{"disabled":false,"key":{"identifier":"carer","label":"Carer","resource_type":"choice","scope_key":{"identifier":"what_is_your_relationship_to_the_person_you_are_making_the_referral_for","label":"What is your relationship to the person you are making the referral for?","resource_type":"case-field","scope_key":null}},"value":"carer"},"choice::case-field::what_is_your_relationship_to_the_person_you_are_making_the_referral_for::neighbour":{"disabled":false,"key":{"identifier":"neighbour","label":"Neighbour","resource_type":"choice","scope_key":{"identifier":"what_is_your_relationship_to_the_person_you_are_making_the_referral_for","label":"What is your relationship to the person you are making the referral for?","resource_type":"case-field","scope_key":null}},"value":"neighbour"},"choice::case-field::what_is_your_relationship_to_the_person_you_are_making_the_referral_for::nhs-staff":{"disabled":false,"key":{"identifier":"nhs-staff","label":"NHS staff","resource_type":"choice","scope_key":{"identifier":"what_is_your_relationship_to_the_person_you_are_making_the_referral_for","label":"What is your relationship to the person you are making the referral for?","resource_type":"case-field","scope_key":null}},"value":"nhs_staff"},"choice::case-field::what_is_your_relationship_to_the_person_you_are_making_the_referral_for::community-voluntary-organisation-member":{"disabled":false,"key":{"identifier":"community-voluntary-organisation-member","label":"Community\/Voluntary organisation member","resource_type":"choice","scope_key":{"identifier":"what_is_your_relationship_to_the_person_you_are_making_the_referral_for","label":"What is your relationship to the person you are making the referral for?","resource_type":"case-field","scope_key":null}},"value":"communityvoluntary_organisation_member"},"choice::case-field::what_is_your_relationship_to_the_person_you_are_making_the_referral_for::other":{"disabled":false,"key":{"identifier":"other","label":"Other","resource_type":"choice","scope_key":{"identifier":"what_is_your_relationship_to_the_person_you_are_making_the_referral_for","label":"What is your relationship to the person you are making the referral for?","resource_type":"case-field","scope_key":null}},"value":"other"}},"exported_default_choices":[],"multiple":false,"type":"choice"},"case-field::payment_code_word":{"allowed_privilege_level_keys":[],"allowed_to_all_privilege_levels":true,"encrypted":true,"redactable":true,"key":{"identifier":"payment_code_word","label":"Payment code word","resource_type":"case-field","scope_key":null},"position":null,"type":"text"},"case-field::i_need_shopping":{"allowed_privilege_level_keys":[],"allowed_to_all_privilege_levels":true,"encrypted":false,"redactable":false,"key":{"identifier":"i_need_shopping","label":"I need shopping","resource_type":"case-field","scope_key":null},"position":null,"type":"text"},"case-field::bread":{"allowed_privilege_level_keys":[],"allowed_to_all_privilege_levels":true,"encrypted":false,"redactable":false,"key":{"identifier":"bread","label":"Bread","resource_type":"case-field","scope_key":null},"position":null,"type":"textarea"},"case-field::breakfast_items":{"allowed_privilege_level_keys":[],"allowed_to_all_privilege_levels":true,"encrypted":false,"redactable":false,"key":{"identifier":"breakfast_items","label":"Breakfast items","resource_type":"case-field","scope_key":null},"position":null,"type":"textarea"},"case-field::dry_savory":{"allowed_privilege_level_keys":[],"allowed_to_all_privilege_levels":true,"encrypted":false,"redactable":false,"key":{"identifier":"dry_savory","label":"Dry savory","resource_type":"case-field","scope_key":null},"position":null,"type":"textarea"},"case-field::fresh_milk_and_juice":{"allowed_privilege_level_keys":[],"allowed_to_all_privilege_levels":true,"encrypted":false,"redactable":false,"key":{"identifier":"fresh_milk_and_juice","label":"Fresh milk and juice","resource_type":"case-field","scope_key":null},"position":null,"type":"textarea"},"case-field::household":{"allowed_privilege_level_keys":[],"allowed_to_all_privilege_levels":true,"encrypted":false,"redactable":false,"key":{"identifier":"household","label":"Household","resource_type":"case-field","scope_key":null},"position":null,"type":"textarea"},"case-field::meat_fresh_and_cooked":{"allowed_privilege_level_keys":[],"allowed_to_all_privilege_levels":true,"encrypted":false,"redactable":false,"key":{"identifier":"meat_fresh_and_cooked","label":"Meat (fresh and cooked)","resource_type":"case-field","scope_key":null},"position":null,"type":"textarea"},"case-field::tea_coffee_biscuits":{"allowed_privilege_level_keys":[],"allowed_to_all_privilege_levels":true,"encrypted":false,"redactable":false,"key":{"identifier":"tea_coffee_biscuits","label":"Tea, coffee, biscuits","resource_type":"case-field","scope_key":null},"position":null,"type":"textarea"},"case-field::tinned_savory":{"allowed_privilege_level_keys":[],"allowed_to_all_privilege_levels":true,"encrypted":false,"redactable":false,"key":{"identifier":"tinned_savory","label":"Tinned savory","resource_type":"case-field","scope_key":null},"position":null,"type":"textarea"},"case-field::safe_delivery_point":{"allowed_privilege_level_keys":[],"allowed_to_all_privilege_levels":true,"encrypted":true,"redactable":true,"key":{"identifier":"safe_delivery_point","label":"Safe delivery point","resource_type":"case-field","scope_key":null},"position":null,"type":"textarea"},"case-field::any_special_instructions":{"allowed_privilege_level_keys":[],"allowed_to_all_privilege_levels":true,"encrypted":true,"redactable":true,"key":{"identifier":"any_special_instructions","label":"Any special instructions","resource_type":"case-field","scope_key":null},"position":null,"type":"textarea"},"case-form::case-type::food-parcel::new-food-parcel":{"external_redirects":[],"fields":[{"key":{"identifier":"first-name","label":"First Name","resource_type":"case-form-field","scope_key":{"identifier":"new-food-parcel","label":"New Food parcel","resource_type":"case-form","scope_key":{"identifier":"food-parcel","label":"Food parcel","resource_type":"case-type","scope_key":null}}},"position":0,"requirement":{"key":{"identifier":"280119","label":"Expression 280119","resource_type":"expression","scope_key":null},"type":"false_expression"},"visibility":null,"field_key":{"identifier":"first_name","label":"First Name","resource_type":"case-field","scope_key":null},"type":"case_field"},{"key":{"identifier":"last-name","label":"Last Name","resource_type":"case-form-field","scope_key":{"identifier":"new-food-parcel","label":"New Food parcel","resource_type":"case-form","scope_key":{"identifier":"food-parcel","label":"Food parcel","resource_type":"case-type","scope_key":null}}},"position":1,"requirement":{"key":{"identifier":"280120","label":"Expression 280120","resource_type":"expression","scope_key":null},"type":"false_expression"},"visibility":null,"field_key":{"identifier":"last_name","label":"Last Name","resource_type":"case-field","scope_key":null},"type":"case_field"},{"key":{"identifier":"delivery-address","label":"Delivery address","resource_type":"case-form-field","scope_key":{"identifier":"new-food-parcel","label":"New Food parcel","resource_type":"case-form","scope_key":{"identifier":"food-parcel","label":"Food parcel","resource_type":"case-type","scope_key":null}}},"position":2,"requirement":{"key":{"identifier":"280117","label":"Expression 280117","resource_type":"expression","scope_key":null},"type":"false_expression"},"visibility":null,"field_key":{"identifier":"delivery_address","label":"Delivery address","resource_type":"case-field","scope_key":null},"type":"case_field"},{"key":{"identifier":"telephone-number","label":"Telephone Number","resource_type":"case-form-field","scope_key":{"identifier":"new-food-parcel","label":"New Food parcel","resource_type":"case-form","scope_key":{"identifier":"food-parcel","label":"Food parcel","resource_type":"case-type","scope_key":null}}},"position":3,"requirement":{"key":{"identifier":"280121","label":"Expression 280121","resource_type":"expression","scope_key":null},"type":"false_expression"},"visibility":null,"field_key":{"identifier":"customer_telephone_number","label":"Telephone Number","resource_type":"case-field","scope_key":null},"type":"case_field"},{"key":{"identifier":"email-address","label":"Email Address","resource_type":"case-form-field","scope_key":{"identifier":"new-food-parcel","label":"New Food parcel","resource_type":"case-form","scope_key":{"identifier":"food-parcel","label":"Food parcel","resource_type":"case-type","scope_key":null}}},"position":4,"requirement":{"key":{"identifier":"280118","label":"Expression 280118","resource_type":"expression","scope_key":null},"type":"false_expression"},"visibility":null,"field_key":{"identifier":"email_address","label":"Email Address","resource_type":"case-field","scope_key":null},"type":"case_field"},{"key":{"identifier":"reported-by","label":"Reported by","resource_type":"case-form-field","scope_key":{"identifier":"new-food-parcel","label":"New Food parcel","resource_type":"case-form","scope_key":{"identifier":"food-parcel","label":"Food parcel","resource_type":"case-type","scope_key":null}}},"position":5,"requirement":{"key":{"identifier":"280167","label":"Expression 280167","resource_type":"expression","scope_key":null},"type":"false_expression"},"visibility":null,"field_key":{"identifier":"reported_by","label":"Reported by","resource_type":"case-field","scope_key":null},"type":"case_field"},{"key":{"identifier":"contact-telephone-number-for-reporter","label":"Contact telephone number for reporter","resource_type":"case-form-field","scope_key":{"identifier":"new-food-parcel","label":"New Food parcel","resource_type":"case-form","scope_key":{"identifier":"food-parcel","label":"Food parcel","resource_type":"case-type","scope_key":null}}},"position":6,"requirement":{"key":{"identifier":"280155","label":"Expression 280155","resource_type":"expression","scope_key":null},"type":"false_expression"},"visibility":null,"field_key":{"identifier":"contact_telephone_number_for_reporter","label":"Contact telephone number for reporter","resource_type":"case-field","scope_key":null},"type":"case_field"},{"key":{"identifier":"what-is-your-relationship-to-the-person-you-are-making-the-referral-for","label":"What is your relationship to the person you are making the referral for?","resource_type":"case-form-field","scope_key":{"identifier":"new-food-parcel","label":"New Food parcel","resource_type":"case-form","scope_key":{"identifier":"food-parcel","label":"Food parcel","resource_type":"case-type","scope_key":null}}},"position":7,"requirement":{"key":{"identifier":"280171","label":"Expression 280171","resource_type":"expression","scope_key":null},"type":"false_expression"},"visibility":null,"field_key":{"identifier":"what_is_your_relationship_to_the_person_you_are_making_the_referral_for","label":"What is your relationship to the person you are making the referral for?","resource_type":"case-field","scope_key":null},"type":"case_field"},{"key":{"identifier":"payment-code-word","label":"Payment code word","resource_type":"case-form-field","scope_key":{"identifier":"new-food-parcel","label":"New Food parcel","resource_type":"case-form","scope_key":{"identifier":"food-parcel","label":"Food parcel","resource_type":"case-type","scope_key":null}}},"position":8,"requirement":{"key":{"identifier":"280164","label":"Expression 280164","resource_type":"expression","scope_key":null},"type":"false_expression"},"visibility":null,"field_key":{"identifier":"payment_code_word","label":"Payment code word","resource_type":"case-field","scope_key":null},"type":"case_field"},{"key":{"identifier":"i-need-shopping","label":"I need shopping","resource_type":"case-form-field","scope_key":{"identifier":"new-food-parcel","label":"New Food parcel","resource_type":"case-form","scope_key":{"identifier":"food-parcel","label":"Food parcel","resource_type":"case-type","scope_key":null}}},"position":9,"requirement":{"key":{"identifier":"280162","label":"Expression 280162","resource_type":"expression","scope_key":null},"type":"false_expression"},"visibility":null,"field_key":{"identifier":"i_need_shopping","label":"I need shopping","resource_type":"case-field","scope_key":null},"type":"case_field"},{"key":{"identifier":"bread","label":"Bread","resource_type":"case-form-field","scope_key":{"identifier":"new-food-parcel","label":"New Food parcel","resource_type":"case-form","scope_key":{"identifier":"food-parcel","label":"Food parcel","resource_type":"case-type","scope_key":null}}},"position":10,"requirement":{"key":{"identifier":"280151","label":"Expression 280151","resource_type":"expression","scope_key":null},"type":"false_expression"},"visibility":null,"field_key":{"identifier":"bread","label":"Bread","resource_type":"case-field","scope_key":null},"type":"case_field"},{"key":{"identifier":"breakfast-items","label":"Breakfast items","resource_type":"case-form-field","scope_key":{"identifier":"new-food-parcel","label":"New Food parcel","resource_type":"case-form","scope_key":{"identifier":"food-parcel","label":"Food parcel","resource_type":"case-type","scope_key":null}}},"position":11,"requirement":{"key":{"identifier":"280152","label":"Expression 280152","resource_type":"expression","scope_key":null},"type":"false_expression"},"visibility":null,"field_key":{"identifier":"breakfast_items","label":"Breakfast items","resource_type":"case-field","scope_key":null},"type":"case_field"},{"key":{"identifier":"dry-savory","label":"Dry savory","resource_type":"case-form-field","scope_key":{"identifier":"new-food-parcel","label":"New Food parcel","resource_type":"case-form","scope_key":{"identifier":"food-parcel","label":"Food parcel","resource_type":"case-type","scope_key":null}}},"position":12,"requirement":{"key":{"identifier":"280157","label":"Expression 280157","resource_type":"expression","scope_key":null},"type":"false_expression"},"visibility":null,"field_key":{"identifier":"dry_savory","label":"Dry savory","resource_type":"case-field","scope_key":null},"type":"case_field"},{"key":{"identifier":"fresh-milk-and-juice","label":"Fresh milk and juice","resource_type":"case-form-field","scope_key":{"identifier":"new-food-parcel","label":"New Food parcel","resource_type":"case-form","scope_key":{"identifier":"food-parcel","label":"Food parcel","resource_type":"case-type","scope_key":null}}},"position":13,"requirement":{"key":{"identifier":"280160","label":"Expression 280160","resource_type":"expression","scope_key":null},"type":"false_expression"},"visibility":null,"field_key":{"identifier":"fresh_milk_and_juice","label":"Fresh milk and juice","resource_type":"case-field","scope_key":null},"type":"case_field"},{"key":{"identifier":"household","label":"Household","resource_type":"case-form-field","scope_key":{"identifier":"new-food-parcel","label":"New Food parcel","resource_type":"case-form","scope_key":{"identifier":"food-parcel","label":"Food parcel","resource_type":"case-type","scope_key":null}}},"position":14,"requirement":{"key":{"identifier":"280161","label":"Expression 280161","resource_type":"expression","scope_key":null},"type":"false_expression"},"visibility":null,"field_key":{"identifier":"household","label":"Household","resource_type":"case-field","scope_key":null},"type":"case_field"},{"key":{"identifier":"meat-fresh-and-cooked","label":"Meat (fresh and cooked)","resource_type":"case-form-field","scope_key":{"identifier":"new-food-parcel","label":"New Food parcel","resource_type":"case-form","scope_key":{"identifier":"food-parcel","label":"Food parcel","resource_type":"case-type","scope_key":null}}},"position":15,"requirement":{"key":{"identifier":"280163","label":"Expression 280163","resource_type":"expression","scope_key":null},"type":"false_expression"},"visibility":null,"field_key":{"identifier":"meat_fresh_and_cooked","label":"Meat (fresh and cooked)","resource_type":"case-field","scope_key":null},"type":"case_field"},{"key":{"identifier":"tea-coffee-biscuits","label":"Tea, coffee, biscuits","resource_type":"case-form-field","scope_key":{"identifier":"new-food-parcel","label":"New Food parcel","resource_type":"case-form","scope_key":{"identifier":"food-parcel","label":"Food parcel","resource_type":"case-type","scope_key":null}}},"position":16,"requirement":{"key":{"identifier":"280169","label":"Expression 280169","resource_type":"expression","scope_key":null},"type":"false_expression"},"visibility":null,"field_key":{"identifier":"tea_coffee_biscuits","label":"Tea, coffee, biscuits","resource_type":"case-field","scope_key":null},"type":"case_field"},{"key":{"identifier":"tinned-savory","label":"Tinned savory","resource_type":"case-form-field","scope_key":{"identifier":"new-food-parcel","label":"New Food parcel","resource_type":"case-form","scope_key":{"identifier":"food-parcel","label":"Food parcel","resource_type":"case-type","scope_key":null}}},"position":17,"requirement":{"key":{"identifier":"280170","label":"Expression 280170","resource_type":"expression","scope_key":null},"type":"false_expression"},"visibility":null,"field_key":{"identifier":"tinned_savory","label":"Tinned savory","resource_type":"case-field","scope_key":null},"type":"case_field"},{"key":{"identifier":"safe-delivery-point","label":"Safe delivery point","resource_type":"case-form-field","scope_key":{"identifier":"new-food-parcel","label":"New Food parcel","resource_type":"case-form","scope_key":{"identifier":"food-parcel","label":"Food parcel","resource_type":"case-type","scope_key":null}}},"position":18,"requirement":{"key":{"identifier":"280168","label":"Expression 280168","resource_type":"expression","scope_key":null},"type":"false_expression"},"visibility":null,"field_key":{"identifier":"safe_delivery_point","label":"Safe delivery point","resource_type":"case-field","scope_key":null},"type":"case_field"},{"key":{"identifier":"any-special-instructions","label":"Any special instructions","resource_type":"case-form-field","scope_key":{"identifier":"new-food-parcel","label":"New Food parcel","resource_type":"case-form","scope_key":{"identifier":"food-parcel","label":"Food parcel","resource_type":"case-type","scope_key":null}}},"position":19,"requirement":{"key":{"identifier":"280150","label":"Expression 280150","resource_type":"expression","scope_key":null},"type":"false_expression"},"visibility":null,"field_key":{"identifier":"any_special_instructions","label":"Any special instructions","resource_type":"case-field","scope_key":null},"type":"case_field"}],"key":{"identifier":"new-food-parcel","label":"New Food parcel","resource_type":"case-form","scope_key":{"identifier":"food-parcel","label":"Food parcel","resource_type":"case-type","scope_key":null}},"type":"create"},"case-form::case-type::food-parcel::edit-food-parcel":{"external_redirects":[],"fields":[],"key":{"identifier":"edit-food-parcel","label":"Edit Food parcel","resource_type":"case-form","scope_key":{"identifier":"food-parcel","label":"Food parcel","resource_type":"case-type","scope_key":null}},"type":"edit"},"privilege-level::advisor":{"key":{"identifier":"advisor","label":"Advisor","resource_type":"privilege-level","scope_key":null}},"privilege-level::staff-free-user":{"key":{"identifier":"staff-free-user","label":"Staff","resource_type":"privilege-level","scope_key":null}},"privilege-level::third-party":{"key":{"identifier":"third-party","label":"Third Party","resource_type":"privilege-level","scope_key":null}},"privilege-level::administrator-2":{"key":{"identifier":"administrator-2","label":"Administrator","resource_type":"privilege-level","scope_key":null}},"case-transition::case-type::food-parcel::passed-to-coop":{"allowed_privilege_level_keys":{"privilege-level::advisor":{"identifier":"advisor","label":"Advisor","resource_type":"privilege-level","scope_key":null},"privilege-level::staff-free-user":{"identifier":"staff-free-user","label":"Staff","resource_type":"privilege-level","scope_key":null},"privilege-level::third-party":{"identifier":"third-party","label":"Third Party","resource_type":"privilege-level","scope_key":null},"privilege-level::administrator-2":{"identifier":"administrator-2","label":"Administrator","resource_type":"privilege-level","scope_key":null}},"call_to_action":true,"call_to_action_style":"success","case_form_key":null,"from_status_keys":{"case-status::case-type::food-parcel::submitted":{"identifier":"submitted","label":"Submitted","resource_type":"case-status","scope_key":{"identifier":"food-parcel","label":"Food parcel","resource_type":"case-type","scope_key":null}}},"key":{"identifier":"passed-to-coop","label":"Passed to CoOp","resource_type":"case-transition","scope_key":{"identifier":"food-parcel","label":"Food parcel","resource_type":"case-type","scope_key":null}},"to_status_key":{"identifier":"passed-to-coop","label":"Passed to CoOp","resource_type":"case-status","scope_key":{"identifier":"food-parcel","label":"Food parcel","resource_type":"case-type","scope_key":null}}},"privilege-level::system-administrator":{"key":{"identifier":"system-administrator","label":"System Administrator","resource_type":"privilege-level","scope_key":null}},"case-transition::case-type::food-parcel::close-case":{"allowed_privilege_level_keys":{"privilege-level::advisor":{"identifier":"advisor","label":"Advisor","resource_type":"privilege-level","scope_key":null},"privilege-level::staff-free-user":{"identifier":"staff-free-user","label":"Staff","resource_type":"privilege-level","scope_key":null},"privilege-level::system-administrator":{"identifier":"system-administrator","label":"System Administrator","resource_type":"privilege-level","scope_key":null},"privilege-level::administrator-2":{"identifier":"administrator-2","label":"Administrator","resource_type":"privilege-level","scope_key":null}},"call_to_action":false,"call_to_action_style":"default","case_form_key":null,"from_status_keys":{"case-status::case-type::food-parcel::submitted":{"identifier":"submitted","label":"Submitted","resource_type":"case-status","scope_key":{"identifier":"food-parcel","label":"Food parcel","resource_type":"case-type","scope_key":null}},"case-status::case-type::food-parcel::passed-to-coop":{"identifier":"passed-to-coop","label":"Passed to CoOp","resource_type":"case-status","scope_key":{"identifier":"food-parcel","label":"Food parcel","resource_type":"case-type","scope_key":null}}},"key":{"identifier":"close-case","label":"Close case","resource_type":"case-transition","scope_key":{"identifier":"food-parcel","label":"Food parcel","resource_type":"case-type","scope_key":null}},"to_status_key":{"identifier":"closed","label":"Closed","resource_type":"case-status","scope_key":{"identifier":"food-parcel","label":"Food parcel","resource_type":"case-type","scope_key":null}}},"rule::case-type::food-parcel::31294":{"actions":[{"key":{"identifier":"110518","label":"Action 110518","resource_type":"action","scope_key":null},"position":1,"transition_key":{"identifier":"passed-to-coop","label":"Passed to CoOp","resource_type":"case-transition","scope_key":{"identifier":"food-parcel","label":"Food parcel","resource_type":"case-type","scope_key":null}},"type":"transition"}],"condition":null,"enabled":true,"key":{"identifier":"31294","label":"Pass to CoOp","resource_type":"rule","scope_key":{"identifier":"food-parcel","label":"Food parcel","resource_type":"case-type","scope_key":null}},"triggers":[{"key":{"identifier":"80766","label":"Trigger 80766","resource_type":"trigger","scope_key":null},"minutes":1440,"status_key":{"identifier":"submitted","label":"Submitted","resource_type":"case-status","scope_key":{"identifier":"food-parcel","label":"Food parcel","resource_type":"case-type","scope_key":null}},"type":"time_in_status"}]},"rule::case-type::food-parcel::31295":{"actions":[{"key":{"identifier":"110519","label":"Action 110519","resource_type":"action","scope_key":null},"position":1,"transition_key":{"identifier":"close-case","label":"Close case","resource_type":"case-transition","scope_key":{"identifier":"food-parcel","label":"Food parcel","resource_type":"case-type","scope_key":null}},"type":"transition"}],"condition":null,"enabled":true,"key":{"identifier":"31295","label":"Close case","resource_type":"rule","scope_key":{"identifier":"food-parcel","label":"Food parcel","resource_type":"case-type","scope_key":null}},"triggers":[{"key":{"identifier":"80767","label":"Trigger 80767","resource_type":"trigger","scope_key":null},"minutes":2880,"status_key":{"identifier":"submitted","label":"Submitted","resource_type":"case-status","scope_key":{"identifier":"food-parcel","label":"Food parcel","resource_type":"case-type","scope_key":null}},"type":"time_in_status"},{"key":{"identifier":"80768","label":"Trigger 80768","resource_type":"trigger","scope_key":null},"minutes":1440,"status_key":{"identifier":"passed-to-coop","label":"Passed to CoOp","resource_type":"case-status","scope_key":{"identifier":"food-parcel","label":"Food parcel","resource_type":"case-type","scope_key":null}},"type":"time_in_status"}]}}}}