{"id":916,"isFormSpecific":true,"version":{"metadata":{"id":2628,"title":"What is the problem?","instructions":""},"sections":[{"name":"main","title":"main","showTitle":false,"hideInitially":false,"triggerQuestionName":null,"triggerQuestionSecondaryField":null,"triggerQuestionSection":null,"triggerOperator":null,"triggerAnswerValue":null,"isRepeatableQuestion":false,"repeatableQuestionSettings":[],"structure":"[{\"type\":\"question\",\"name\":\"q9dd573d4102da842df2b2c434ff009e0cdb1ba9b\"}]","questions":[{"name":"q9dd573d4102da842df2b2c434ff009e0cdb1ba9b","text":"1. Select the problem from the list below?","guid":"35af7c223e8fbb8346e66f3402cd1509c3b7fa71","number":1,"settings":[{"name":"required","value":"true"},{"name":"answers","value":"[{\"value\":\"branches_overhanging_property_boundary\",\"text\":\"Branches overhanging property boundary\",\"data\":\"\",\"internal\":false},{\"value\":\"damaged_or_dead_branches\",\"text\":\"Damaged or dead branches\",\"data\":\"\",\"internal\":false},{\"value\":\"dead_dying_or_diseased_tree\",\"text\":\"Dead, dying or diseased tree\",\"data\":\"\",\"internal\":false},{\"value\":\"fallen_leaves\",\"text\":\"Fallen leaves\",\"data\":\"\",\"internal\":false},{\"value\":\"fallen_trees_or_branches\",\"text\":\"Fallen trees or branches\",\"data\":\"\",\"internal\":false},{\"value\":\"low_branches\",\"text\":\"Low branches\",\"data\":\"\",\"internal\":false},{\"value\":\"tree_is_leaning_and_appears_unsafe\",\"text\":\"Tree is leaning and appears unsafe\",\"data\":\"\",\"internal\":false},{\"value\":\"tree_roots_lifting_paths_or_surfaces\",\"text\":\"Tree roots lifting paths or surfaces\",\"data\":\"\",\"internal\":false},{\"value\":\"tree_within_2_metres_of_a_building\",\"text\":\"Tree within 2 metres of a building\",\"data\":\"\",\"internal\":false}]"}]}],"clauseType":null,"data":null}]}}