{"id":917,"isFormSpecific":true,"version":{"metadata":{"id":2630,"title":"Where is the problem?","instructions":""},"sections":[{"name":"main","title":"main","showTitle":false,"hideInitially":false,"triggerQuestionName":null,"triggerQuestionSecondaryField":null,"triggerQuestionSection":null,"triggerOperator":null,"triggerAnswerValue":null,"isRepeatableQuestion":false,"repeatableQuestionSettings":[],"structure":"[{\"type\":\"question\",\"name\":\"q94f5e213fb81ca99614cec18bdc47d6d688a11cf\"},{\"type\":\"question\",\"name\":\"qb9c759973cc9123d22ebc5aace7f3603b1452585\"}]","questions":[{"name":"qb9c759973cc9123d22ebc5aace7f3603b1452585","text":"2. Describe the problem and give any relevant information?","guid":"39c1d58d95f4fbb636ae61c4dccd9992ce707c24","number":1,"settings":[{"name":"required","value":"true"},{"name":"rows","value":"4"},{"name":"cols","value":"40"}]},{"name":"q94f5e213fb81ca99614cec18bdc47d6d688a11cf","text":"1. Where is the exact location of the problem (eg street name, nearest house number, landmarks)?","guid":"39c1d58d95f4fbb636ae61c4dccd9992ce707c24","number":1,"settings":[{"name":"required","value":"true"},{"name":"rows","value":"4"},{"name":"cols","value":"40"}]}],"clauseType":null,"data":null}]}}