{"clauseStructure":[],"actions":[{"id":619,"actionType":"Jadu\\XFormsPro\\Form\\Rules\\Actions\\CXM\\CreateCaseActionType","template":375,"inputs":[]},{"id":620,"actionType":"Jadu\\XFormsPro\\Form\\Rules\\Actions\\CompletePage\\CompletePageActionType","template":371,"inputs":[]},{"id":621,"actionType":"Jadu\\XFormsPro\\Form\\Rules\\Actions\\Email\\EmailActionType","template":372,"inputs":[]},{"id":622,"actionType":"Jadu\\XFormsPro\\Form\\Rules\\Actions\\Email\\EmailActionType","template":373,"inputs":[]}],"title":"Create Case, show details and send confirmation email, create new Case","runTime":"on-submit","enabled":true}