[{"pageID":"Start","questionName":null,"sectionName":null,"questionPageID":null,"questionSecondaryField":null,"logicID":null,"ruleNumber":1,"conditionNumber":1,"conditionOptionID":null,"conditionOperator":null,"conditionLiteralValue":null,"conditionLiteralValueTwo":null,"goToPageID":"371","clauseType":null,"data":null},{"pageID":"371","questionName":null,"sectionName":null,"questionPageID":null,"questionSecondaryField":null,"logicID":null,"ruleNumber":1,"conditionNumber":1,"conditionOptionID":null,"conditionOperator":null,"conditionLiteralValue":null,"conditionLiteralValueTwo":null,"goToPageID":"372","clauseType":null,"data":null},{"pageID":"372","questionName":null,"sectionName":null,"questionPageID":null,"questionSecondaryField":null,"logicID":null,"ruleNumber":1,"conditionNumber":1,"conditionOptionID":null,"conditionOperator":null,"conditionLiteralValue":null,"conditionLiteralValueTwo":null,"goToPageID":"Confirmation","clauseType":null,"data":null},{"pageID":"373","questionName":null,"sectionName":null,"questionPageID":null,"questionSecondaryField":null,"logicID":null,"ruleNumber":1,"conditionNumber":1,"conditionOptionID":null,"conditionOperator":null,"conditionLiteralValue":null,"conditionLiteralValueTwo":null,"goToPageID":"Confirmation","clauseType":null,"data":null},{"pageID":"372","questionName":"q55f0bbcc83f9365d41b66c21597ba1d894b8e8c6","sectionName":"main","questionPageID":"372","questionSecondaryField":null,"logicID":null,"ruleNumber":2,"conditionNumber":1,"conditionOptionID":null,"conditionOperator":"equal","conditionLiteralValue":"no","conditionLiteralValueTwo":null,"goToPageID":"373","clauseType":null,"data":null},{"pageID":"400","questionName":null,"sectionName":null,"questionPageID":null,"questionSecondaryField":null,"logicID":null,"ruleNumber":1,"conditionNumber":1,"conditionOptionID":null,"conditionOperator":null,"conditionLiteralValue":null,"conditionLiteralValueTwo":null,"goToPageID":"372","clauseType":null,"data":null},{"pageID":"401","questionName":null,"sectionName":null,"questionPageID":null,"questionSecondaryField":null,"logicID":null,"ruleNumber":1,"conditionNumber":1,"conditionOptionID":null,"conditionOperator":null,"conditionLiteralValue":null,"conditionLiteralValueTwo":null,"goToPageID":"372","clauseType":null,"data":null},{"pageID":"402","questionName":null,"sectionName":null,"questionPageID":null,"questionSecondaryField":null,"logicID":null,"ruleNumber":1,"conditionNumber":1,"conditionOptionID":null,"conditionOperator":null,"conditionLiteralValue":null,"conditionLiteralValueTwo":null,"goToPageID":"372","clauseType":null,"data":null},{"pageID":"403","questionName":null,"sectionName":null,"questionPageID":null,"questionSecondaryField":null,"logicID":null,"ruleNumber":1,"conditionNumber":1,"conditionOptionID":null,"conditionOperator":null,"conditionLiteralValue":null,"conditionLiteralValueTwo":null,"goToPageID":"372","clauseType":null,"data":null},{"pageID":"404","questionName":null,"sectionName":null,"questionPageID":null,"questionSecondaryField":null,"logicID":null,"ruleNumber":1,"conditionNumber":1,"conditionOptionID":null,"conditionOperator":null,"conditionLiteralValue":null,"conditionLiteralValueTwo":null,"goToPageID":"372","clauseType":null,"data":null},{"pageID":"405","questionName":null,"sectionName":null,"questionPageID":null,"questionSecondaryField":null,"logicID":null,"ruleNumber":1,"conditionNumber":1,"conditionOptionID":null,"conditionOperator":null,"conditionLiteralValue":null,"conditionLiteralValueTwo":null,"goToPageID":"372","clauseType":null,"data":null},{"pageID":"406","questionName":null,"sectionName":null,"questionPageID":null,"questionSecondaryField":null,"logicID":null,"ruleNumber":1,"conditionNumber":1,"conditionOptionID":null,"conditionOperator":null,"conditionLiteralValue":null,"conditionLiteralValueTwo":null,"goToPageID":"372","clauseType":null,"data":null},{"pageID":"407","questionName":null,"sectionName":null,"questionPageID":null,"questionSecondaryField":null,"logicID":null,"ruleNumber":1,"conditionNumber":1,"conditionOptionID":null,"conditionOperator":null,"conditionLiteralValue":null,"conditionLiteralValueTwo":null,"goToPageID":"372","clauseType":null,"data":null},{"pageID":"408","questionName":null,"sectionName":null,"questionPageID":null,"questionSecondaryField":null,"logicID":null,"ruleNumber":1,"conditionNumber":1,"conditionOptionID":null,"conditionOperator":null,"conditionLiteralValue":null,"conditionLiteralValueTwo":null,"goToPageID":"372","clauseType":null,"data":null},{"pageID":"409","questionName":null,"sectionName":null,"questionPageID":null,"questionSecondaryField":null,"logicID":null,"ruleNumber":1,"conditionNumber":1,"conditionOptionID":null,"conditionOperator":null,"conditionLiteralValue":null,"conditionLiteralValueTwo":null,"goToPageID":"372","clauseType":null,"data":null},{"pageID":"410","questionName":null,"sectionName":null,"questionPageID":null,"questionSecondaryField":null,"logicID":null,"ruleNumber":1,"conditionNumber":1,"conditionOptionID":null,"conditionOperator":null,"conditionLiteralValue":null,"conditionLiteralValueTwo":null,"goToPageID":"372","clauseType":null,"data":null},{"pageID":"411","questionName":null,"sectionName":null,"questionPageID":null,"questionSecondaryField":null,"logicID":null,"ruleNumber":1,"conditionNumber":1,"conditionOptionID":null,"conditionOperator":null,"conditionLiteralValue":null,"conditionLiteralValueTwo":null,"goToPageID":"372","clauseType":null,"data":null},{"pageID":"371","questionName":"qec68c2aeb1eec6812ff2097a1a62a7e6578dd4a3","sectionName":"main","questionPageID":"371","questionSecondaryField":null,"logicID":null,"ruleNumber":2,"conditionNumber":1,"conditionOptionID":null,"conditionOperator":"equal","conditionLiteralValue":"procurement_fraud","conditionLiteralValueTwo":null,"goToPageID":"411","clauseType":null,"data":null},{"pageID":"371","questionName":"qec68c2aeb1eec6812ff2097a1a62a7e6578dd4a3","sectionName":"main","questionPageID":"371","questionSecondaryField":null,"logicID":null,"ruleNumber":3,"conditionNumber":1,"conditionOptionID":null,"conditionOperator":"equal","conditionLiteralValue":"planning_fraud","conditionLiteralValueTwo":null,"goToPageID":"410","clauseType":null,"data":null},{"pageID":"371","questionName":"qec68c2aeb1eec6812ff2097a1a62a7e6578dd4a3","sectionName":"main","questionPageID":"371","questionSecondaryField":null,"logicID":null,"ruleNumber":4,"conditionNumber":1,"conditionOptionID":null,"conditionOperator":"equal","conditionLiteralValue":"insurance_fraud","conditionLiteralValueTwo":null,"goToPageID":"409","clauseType":null,"data":null},{"pageID":"371","questionName":"qec68c2aeb1eec6812ff2097a1a62a7e6578dd4a3","sectionName":"main","questionPageID":"371","questionSecondaryField":null,"logicID":null,"ruleNumber":5,"conditionNumber":1,"conditionOptionID":null,"conditionOperator":"equal","conditionLiteralValue":"housing_tenancy_fraud","conditionLiteralValueTwo":null,"goToPageID":"408","clauseType":null,"data":null},{"pageID":"371","questionName":"qec68c2aeb1eec6812ff2097a1a62a7e6578dd4a3","sectionName":"main","questionPageID":"371","questionSecondaryField":null,"logicID":null,"ruleNumber":6,"conditionNumber":1,"conditionOptionID":null,"conditionOperator":"equal","conditionLiteralValue":"housing_right-to-buy_fraud","conditionLiteralValueTwo":null,"goToPageID":"407","clauseType":null,"data":null},{"pageID":"371","questionName":"qec68c2aeb1eec6812ff2097a1a62a7e6578dd4a3","sectionName":"main","questionPageID":"371","questionSecondaryField":null,"logicID":null,"ruleNumber":7,"conditionNumber":1,"conditionOptionID":null,"conditionOperator":"equal","conditionLiteralValue":"housing_options_fraud","conditionLiteralValueTwo":null,"goToPageID":"406","clauseType":null,"data":null},{"pageID":"371","questionName":"qec68c2aeb1eec6812ff2097a1a62a7e6578dd4a3","sectionName":"main","questionPageID":"371","questionSecondaryField":null,"logicID":null,"ruleNumber":8,"conditionNumber":1,"conditionOptionID":null,"conditionOperator":"equal","conditionLiteralValue":"grant_fraud","conditionLiteralValueTwo":null,"goToPageID":"405","clauseType":null,"data":null},{"pageID":"371","questionName":"qec68c2aeb1eec6812ff2097a1a62a7e6578dd4a3","sectionName":"main","questionPageID":"371","questionSecondaryField":null,"logicID":null,"ruleNumber":9,"conditionNumber":1,"conditionOptionID":null,"conditionOperator":"equal","conditionLiteralValue":"employee_fraud","conditionLiteralValueTwo":null,"goToPageID":"404","clauseType":null,"data":null},{"pageID":"371","questionName":"qec68c2aeb1eec6812ff2097a1a62a7e6578dd4a3","sectionName":"main","questionPageID":"371","questionSecondaryField":null,"logicID":null,"ruleNumber":10,"conditionNumber":1,"conditionOptionID":null,"conditionOperator":"equal","conditionLiteralValue":"council_tax_fraud","conditionLiteralValueTwo":null,"goToPageID":"403","clauseType":null,"data":null},{"pageID":"371","questionName":"qec68c2aeb1eec6812ff2097a1a62a7e6578dd4a3","sectionName":"main","questionPageID":"371","questionSecondaryField":null,"logicID":null,"ruleNumber":11,"conditionNumber":1,"conditionOptionID":null,"conditionOperator":"equal","conditionLiteralValue":"business_rates_fraud","conditionLiteralValueTwo":null,"goToPageID":"402","clauseType":null,"data":null},{"pageID":"371","questionName":"qec68c2aeb1eec6812ff2097a1a62a7e6578dd4a3","sectionName":"main","questionPageID":"371","questionSecondaryField":null,"logicID":null,"ruleNumber":12,"conditionNumber":1,"conditionOptionID":null,"conditionOperator":"equal","conditionLiteralValue":"council_tax_reduction_scheme_fraud","conditionLiteralValueTwo":null,"goToPageID":"401","clauseType":null,"data":null},{"pageID":"371","questionName":"qec68c2aeb1eec6812ff2097a1a62a7e6578dd4a3","sectionName":"main","questionPageID":"371","questionSecondaryField":null,"logicID":null,"ruleNumber":13,"conditionNumber":1,"conditionOptionID":null,"conditionOperator":"equal","conditionLiteralValue":"housing_benefit_fraud","conditionLiteralValueTwo":null,"goToPageID":"400","clauseType":null,"data":null}]