[{"id":371,"templateID":276,"metadata":{"id":690,"title":"Type of Fraud","instructions":""}},{"id":372,"templateID":277,"metadata":{"id":692,"title":"Anonymity","instructions":""}},{"id":373,"templateID":238,"metadata":{"id":693,"title":"Your Details","instructions":""}},{"id":400,"templateID":300,"metadata":{"id":745,"title":"Housing Benefit Fraud","instructions":"\n<p>You can report suspected Housing Benefit fraud at GOV.UK:<\/p>\n\n<p><a class=\"button\" href=\"https:\/\/www.gov.uk\/report-benefit-fraud\">Report benefit fraud<\/a><\/p>\n\n<p><span class=\"snippet\"><style type=\"text\/css\">\n.button--next,\n.button--primary,\n.xfpprimary {\nvisibility: hidden;\n}\n<\/style>\n<!-- rel:snippet --><\/span><\/p>\n"}},{"id":401,"templateID":301,"metadata":{"id":747,"title":"Council Tax Reduction Scheme Fraud","instructions":""}},{"id":402,"templateID":302,"metadata":{"id":749,"title":"Business Rates Fraud","instructions":""}},{"id":403,"templateID":303,"metadata":{"id":751,"title":"Council Tax Fraud","instructions":""}},{"id":404,"templateID":301,"metadata":{"id":753,"title":"Employee Fraud","instructions":""}},{"id":405,"templateID":301,"metadata":{"id":754,"title":"Grant Fraud","instructions":""}},{"id":406,"templateID":304,"metadata":{"id":756,"title":"Housing Options Based Fraud","instructions":""}},{"id":407,"templateID":301,"metadata":{"id":757,"title":"Housing Right-To-Buy Fraud","instructions":""}},{"id":408,"templateID":305,"metadata":{"id":759,"title":"Housing Tenancy Fraud","instructions":""}},{"id":409,"templateID":306,"metadata":{"id":762,"title":"Insurance Fraud","instructions":"<p>Insurance fraud against your local authority is a serious offence. People commit many kinds of fraud and local authorities are working closely with the Police to take action.<\/p>"}},{"id":410,"templateID":301,"metadata":{"id":763,"title":"Planning Fraud","instructions":""}},{"id":411,"templateID":307,"metadata":{"id":765,"title":"Procurement Fraud","instructions":""}}]