[{"pageID":"1130","sectionName":"main","questionName":"q86bfad0cded124f48b9fb2566c211bd281ddd63a","questionSecondaryField":"","sourceType":"answer","sourceValue":"1129-main-q237a4874e686dca0924895d529f7732060acd1c9","sourceSecondaryField":null},{"pageID":"1130","sectionName":"main","questionName":"qf8b164255cfa605ad6cb3aac9b2093f1ac5cdc76","questionSecondaryField":"","sourceType":"logic","sourceValue":"1480","sourceSecondaryField":null},{"pageID":"1130","sectionName":"main","questionName":"qfcfa7e9e4620882cec1cc42297e30aaae6a15342","questionSecondaryField":"","sourceType":"logic","sourceValue":"1481","sourceSecondaryField":null},{"pageID":"1129","sectionName":"main","questionName":"q27fce78406fecde16015a1fe3ce944c4f2144c4d","questionSecondaryField":"","sourceType":"logic","sourceValue":"1487","sourceSecondaryField":null},{"pageID":"1130","sectionName":"main","questionName":"qf40a33fb4f59f358eb9882fc68cbbfc6412e31ff","questionSecondaryField":"","sourceType":"logic","sourceValue":"1486","sourceSecondaryField":null},{"pageID":"1130","sectionName":"main","questionName":"qdfc8bb15c8ed46de5936d372f7a1138582b7f96e","questionSecondaryField":"","sourceType":"logic","sourceValue":"1486","sourceSecondaryField":null},{"pageID":"1130","sectionName":"main","questionName":"q230dfda4cd949295d5d7427bc0a21d6f4e4b821a","questionSecondaryField":"","sourceType":"logic","sourceValue":"1483","sourceSecondaryField":null},{"pageID":"1130","sectionName":"main","questionName":"q68352c861462e04f3d801fb90ba7479cf6d04dfa","questionSecondaryField":"","sourceType":"logic","sourceValue":"1485","sourceSecondaryField":null},{"pageID":"1130","sectionName":"main","questionName":"q4134994ac42985f78ed403d813fdf9f8b782d59b","questionSecondaryField":"","sourceType":"logic","sourceValue":"1482","sourceSecondaryField":null}]