{"form.json":"791d621d14f1796521be7aff5d6504291462c619","page-templates\/Help_and_Support.json":"3d2b48cbeba440f1a92fe2a738b1dbdfd1c115ab","page-templates\/NHS_letter_received_(535).json":"a712e9fb59319e252d9086473f889d8dbf526b46","page-templates\/Other_support_available.json":"baa36f288b7bb1da3d3babe16fe9d89a117ea42d","page-templates\/Recipient_Details.json":"23d7fb15c126864489129a9eee336f1f141ac1b2","page-templates\/Unable_to_complete_online.json":"d009fa8bfd424424704ce8d539aa25abcb304533","page-templates\/What_help_is_needed.json":"944ac7dd40c6c3e2b469ddb6e112816056e7490a","page-templates\/Who_needs_support.json":"7803e29b7dc05afa9510c1a608792912b73aeb01","structure\/pages.json":"cf885e1f5f5e80a5d0965efe7f6cc9d7af768391","structure\/branching.json":"4f02646fd62add4433880b2eb489d84d6e51652d","actions\/rules\/Create_CXM_case_-_request_received.json":"852baf62c1cdd894fd19542d6571e427884794d5","actions\/rules\/Send_email_to_BCT.json":"e5ab42c4debbe93c0e1f4de0d06c5f0a82d55497","actions\/rules\/Send_email_to_C19SS_for_Other.json":"fee9ac8ecf18d2359acdf0db8480780b31322b5a","actions\/rules\/Send_email_to_Facilities.json":"84e4bb175f66bdb5685dcb68d0c8a0bfc78bb0e9","actions\/rules\/Service_cancelled_show_completion_message.json":"998070f6930a2c960395b254300a2b0b3a834fd0","actions\/rules\/send_email_to_C19SS_for_ASC.json":"12f0abc3e9c0a245029b04ea479ff2350cacf2d3","actions\/rules\/send_email_to_C19SS_for_NHS.json":"8b5418af740a139995ebbce392aa592a83d4afb9","actions\/templates\/BCT_email.json":"6d1743d89f7da6294c8107ba4749e371ad3d4dc6","actions\/templates\/COVID19SS.json":"e6a638b0985b0f094579c017720075fc8f938e03","actions\/templates\/Cancel_Facilities.json":"4c65c3316068c869080890e0ddfaf3599b6436b4","actions\/templates\/Completion_message_-_request_received.json":"8a76558421292d22094e409f61e280c13b4ceda0","actions\/templates\/Completion_message_-_service_cancelled.json":"84d7ecff1979121e96fa5412afe82fc52e3b7180","actions\/templates\/Coronavirus_support_submission.json":"f2246e7cfedcd54e74ce8866df4eccb742eb39db","actions\/templates\/Facilities_email.json":"496fae06bf2c62f118fdf4ddb71d42ec6f05b8fa","misc\/pdfs.json":"97d170e1550eee4afc0af065b78cda302a97674c","misc\/prefills.json":"6fb81e89b4a936f7ba7b34585aa98f59e082f620","misc\/placeholders.json":"357122aee961fe21cd036e35d95fddad9415f4f3","misc\/logic_definitions.json":"97d170e1550eee4afc0af065b78cda302a97674c","misc\/logics\/Address.json":"b1e975cbb6e59bf07252272461b629802b3aa8fb","misc\/logics\/Case_Created.json":"5343802b724df16cec5b1ec8ebe7ecb2d10441a0","misc\/logics\/Delivery_address.json":"ad6efd8864846bd6119e09967606d4b34ba7aa4f","misc\/logics\/Emergency_Has_Family_Support.json":"be7749ca16d0962f9b4ce95c5dac1f8b508adccd","misc\/logics\/NHS_letter_routing.json":"2c2fc183efdb77a0af644c5c20e2afbf0da0778b","misc\/logics\/Routing_for_ASC.json":"e833224e97680060aac0fb95bc4170dfc6c36010","misc\/logics\/Routing_table_TAWS.json":"01043a16f893426d5ba96a7d18f86d65945a0312","misc\/logics\/Routing_table_Wellbeing.json":"96d4416c28b3f6b48dffeccfdc7f467f10e92727","misc\/logics\/What_do_you_need_helps_with.json":"92d6396641a6104b24f08b44a403cf2b696b7c27","misc\/ic_inputs.json":"97d170e1550eee4afc0af065b78cda302a97674c","misc\/data-retention.json":"fa8b819d756eec4a4f185f5465ef79b349ea9ce4"}