{"title":"Coronavirus community support request","instructions":"","progressBar":"0","allowUnregistered":"1","resumeAtStart":"1","reCaptcha":"0","internalOnly":0,"metadata":{"id":"397","itemID":"535","creator":"Imran Sajad","contributor":"","publisher":"Birmingham City Council","rights":"Copyright Birmingham City Council","source":"","status":"V1.0 Public Consumption","coverage":"Birmingham, England, UK, Europe","created":1586386800,"modified":1586386800,"valid":null,"expired":null,"format":"text\/html","language":"en","subject":"coronavirus","description":"coronavirus"},"categories":[{"id":"3641","categoryType":"Navigation","itemID":535,"categoryID":"100003"}]}