{"import_id":null,"import_version":1,"imported_resource":{"alertEmailTemplate_keys":{"alert-email-template::case-type::ammonium-nitrate::reminder":{"identifier":"reminder","label":"Reminder","resource_type":"alert-email-template","scope_key":{"identifier":"ammonium-nitrate","label":"Ammonium Nitrate","resource_type":"case-type","scope_key":null}}},"auto_assign_users":false,"case_limits":{"primary-address":null},"case_type_group_key":null,"default":false,"form_keys":{"case-form::case-type::ammonium-nitrate::new-ammonium-nitrate":{"identifier":"new-ammonium-nitrate","label":"New Ammonium Nitrate","resource_type":"case-form","scope_key":{"identifier":"ammonium-nitrate","label":"Ammonium Nitrate","resource_type":"case-type","scope_key":null}},"case-form::case-type::ammonium-nitrate::edit-ammonium-nitrate":{"identifier":"edit-ammonium-nitrate","label":"Edit Ammonium Nitrate","resource_type":"case-form","scope_key":{"identifier":"ammonium-nitrate","label":"Ammonium Nitrate","resource_type":"case-type","scope_key":null}}},"key":{"identifier":"ammonium-nitrate","label":"Ammonium Nitrate","resource_type":"case-type","scope_key":null},"personal_data_redaction":true,"reference_format":"AMM%'06d","rule_keys":{"rule::case-type::ammonium-nitrate::23550":{"identifier":"23550","label":"Reminder email","resource_type":"rule","scope_key":{"identifier":"ammonium-nitrate","label":"Ammonium Nitrate","resource_type":"case-type","scope_key":null}}},"status_keys":{"case-status::case-type::ammonium-nitrate::submitted":{"identifier":"submitted","label":"Submitted","resource_type":"case-status","scope_key":{"identifier":"ammonium-nitrate","label":"Ammonium Nitrate","resource_type":"case-type","scope_key":null}},"case-status::case-type::ammonium-nitrate::closed":{"identifier":"closed","label":"Closed","resource_type":"case-status","scope_key":{"identifier":"ammonium-nitrate","label":"Ammonium Nitrate","resource_type":"case-type","scope_key":null}}},"transition_keys":{"case-transition::case-type::ammonium-nitrate::close-case":{"identifier":"close-case","label":"Close case","resource_type":"case-transition","scope_key":{"identifier":"ammonium-nitrate","label":"Ammonium Nitrate","resource_type":"case-type","scope_key":null}}}},"mappings":{"items":[]},"resources":{"items":{"case-status::case-type::ammonium-nitrate::submitted":{"key":{"identifier":"submitted","label":"Submitted","resource_type":"case-status","scope_key":{"identifier":"ammonium-nitrate","label":"Ammonium Nitrate","resource_type":"case-type","scope_key":null}},"label_colour":"b5cef7","label_font_colour":"0f3778","type":"initial"},"case-status::case-type::ammonium-nitrate::closed":{"key":{"identifier":"closed","label":"Closed","resource_type":"case-status","scope_key":{"identifier":"ammonium-nitrate","label":"Ammonium Nitrate","resource_type":"case-type","scope_key":null}},"label_colour":"e7e7e7","label_font_colour":"484848","type":"final"},"alert-email-template::case-type::ammonium-nitrate::reminder":{"date_definition_keys":[],"field_keys":[],"html_body":"<p>Dear citizen,<\/p><p>THE DANGEROUS SUBSTANCES (NOTIFICATION AND MARKING OF SITES- NAMOS) REGULATIONS 1990&nbsp;<br \/>PREMISES:&nbsp;<\/p><p>You are required to inform the Lincolnshire Fire and Rescue (LFR) and the Health and Safety Executive (HSE) in the event that you cease to hold the dangerous substances, or hold less than 25 tonnes other than on a temporary basis or change the types of dangerous substances held from those declared following last year&rsquo;s submission.<\/p><p>If your storage of ammonium nitrate and mixed fertilisers mixtures have not changed, then you do not need to inform us again.<\/p><p>If your storage of ammonium nitrate and mixed fertilisers mixtures have changed, then you will need to&nbsp;<a href=\"#\">resubmit as a new notification<\/a>.<\/p><p>Thank you<\/p><p>&nbsp;<\/p><p>REMIDER OF REGULATIONS:&nbsp;<\/p><p>It is a legal requirement under the NAMOS Regulations to notify both LFR and the HSE about any location storing 25 tonnes or more of a dangerous substance.<\/p><p>NAMOS Regulations stipulate that the person in control of a site which holds a total quantity of 150 tonnes or more of a &lsquo;relevant ammonium nitrate mixtures&rsquo; are required to notify the local Fire and Rescue Service for the area in which the site is located. There is no requirement to notify the HSE<\/p><p>The responsible person must calculate the amount of Ammonium Nitrate and mixtures containing Ammonium Nitrate where the nitrogen exceeds 15.75% of the mixture by weight<br \/>In order that you may comply with the above legislation, you are required to provide the notices detailed below (including, where necessary, the relevant text) conforming to British Standard 5378.<\/p><p>The warning sign (no text required), must be displayed at each and all entrances to the site. &nbsp; &nbsp; &nbsp; &nbsp; &nbsp; &nbsp; &nbsp; &nbsp; &nbsp; &nbsp; &nbsp; &nbsp; &nbsp; &nbsp; &nbsp; &nbsp; &nbsp; &nbsp; &nbsp; &nbsp; &nbsp;<\/p><p>Signs for Oxidising Agents (including the text), must be provided and sited on or immediately adjacent to all doors giving access to the storage buildings.<\/p><p>In the case of open sided buildings such as Dutch barns or similar type buildings, the notices must be sited on suitable stanchions and in such positions that they can be easily seen by fire fighters from whichever direction they may approach.<\/p><p>The notices must be maintained in their allotted positions at all times that the storage of the dangerous substances are present in excess of 25 tonnes and shall be maintained clear and unobstructed.<\/p><p>Thank you for your assistance in this matter.<\/p>","key":{"identifier":"reminder","label":"Reminder","resource_type":"alert-email-template","scope_key":{"identifier":"ammonium-nitrate","label":"Ammonium Nitrate","resource_type":"case-type","scope_key":null}},"subject":"Update any changes to your storage of ammonium nitrate"},"case-field::email":{"allowed_privilege_level_keys":[],"allowed_to_all_privilege_levels":true,"encrypted":true,"redactable":true,"key":{"identifier":"email","label":"Email","resource_type":"case-field","scope_key":null},"position":null,"type":"email"},"case-form::case-type::ammonium-nitrate::new-ammonium-nitrate":{"external_redirects":[],"fields":[{"key":{"identifier":"email","label":"Email","resource_type":"case-form-field","scope_key":{"identifier":"new-ammonium-nitrate","label":"New Ammonium Nitrate","resource_type":"case-form","scope_key":{"identifier":"ammonium-nitrate","label":"Ammonium Nitrate","resource_type":"case-type","scope_key":null}}},"position":0,"requirement":{"key":{"identifier":"208355","label":"Expression 208355","resource_type":"expression","scope_key":null},"type":"false_expression"},"visibility":null,"field_key":{"identifier":"email","label":"Email","resource_type":"case-field","scope_key":null},"type":"case_field"}],"key":{"identifier":"new-ammonium-nitrate","label":"New Ammonium Nitrate","resource_type":"case-form","scope_key":{"identifier":"ammonium-nitrate","label":"Ammonium Nitrate","resource_type":"case-type","scope_key":null}},"type":"create"},"case-form::case-type::ammonium-nitrate::edit-ammonium-nitrate":{"external_redirects":[],"fields":[],"key":{"identifier":"edit-ammonium-nitrate","label":"Edit Ammonium Nitrate","resource_type":"case-form","scope_key":{"identifier":"ammonium-nitrate","label":"Ammonium Nitrate","resource_type":"case-type","scope_key":null}},"type":"edit"},"case-transition::case-type::ammonium-nitrate::close-case":{"allowed_privilege_level_keys":[],"call_to_action":false,"call_to_action_style":"default","case_form_key":null,"from_status_keys":{"case-status::case-type::ammonium-nitrate::submitted":{"identifier":"submitted","label":"Submitted","resource_type":"case-status","scope_key":{"identifier":"ammonium-nitrate","label":"Ammonium Nitrate","resource_type":"case-type","scope_key":null}}},"key":{"identifier":"close-case","label":"Close case","resource_type":"case-transition","scope_key":{"identifier":"ammonium-nitrate","label":"Ammonium Nitrate","resource_type":"case-type","scope_key":null}},"to_status_key":{"identifier":"closed","label":"Closed","resource_type":"case-status","scope_key":{"identifier":"ammonium-nitrate","label":"Ammonium Nitrate","resource_type":"case-type","scope_key":null}}},"rule::case-type::ammonium-nitrate::23550":{"actions":[{"key":{"identifier":"84256","label":"Action 84256","resource_type":"action","scope_key":null},"position":1,"email_template_key":{"identifier":"reminder","label":"Reminder","resource_type":"alert-email-template","scope_key":{"identifier":"ammonium-nitrate","label":"Ammonium Nitrate","resource_type":"case-type","scope_key":null}},"recipient":{"key":{"identifier":"42120","label":"Recipient 42120","resource_type":"alert-recipient","scope_key":null},"email_field_key":{"identifier":"email","label":"Email","resource_type":"case-field","scope_key":null},"type":"email_field"},"type":"alert"},{"key":{"identifier":"84255","label":"Action 84255","resource_type":"action","scope_key":null},"position":2,"transition_key":{"identifier":"close-case","label":"Close case","resource_type":"case-transition","scope_key":{"identifier":"ammonium-nitrate","label":"Ammonium Nitrate","resource_type":"case-type","scope_key":null}},"type":"transition"}],"condition":null,"enabled":true,"key":{"identifier":"23550","label":"Reminder email","resource_type":"rule","scope_key":{"identifier":"ammonium-nitrate","label":"Ammonium Nitrate","resource_type":"case-type","scope_key":null}},"triggers":[{"key":{"identifier":"60762","label":"Trigger 60762","resource_type":"trigger","scope_key":null},"minutes":525600,"status_key":{"identifier":"submitted","label":"Submitted","resource_type":"case-status","scope_key":{"identifier":"ammonium-nitrate","label":"Ammonium Nitrate","resource_type":"case-type","scope_key":null}},"type":"time_in_status"}]}}}}