{"id":810,"isFormSpecific":false,"version":{"metadata":{"id":2177,"title":"About your reque- 1","instructions":""},"sections":[{"name":"sa8e4cf5c0c0d33843ab906a92f28940c5ff5b0ab","title":"SCC","showTitle":false,"hideInitially":true,"triggerQuestionName":"qabf26b1b434e6dafd3d3cfc50b8fb11acb4155bd","triggerQuestionSecondaryField":null,"triggerQuestionSection":"main","triggerOperator":"not equal","triggerAnswerValue":"food_safety","isRepeatableQuestion":false,"repeatableQuestionSettings":[],"structure":"[{\"type\":\"question\",\"name\":\"qc035fe400459521c23d32b82b9d956a55813f456\"}]","questions":[{"name":"qc035fe400459521c23d32b82b9d956a55813f456","text":"SCC","guid":"Jadu\\XFormsPro\\Bundle\\StandardFormComponentBundle\\Component\\TextBlock\\TextBlockComponent","settings":[{"name":"value","value":"<p>If you need advice on food labelling, weights and measures or food composition, please contact trading standards team.<\/p>"}]}],"clauseType":null,"data":null},{"name":"s4fbedde8c76830e580c851cd224f087dac24bb29","title":"Yes","showTitle":false,"hideInitially":true,"triggerQuestionName":"qabf26b1b434e6dafd3d3cfc50b8fb11acb4155bd","triggerQuestionSecondaryField":null,"triggerQuestionSection":"main","triggerOperator":"equal","triggerAnswerValue":"food_safety","isRepeatableQuestion":false,"repeatableQuestionSettings":[],"structure":"[{\"type\":\"question\",\"name\":\"q005575a3080e50ac1014f5f5e66ad3672491bf02\"}]","questions":[{"name":"q005575a3080e50ac1014f5f5e66ad3672491bf02","text":"Is your business in our District?","guid":"Jadu\\XFormsPro\\Bundle\\StandardFormComponentBundle\\Component\\Dropdown\\DropdownComponent","settings":[{"name":"required","value":"true"},{"name":"answers","value":"[{\"value\":\"yes\",\"text\":\"Yes\",\"data\":\"\",\"internal\":false},{\"value\":\"no\",\"text\":\"No\",\"data\":\"\",\"internal\":false}]"},{"name":"empty_option","value":"Please select"}]}],"clauseType":null,"data":null},{"name":"s3ff352aad791e64ca76b0b598fedcbbc3fdbe8f0","title":"LDC","showTitle":false,"hideInitially":true,"triggerQuestionName":"q005575a3080e50ac1014f5f5e66ad3672491bf02","triggerQuestionSecondaryField":null,"triggerQuestionSection":"s4fbedde8c76830e580c851cd224f087dac24bb29","triggerOperator":"equal","triggerAnswerValue":"yes","isRepeatableQuestion":false,"repeatableQuestionSettings":[],"structure":"[{\"type\":\"question\",\"name\":\"qe1a597cd3cabc366775c4e3757840ebcd22c0259\"},{\"type\":\"question\",\"name\":\"qc7fded3879e34bbd46459bcdabff081537d07bc7\"},{\"type\":\"section\",\"name\":\"sb0dc4e7561ec4615cedc27c3f6bc4650370708a4\"},{\"type\":\"question\",\"name\":\"qbdb940076f79513b9b23d9a7bf60d047bc933669\"}]","questions":{"0":{"name":"qe1a597cd3cabc366775c4e3757840ebcd22c0259","text":"Are you an existing or new business?","guid":"18eeb80469e722d4f3513ee0c5b183da219c6975","settings":[{"name":"required","value":"true"},{"name":"answers","value":"[{\"value\":\"existing\",\"text\":\"Existing\",\"data\":\"\",\"internal\":false},{\"value\":\"new_business\",\"text\":\"New business\",\"data\":\"\",\"internal\":false}]"},{"name":"empty_option","value":"Please select"}]},"1":{"name":"qc7fded3879e34bbd46459bcdabff081537d07bc7","text":"What type of advice do you need?","guid":"35af7c223e8fbb8346e66f3402cd1509c3b7fa71","settings":[{"name":"required","value":"true"},{"name":"help","value":"multiple options can be selected"},{"name":"answers","value":"[{\"value\":\"allergen_management\",\"text\":\"Allergen management\",\"data\":\"\",\"internal\":false},{\"value\":\"business_registration\",\"text\":\"Business registration\",\"data\":\"\",\"internal\":false},{\"value\":\"business_set-up\",\"text\":\"Business set-up\",\"data\":\"\",\"internal\":false},{\"value\":\"equipment_installation_advice\",\"text\":\"Equipment installation advice\",\"data\":\"\",\"internal\":false},{\"value\":\"food_safety_management_procedures\",\"text\":\"Food safety management procedures\",\"data\":\"\",\"internal\":false},{\"value\":\"food_inspection_advice\",\"text\":\"Food inspection advice\",\"data\":\"\",\"internal\":false},{\"value\":\"food_hygiene_rating_scheme_advice\",\"text\":\"Food hygiene rating scheme advice\",\"data\":\"\",\"internal\":false},{\"value\":\"haccp_plan_advice\",\"text\":\"HACCP plan advice\",\"data\":\"\",\"internal\":false},{\"value\":\"general_new_business_advice\",\"text\":\"General new business advice\",\"data\":\"\",\"internal\":false},{\"value\":\"premises_expansion_advice\",\"text\":\"Premises expansion advice\",\"data\":\"\",\"internal\":false},{\"value\":\"premises_design\",\"text\":\"Premises design\",\"data\":\"\",\"internal\":false},{\"value\":\"queries_about_manufacturing_products_of_animal_origin\",\"text\":\"Queries about manufacturing products of animal origin\",\"data\":\"\",\"internal\":false},{\"value\":\"other\",\"text\":\"Other\",\"data\":\"\",\"internal\":false}]"}]},"3":{"name":"qbdb940076f79513b9b23d9a7bf60d047bc933669","text":"Please provide any further details you think it would be useful for our team to know before they speak to you","guid":"39c1d58d95f4fbb636ae61c4dccd9992ce707c24","settings":[{"name":"rows","value":"2"},{"name":"cols","value":"40"}]}},"clauseType":null,"data":null},{"name":"sb0dc4e7561ec4615cedc27c3f6bc4650370708a4","title":"other","showTitle":false,"hideInitially":true,"triggerQuestionName":"qc7fded3879e34bbd46459bcdabff081537d07bc7","triggerQuestionSecondaryField":null,"triggerQuestionSection":"s3ff352aad791e64ca76b0b598fedcbbc3fdbe8f0","triggerOperator":"selection contains","triggerAnswerValue":"[\"other\"]","isRepeatableQuestion":false,"repeatableQuestionSettings":[],"structure":"[{\"type\":\"question\",\"name\":\"q187f8fbda960d38ab846985ebdd7b70005e4c743\"}]","questions":[{"name":"q187f8fbda960d38ab846985ebdd7b70005e4c743","text":"If other, please give us a brief description","guid":"7d7527893d7f786c9073e6a651a9c26181d9a661","settings":[]}],"clauseType":null,"data":null},{"name":"main","title":"main","showTitle":null,"hideInitially":null,"triggerQuestionName":null,"triggerQuestionSecondaryField":null,"triggerQuestionSection":null,"triggerOperator":null,"triggerAnswerValue":null,"isRepeatableQuestion":null,"repeatableQuestionSettings":[],"structure":"[{\"type\":\"question\",\"name\":\"qabf26b1b434e6dafd3d3cfc50b8fb11acb4155bd\"},{\"type\":\"section\",\"name\":\"sa8e4cf5c0c0d33843ab906a92f28940c5ff5b0ab\"},{\"type\":\"section\",\"name\":\"s4fbedde8c76830e580c851cd224f087dac24bb29\"},{\"type\":\"section\",\"name\":\"s3ff352aad791e64ca76b0b598fedcbbc3fdbe8f0\"}]","questions":[{"name":"qabf26b1b434e6dafd3d3cfc50b8fb11acb4155bd","text":"What would you like advice about?","guid":"18eeb80469e722d4f3513ee0c5b183da219c6975","settings":[{"name":"required","value":"true"},{"name":"answers","value":"[{\"value\":\"food_safety\",\"text\":\"Food safety\",\"data\":\"\",\"internal\":false},{\"value\":\"food_labelling\",\"text\":\"Food labelling\",\"data\":\"\",\"internal\":false},{\"value\":\"weights_and_measures\",\"text\":\"Weights and measures\",\"data\":\"\",\"internal\":false},{\"value\":\"food_composition_or_quality\",\"text\":\"Food composition or quality\",\"data\":\"\",\"internal\":false}]"},{"name":"empty_option","value":"Please select"}]}],"clauseType":null,"data":null}]}}