{"id":811,"isFormSpecific":false,"version":{"metadata":{"id":2178,"title":"Book your appointment -3","instructions":""},"sections":[{"name":"main","title":"main","showTitle":null,"hideInitially":null,"triggerQuestionName":null,"triggerQuestionSecondaryField":null,"triggerQuestionSection":null,"triggerOperator":null,"triggerAnswerValue":null,"isRepeatableQuestion":null,"repeatableQuestionSettings":[],"structure":"[{\"type\":\"question\",\"name\":\"qa88f9b3857a1e9961713371a65747f16795d3fd3\"}]","questions":[{"name":"qa88f9b3857a1e9961713371a65747f16795d3fd3","text":"Please choose a slot from the calendar below. The number below the date shows how many slots are available.","guid":"a01706048b5a699796efb79159d64baad7638bb1","settings":[{"name":"required","value":"true"},{"name":"help","value":"each slot 30 minutes long"},{"name":"calendar","value":"AQMkADA4NTBhYjJkLWQ2ZTktNGI0Ny1hYzZiLTFhNGI5OQBjMDRlODcARgAAAyc0GgTOYQJBjNTdiATmAuYHAAgNOpd8R2lOi-Dl8W8L2ZQAAAIBBgAAAAgNOpd8R2lOi-Dl8W8L2ZQAAAIJPAAAAA=="},{"name":"configuration","value":"1"}]}],"clauseType":null,"data":null}]}}