{"id":807,"isFormSpecific":false,"version":{"metadata":{"id":2165,"title":"Result page - EH","instructions":"<p><span class=\"snippet\"><style>\n.button--primary {\nvisibility: hidden;\n}\n<\/style><!-- rel:snippet --><\/span><\/p>"},"sections":[{"name":"main","title":"main","showTitle":null,"hideInitially":null,"triggerQuestionName":null,"triggerQuestionSecondaryField":null,"triggerQuestionSection":null,"triggerOperator":null,"triggerAnswerValue":null,"isRepeatableQuestion":null,"repeatableQuestionSettings":[],"structure":"[]","questions":[],"clauseType":null,"data":null}]}}