{"id":812,"isFormSpecific":false,"version":{"metadata":{"id":2179,"title":"Your business address - 2","instructions":""},"sections":[{"name":"saabdb40f8def45ddccf132e741a7c29a4869e39f","title":"Address not found","showTitle":false,"hideInitially":true,"triggerQuestionName":"q0f28f022629cc14d8806e65c4f65835457657d97","triggerQuestionSecondaryField":"data_1_0","triggerQuestionSection":"main","triggerOperator":"equal","triggerAnswerValue":"0","isRepeatableQuestion":false,"repeatableQuestionSettings":[],"structure":"[{\"type\":\"question\",\"name\":\"q0a71178447033edd2bda2a8c1cb06bfbe5efc5e1\"}]","questions":[{"name":"q0a71178447033edd2bda2a8c1cb06bfbe5efc5e1","text":"Please enter your business address","guid":"Jadu\\XFormsPro\\Bundle\\StandardFormComponentBundle\\Component\\TextArea\\TextAreaComponent","settings":[{"name":"required","value":"true"},{"name":"rows","value":"4"},{"name":"cols","value":"40"}]}],"clauseType":null,"data":null},{"name":"main","title":"main","showTitle":null,"hideInitially":null,"triggerQuestionName":null,"triggerQuestionSecondaryField":null,"triggerQuestionSection":null,"triggerOperator":null,"triggerAnswerValue":null,"isRepeatableQuestion":null,"repeatableQuestionSettings":[],"structure":"[{\"type\":\"question\",\"name\":\"q9cdb439b2674168ae1a273ea098eda8443d72c05\"},{\"type\":\"question\",\"name\":\"q0f28f022629cc14d8806e65c4f65835457657d97\"},{\"type\":\"section\",\"name\":\"saabdb40f8def45ddccf132e741a7c29a4869e39f\"},{\"type\":\"question\",\"name\":\"q7e1b3da2d868db40298cc4f1fbbfa89cd0c34b70\"},{\"type\":\"question\",\"name\":\"q2549b5071dabc6293e3a508231cb6d34f43745d9\"},{\"type\":\"question\",\"name\":\"qc7e70e9a47500f3d2792e04ff3f98680c753020c\"},{\"type\":\"question\",\"name\":\"qe8ae05eaa41e7f8cca171826277f9d8a80c2ed0e\"}]","questions":{"0":{"name":"q9cdb439b2674168ae1a273ea098eda8443d72c05","text":"Name of business","guid":"7d7527893d7f786c9073e6a651a9c26181d9a661","settings":[{"name":"required","value":"true"}]},"1":{"name":"q0f28f022629cc14d8806e65c4f65835457657d97","text":"Business address","guid":"dafc7be1f6e3057017f8b0a86d50373130ca5da0","settings":[{"name":"required","value":"true"},{"name":"type","value":"5c49c7f90a0e3d59b0a8cf70326808ac4ed67804"}]},"3":{"name":"q7e1b3da2d868db40298cc4f1fbbfa89cd0c34b70","text":"Your telephone number","guid":"7d7527893d7f786c9073e6a651a9c26181d9a661","settings":[{"name":"validation","value":"7"},{"name":"required","value":"true"},{"name":"help","value":"This is the number we will call you on"},{"name":"confirmation_field","value":"Please re-enter your telephone number"}]},"4":{"name":"q2549b5071dabc6293e3a508231cb6d34f43745d9","text":"Your email address","guid":"7d7527893d7f786c9073e6a651a9c26181d9a661","settings":[{"name":"validation","value":"4"},{"name":"required","value":"true"},{"name":"confirmation_field","value":"Please re-enter your email address"}]},"5":{"name":"qc7e70e9a47500f3d2792e04ff3f98680c753020c","text":"Name of person we should contact","guid":"7d7527893d7f786c9073e6a651a9c26181d9a661","settings":[{"name":"answer_length","value":"50"},{"name":"required","value":"true"},{"name":"help","value":"Please enter the name of the person we should ask to speak to when we call."}]},"6":{"name":"qe8ae05eaa41e7f8cca171826277f9d8a80c2ed0e","text":"Job title\/role of person","guid":"7d7527893d7f786c9073e6a651a9c26181d9a661","settings":[{"name":"required","value":"true"},{"name":"help","value":"Please give the job title or the role of the person we will speak to (e.g. business owner or manager)"}]}},"clauseType":null,"data":null}]}}