[{"id":1360,"templateID":941,"metadata":{"id":2478,"title":"Are you able to drive","instructions":""}},{"id":1361,"templateID":943,"metadata":{"id":2479,"title":"Volunteering help","instructions":""}},{"id":1362,"templateID":942,"metadata":{"id":2480,"title":"Locality of support","instructions":""}},{"id":1363,"templateID":940,"metadata":{"id":2481,"title":"Disclosure and Barring Service information","instructions":""}},{"id":1364,"templateID":944,"metadata":{"id":2482,"title":"Your details","instructions":""}},{"id":1365,"templateID":939,"metadata":{"id":2483,"title":"COVID 19 - Volunteer support data protection","instructions":"\n<p>We will need to ask you to give us some information about yourself, such as your contact details and the type of help you can provide.\u00a0<\/p>\n\n<p>We are doing this as a public task in the public interest.<\/p>\n\n<ul>\n<li>We will only use this to\u00a0understand\u00a0the support or assistance you can provide. We may email you or call you to discuss this.<\/li>\n\t<li>We will safely share your information with other people or organisations where it is necessary that require support.<\/li>\n\t<li>We will ask these organisations and individuals to keep your data safe and respect your privacy.<\/li>\n\t<li>We will keep your information safe on our own Council systems.<\/li>\n\t<li>We will keep your information no longer than we need to.<\/li>\n<\/ul>\n<p>Our and our Data Protection Officer\u2019s contact details are at:\u00a0<a href=\"https:\/\/www.centralbedfordshire.gov.uk\/terms\">https:\/\/www.centralbedfordshire.gov.uk\/terms<\/a><\/p>\n"}}]