{"form.json":"1397f4c1d118198edcd15a25a613867f07a3b626","page-templates\/About_resolving_your_report_-_3.json":"7d2bd60fafcb7e2dd248fcdb8a727ab5cebe1298","page-templates\/About_the_property_owner_occupier_-_4.json":"f72b98d1611be4007c96c20e520958c533d949f7","page-templates\/About_the_waste_-_2.json":"9559415fd355b57410cb2626e9d8e60aa726616a","page-templates\/About_your_report_-_1_waste.json":"d7b524f4d23993fde285fa829ed3f1222a9a8f63","page-templates\/Result_page_-_EH.json":"e0c3171ef5a64fdb93135654534234cdaf707467","page-templates\/Your_details_-_EH_(219)_(506).json":"749f9ff00822d24c1665679ae2fbf6f0dc4670dd","structure\/pages.json":"6dad591888b6e8556e233c0298f8b3223d60c2f7","structure\/branching.json":"59baea0fb18d48aa3db77489d8ff706c73880cb9","actions\/rules\/Results_page.json":"7616cc41b5ed1851d8184f407bbf9780005b42e9","actions\/rules\/Form_completed.json":"3f3dcd91e7362efcc63c3b955959b537b583cc1b","actions\/templates\/Case_was_not_created.json":"86cbd439c8a3aa032b07ecd52fe3bbecb569e202","actions\/templates\/Thank_you_email.json":"ee4ef2dddf3c4de5fc97ca77277a9c8c48ef19c8","actions\/templates\/Thank_you_for_submitting_an_accumulation_of_waste_report.json":"6265013f539ed846605a7ee7503c215d740a6f5b","misc\/pdfs.json":"97d170e1550eee4afc0af065b78cda302a97674c","misc\/prefills.json":"37208c80dbb3229fe8ce2ee00529686e568526e3","misc\/placeholders.json":"d540612901beafbee96c59679a2c2439a00b8359","misc\/logic_definitions.json":"97d170e1550eee4afc0af065b78cda302a97674c","misc\/logics\/Address.json":"d2bb3f5c8e3de7828fbc069d6ac685899c300325","misc\/logics\/E-mail.json":"4eed9c470cf2c9ebe72472a4ac1a0e4f05639001","misc\/ic_inputs.json":"97d170e1550eee4afc0af065b78cda302a97674c","misc\/data-retention.json":"fa8b819d756eec4a4f185f5465ef79b349ea9ce4"}