{"title":"Accumulation of waste report form","instructions":"\n<p>Although private homes with furniture outside, overgrown gardens, or general detritus can be unsightly, we <strong>only have powers to require it to be cleaned up if it is causing a nuisance or is a threat to public health and safety.<\/strong><\/p>\n\n<p>Examples of this could include:<\/p>\n\n<ul>\n<li>the waste is encroaching onto the public highway<\/li>\n\t<li>the waste is attracting pests or vermin<\/li>\n\t<li>the state of the house\/property is causing health and safety issues for adjoining homes (damp or smells)<\/li>\n\t<li>the state of the garden is causing health and safety issues for adjoining homes<\/li>\n<\/ul>\n<p><strong>We do not operate a 24 hour response to accumulation of waste complaints.<\/strong><\/p>\n\n<h2>We recommend you contact the owner\/occupier before making a complaint<\/h2>\n\n<p>Before submitting a complaint, we suggest you first contact the owner\/occupier first, provided you are comfortable to do so \u2013 why not download our letter template? Contacting the owner\/occupier may resolve the problem more quickly and often leads to a better long term solution.<\/p>\n\n<h2>What to expect when you submit a complaint<\/h2>\n\n<p>Our first step will be to contact you and the owner\/occupier to arrange a time to visit to assess the situation. Where a nuisance or a health risk exists, we\u00a0will tell the owner\/occupier to clear it. If they do not, we can serve a legal notice requiring the owner\/occupier to remove the rubbish within a certain period of time. If they still do not comply, we can make arrangements for the rubbish to be removed and recover the costs from the owner\/occupier. In some circumstances we may also consider prosecution.\u00a0<\/p>\n\n<h2>Dumped rubbish\/fly tipping on public land<\/h2>\n\n<p>If you want to report dumped rubbish\/fly tipping on public land or the highway, please fill in our fly tipping report form.<\/p>\n\n<h2>Dirty streets<\/h2>\n\n<p>If you want to report street scene issues, such as dirty streets, please fill in our street cleansing report form.<\/p>\n\n<p><strong>Please use this form to report an accumulation of waste issue. As part of this form, we will ask you for your email address. This is so we can keep you up to date on what we will do to resolve\/address your issue.<\/strong><\/p>\n","progressBar":"0","allowUnregistered":"1","resumeAtStart":"1","reCaptcha":"0","internalOnly":0,"metadata":{"id":"368","itemID":"506","creator":"Yelena Tomina CRM","contributor":"","publisher":"Lichfield District Council","rights":"\u00a9 Copyright 2005 (updated 2018) Lichfield District Council","source":"","status":"V1.0 Public Consumption","coverage":"Alrewas, Armitage, Burntwood (town), Chorley, Clifton Campville Colton, Curborough, Drayton Bassett, Edingale, Elford, Elmhurst, Farewell, Fazeley, Fisherwick, Fradley, Hammerwich, Hamstall Ridware, Handsacre, Harlaston, Hints, Hopwas, Kings Bromley, Lichfield (city), Longdon, Mavesyn Ridware, Packington, Shenstone, Streethay, Swinfen, Thorpe Constantine, Wall, Weeford, Whittington, Wigginton, Lichfield District","created":1583452800,"modified":1583452800,"valid":null,"expired":null,"format":"text\/html","language":"en","subject":"Accumulation of waste report form","description":"Accumulation of waste report form"},"categories":[{"id":"3553","categoryType":"Navigation","itemID":506,"categoryID":"200128"}]}