{"id":1469,"name":"If other","type":"literal","internalOnly":false,"formula":"[\"#0\",\"#1\",\"#2\"]","decimalPlaces":null,"inputs":[{"field":"#0","type":"answer","value":"1207-sa9e5a774fc4aec3d5f3da219cca63795355942e9-q8c66dda6b76ee7bdf4709e6321cdce8db9eb1828","secondaryValue":null},{"field":"#1","type":"answer","value":"1207-s32b2809ab0b32a62f3aaf691438745bd0e9e3315-q8f7a5390d5223ae5184551feb94797144ab60f18","secondaryValue":null},{"field":"#2","type":"answer","value":"1207-s7a0bd7fe464c74de09ee0927991121202a66395f-q9b4cee1eae93f556e3692b1db5c2cf78c8cd410a","secondaryValue":null}],"conditional":null}