{"id":1470,"name":"location","type":"predefined","internalOnly":false,"formula":"9887ad7b120fcc247ac9650602377a7c68a6c001","decimalPlaces":null,"inputs":[{"field":"questionA","type":"answer","value":"1206-s8b76c02589bbd7244640ca247eed3f2da768d305-q9ea4d37af98d370f1219842f2c46059c2c63a468","secondaryValue":"retraced"},{"field":"questionB","type":"answer","value":"1206-s5773c043fc1dde01256236f166a09b63a44dd489-q45632df0c1d4e7b347d84ae4b37d456972fa9b5c","secondaryValue":"retraced"}],"conditional":null}