[{"contentIdentifier":"467_template-subject","contentType":"ActionTemplateMapping","field":"0","type":"variable","value":"c347f337d25a7206fa8d27d9ddc3eec350002c79","secondaryValue":null},{"contentIdentifier":"467_content","contentType":"ActionTemplateMapping","field":"0","type":"logic","value":"349","secondaryValue":null},{"contentIdentifier":"467_content","contentType":"ActionTemplateMapping","field":"1","type":"variable","value":"cc6e461d77679169e25353042fff9ba6aa9a6c5a_fe_visible_label","secondaryValue":null},{"contentIdentifier":"468_template-to","contentType":"ActionTemplateMapping","field":"0","type":"answer","value":"333-main-qd6ff92d0ef2baef412828d1c7c583cb0f996b683","secondaryValue":null},{"contentIdentifier":"468_template-subject","contentType":"ActionTemplateMapping","field":"0","type":"variable","value":"c347f337d25a7206fa8d27d9ddc3eec350002c79","secondaryValue":null},{"contentIdentifier":"469_content","contentType":"ActionTemplateMapping","field":"0","type":"variable","value":"c347f337d25a7206fa8d27d9ddc3eec350002c79","secondaryValue":null}]