{"id":481,"actionType":"be4e8e2d0338ca30919508fcd48c7041e43bf54a","title":"Internal Notification","mappings":[{"field":"template-to","type":"static","value":"test@test.test","secondaryValue":null,"label":"To"},{"field":"template-from","type":"static","value":"test@test.test","secondaryValue":null,"label":"From"},{"field":"template-subject","type":"static","value":"New Report of Dog Off a Lead - Ref: {{0}}","secondaryValue":null,"label":"Subject"},{"field":"format","type":"static","value":"HTML","secondaryValue":null,"label":"Format"},{"field":"content","type":"static","value":"\n<p>A dog has been reported off a lead. Details for investigation are:<\/p>\n\n<p>{{0}}<\/p>\n","secondaryValue":null,"label":"Content"},{"field":"contentPlain","type":"static","value":"","secondaryValue":null,"label":"Content"},{"field":"attachmentType","type":"static","value":"None","secondaryValue":null,"label":"Attachment"},{"field":"attachmentFormat","type":"static","value":"PDF","secondaryValue":null,"label":"Attachment format"},{"field":"attachmentContent","type":"static","value":"","secondaryValue":null,"label":"Attachment content"},{"field":"attachmentPlain","type":"static","value":"","secondaryValue":null,"label":"Attachment content"}]}