{"id":1020,"actionType":"f7df023a569a4e4bef43b91839fa1c8fcfd0f3ab","title":"Thank you for submitting an accumulation of waste report","mappings":[{"field":"content","type":"static","value":"\n<p><strong>Your case reference number is:\u00a0{{0}}<\/strong><\/p>\n\n<p>Our environmental health team will investigate your report within 2 \u2013 5 working days.<\/p>\n\n<p>We will then contact you to update you on the outcome of the investigation.<\/p>\n\n<p>If you have any questions, please email xxx@xxx.co.uk stating your case reference number.<\/p>\n\n<p>Kind regards,<\/p>\n\n<p>The environmental health team<\/p>\n","secondaryValue":null,"label":"Content"}]}