[{"contentIdentifier":"1151_content","contentType":"ActionTemplateMapping","field":"0","type":"variable","value":"Jadu\\XFormsPro\\Bundle\\StandardFormComponentBundle\\VariableDefinition\\UserFormIdentifierDefinition","secondaryValue":null},{"contentIdentifier":"1152_template-to","contentType":"ActionTemplateMapping","field":"0","type":"answer","value":"1337-main-q370ec6b2a7876ff65ba84a5c19b6ecae5d3216bf","secondaryValue":null},{"contentIdentifier":"1152_template-subject","contentType":"ActionTemplateMapping","field":"0","type":"variable","value":"Jadu\\XFormsPro\\Bundle\\StandardFormComponentBundle\\VariableDefinition\\FormTitleDefinition","secondaryValue":null},{"contentIdentifier":"1152_template-subject","contentType":"ActionTemplateMapping","field":"1","type":"variable","value":"Jadu\\XFormsPro\\Bundle\\StandardFormComponentBundle\\VariableDefinition\\UserFormIdentifierDefinition","secondaryValue":null},{"contentIdentifier":"1152_content","contentType":"ActionTemplateMapping","field":"0","type":"variable","value":"Jadu\\XFormsPro\\Bundle\\StandardFormComponentBundle\\VariableDefinition\\AllQuestionAnswers\\FrontEndLabelsAndHidden","secondaryValue":null},{"contentIdentifier":"1153_template-from","contentType":"ActionTemplateMapping","field":"0","type":"answer","value":"1337-main-q370ec6b2a7876ff65ba84a5c19b6ecae5d3216bf","secondaryValue":null},{"contentIdentifier":"1153_template-subject","contentType":"ActionTemplateMapping","field":"0","type":"variable","value":"Jadu\\XFormsPro\\Bundle\\StandardFormComponentBundle\\VariableDefinition\\FormTitleDefinition","secondaryValue":null},{"contentIdentifier":"1153_template-subject","contentType":"ActionTemplateMapping","field":"1","type":"variable","value":"Jadu\\XFormsPro\\Bundle\\StandardFormComponentBundle\\VariableDefinition\\UserFormIdentifierDefinition","secondaryValue":null},{"contentIdentifier":"1153_content","contentType":"ActionTemplateMapping","field":"0","type":"variable","value":"Jadu\\XFormsPro\\Bundle\\StandardFormComponentBundle\\VariableDefinition\\AllQuestionAnswers\\InternalLabelsAndHidden","secondaryValue":null}]