{"id":242,"name":"Address logic","type":"conditional","internalOnly":false,"formula":"","decimalPlaces":null,"inputs":[],"conditional":{"id":42,"else":{"type":"questionresponseclause","value":{"question":"{\"value\":\"1538-main-q830756892b89c23a82cf9808ceeaf5e4ef263cf8\",\"secondaryValue\":\"retraced\",\"type\":\"answer\"}"}},"statements":[{"conditions":[{"label":"If","type":"ifcondition","clauseA":{"type":"questionresponseclause","value":{"question":"{\"value\":\"1538-main-q830756892b89c23a82cf9808ceeaf5e4ef263cf8\",\"secondaryValue\":\"uprn\",\"type\":\"answer\"}"}},"clauseB":{"type":"staticvalueclause","value":{"staticText":"111111"}},"operator":"is equal to","conditions":[]}],"return":{"type":"questionresponseclause","value":{"question":"{\"value\":\"1538-s12e1dc43fb7daa07b21e93724817c6a052239f94-q4ad0941998f1ab790dbe907522246750d96de5c9\",\"type\":\"answer\"}"}}}]}}