{"id":1619,"name":"Start date","type":"predefined","internalOnly":false,"formula":"ac8a470eec6ffc594794e3a7363b0dc1b830e72d","decimalPlaces":null,"inputs":[{"field":"date","type":"variable","value":"Jadu\\XFormsPro\\Bundle\\StandardFormComponentBundle\\VariableDefinition\\UserFormStartDateDefinition","secondaryValue":null},{"field":"inputFormat","type":"static","value":"d\/m\/Y","secondaryValue":null},{"field":"outputFormat","type":"static","value":"d\/m\/Y","secondaryValue":null},{"field":"difference","type":"static","value":"plus","secondaryValue":null},{"field":"days","type":"static","value":"2","secondaryValue":null},{"field":"type","type":"static","value":"days","secondaryValue":null}],"conditional":null}