{"form.json":"93b3b1dfa3ba1a69867176299d49dff04be3ea96","page-templates\/COVID_19_-_Volunteer_support_data_protection_(465)_(537).json":"7a764864f37d023b6a6b520cf5f04ccd531b590b","page-templates\/Disclosure_and_Barring_Service_information.json":"a0c677e2113fffcee0689d0a96e81604faedbe81","page-templates\/Driving_(150)_(465)_(537).json":"413b37c13638d7019273246012bc00e4de80f995","page-templates\/Locality_of_support_(150)_(465)_(537).json":"8f26a4879749e05e60346e6491c32fdc6613266e","page-templates\/Volunteering_help.json":"d868e15ce2e6b89abf446d5a4963c1251ea97ca7","page-templates\/Your_details_-_volunteer_(150)_(465)_(537).json":"fc6d6cf913360ac0e6ba1c52820a65f2a94cc7cd","structure\/pages.json":"ba4799a65b492625fde2cc0493826287a7ed0ab4","structure\/branching.json":"90204d314c87a20fe2fe0307ddc6b510446ffd76","actions\/rules\/Create_Case.json":"9b91a8e264e09274cd6c1b19ee36ba3d128de67e","actions\/rules\/End_of_form.json":"7030981a509fade2631e2a178114eb0808549725","actions\/templates\/Crate_case_template.json":"8f752a97c5e27962ab175cb4ffc9f9478a7912fe","actions\/templates\/End_of_form.json":"6a0bac984fb5b2451949ac7c1427865dfc8b5a93","misc\/pdfs.json":"97d170e1550eee4afc0af065b78cda302a97674c","misc\/prefills.json":"97d170e1550eee4afc0af065b78cda302a97674c","misc\/placeholders.json":"c513f658a4d20fb064859d91df51e3f799e11345","misc\/logic_definitions.json":"97d170e1550eee4afc0af065b78cda302a97674c","misc\/logics\/Address_for_CXM.json":"8685863798c0a0593ecfb6b31d460a1f29b9b76b","misc\/ic_inputs.json":"97d170e1550eee4afc0af065b78cda302a97674c","misc\/data-retention.json":"fa8b819d756eec4a4f185f5465ef79b349ea9ce4"}