{"title":"COVID-19 Volunteer to help in your community with DBS and Driver info","instructions":"\n<p>Lots of\u00a0residents want to volunteer to help people affected by the virus.\u00a0\u00a0If you're healthy, you can sign up here to get involved.\u00a0\u00a0\u00a0We\u2019re working with our voluntary sector partners to coordinate our effort and ensure the most vulnerable people get the help they need.<\/p>\n\n<p>The purpose of this form is to collect your contact details so we can match volunteers with the tasks and services that are needed. We ask for your email address, phone number, name and postcode, along with some details about the support you would like to offer.\u00a0<\/p>\n\n<p>Thank you for your help!<\/p>\n","progressBar":"0","allowUnregistered":"1","resumeAtStart":"0","reCaptcha":"0","internalOnly":0,"metadata":{"id":"399","itemID":"537","creator":"Amit Mistry","contributor":"","publisher":"Central Bedfordshire Council","rights":"Central Bedfordshire Council","source":"","status":"V1.0 Public Consumption","coverage":"UK","created":1586818800,"modified":1586818800,"valid":null,"expired":null,"format":"text\/html","language":"en","subject":"","description":"COVID-19 Volunteer to help in your community with DBS and Driver info"},"categories":[{"id":"3648","categoryType":"Navigation","itemID":537,"categoryID":"100003"}]}