{"id":410,"name":"Help needed","type":"literal","internalOnly":false,"formula":"[\"#0\",\"#1\",\"#2\",\"#3\"]","decimalPlaces":null,"inputs":[{"field":"#0","type":"label","value":"1192-main-q9cc32cecedc5cacbfc76f2cbc534d9d085d03bba","secondaryValue":null},{"field":"#1","type":"label","value":"1193-main-q9cc32cecedc5cacbfc76f2cbc534d9d085d03bba","secondaryValue":null},{"field":"#2","type":"answer","value":"1192-main-q20cb71cccb223b04c396c8b18ec4dff96df5af7b","secondaryValue":null},{"field":"#3","type":"answer","value":"1193-main-q20cb71cccb223b04c396c8b18ec4dff96df5af7b","secondaryValue":null}],"conditional":null}