{"title":"Covid-19 Urgent Business Grant Payment","instructions":"\n<p><strong>GRANT SUPPORT TO SMALL BUSINESSES AND RETAIL, HOSPITALITY AND LEISURE BUSINESSES IN ENGLAND.<\/strong><\/p>\n\n<p><strong>Small Business Grant Fund<\/strong><br>\nHereditaments included in this scheme are those which on the 11 March 2020 were eligible for relief under the business rate Small Business Rate Relief Scheme (including those with a Rateable Value between \u00a312,000 and \u00a315,000 which receive tapered relief). Each eligible business will receive a grant of \u00a310,000. Eligible recipients will receive one grant per hereditament.\u00a0<\/p>\n\n<p><strong>Retail, Hospitality and Leisure Grant<\/strong><br>\nThere will be two levels of grants<\/p>\n\n<p>\u2022\u00a0\u00a0 \u00a0\u00a325,000 for properties with a rateable value of more than \u00a315,000 but less than \u00a351,000;<br>\n\u2022\u00a0\u00a0 \u00a0\u00a310,000 for properties with a rateable value of \u00a315,000 or less.<\/p>\n\n<p>Grants will be provided in respect of each hereditament; therefore, businesses with multiple outlets would receive more than one grant and may receive grants from separate Local Authorities<\/p>\n\n<p><strong>These grants are only available to the person\/business liable to pay Business Rates on the <em>11 March 2020<\/em>. The Government will not accept deliberate manipulation and fraud, any business caught falsifying their records to gain additional grant money will face prosecution and any funding issued will be subject to claw back.\u00a0<\/strong><\/p>\n\n<p><a class=\"m_-4588142670317936584btn-primary\" href=\"https:\/\/www.gov.uk\/government\/publications\/guidance-to-employers-and-businesses-about-covid-19\/covid-19-support-for-businesses\" style=\"BOX-SIZING: border-box; FONT-SIZE: 14px; TEXT-DECORATION: none; BORDER-TOP: #007b83 10px solid; FONT-FAMILY: 'Helvetica Neue',Helvetica,Arial,sans-serif; BORDER-RIGHT: #007b83 20px solid; BORDER-BOTTOM: #007b83 10px solid; TEXT-TRANSFORM: capitalize; FONT-WEIGHT: bold; COLOR: white; TEXT-ALIGN: center; MARGIN: 0px; BORDER-LEFT: #007b83 20px solid; DISPLAY: inline-block; LINE-HEIGHT: 2em; BACKGROUND-COLOR: #007b83; border-radius: 50px\" target=\"_blank\">Further information regarding Grants<\/a><\/p>\n\n<p>If you have received a letter from us with regards to these grants, you must provide this information through the link below to enable us to process the grant payment. If you have not received a letter from us and think you may be eligible based on the criteria above, please contact us on xxxxx xxxxxxx<\/p>\n","progressBar":"0","allowUnregistered":"1","resumeAtStart":"1","reCaptcha":"0","internalOnly":0,"metadata":{"id":"386","itemID":"524","creator":"Tom Berey","contributor":"","publisher":"Stoke-on-Trent City Council","rights":"Copyright Stoke-on-Trent City Council","source":"","status":"V1.0 Public Consumption","coverage":"Stoke-on-Trent, Staffordshire, England, United Kingdom","created":1585695600,"modified":1585695600,"valid":null,"expired":null,"format":"text\/html","language":"en","subject":"","description":"Covid-19 Urgent Business Grant Payment"},"categories":[{"id":"3615","categoryType":"Navigation","itemID":524,"categoryID":"200128"}]}