[{"contentIdentifier":"1055_template-to","contentType":"ActionTemplateMapping","field":"0","type":"answer","value":"1238-s3c26623b5f040f2eb656ad0e15e550c186e01fa5-qea78fe749cae992557f0fe97a4f12985fd4c57eb","secondaryValue":null},{"contentIdentifier":"1055_template-to","contentType":"ActionTemplateMapping","field":"1","type":"answer","value":"1238-s6c8bc195cda084cbbc3af3d8315ca1d4f60c54f8-q24bc3209ae806cffab15af64ae803dba79f1cf29","secondaryValue":null},{"contentIdentifier":"1055_content","contentType":"ActionTemplateMapping","field":"0","type":"variable","value":"Jadu\\XFormsPro\\Bundle\\StandardFormComponentBundle\\VariableDefinition\\UserFormIdentifierDefinition","secondaryValue":null},{"contentIdentifier":"1056_content","contentType":"ActionTemplateMapping","field":"0","type":"variable","value":"Jadu\\XFormsPro\\Bundle\\StandardFormComponentBundle\\VariableDefinition\\UserFormIdentifierDefinition","secondaryValue":null}]