{"id":898,"isFormSpecific":true,"version":{"metadata":{"id":2387,"title":"About you (coronavirus support) (588) (526)","instructions":""},"sections":[{"name":"main","title":"main","showTitle":null,"hideInitially":null,"triggerQuestionName":null,"triggerQuestionSecondaryField":null,"triggerQuestionSection":null,"triggerOperator":null,"triggerAnswerValue":null,"isRepeatableQuestion":null,"repeatableQuestionSettings":[],"structure":"[{\"type\":\"question\",\"name\":\"q4b2ab10f4dc438d86128f569d34feb059b92340e\"},{\"type\":\"question\",\"name\":\"qf9e9597e3abcfcf524c7e7a9ae30fb435faafa65\"},{\"type\":\"question\",\"name\":\"q543d83068022f797575bc69157f1a9d6aea4cc41\"},{\"type\":\"question\",\"name\":\"q57c0e3e573f8c825c9621ec1a277aea3fcbb8c3f\"},{\"type\":\"question\",\"name\":\"qd0427fd1cd91054d7962e5072b2fa8587ec43cbe\"},{\"type\":\"question\",\"name\":\"q985ff0838fc2cdffeaba2f93d621b7042f39619a\"}]","questions":[{"name":"q4b2ab10f4dc438d86128f569d34feb059b92340e","text":"Your first name","guid":"Jadu\\XFormsPro\\Bundle\\StandardFormComponentBundle\\Component\\TextField\\TextFieldComponent","settings":[{"name":"required","value":"true"}]},{"name":"qf9e9597e3abcfcf524c7e7a9ae30fb435faafa65","text":"Your last name","guid":"Jadu\\XFormsPro\\Bundle\\StandardFormComponentBundle\\Component\\TextField\\TextFieldComponent","settings":[{"name":"required","value":"true"}]},{"name":"q543d83068022f797575bc69157f1a9d6aea4cc41","text":"Your email address","guid":"Jadu\\XFormsPro\\Bundle\\StandardFormComponentBundle\\Component\\TextField\\TextFieldComponent","settings":[{"name":"validation","value":"4"}]},{"name":"q57c0e3e573f8c825c9621ec1a277aea3fcbb8c3f","text":"Your phone number","guid":"Jadu\\XFormsPro\\Bundle\\StandardFormComponentBundle\\Component\\TextField\\TextFieldComponent","settings":[{"name":"validation","value":"7"},{"name":"required","value":"true"}]},{"name":"qd0427fd1cd91054d7962e5072b2fa8587ec43cbe","text":"Your address","guid":"Jadu\\XFormsPro\\Bundle\\StandardFormComponentBundle\\Component\\IntegratedComponent\\IntegratedComponent","settings":[{"name":"required","value":"true"},{"name":"type","value":"Jadu\\XFormsPro\\Bundle\\StandardFormComponentBundle\\IntegratedComponent\\PostcodeLookup\\PostcodeLookupIntegratedComponent"}]},{"name":"q985ff0838fc2cdffeaba2f93d621b7042f39619a","text":"Tell us if:","guid":"Jadu\\XFormsPro\\Bundle\\StandardFormComponentBundle\\Component\\Checkboxes\\CheckboxesComponent","settings":[{"name":"required","value":"true"},{"name":"help","value":"Select all that apply"},{"name":"answers","value":"[{\"value\":\"youre_over_70\",\"text\":\"You're over 70\",\"data\":\"\",\"internal\":false},{\"value\":\"you_live_alone\",\"text\":\"You live alone\",\"data\":\"\",\"internal\":false},{\"value\":\"you_have_underlying_health_conditions\",\"text\":\"You have underlying health conditions\",\"data\":\"\",\"internal\":false},{\"value\":\"none_of_these\",\"text\":\"None of these\",\"data\":\"\",\"internal\":false}]"}]}],"clauseType":null,"data":null}]}}