{"id":899,"isFormSpecific":false,"version":{"metadata":{"id":2388,"title":"Manually add address","instructions":""},"sections":[{"name":"main","title":"main","showTitle":null,"hideInitially":null,"triggerQuestionName":null,"triggerQuestionSecondaryField":null,"triggerQuestionSection":null,"triggerOperator":null,"triggerAnswerValue":null,"isRepeatableQuestion":null,"repeatableQuestionSettings":[],"structure":"[{\"type\":\"question\",\"name\":\"q4401dffe22fc31dae23d84a3d4dfc35b5cf7710b\"},{\"type\":\"question\",\"name\":\"q67ed5f12facae77e481e05e70d2b4faf13cb01ce\"},{\"type\":\"question\",\"name\":\"qc31a25cc8518cd4c947a6562962b4fae55620ddd\"},{\"type\":\"question\",\"name\":\"q448db0759d1136a6fbb5feb0635a03d4f40a0b96\"}]","questions":[{"name":"q4401dffe22fc31dae23d84a3d4dfc35b5cf7710b","text":"House name or number","guid":"7d7527893d7f786c9073e6a651a9c26181d9a661","settings":[{"name":"required","value":"true"}]},{"name":"q67ed5f12facae77e481e05e70d2b4faf13cb01ce","text":"Street","guid":"7d7527893d7f786c9073e6a651a9c26181d9a661","settings":[{"name":"required","value":"true"}]},{"name":"qc31a25cc8518cd4c947a6562962b4fae55620ddd","text":"Town","guid":"7d7527893d7f786c9073e6a651a9c26181d9a661","settings":[{"name":"required","value":"true"}]},{"name":"q448db0759d1136a6fbb5feb0635a03d4f40a0b96","text":"Postcode","guid":"7d7527893d7f786c9073e6a651a9c26181d9a661","settings":[{"name":"required","value":"true"}]}],"clauseType":null,"data":null}]}}