{"id":900,"isFormSpecific":true,"version":{"metadata":{"id":2389,"title":"What help do you need? (588) (526)","instructions":""},"sections":[{"name":"see880630ddad262382b8a040e4b79d493a10e784","title":"What else do you need help with?","showTitle":false,"hideInitially":true,"triggerQuestionName":"q9740829836d3c7d1a9f5c023a92ed54d437df247","triggerQuestionSecondaryField":null,"triggerQuestionSection":"main","triggerOperator":"selection contains","triggerAnswerValue":"[\"other\"]","isRepeatableQuestion":false,"repeatableQuestionSettings":[],"structure":"[{\"type\":\"question\",\"name\":\"qb213109554e1c8068f1818cee0aadacaa51b39b8\"}]","questions":[{"name":"qb213109554e1c8068f1818cee0aadacaa51b39b8","text":"Tell us what help you need","guid":"Jadu\\XFormsPro\\Bundle\\StandardFormComponentBundle\\Component\\TextArea\\TextAreaComponent","settings":[{"name":"required","value":"true"},{"name":"rows","value":"4"},{"name":"cols","value":"40"}]}],"clauseType":null,"data":null},{"name":"main","title":"main","showTitle":null,"hideInitially":null,"triggerQuestionName":null,"triggerQuestionSecondaryField":null,"triggerQuestionSection":null,"triggerOperator":null,"triggerAnswerValue":null,"isRepeatableQuestion":null,"repeatableQuestionSettings":[],"structure":"[{\"type\":\"question\",\"name\":\"q9740829836d3c7d1a9f5c023a92ed54d437df247\"},{\"type\":\"section\",\"name\":\"see880630ddad262382b8a040e4b79d493a10e784\"},{\"type\":\"question\",\"name\":\"q7a2c0dfc8a6a58ebbe2196b83a83db65f084a44b\"},{\"type\":\"question\",\"name\":\"qc455577dbc7280c37750f8564f89bebd071db7f4\"}]","questions":{"0":{"name":"q9740829836d3c7d1a9f5c023a92ed54d437df247","text":"What do you need help with?","guid":"Jadu\\XFormsPro\\Bundle\\StandardFormComponentBundle\\Component\\Checkboxes\\CheckboxesComponent","settings":[{"name":"required","value":"true"},{"name":"help","value":"We can't buy shopping that's more than \u00a315.  Our volunteers can't handle cash. We will let you know how you can pay for the things you need."},{"name":"answers","value":"[{\"value\":\"food_or_supplies\",\"text\":\"Food or supplies\",\"data\":\"\",\"internal\":false},{\"value\":\"money_advice\",\"text\":\"Money advice\",\"data\":\"\",\"internal\":false},{\"value\":\"medical_need\",\"text\":\"Medical need\",\"data\":\"\",\"internal\":false},{\"value\":\"feeling_isolated\",\"text\":\"Feeling isolated\",\"data\":\"\",\"internal\":false},{\"value\":\"other\",\"text\":\"Other\",\"data\":\"\",\"internal\":false}]"}]},"2":{"name":"q7a2c0dfc8a6a58ebbe2196b83a83db65f084a44b","text":"When do you need the help?","guid":"Jadu\\XFormsPro\\Bundle\\StandardFormComponentBundle\\Component\\RadioButtons\\RadioButtonsComponent","settings":[{"name":"required","value":"true"},{"name":"answers","value":"[{\"value\":\"straight_away\",\"text\":\"Straight away\",\"data\":\"\",\"internal\":false},{\"value\":\"1-3_days\",\"text\":\"1-3 days\",\"data\":\"\",\"internal\":false},{\"value\":\"within_a_week\",\"text\":\"Within a week\",\"data\":\"\",\"internal\":false},{\"value\":\"later_than_this\",\"text\":\"Later than this\",\"data\":\"\",\"internal\":false}]"}]},"3":{"name":"qc455577dbc7280c37750f8564f89bebd071db7f4","text":"Privacy notice","guid":"Jadu\\XFormsPro\\Bundle\\StandardFormComponentBundle\\Component\\Checkboxes\\CheckboxesComponent","settings":[{"name":"required","value":"true"},{"name":"answers","value":"[{\"value\":\"i_agree_that_you_may_share_my_details_with_relevant_third_parties\",\"text\":\"I agree that you may share my details with relevant third parties\",\"data\":\"\",\"internal\":false}]"}]}},"clauseType":null,"data":null}]}}