[{"contentIdentifier":"2216","contentType":"PageMetadata","field":"0","type":"logic","value":"1471","secondaryValue":null},{"contentIdentifier":"2216","contentType":"PageMetadata","field":"1","type":"logic","value":"1472","secondaryValue":null},{"contentIdentifier":"2216","contentType":"PageMetadata","field":"2","type":"logic","value":"1473","secondaryValue":null},{"contentIdentifier":"1039_template-to","contentType":"ActionTemplateMapping","field":"0","type":"answer","value":"1222-main-qe47e13800646ac2fe5e5cbc898178242492688da","secondaryValue":null},{"contentIdentifier":"1039_content","contentType":"ActionTemplateMapping","field":"0","type":"variable","value":"Jadu\\XFormsPro\\Bundle\\StandardFormComponentBundle\\VariableDefinition\\UserFormIdentifierDefinition","secondaryValue":null},{"contentIdentifier":"1040_content","contentType":"ActionTemplateMapping","field":"0","type":"variable","value":"Jadu\\XFormsPro\\Bundle\\StandardFormComponentBundle\\VariableDefinition\\UserFormIdentifierDefinition","secondaryValue":null}]