[{"pageID":"1219","sectionName":"main","questionName":"qf73a304d793f49cdf2ca6836e6dd357155818136","questionSecondaryField":"","sourceType":"logic","sourceValue":"1472","sourceSecondaryField":null},{"pageID":"1222","sectionName":"main","questionName":"q36997055a90eee15435b2af560c6d5d7e8d580d2","questionSecondaryField":"","sourceType":"variable","sourceValue":"a57daf39a46f4e0062d06271b372c8e195977ff0","sourceSecondaryField":null},{"pageID":"1222","sectionName":"main","questionName":"qcc413fc9ca93b9b060595a6ba0db1dab4821225e","questionSecondaryField":"","sourceType":"variable","sourceValue":"f2032940399e78947c863625cb1326567310e5b1","sourceSecondaryField":null},{"pageID":"1222","sectionName":"main","questionName":"qe47e13800646ac2fe5e5cbc898178242492688da","questionSecondaryField":"","sourceType":"variable","sourceValue":"a51f75f842295797c320f63e990e72bbc67368cf","sourceSecondaryField":null},{"pageID":"1222","sectionName":"main","questionName":"q412eb6d03850b6c6ea1feabae446988fdedaa837","questionSecondaryField":"","sourceType":"variable","sourceValue":"55c7b79927bc4a011da91c6b69d1b085132def5e","sourceSecondaryField":null},{"pageID":"1222","sectionName":"main","questionName":"q676cc7c26484b286625b532183676173973b2de8","questionSecondaryField":"","sourceType":"variable","sourceValue":"570e97f69b2e66c8536da63466516add4774b0ef","sourceSecondaryField":null},{"pageID":"1222","sectionName":"main","questionName":"q676cc7c26484b286625b532183676173973b2de8","questionSecondaryField":"data_1_0","sourceType":"variable","sourceValue":"13bb4271358dcb41630d1f0874e317ecef3b3cfc","sourceSecondaryField":null}]