{"title":"Basic Comments Form","instructions":"<p>If you have an idea for improving services, or you want to comment on what we do, we would like to hear from you.<\/p>","progressBar":"0","allowUnregistered":"1","resumeAtStart":"0","reCaptcha":"0","internalOnly":0,"metadata":{"id":"165","itemID":"303","creator":"Paul Johnson","contributor":"","publisher":"Sandbox 04","rights":"Sandbox 04","source":"","status":"V1.0 Public Consumption","coverage":"UK","created":1569798000,"modified":1569798000,"valid":null,"expired":null,"format":"text\/html","language":"en","subject":"","description":"If you have an idea for improving services, or you want to comment on what we do, we would like to hear from you."},"categories":[{"id":"2874","categoryType":"Navigation","itemID":303,"categoryID":"200129"}]}