{"id":959,"isFormSpecific":true,"version":{"metadata":{"id":2522,"title":"Book to visit the tip (542)","instructions":""},"sections":[{"name":"sf7be29fd65d40dd1ac496d59bb9eb7205f57bf4f","title":"Resident info","showTitle":false,"hideInitially":true,"triggerQuestionName":"qc3c5c5e5fa0df6a7423b78d5fe071ef20ee64dc2","triggerQuestionSecondaryField":null,"triggerQuestionSection":"main","triggerOperator":"equal","triggerAnswerValue":"resident","isRepeatableQuestion":false,"repeatableQuestionSettings":[],"structure":"[{\"type\":\"question\",\"name\":\"qc240a8bca06f2661d2f6df8cd7dea297fb6dc9cb\"}]","questions":[{"name":"qc240a8bca06f2661d2f6df8cd7dea297fb6dc9cb","text":"What is your postcode","guid":"Jadu\\XFormsPro\\Bundle\\StandardFormComponentBundle\\Component\\TextField\\TextFieldComponent","settings":[{"name":"validation","value":"6"},{"name":"required","value":"true"},{"name":"help","value":"You'll need to bring proof of your address to the HWRC, as we may check this when you visit."}]}],"clauseType":null,"data":null},{"name":"scca45d7be48cd658f2cc26f1766ac83bdfae0b08","title":"Business info","showTitle":false,"hideInitially":true,"triggerQuestionName":"qc3c5c5e5fa0df6a7423b78d5fe071ef20ee64dc2","triggerQuestionSecondaryField":null,"triggerQuestionSection":"main","triggerOperator":"equal","triggerAnswerValue":"business","isRepeatableQuestion":false,"repeatableQuestionSettings":[],"structure":"[{\"type\":\"question\",\"name\":\"qdfa2dbb82a68ad37b92fc191454e5dcc162adfc7\"},{\"type\":\"question\",\"name\":\"qd3f805975ce9b6592227427f3cb1f83ffb8bbd9d\"},{\"type\":\"question\",\"name\":\"qb767af66cf6d29ab30d6abd9a2a0843a2f6c127a\"}]","questions":[{"name":"qdfa2dbb82a68ad37b92fc191454e5dcc162adfc7","text":"What's your registered business name?","guid":"Jadu\\XFormsPro\\Bundle\\StandardFormComponentBundle\\Component\\TextField\\TextFieldComponent","settings":[{"name":"required","value":"true"}]},{"name":"qd3f805975ce9b6592227427f3cb1f83ffb8bbd9d","text":"Business waste advice","guid":"Jadu\\XFormsPro\\Bundle\\StandardFormComponentBundle\\Component\\TextBlock\\TextBlockComponent","settings":[{"name":"value","value":"<p>Please be aware that INSERT INFOM ON WASTE PERMITS APPLY and you can only bring waste which you can unload without help, at this time... INSERT WORDING ABOUT &#39;business use rules will resume, eg invoicing for weigh bridge&#39;...&nbsp;<\/p>"}]},{"name":"qb767af66cf6d29ab30d6abd9a2a0843a2f6c127a","text":"What is the postcode of your business","guid":"Jadu\\XFormsPro\\Bundle\\StandardFormComponentBundle\\Component\\TextField\\TextFieldComponent","settings":[{"name":"validation","value":"6"},{"name":"required","value":"true"},{"name":"help","value":"You'll need to bring proof of your business having a local address, as we may check this when you visit the HWRC."}]}],"clauseType":null,"data":null},{"name":"seacd9e4587883c755e94442fcf73b3c65c3ea17f","title":"Calendar - site 1","showTitle":false,"hideInitially":true,"triggerQuestionName":"qe7b7c40d3145454924a183f55031749416c62aec","triggerQuestionSecondaryField":null,"triggerQuestionSection":"main","triggerOperator":"equal","triggerAnswerValue":"1","isRepeatableQuestion":false,"repeatableQuestionSettings":[],"structure":"[{\"type\":\"question\",\"name\":\"q28104468d46ef4ee21e5869bddfccd346846bf6e\"},{\"type\":\"question\",\"name\":\"qbf78baf351a6ed502a569931d4588f156cdff92f\"}]","questions":[{"name":"q28104468d46ef4ee21e5869bddfccd346846bf6e","text":"Explain waste types - TowthorpeStrensall","guid":"Jadu\\XFormsPro\\Bundle\\StandardFormComponentBundle\\Component\\TextBlock\\TextBlockComponent","settings":[{"name":"value","value":"<h2>Taking green\/garden waste to the tip<\/h2>\n\n<p>Recycling or disposing&nbsp;of green\/garden&nbsp;waste is currently only possible at site 1&nbsp;HWRC; we cannot accept &#39;other waste&#39; at site 1&nbsp;HWRC at this time (due to service changes in response to the coronavirus pandemic).<\/p>"}]},{"name":"qbf78baf351a6ed502a569931d4588f156cdff92f","text":"Select a date and time to visit site 1 HWRC","guid":"Jadu\\XFormsPro\\Bundle\\StandardFormComponentBundle\\Component\\EventBooking\\EventBookingComponent","settings":[{"name":"required","value":"true"},{"name":"calendar","value":"AQMkADA4NTBhYjJkLWQ2ZTktNGI0Ny1hYzZiLTFhNGI5OQBjMDRlODcARgAAAyc0GgTOYQJBjNTdiATmAuYHAAgNOpd8R2lOi-Dl8W8L2ZQAAAIBBgAAAAgNOpd8R2lOi-Dl8W8L2ZQAAAIJPAAAAA=="},{"name":"configuration","value":"35"}]}],"clauseType":null,"data":null},{"name":"s21790323e58eac2b6fa390f87916b6dac43544f8","title":"Calendar - site 2","showTitle":false,"hideInitially":true,"triggerQuestionName":"qe7b7c40d3145454924a183f55031749416c62aec","triggerQuestionSecondaryField":null,"triggerQuestionSection":"main","triggerOperator":"equal","triggerAnswerValue":"2","isRepeatableQuestion":false,"repeatableQuestionSettings":[],"structure":"[{\"type\":\"question\",\"name\":\"q0160b32b17ba2f474f8b11cc66be95878f0e0307\"},{\"type\":\"question\",\"name\":\"qa61659f0d68bc273b44d118ea22f1b61e6272fd9\"}]","questions":[{"name":"q0160b32b17ba2f474f8b11cc66be95878f0e0307","text":"Explain waste types - Hazel Court","guid":"Jadu\\XFormsPro\\Bundle\\StandardFormComponentBundle\\Component\\TextBlock\\TextBlockComponent","settings":[{"name":"value","value":"<h2>Taking &#39;other&#39; waste to the tip<\/h2>\n\n<p>While site 2 HWRC cannot accept&nbsp;green\/garden waste&nbsp;at this time (due to service changes in response to the coronavirus pandemic)&nbsp;you can recycle or dispose of &#39;other&#39; waste at this location.<\/p>"}]},{"name":"qa61659f0d68bc273b44d118ea22f1b61e6272fd9","text":"Select a date and time to visit site 2 HWRC","guid":"Jadu\\XFormsPro\\Bundle\\StandardFormComponentBundle\\Component\\EventBooking\\EventBookingComponent","settings":[{"name":"required","value":"true"},{"name":"calendar","value":"AQMkADA4NTBhYjJkLWQ2ZTktNGI0Ny1hYzZiLTFhNGI5OQBjMDRlODcARgAAAyc0GgTOYQJBjNTdiATmAuYHAAgNOpd8R2lOi-Dl8W8L2ZQAAAIBBgAAAAgNOpd8R2lOi-Dl8W8L2ZQAAAIJPAAAAA=="},{"name":"configuration","value":"36"}]}],"clauseType":null,"data":null},{"name":"main","title":"main","showTitle":null,"hideInitially":null,"triggerQuestionName":null,"triggerQuestionSecondaryField":null,"triggerQuestionSection":null,"triggerOperator":null,"triggerAnswerValue":null,"isRepeatableQuestion":null,"repeatableQuestionSettings":[],"structure":"[{\"type\":\"question\",\"name\":\"qc3c5c5e5fa0df6a7423b78d5fe071ef20ee64dc2\"},{\"type\":\"section\",\"name\":\"sf7be29fd65d40dd1ac496d59bb9eb7205f57bf4f\"},{\"type\":\"section\",\"name\":\"scca45d7be48cd658f2cc26f1766ac83bdfae0b08\"},{\"type\":\"question\",\"name\":\"qba0ee0b20a62721800ed81779577088fc72e36b3\"},{\"type\":\"question\",\"name\":\"qe7b7c40d3145454924a183f55031749416c62aec\"},{\"type\":\"section\",\"name\":\"seacd9e4587883c755e94442fcf73b3c65c3ea17f\"},{\"type\":\"section\",\"name\":\"s21790323e58eac2b6fa390f87916b6dac43544f8\"}]","questions":{"0":{"name":"qc3c5c5e5fa0df6a7423b78d5fe071ef20ee64dc2","text":"Are you a local resident or do you have a business in the area?","guid":"Jadu\\XFormsPro\\Bundle\\StandardFormComponentBundle\\Component\\RadioButtons\\RadioButtonsComponent","settings":[{"name":"required","value":"true"},{"name":"answers","value":"[{\"value\":\"resident\",\"text\":\"I'm a local resident\",\"data\":\"\",\"internal\":false},{\"value\":\"business\",\"text\":\"I have a business in the area\",\"data\":\"\",\"internal\":false}]"}]},"3":{"name":"qba0ee0b20a62721800ed81779577088fc72e36b3","text":"What's the registration number of the vehicle you'll use to visit the tip?","guid":"Jadu\\XFormsPro\\Bundle\\StandardFormComponentBundle\\Component\\TextField\\TextFieldComponent","settings":[{"name":"required","value":"true"},{"name":"help","value":"You'll only be able to enter the tip\/HWRC if your vehicle registration number matches the details you provide at time of booking."}]},"4":{"name":"qe7b7c40d3145454924a183f55031749416c62aec","text":"What type of waste do you want to recycle\/dispose of?","guid":"Jadu\\XFormsPro\\Bundle\\StandardFormComponentBundle\\Component\\Dropdown\\DropdownComponent","settings":[{"name":"required","value":"true"},{"name":"help","value":""},{"name":"answers","value":"[{\"value\":\"1\",\"text\":\"Green\/garden waste\",\"data\":\"\",\"internal\":false},{\"value\":\"2\",\"text\":\"Other waste\",\"data\":\"\",\"internal\":false}]"},{"name":"empty_option","value":"Please select..."}]}},"clauseType":null,"data":null}]}}