{"id":955,"isFormSpecific":false,"version":{"metadata":{"id":2511,"title":"Generic Terms Agreement","instructions":""},"sections":[{"name":"main","title":"main","showTitle":null,"hideInitially":null,"triggerQuestionName":null,"triggerQuestionSecondaryField":null,"triggerQuestionSection":null,"triggerOperator":null,"triggerAnswerValue":null,"isRepeatableQuestion":null,"repeatableQuestionSettings":[],"structure":"[{\"type\":\"question\",\"name\":\"qaeac5179948d2f7b996c85fff141483ecbdaff00\"},{\"type\":\"question\",\"name\":\"qef3c8a7a6e3a7f63bf5778ee460296aa76c3005e\"}]","questions":[{"name":"qaeac5179948d2f7b996c85fff141483ecbdaff00","text":"Do you agree to the privacy notice?","guid":"Jadu\\XFormsPro\\Bundle\\StandardFormComponentBundle\\Component\\Checkboxes\\CheckboxesComponent","settings":[{"name":"required","value":"true"},{"name":"answers","value":"[{\"value\":\"i_have_read_and_agree_to_the_privacy_notice\",\"text\":\"I have read and agree to the privacy notice\",\"data\":\"\",\"internal\":false}]"}]},{"name":"qef3c8a7a6e3a7f63bf5778ee460296aa76c3005e","text":"Do you agree to the terms and conditions?","guid":"Jadu\\XFormsPro\\Bundle\\StandardFormComponentBundle\\Component\\Checkboxes\\CheckboxesComponent","settings":[{"name":"required","value":"true"},{"name":"answers","value":"[{\"value\":\"i_have_read_and_agree_to_the_terms_and_conditions\",\"text\":\"I have read and agree to the terms and conditions\",\"data\":\"\",\"internal\":false}]"}]}],"clauseType":null,"data":null}]}}