{"id":960,"isFormSpecific":true,"version":{"metadata":{"id":2523,"title":"Get details to your email address (542)","instructions":""},"sections":[{"name":"main","title":"main","showTitle":null,"hideInitially":null,"triggerQuestionName":null,"triggerQuestionSecondaryField":null,"triggerQuestionSection":null,"triggerOperator":null,"triggerAnswerValue":null,"isRepeatableQuestion":null,"repeatableQuestionSettings":[],"structure":"[{\"type\":\"question\",\"name\":\"q10d1ecc53e5624587c0ce18b6d04683c55877342\"},{\"type\":\"question\",\"name\":\"q9c3a8f9e48ad84c99cf5afa385f86cb705248773\"},{\"type\":\"question\",\"name\":\"q8029604bfd3085aa0dd2efddf109ad36df604948\"}]","questions":[{"name":"q10d1ecc53e5624587c0ce18b6d04683c55877342","text":"Email explaination","guid":"Jadu\\XFormsPro\\Bundle\\StandardFormComponentBundle\\Component\\TextBlock\\TextBlockComponent","settings":[{"name":"value","value":"<p>You must provide your email address so we can send confirmation of your booking to you - you&#39;ll need to show this when you arrive at the HWRC.<\/p>"}]},{"name":"q9c3a8f9e48ad84c99cf5afa385f86cb705248773","text":"Your email address","guid":"Jadu\\XFormsPro\\Bundle\\StandardFormComponentBundle\\Component\\TextField\\TextFieldComponent","settings":[{"name":"validation","value":"4"},{"name":"required","value":"true"},{"name":"confirmation_field","value":"Confirm your email address"}]},{"name":"q8029604bfd3085aa0dd2efddf109ad36df604948","text":"Internal use only","guid":"Jadu\\XFormsPro\\Bundle\\StandardFormComponentBundle\\Component\\TextField\\TextFieldComponent","settings":[{"name":"internal_only","value":"true"}]}],"clauseType":null,"data":null}]}}