{"id":315,"isFormSpecific":true,"version":{"metadata":{"id":811,"title":"Compliment Details","instructions":""},"sections":[{"name":"main","title":"main","showTitle":false,"hideInitially":false,"triggerQuestionName":null,"triggerQuestionSecondaryField":null,"triggerQuestionSection":null,"triggerOperator":null,"triggerAnswerValue":null,"isRepeatableQuestion":false,"repeatableQuestionSettings":[],"structure":"[{\"type\":\"question\",\"name\":\"q2f029d2600d1332b968f370779e20928850ca8ff\"},{\"type\":\"question\",\"name\":\"q89f38670b02320f0ea86ecccbc4b49876673f65f\"},{\"type\":\"question\",\"name\":\"q1bb3790be65aa826d541c7a6567895ff7838c5d8\"}]","questions":[{"name":"q2f029d2600d1332b968f370779e20928850ca8ff","text":"Please give details of your compliment","guid":"39c1d58d95f4fbb636ae61c4dccd9992ce707c24","number":1,"settings":[{"name":"required","value":"true"},{"name":"rows","value":"4"},{"name":"cols","value":"40"}]},{"name":"q89f38670b02320f0ea86ecccbc4b49876673f65f","text":"What would you like us to do next?","guid":"39c1d58d95f4fbb636ae61c4dccd9992ce707c24","number":1,"settings":[{"name":"required","value":"true"},{"name":"rows","value":"4"},{"name":"cols","value":"40"}]},{"name":"q1bb3790be65aa826d541c7a6567895ff7838c5d8","text":"Would you like to provide your details?","guid":"18eeb80469e722d4f3513ee0c5b183da219c6975","number":1,"settings":[{"name":"required","value":"true"},{"name":"answers","value":"[{\"value\":\"yes\",\"text\":\"Yes\",\"data\":\"\",\"internal\":false},{\"value\":\"no\",\"text\":\"No\",\"data\":\"\",\"internal\":false}]"},{"name":"empty_option","value":"Please select"}]}],"clauseType":null,"data":null}]}}