{"clauseStructure":[[{"clauseType":"002ff598115d84595ffeee6219cb5c03d3a1d4a6","data":"{\"question\":\"{\\\"value\\\":\\\"333-main-qd6ff92d0ef2baef412828d1c7c583cb0f996b683\\\",\\\"type\\\":\\\"answer\\\"}\",\"action\":\"was answered\"}"}]],"actions":[{"actionType":"f7df023a569a4e4bef43b91839fa1c8fcfd0f3ab","data":"{\"template\":\"469\"}"},{"actionType":"be4e8e2d0338ca30919508fcd48c7041e43bf54a","data":"{\"template\":\"468\"}"},{"actionType":"be4e8e2d0338ca30919508fcd48c7041e43bf54a","data":"{\"template\":\"467\"}"}],"title":"Form Submission (with Email)","runTime":"on-submit","enabled":true}