{"id":941,"isFormSpecific":true,"version":{"metadata":{"id":2700,"title":"Enquiry details","instructions":""},"sections":[{"name":"main","title":"main","showTitle":false,"hideInitially":false,"triggerQuestionName":null,"triggerQuestionSecondaryField":null,"triggerQuestionSection":null,"triggerOperator":null,"triggerAnswerValue":null,"isRepeatableQuestion":false,"repeatableQuestionSettings":[],"structure":"[{\"type\":\"question\",\"name\":\"q6044ff7be200506487ddbc8a32c125782b04c50e\"}]","questions":[{"name":"q6044ff7be200506487ddbc8a32c125782b04c50e","text":"Please enter the details of your enquiry","guid":"39c1d58d95f4fbb636ae61c4dccd9992ce707c24","number":1,"settings":[{"name":"rows","value":"4"},{"name":"cols","value":"40"}]}],"clauseType":null,"data":null}]}}