{"id":1048,"actionType":"f7df023a569a4e4bef43b91839fa1c8fcfd0f3ab","title":"Thank you for reporting a dog fouling in our community.","mappings":[{"field":"content","type":"static","value":"\n<p>Your reference number is:<b> {{0}}<\/b><\/p>\n\n<p>We aim to investigate reports within three working days, although it can take longer during busy periods.<\/p>\n\n<p>Where possible we will take enforcement action and fine people who fail to clear up after their dog(s) in public places<\/p>\n\n<p>Once we have investigated your report we will update the case in our customer system.<\/p>\n\n<p>Thanks,<\/p>\n\n<p>The streetscene team<\/p>\n","secondaryValue":null,"label":"Content"}]}