{"title":"Basic Compliments Form","instructions":"\n<p>We value\u00a0the importance of compliments in helping us to continue to get things right for our customers.<\/p>\n\n<p>Please tell us if you were happy with the service you received.<\/p>\n","progressBar":"0","allowUnregistered":"1","resumeAtStart":"0","reCaptcha":"0","internalOnly":0,"metadata":{"id":"167","itemID":"305","creator":"Paul Johnson","contributor":"","publisher":"Sandbox 04","rights":"Sandbox 04","source":"","status":"V1.0 Public Consumption","coverage":"UK","created":1569798000,"modified":1569798000,"valid":null,"expired":null,"format":"text\/html","language":"en","subject":"","description":"We value\u00a0the importance of compliments in helping us to continue to get things right for our customers."},"categories":[{"id":"2876","categoryType":"Navigation","itemID":305,"categoryID":"200129"}]}