{"import_id":null,"import_version":2,"imported_resource":{"alertEmailTemplate_keys":{"alert-email-template::case-type::business-rates-grant-funding::confirmation-of-received-request":{"identifier":"confirmation-of-received-request","label":"Confirmation of received application","resource_type":"alert-email-template","scope_key":{"identifier":"business-rates-grant-funding","label":"Business grant funding","resource_type":"case-type","scope_key":null}}},"auto_assign_users":false,"case_limits":{"primary-address":null},"case_type_group_key":null,"default":false,"form_keys":{"case-form::case-type::business-rates-grant-funding::new-business-rates-grant-funding":{"identifier":"new-business-rates-grant-funding","label":"New Business rates grant funding","resource_type":"case-form","scope_key":{"identifier":"business-rates-grant-funding","label":"Business grant funding","resource_type":"case-type","scope_key":null}},"case-form::case-type::business-rates-grant-funding::edit-business-rates-grant-funding":{"identifier":"edit-business-rates-grant-funding","label":"Edit Business rates grant funding","resource_type":"case-form","scope_key":{"identifier":"business-rates-grant-funding","label":"Business grant funding","resource_type":"case-type","scope_key":null}}},"key":{"identifier":"business-rates-grant-funding","label":"Business grant funding","resource_type":"case-type","scope_key":null},"personal_data_redaction":false,"reference_format":"BRG%'06d","rule_keys":{"rule::case-type::business-rates-grant-funding::30884":{"identifier":"30884","label":"Send confirmation email to business","resource_type":"rule","scope_key":{"identifier":"business-rates-grant-funding","label":"Business grant funding","resource_type":"case-type","scope_key":null}}},"status_keys":{"case-status::case-type::business-rates-grant-funding::submitted":{"identifier":"submitted","label":"Submitted","resource_type":"case-status","scope_key":{"identifier":"business-rates-grant-funding","label":"Business grant funding","resource_type":"case-type","scope_key":null}}},"transition_keys":[]},"mappings":{"items":[]},"resources":{"items":{"case-status::case-type::business-rates-grant-funding::submitted":{"key":{"identifier":"submitted","label":"Submitted","resource_type":"case-status","scope_key":{"identifier":"business-rates-grant-funding","label":"Business grant funding","resource_type":"case-type","scope_key":null}},"label_colour":"e7e7e7","label_font_colour":"484848","type":"initial"},"alert-email-template::case-type::business-rates-grant-funding::confirmation-of-received-request":{"date_definition_keys":[],"field_keys":[],"html_body":"<p>Thanks for applying for a business grant.<\/p><p>Your reference number is:&nbsp;<strong><!--cxm-snippet-->{{ case.reference }}<!--\/cxm-snippet--><\/strong><\/p><p>We&#39;ll check your eligibility for the grant.&nbsp;<\/p><p>We aim to pay the grant within 10 working days if your application is successful.&nbsp;<\/p><h2>More information<\/h2><p>Find out about support for businesses affected by coronavirus (COVID-19) on <a href=\"https:\/\/www.gov.uk\/government\/publications\/guidance-to-employers-and-businesses-about-covid-19\/covid-19-support-for-businesses\">GOV.UK<\/a><\/p>","key":{"identifier":"confirmation-of-received-request","label":"Confirmation of received application","resource_type":"alert-email-template","scope_key":{"identifier":"business-rates-grant-funding","label":"Business grant funding","resource_type":"case-type","scope_key":null}},"subject":"Thanks for applying for a business grant"},"case-field::business_name":{"allowed_privilege_level_keys":[],"allowed_to_all_privilege_levels":true,"encrypted":true,"redactable":true,"key":{"identifier":"business_name","label":"Business name","resource_type":"case-field","scope_key":null},"position":0,"type":"text"},"case-field::business_manual_address":{"allowed_privilege_level_keys":[],"allowed_to_all_privilege_levels":true,"encrypted":true,"redactable":false,"key":{"identifier":"business_manual_address","label":"Business address (manual)","resource_type":"case-field","scope_key":null},"position":0,"type":"text"},"case-field::company_number":{"allowed_privilege_level_keys":[],"allowed_to_all_privilege_levels":true,"encrypted":false,"redactable":false,"key":{"identifier":"company_number","label":"Company number","resource_type":"case-field","scope_key":null},"position":0,"type":"text"},"case-field::business_rates_account_number":{"allowed_privilege_level_keys":[],"allowed_to_all_privilege_levels":true,"encrypted":true,"redactable":true,"key":{"identifier":"business_rates_account_number","label":"Business rates account number","resource_type":"case-field","scope_key":null},"position":0,"type":"text"},"case-field::vat_registration":{"allowed_privilege_level_keys":[],"allowed_to_all_privilege_levels":true,"encrypted":false,"redactable":true,"key":{"identifier":"vat_registration","label":"VAT registration","resource_type":"case-field","scope_key":null},"position":0,"type":"text"},"choice::case-field::title::mr":{"disabled":false,"key":{"identifier":"mr","label":"Mr","resource_type":"choice","scope_key":{"identifier":"title","label":"Title","resource_type":"case-field","scope_key":null}},"value":"mr"},"choice::case-field::title::mrs":{"disabled":false,"key":{"identifier":"mrs","label":"Mrs","resource_type":"choice","scope_key":{"identifier":"title","label":"Title","resource_type":"case-field","scope_key":null}},"value":"mrs"},"choice::case-field::title::miss":{"disabled":false,"key":{"identifier":"miss","label":"Miss","resource_type":"choice","scope_key":{"identifier":"title","label":"Title","resource_type":"case-field","scope_key":null}},"value":"miss"},"choice::case-field::title::ms":{"disabled":false,"key":{"identifier":"ms","label":"Ms","resource_type":"choice","scope_key":{"identifier":"title","label":"Title","resource_type":"case-field","scope_key":null}},"value":"ms"},"choice::case-field::title::dr":{"disabled":false,"key":{"identifier":"dr","label":"Dr","resource_type":"choice","scope_key":{"identifier":"title","label":"Title","resource_type":"case-field","scope_key":null}},"value":"dr"},"choice::case-field::title::prof":{"disabled":false,"key":{"identifier":"prof","label":"Prof","resource_type":"choice","scope_key":{"identifier":"title","label":"Title","resource_type":"case-field","scope_key":null}},"value":"prof"},"choice::case-field::title::other":{"disabled":false,"key":{"identifier":"other","label":"Other","resource_type":"choice","scope_key":{"identifier":"title","label":"Title","resource_type":"case-field","scope_key":null}},"value":"other"},"choice::case-field::title::rev":{"disabled":false,"key":{"identifier":"rev","label":"Rev","resource_type":"choice","scope_key":{"identifier":"title","label":"Title","resource_type":"case-field","scope_key":null}},"value":"rev"},"case-field::title":{"allowed_privilege_level_keys":[],"allowed_to_all_privilege_levels":true,"encrypted":false,"redactable":true,"key":{"identifier":"title","label":"Title","resource_type":"case-field","scope_key":null},"position":0,"choice_keys":[],"default_choice_keys":[],"expanded":false,"exported_choices":{"choice::case-field::title::mr":{"disabled":false,"key":{"identifier":"mr","label":"Mr","resource_type":"choice","scope_key":{"identifier":"title","label":"Title","resource_type":"case-field","scope_key":null}},"value":"mr"},"choice::case-field::title::mrs":{"disabled":false,"key":{"identifier":"mrs","label":"Mrs","resource_type":"choice","scope_key":{"identifier":"title","label":"Title","resource_type":"case-field","scope_key":null}},"value":"mrs"},"choice::case-field::title::miss":{"disabled":false,"key":{"identifier":"miss","label":"Miss","resource_type":"choice","scope_key":{"identifier":"title","label":"Title","resource_type":"case-field","scope_key":null}},"value":"miss"},"choice::case-field::title::ms":{"disabled":false,"key":{"identifier":"ms","label":"Ms","resource_type":"choice","scope_key":{"identifier":"title","label":"Title","resource_type":"case-field","scope_key":null}},"value":"ms"},"choice::case-field::title::dr":{"disabled":false,"key":{"identifier":"dr","label":"Dr","resource_type":"choice","scope_key":{"identifier":"title","label":"Title","resource_type":"case-field","scope_key":null}},"value":"dr"},"choice::case-field::title::prof":{"disabled":false,"key":{"identifier":"prof","label":"Prof","resource_type":"choice","scope_key":{"identifier":"title","label":"Title","resource_type":"case-field","scope_key":null}},"value":"prof"},"choice::case-field::title::other":{"disabled":false,"key":{"identifier":"other","label":"Other","resource_type":"choice","scope_key":{"identifier":"title","label":"Title","resource_type":"case-field","scope_key":null}},"value":"other"},"choice::case-field::title::rev":{"disabled":false,"key":{"identifier":"rev","label":"Rev","resource_type":"choice","scope_key":{"identifier":"title","label":"Title","resource_type":"case-field","scope_key":null}},"value":"rev"}},"exported_default_choices":[],"multiple":false,"type":"choice"},"case-field::applicants_first_name":{"allowed_privilege_level_keys":[],"allowed_to_all_privilege_levels":true,"encrypted":false,"redactable":false,"key":{"identifier":"applicants_first_name","label":"Applicant's first name","resource_type":"case-field","scope_key":null},"position":0,"type":"text"},"case-field::applicants_middle_name":{"allowed_privilege_level_keys":[],"allowed_to_all_privilege_levels":true,"encrypted":false,"redactable":false,"key":{"identifier":"applicants_middle_name","label":"Applicant's middle name","resource_type":"case-field","scope_key":null},"position":0,"type":"text"},"case-field::applicants_last_name":{"allowed_privilege_level_keys":[],"allowed_to_all_privilege_levels":true,"encrypted":false,"redactable":false,"key":{"identifier":"applicants_last_name","label":"Applicant's last name","resource_type":"case-field","scope_key":null},"position":0,"type":"text"},"case-field::job_role":{"allowed_privilege_level_keys":[],"allowed_to_all_privilege_levels":true,"encrypted":false,"redactable":false,"key":{"identifier":"job_role","label":"Job Role","resource_type":"case-field","scope_key":null},"position":0,"type":"text"},"case-field::i_agree_to_the_terms":{"allowed_privilege_level_keys":[],"allowed_to_all_privilege_levels":true,"encrypted":false,"redactable":false,"key":{"identifier":"i_agree_to_the_terms","label":"I agree to the terms","resource_type":"case-field","scope_key":null},"position":0,"type":"checkbox"},"case-field::payee_name":{"allowed_privilege_level_keys":[],"allowed_to_all_privilege_levels":true,"encrypted":false,"redactable":false,"key":{"identifier":"payee_name","label":"Payee name","resource_type":"case-field","scope_key":null},"position":0,"type":"text"},"case-field::email":{"allowed_privilege_level_keys":[],"allowed_to_all_privilege_levels":true,"encrypted":true,"redactable":true,"key":{"identifier":"email","label":"mail","resource_type":"case-field","scope_key":null},"position":null,"type":"email"},"case-field::telephone":{"allowed_privilege_level_keys":[],"allowed_to_all_privilege_levels":true,"encrypted":true,"redactable":true,"key":{"identifier":"telephone","label":"UK - Telephone","resource_type":"case-field","scope_key":null},"position":null,"type":"telephone"},"case-field::payment_address":{"allowed_privilege_level_keys":[],"allowed_to_all_privilege_levels":true,"encrypted":false,"redactable":false,"key":{"identifier":"payment_address","label":"Payment address","resource_type":"case-field","scope_key":null},"position":0,"type":"text"},"case-form::case-type::business-rates-grant-funding::new-business-rates-grant-funding":{"external_redirects":[],"fields":[{"key":{"identifier":"business-name","label":"Business name","resource_type":"case-form-field","scope_key":{"identifier":"new-business-rates-grant-funding","label":"New Business rates grant funding","resource_type":"case-form","scope_key":{"identifier":"business-rates-grant-funding","label":"Business grant funding","resource_type":"case-type","scope_key":null}}},"position":0,"requirement":{"key":{"identifier":"276884","label":"Expression 276884","resource_type":"expression","scope_key":null},"type":"false_expression"},"visibility":null,"field_key":{"identifier":"business_name","label":"Business name","resource_type":"case-field","scope_key":null},"type":"case_field"},{"key":{"identifier":"address","label":"Business Address","resource_type":"case-form-field","scope_key":{"identifier":"new-business-rates-grant-funding","label":"New Business rates grant funding","resource_type":"case-form","scope_key":{"identifier":"business-rates-grant-funding","label":"Business grant funding","resource_type":"case-type","scope_key":null}}},"position":1,"requirement":{"key":{"identifier":"276885","label":"Expression 276885","resource_type":"expression","scope_key":null},"type":"false_expression"},"visibility":null,"address_type":"property","relationship_type":"primary-address","type":"case_address_relationship"},{"key":{"identifier":"business-address-manual","label":"Business address (manual)","resource_type":"case-form-field","scope_key":{"identifier":"new-business-rates-grant-funding","label":"New Business rates grant funding","resource_type":"case-form","scope_key":{"identifier":"business-rates-grant-funding","label":"Business grant funding","resource_type":"case-type","scope_key":null}}},"position":2,"requirement":{"key":{"identifier":"276886","label":"Expression 276886","resource_type":"expression","scope_key":null},"type":"false_expression"},"visibility":null,"field_key":{"identifier":"business_manual_address","label":"Business address (manual)","resource_type":"case-field","scope_key":null},"type":"case_field"},{"key":{"identifier":"company-number","label":"Company registration number","resource_type":"case-form-field","scope_key":{"identifier":"new-business-rates-grant-funding","label":"New Business rates grant funding","resource_type":"case-form","scope_key":{"identifier":"business-rates-grant-funding","label":"Business grant funding","resource_type":"case-type","scope_key":null}}},"position":3,"requirement":{"key":{"identifier":"276887","label":"Expression 276887","resource_type":"expression","scope_key":null},"type":"false_expression"},"visibility":null,"field_key":{"identifier":"company_number","label":"Company number","resource_type":"case-field","scope_key":null},"type":"case_field"},{"key":{"identifier":"business-rates-account-number","label":"Business rates account number","resource_type":"case-form-field","scope_key":{"identifier":"new-business-rates-grant-funding","label":"New Business rates grant funding","resource_type":"case-form","scope_key":{"identifier":"business-rates-grant-funding","label":"Business grant funding","resource_type":"case-type","scope_key":null}}},"position":4,"requirement":{"key":{"identifier":"276888","label":"Expression 276888","resource_type":"expression","scope_key":null},"type":"false_expression"},"visibility":null,"field_key":{"identifier":"business_rates_account_number","label":"Business rates account number","resource_type":"case-field","scope_key":null},"type":"case_field"},{"key":{"identifier":"vat-registration","label":"VAT registration","resource_type":"case-form-field","scope_key":{"identifier":"new-business-rates-grant-funding","label":"New Business rates grant funding","resource_type":"case-form","scope_key":{"identifier":"business-rates-grant-funding","label":"Business grant funding","resource_type":"case-type","scope_key":null}}},"position":5,"requirement":{"key":{"identifier":"276889","label":"Expression 276889","resource_type":"expression","scope_key":null},"type":"false_expression"},"visibility":null,"field_key":{"identifier":"vat_registration","label":"VAT registration","resource_type":"case-field","scope_key":null},"type":"case_field"},{"key":{"identifier":"title","label":"Title","resource_type":"case-form-field","scope_key":{"identifier":"new-business-rates-grant-funding","label":"New Business rates grant funding","resource_type":"case-form","scope_key":{"identifier":"business-rates-grant-funding","label":"Business grant funding","resource_type":"case-type","scope_key":null}}},"position":6,"requirement":{"key":{"identifier":"276890","label":"Expression 276890","resource_type":"expression","scope_key":null},"type":"false_expression"},"visibility":null,"field_key":{"identifier":"title","label":"Title","resource_type":"case-field","scope_key":null},"type":"case_field"},{"key":{"identifier":"applicants-first-name","label":"Applicant's first name","resource_type":"case-form-field","scope_key":{"identifier":"new-business-rates-grant-funding","label":"New Business rates grant funding","resource_type":"case-form","scope_key":{"identifier":"business-rates-grant-funding","label":"Business grant funding","resource_type":"case-type","scope_key":null}}},"position":7,"requirement":{"key":{"identifier":"276891","label":"Expression 276891","resource_type":"expression","scope_key":null},"type":"false_expression"},"visibility":null,"field_key":{"identifier":"applicants_first_name","label":"Applicant's first name","resource_type":"case-field","scope_key":null},"type":"case_field"},{"key":{"identifier":"applicants-middle-name","label":"Applicant's middle name","resource_type":"case-form-field","scope_key":{"identifier":"new-business-rates-grant-funding","label":"New Business rates grant funding","resource_type":"case-form","scope_key":{"identifier":"business-rates-grant-funding","label":"Business grant funding","resource_type":"case-type","scope_key":null}}},"position":8,"requirement":{"key":{"identifier":"276892","label":"Expression 276892","resource_type":"expression","scope_key":null},"type":"false_expression"},"visibility":null,"field_key":{"identifier":"applicants_middle_name","label":"Applicant's middle name","resource_type":"case-field","scope_key":null},"type":"case_field"},{"key":{"identifier":"applicants-last-name","label":"Applicant's last name","resource_type":"case-form-field","scope_key":{"identifier":"new-business-rates-grant-funding","label":"New Business rates grant funding","resource_type":"case-form","scope_key":{"identifier":"business-rates-grant-funding","label":"Business grant funding","resource_type":"case-type","scope_key":null}}},"position":9,"requirement":{"key":{"identifier":"276893","label":"Expression 276893","resource_type":"expression","scope_key":null},"type":"false_expression"},"visibility":null,"field_key":{"identifier":"applicants_last_name","label":"Applicant's last name","resource_type":"case-field","scope_key":null},"type":"case_field"},{"key":{"identifier":"job-role","label":"Job role","resource_type":"case-form-field","scope_key":{"identifier":"new-business-rates-grant-funding","label":"New Business rates grant funding","resource_type":"case-form","scope_key":{"identifier":"business-rates-grant-funding","label":"Business grant funding","resource_type":"case-type","scope_key":null}}},"position":10,"requirement":{"key":{"identifier":"276894","label":"Expression 276894","resource_type":"expression","scope_key":null},"type":"false_expression"},"visibility":null,"field_key":{"identifier":"job_role","label":"Job Role","resource_type":"case-field","scope_key":null},"type":"case_field"},{"key":{"identifier":"i-agree-to-the-terms","label":"I agree to the terms","resource_type":"case-form-field","scope_key":{"identifier":"new-business-rates-grant-funding","label":"New Business rates grant funding","resource_type":"case-form","scope_key":{"identifier":"business-rates-grant-funding","label":"Business grant funding","resource_type":"case-type","scope_key":null}}},"position":11,"requirement":{"key":{"identifier":"276895","label":"Expression 276895","resource_type":"expression","scope_key":null},"type":"false_expression"},"visibility":null,"field_key":{"identifier":"i_agree_to_the_terms","label":"I agree to the terms","resource_type":"case-field","scope_key":null},"type":"case_field"},{"key":{"identifier":"payee-name","label":"Payee name","resource_type":"case-form-field","scope_key":{"identifier":"new-business-rates-grant-funding","label":"New Business rates grant funding","resource_type":"case-form","scope_key":{"identifier":"business-rates-grant-funding","label":"Business grant funding","resource_type":"case-type","scope_key":null}}},"position":12,"requirement":{"key":{"identifier":"276896","label":"Expression 276896","resource_type":"expression","scope_key":null},"type":"false_expression"},"visibility":null,"field_key":{"identifier":"payee_name","label":"Payee name","resource_type":"case-field","scope_key":null},"type":"case_field"},{"key":{"identifier":"email-address","label":"Payee email address","resource_type":"case-form-field","scope_key":{"identifier":"new-business-rates-grant-funding","label":"New Business rates grant funding","resource_type":"case-form","scope_key":{"identifier":"business-rates-grant-funding","label":"Business grant funding","resource_type":"case-type","scope_key":null}}},"position":13,"requirement":{"key":{"identifier":"276897","label":"Expression 276897","resource_type":"expression","scope_key":null},"type":"false_expression"},"visibility":null,"field_key":{"identifier":"email","label":"mail","resource_type":"case-field","scope_key":null},"type":"case_field"},{"key":{"identifier":"phone-number","label":"Payee phone number","resource_type":"case-form-field","scope_key":{"identifier":"new-business-rates-grant-funding","label":"New Business rates grant funding","resource_type":"case-form","scope_key":{"identifier":"business-rates-grant-funding","label":"Business grant funding","resource_type":"case-type","scope_key":null}}},"position":14,"requirement":{"key":{"identifier":"276898","label":"Expression 276898","resource_type":"expression","scope_key":null},"type":"false_expression"},"visibility":null,"field_key":{"identifier":"telephone","label":"UK - Telephone","resource_type":"case-field","scope_key":null},"type":"case_field"},{"key":{"identifier":"payment-address","label":"Payment address","resource_type":"case-form-field","scope_key":{"identifier":"new-business-rates-grant-funding","label":"New Business rates grant funding","resource_type":"case-form","scope_key":{"identifier":"business-rates-grant-funding","label":"Business grant funding","resource_type":"case-type","scope_key":null}}},"position":15,"requirement":{"key":{"identifier":"276899","label":"Expression 276899","resource_type":"expression","scope_key":null},"type":"false_expression"},"visibility":null,"field_key":{"identifier":"payment_address","label":"Payment address","resource_type":"case-field","scope_key":null},"type":"case_field"}],"key":{"identifier":"new-business-rates-grant-funding","label":"New Business rates grant funding","resource_type":"case-form","scope_key":{"identifier":"business-rates-grant-funding","label":"Business grant funding","resource_type":"case-type","scope_key":null}},"type":"create"},"case-form::case-type::business-rates-grant-funding::edit-business-rates-grant-funding":{"external_redirects":[],"fields":[],"key":{"identifier":"edit-business-rates-grant-funding","label":"Edit Business rates grant funding","resource_type":"case-form","scope_key":{"identifier":"business-rates-grant-funding","label":"Business grant funding","resource_type":"case-type","scope_key":null}},"type":"edit"},"rule::case-type::business-rates-grant-funding::30884":{"actions":[{"key":{"identifier":"109769","label":"Action 109769","resource_type":"action","scope_key":null},"position":1,"email_template_key":{"identifier":"confirmation-of-received-request","label":"Confirmation of received application","resource_type":"alert-email-template","scope_key":{"identifier":"business-rates-grant-funding","label":"Business grant funding","resource_type":"case-type","scope_key":null}},"recipient":{"key":{"identifier":"56263","label":"Recipient 56263","resource_type":"alert-recipient","scope_key":null},"email_field_key":{"identifier":"email","label":"mail","resource_type":"case-field","scope_key":null},"type":"email_field"},"type":"alert"}],"condition":null,"enabled":true,"key":{"identifier":"30884","label":"Send confirmation email to business","resource_type":"rule","scope_key":{"identifier":"business-rates-grant-funding","label":"Business grant funding","resource_type":"case-type","scope_key":null}},"triggers":[{"key":{"identifier":"80053","label":"Trigger 80053","resource_type":"trigger","scope_key":null},"event_name":"case.created","type":"event"}]}}}}