{"form.json":"c05c766e2aa807c1e1b9d4811f24b1ad40d957f8","page-templates\/Preliminary_checks.json":"3a7e426c0ff85cab1f01091a880ffba886887444","page-templates\/Informants_details.json":"7140542d2f11f17a963a53253016e52ea75f1567","page-templates\/Deceased_details_YT.json":"53f8c6d39d8b292f74d332561fac229d92db51a6","page-templates\/Spouse_or_civil_partner's_details.json":"d00d2f38ec6bd9eafff6c2bbc30355fdc6e7f823","page-templates\/Other_information.json":"496f1445346de0dbfde8797da7238ebde58b3f70","structure\/pages.json":"374d2d347ab3760d8dc98f51a5586d139933077e","structure\/branching.json":"3988d551eb4c12cf5e1f8733608c682a9678f46d","actions\/rules\/Form_submitted.json":"6ca626d664d23c56df7a0d6d18cbf5aefd98682c","actions\/templates\/Completion.json":"223d16ad2aeedaa75f6b1233f312d66a7ac1421b","misc\/pdfs.json":"97d170e1550eee4afc0af065b78cda302a97674c","misc\/prefills.json":"97d170e1550eee4afc0af065b78cda302a97674c","misc\/placeholders.json":"d66ee06cc5836d3dae3281927097be53b00ae6e6","misc\/logic_definitions.json":"97d170e1550eee4afc0af065b78cda302a97674c","misc\/ic_inputs.json":"97d170e1550eee4afc0af065b78cda302a97674c","misc\/data-retention.json":"fa8b819d756eec4a4f185f5465ef79b349ea9ce4"}