{"title":"Pre-registration Form for a death registration by telephone","instructions":"","progressBar":"0","allowUnregistered":"1","resumeAtStart":"0","reCaptcha":"0","internalOnly":0,"metadata":{"id":"393","itemID":"531","creator":"Yelena Tomina","contributor":"","publisher":"Sandbox 04","rights":"Sandbox 04","source":"","status":"V1.0 Public Consumption","coverage":"UK","created":1585868400,"modified":1585868400,"valid":null,"expired":null,"format":"text\/html","language":"en","subject":" Pre-registration Form for a death registration by telephone","description":" Pre-registration Form for a death registration by telephone"},"categories":[{"id":"3631","categoryType":"Navigation","itemID":531,"categoryID":"100003"}]}