{"id":922,"isFormSpecific":true,"version":{"metadata":{"id":2647,"title":"Declaration","instructions":""},"sections":[{"name":"main","title":"main","showTitle":false,"hideInitially":false,"triggerQuestionName":null,"triggerQuestionSecondaryField":null,"triggerQuestionSection":null,"triggerOperator":null,"triggerAnswerValue":null,"isRepeatableQuestion":false,"repeatableQuestionSettings":[],"structure":"[{\"type\":\"question\",\"name\":\"q8570b510ea1d98a5dd275bb63130d0df08e19842\"},{\"type\":\"question\",\"name\":\"q689baea77f23587d1fd83c405974465eee2fd6a0\"}]","questions":[{"name":"q8570b510ea1d98a5dd275bb63130d0df08e19842","text":"Declaration","guid":"35af7c223e8fbb8346e66f3402cd1509c3b7fa71","number":1,"settings":[{"name":"required","value":"true"},{"name":"answers","value":"[{\"value\":\"i_confirm_i_have_read_and_agree_to_the_terms_and_conditions_as_shown_above\",\"text\":\"I confirm I have read and agree to the terms and conditions as shown above\",\"data\":\"\",\"internal\":false}]"}]},{"name":"q689baea77f23587d1fd83c405974465eee2fd6a0","text":"Date","guid":"51128cb652b0e7d12d391781cffde80d4e26ca8b","number":1,"settings":[{"name":"required","value":"true"}]}],"clauseType":null,"data":null}]}}