{"id":923,"isFormSpecific":true,"version":{"metadata":{"id":2650,"title":"Manually enter address for proprietor 1","instructions":""},"sections":[{"name":"main","title":"main","showTitle":false,"hideInitially":false,"triggerQuestionName":null,"triggerQuestionSecondaryField":null,"triggerQuestionSection":null,"triggerOperator":null,"triggerAnswerValue":null,"isRepeatableQuestion":false,"repeatableQuestionSettings":[],"structure":"[{\"type\":\"question\",\"name\":\"qe8dafbdd4d5c97f3769d1efc19ab72903c512a5c\"},{\"type\":\"question\",\"name\":\"q5540ef4bfe88507e935623bd93419d4d8d7c81f9\"},{\"type\":\"question\",\"name\":\"qe46e00f088d674852a4493acbbcf19eea445c315\"},{\"type\":\"question\",\"name\":\"qe2792317c0dc3e123c59e32b83914ee507691fd1\"},{\"type\":\"question\",\"name\":\"q64bee4d869cdeb9ebd72f96b7cc28fd5501e4190\"}]","questions":[{"name":"qe8dafbdd4d5c97f3769d1efc19ab72903c512a5c","text":"Address line 1","guid":"7d7527893d7f786c9073e6a651a9c26181d9a661","number":1,"settings":[]},{"name":"q5540ef4bfe88507e935623bd93419d4d8d7c81f9","text":"Address line 2","guid":"7d7527893d7f786c9073e6a651a9c26181d9a661","number":1,"settings":[]},{"name":"qe46e00f088d674852a4493acbbcf19eea445c315","text":"City","guid":"7d7527893d7f786c9073e6a651a9c26181d9a661","number":1,"settings":[]},{"name":"qe2792317c0dc3e123c59e32b83914ee507691fd1","text":"County","guid":"7d7527893d7f786c9073e6a651a9c26181d9a661","number":1,"settings":[]},{"name":"q64bee4d869cdeb9ebd72f96b7cc28fd5501e4190","text":"Postcode","guid":"7d7527893d7f786c9073e6a651a9c26181d9a661","number":1,"settings":[]}],"clauseType":null,"data":null}]}}