{"id":921,"isFormSpecific":true,"version":{"metadata":{"id":2646,"title":"Proprietorship","instructions":""},"sections":[{"name":"s131cd573f54de0b32641d69ee959f07b24efc555","title":"Part proprietor","showTitle":false,"hideInitially":true,"triggerQuestionName":"qcb805cf0048b73cc64e71e7cc2d6ba5109c9669e","triggerQuestionSecondaryField":null,"triggerQuestionSection":"main","triggerOperator":"equal","triggerAnswerValue":"no","isRepeatableQuestion":false,"repeatableQuestionSettings":[],"structure":"[{\"type\":\"section\",\"name\":\"scf23c68b7901d1f25fca75283656ce5e88a7cf36\"}]","questions":[],"clauseType":null,"data":null},{"name":"main","title":"main","showTitle":false,"hideInitially":false,"triggerQuestionName":null,"triggerQuestionSecondaryField":null,"triggerQuestionSection":null,"triggerOperator":null,"triggerAnswerValue":null,"isRepeatableQuestion":false,"repeatableQuestionSettings":[],"structure":"[{\"type\":\"question\",\"name\":\"qcb805cf0048b73cc64e71e7cc2d6ba5109c9669e\"},{\"type\":\"section\",\"name\":\"s131cd573f54de0b32641d69ee959f07b24efc555\",\"elements\":[{\"type\":\"section\",\"name\":\"scf23c68b7901d1f25fca75283656ce5e88a7cf36\",\"elements\":[{\"type\":\"question\",\"name\":\"q3ed35fe8a5630574165ac6906217353a8d75915f\"},{\"type\":\"question\",\"name\":\"q0736207982865079cc47ba64421c8cc88e367efb\"},{\"type\":\"question\",\"name\":\"q560307c5b914ec8a67b63df9fce5b4afda8f93f6\"}]}]}]","questions":[{"name":"qcb805cf0048b73cc64e71e7cc2d6ba5109c9669e","text":"Are you the sole owner or proprietor of this vehicle?","guid":"18eeb80469e722d4f3513ee0c5b183da219c6975","number":1,"settings":[{"name":"answers","value":"[{\"value\":\"yes\",\"text\":\"Yes\",\"data\":\"\",\"internal\":false},{\"value\":\"no\",\"text\":\"No\",\"data\":\"\",\"internal\":false}]"},{"name":"empty_option","value":"-- Please select --"}]}],"clauseType":null,"data":null},{"name":"scf23c68b7901d1f25fca75283656ce5e88a7cf36","title":"Enter details for all proprietors","showTitle":false,"hideInitially":false,"triggerQuestionName":null,"triggerQuestionSecondaryField":null,"triggerQuestionSection":null,"triggerOperator":null,"triggerAnswerValue":null,"isRepeatableQuestion":true,"repeatableQuestionSettings":[{"name":"required-count","value":"1"},{"name":"max-answer-count","value":"3"},{"name":"button_label","value":"Add Proprietor"}],"structure":"[{\"type\":\"question\",\"name\":\"q3ed35fe8a5630574165ac6906217353a8d75915f\"},{\"type\":\"question\",\"name\":\"q0736207982865079cc47ba64421c8cc88e367efb\"},{\"type\":\"question\",\"name\":\"q560307c5b914ec8a67b63df9fce5b4afda8f93f6\"}]","questions":[{"name":"q0736207982865079cc47ba64421c8cc88e367efb","text":"Last name","guid":"7d7527893d7f786c9073e6a651a9c26181d9a661","number":1,"settings":[{"name":"required","value":"true"},{"name":"details-column-title","value":"Last name"}]},{"name":"q3ed35fe8a5630574165ac6906217353a8d75915f","text":"First name","guid":"7d7527893d7f786c9073e6a651a9c26181d9a661","number":1,"settings":[{"name":"required","value":"true"},{"name":"details-column-title","value":"First name"}]},{"name":"q560307c5b914ec8a67b63df9fce5b4afda8f93f6","text":"Address","guid":"dafc7be1f6e3057017f8b0a86d50373130ca5da0","number":1,"settings":[{"name":"details-column-title","value":"Address"},{"name":"type","value":"6bbccfb62ee2f3e6cbe9de1e944d18d7201a0fe6"}]}],"clauseType":null,"data":null}]}}