{"id":115,"isFormSpecific":true,"version":{"metadata":{"id":287,"title":"Vehicle details","instructions":""},"sections":[{"name":"main","title":"main","showTitle":false,"hideInitially":false,"triggerQuestionName":null,"triggerQuestionSecondaryField":null,"triggerQuestionSection":null,"triggerOperator":null,"triggerAnswerValue":null,"isRepeatableQuestion":false,"repeatableQuestionSettings":[],"structure":"[{\"type\":\"question\",\"name\":\"qb710646dacefc3e56079fdd0d4a41a718404d63e\"},{\"type\":\"question\",\"name\":\"q38ff59be1f0576de5694e9334cfb55ff7c284ee4\"},{\"type\":\"question\",\"name\":\"q23eb7efb2bdd3586765add574038d78d9c479ddf\"},{\"type\":\"question\",\"name\":\"qf30f0ce6b5f703d0c5a758766001319d337d2a46\"},{\"type\":\"question\",\"name\":\"q5b831e53b2512a0fb1b4c84fe174f6e62eaf4d76\"},{\"type\":\"question\",\"name\":\"qfd8e2e5edd2ef10de418915bdcd5acb6a78d796f\"},{\"type\":\"question\",\"name\":\"q8dd71dbaf929ab3d24ad1e57eca9368815f8e1c1\"},{\"type\":\"question\",\"name\":\"q2eacfa11e093f9b273513dd184b6c655438ade07\"},{\"type\":\"question\",\"name\":\"qf8e7044b75020129f14d5bb25bcd68713ac3bc52\"},{\"type\":\"question\",\"name\":\"q3a852693c382fb61b348f27fcd8bc8c6bbfa7093\"},{\"type\":\"question\",\"name\":\"qc1888180af9f560add5142fd18e9dff570caf388\"},{\"type\":\"question\",\"name\":\"qc28c74baba72ee1481b7c78a83bd22b28e9cc22c\"},{\"type\":\"question\",\"name\":\"qce255dadcb73a5ff96fc7c17856948fb06cb9341\"},{\"type\":\"question\",\"name\":\"qe5fcf686b36c6736b19f1946a8024072f31b1636\"},{\"type\":\"question\",\"name\":\"q5bc511dafb8de104989b44d8060ff8011ee4d22c\"}]","questions":[{"name":"qb710646dacefc3e56079fdd0d4a41a718404d63e","text":"Existing licence reference number","guid":"7d7527893d7f786c9073e6a651a9c26181d9a661","number":1,"settings":[{"name":"required","value":"true"},{"name":"help","value":"This will be available in your renewal letter, and will be in the format 17\/01234\/PHVEH"},{"name":"internal_only","value":"true"}]},{"name":"q23eb7efb2bdd3586765add574038d78d9c479ddf","text":"Vehicle registration number","guid":"7d7527893d7f786c9073e6a651a9c26181d9a661","number":1,"settings":[{"name":"required","value":"true"}]},{"name":"q38ff59be1f0576de5694e9334cfb55ff7c284ee4","text":"Are you the owner or proprietor of the vehicle to be licensed?","guid":"18eeb80469e722d4f3513ee0c5b183da219c6975","number":1,"settings":[{"name":"required","value":"true"},{"name":"answers","value":"[{\"value\":\"yes\",\"text\":\"Yes\",\"data\":\"\",\"internal\":false},{\"value\":\"no\",\"text\":\"No\",\"data\":\"\",\"internal\":false}]"},{"name":"empty_option","value":"-- Please select --"}]},{"name":"qf30f0ce6b5f703d0c5a758766001319d337d2a46","text":"Plate Number","guid":"7d7527893d7f786c9073e6a651a9c26181d9a661","number":1,"settings":[{"name":"required","value":"true"}]},{"name":"qfd8e2e5edd2ef10de418915bdcd5acb6a78d796f","text":"Vehicle licence type","guid":"18eeb80469e722d4f3513ee0c5b183da219c6975","number":1,"settings":[{"name":"answers","value":"[{\"value\":\"private_hire\",\"text\":\"Private Hire\",\"data\":\"\",\"internal\":false},{\"value\":\"hackney_carriage\",\"text\":\"Hackney Carriage\",\"data\":\"\",\"internal\":false}]"}]},{"name":"q8dd71dbaf929ab3d24ad1e57eca9368815f8e1c1","text":"Make","guid":"7d7527893d7f786c9073e6a651a9c26181d9a661","number":1,"settings":[{"name":"required","value":"true"},{"name":"help","value":"Eg. Ford, Vauxhall, Honda"}]},{"name":"q2eacfa11e093f9b273513dd184b6c655438ade07","text":"Model","guid":"7d7527893d7f786c9073e6a651a9c26181d9a661","number":1,"settings":[{"name":"required","value":"true"},{"name":"help","value":"Eg. Fiesta, Astra, Civic"}]},{"name":"qf8e7044b75020129f14d5bb25bcd68713ac3bc52","text":"Engine size (cc)","guid":"7d7527893d7f786c9073e6a651a9c26181d9a661","number":1,"settings":[{"name":"validation","value":"3"},{"name":"required","value":"true"},{"name":"help","value":"The engine size needs to be specific e.g. a 1.4 should be entered 1400."}]},{"name":"q3a852693c382fb61b348f27fcd8bc8c6bbfa7093","text":"Chassis number","guid":"7d7527893d7f786c9073e6a651a9c26181d9a661","number":1,"settings":[{"name":"required","value":"true"},{"name":"help","value":"This will be available on your Mechanical Fitness Test certificate, or from your V5 document."}]},{"name":"qc1888180af9f560add5142fd18e9dff570caf388","text":"Number of passengers","guid":"7d7527893d7f786c9073e6a651a9c26181d9a661","number":1,"settings":[{"name":"required","value":"true"}]},{"name":"qc28c74baba72ee1481b7c78a83bd22b28e9cc22c","text":"Colour","guid":"7d7527893d7f786c9073e6a651a9c26181d9a661","number":1,"settings":[{"name":"required","value":"true"}]},{"name":"q5b831e53b2512a0fb1b4c84fe174f6e62eaf4d76","text":"Mechanical Fitness Test expiry date","guid":"51128cb652b0e7d12d391781cffde80d4e26ca8b","number":1,"settings":[{"name":"required","value":"true"}]},{"name":"qce255dadcb73a5ff96fc7c17856948fb06cb9341","text":"Date of first registration","guid":"51128cb652b0e7d12d391781cffde80d4e26ca8b","number":1,"settings":[{"name":"required","value":"true"}]},{"name":"q5bc511dafb8de104989b44d8060ff8011ee4d22c","text":"Amount of passenger liability","guid":"7d7527893d7f786c9073e6a651a9c26181d9a661","number":1,"settings":[{"name":"required","value":"true"},{"name":"help","value":"State whether unlimited or enter amount of liability"}]},{"name":"qe5fcf686b36c6736b19f1946a8024072f31b1636","text":"Name of insurance company you are insured with against third party risks","guid":"7d7527893d7f786c9073e6a651a9c26181d9a661","number":1,"settings":[{"name":"required","value":"true"}]}],"clauseType":null,"data":null}]}}