{"id":1422,"name":"Booking Date","type":"predefined","internalOnly":false,"formula":"ac8a470eec6ffc594794e3a7363b0dc1b830e72d","decimalPlaces":null,"inputs":[{"field":"date","type":"answer","value":"854-main-qaf8939e868a7662392d5c53276f03accd024e633","secondaryValue":"event_start"},{"field":"inputFormat","type":"static","value":"Y-m-d H:i:s","secondaryValue":null},{"field":"outputFormat","type":"static","value":"d-m-Y H:i:s","secondaryValue":null},{"field":"difference","type":"static","value":"plus","secondaryValue":null},{"field":"days","type":"static","value":"0","secondaryValue":null},{"field":"type","type":"static","value":"days","secondaryValue":null}],"conditional":null}