{"id":308,"isFormSpecific":true,"version":{"metadata":{"id":767,"title":"FOI Request Details","instructions":""},"sections":[{"name":"main","title":"main","showTitle":false,"hideInitially":false,"triggerQuestionName":null,"triggerQuestionSecondaryField":null,"triggerQuestionSection":null,"triggerOperator":null,"triggerAnswerValue":null,"isRepeatableQuestion":false,"repeatableQuestionSettings":[],"structure":"[{\"type\":\"question\",\"name\":\"q37f4f29ec3b726296341f5c37555f2f70ce749cf\"},{\"type\":\"question\",\"name\":\"q3118a5233366946e2f6fe829724f8e7247f0ef3f\"}]","questions":[{"name":"q37f4f29ec3b726296341f5c37555f2f70ce749cf","text":"Please tell us what information you require","guid":"39c1d58d95f4fbb636ae61c4dccd9992ce707c24","number":1,"settings":[{"name":"required","value":"true"},{"name":"help","value":"Please include as much details as possible to help us process your request."},{"name":"rows","value":"4"},{"name":"cols","value":"40"}]},{"name":"q3118a5233366946e2f6fe829724f8e7247f0ef3f","text":"Upload any supporting documents","guid":"9aca8a0e8fed454c7df8d60bf87b8f3ba70e844e","number":1,"settings":[]}],"clauseType":null,"data":null}]}}