{"title":"Change of Animal Location","instructions":"\n<p>If you wish to update the location of where your animal resides, please complete the Change of Animal Location Form. Please note that these details can only be updated by the registered owner of the animal.<\/p>\n\n<p><strong>Please note: If you wish to update the\u00a0ownership\u00a0details of your animal a signature is required and we kindly ask you to\u00a0complete and return\u00a0an\u00a0animal change of ownership form.<\/strong><\/p>\n","progressBar":"1","allowUnregistered":"1","resumeAtStart":"0","reCaptcha":"0","internalOnly":0,"metadata":{"id":"163","itemID":"301","creator":"David Evans","contributor":"","publisher":"Continuum Demo","rights":"Continuum Demo","source":"","status":"V1.0 Public Consumption","coverage":"Australia","created":1602111600,"modified":1602111600,"valid":null,"expired":null,"format":"text\/html","language":"en","subject":"Change of Animal Location ","description":"Change of Animal Location"},"categories":[{"id":"2801","categoryType":"Navigation","itemID":301,"categoryID":"20005"}]}