{"import_id":null,"import_version":1,"imported_resource":{"alertEmailTemplate_keys":{"alert-email-template::case-type::eir-composite::confirmation":{"identifier":"confirmation","label":"Confirmation","resource_type":"alert-email-template","scope_key":{"identifier":"eir-composite","label":"EIR Composite","resource_type":"case-type","scope_key":null}},"alert-email-template::case-type::eir-composite::further-information-required":{"identifier":"further-information-required","label":"Further information required","resource_type":"alert-email-template","scope_key":{"identifier":"eir-composite","label":"EIR Composite","resource_type":"case-type","scope_key":null}},"alert-email-template::case-type::eir-composite::response-received":{"identifier":"response-received","label":"Response Received","resource_type":"alert-email-template","scope_key":{"identifier":"eir-composite","label":"EIR Composite","resource_type":"case-type","scope_key":null}},"alert-email-template::case-type::eir-composite::change-of-casetype":{"identifier":"change-of-casetype","label":"Change of CaseType","resource_type":"alert-email-template","scope_key":{"identifier":"eir-composite","label":"EIR Composite","resource_type":"case-type","scope_key":null}},"alert-email-template::case-type::eir-composite::respnse":{"identifier":"respnse","label":"Response","resource_type":"alert-email-template","scope_key":{"identifier":"eir-composite","label":"EIR Composite","resource_type":"case-type","scope_key":null}},"alert-email-template::case-type::eir-composite::closed-no-response":{"identifier":"closed-no-response","label":"Closed No Response","resource_type":"alert-email-template","scope_key":{"identifier":"eir-composite","label":"EIR Composite","resource_type":"case-type","scope_key":null}},"alert-email-template::case-type::eir-composite::reminder":{"identifier":"reminder","label":"Reminder","resource_type":"alert-email-template","scope_key":{"identifier":"eir-composite","label":"EIR Composite","resource_type":"case-type","scope_key":null}}},"auto_assign_users":true,"case_limits":{"primary-address":null},"case_type_group_key":null,"default":false,"form_keys":{"case-form::case-type::eir-composite::new-freedom-of-information":{"identifier":"new-freedom-of-information","label":"New EIR Composite","resource_type":"case-form","scope_key":{"identifier":"eir-composite","label":"EIR Composite","resource_type":"case-type","scope_key":null}},"case-form::case-type::eir-composite::edit-freedom-of-information":{"identifier":"edit-freedom-of-information","label":"Edit EIR Composite","resource_type":"case-form","scope_key":{"identifier":"eir-composite","label":"EIR Composite","resource_type":"case-type","scope_key":null}},"case-form::case-type::eir-composite::further-information-required":{"identifier":"further-information-required","label":"Further Information Required","resource_type":"case-form","scope_key":{"identifier":"eir-composite","label":"EIR Composite","resource_type":"case-type","scope_key":null}},"case-form::case-type::eir-composite::provide-response":{"identifier":"provide-response","label":"Provide Response","resource_type":"case-form","scope_key":{"identifier":"eir-composite","label":"EIR Composite","resource_type":"case-type","scope_key":null}},"case-form::case-type::eir-composite::closure-response":{"identifier":"closure-response","label":"Closure \/ Response","resource_type":"case-form","scope_key":{"identifier":"eir-composite","label":"EIR Composite","resource_type":"case-type","scope_key":null}},"case-form::case-type::eir-composite::reassignment":{"identifier":"reassignment","label":"reassignment","resource_type":"case-form","scope_key":{"identifier":"eir-composite","label":"EIR Composite","resource_type":"case-type","scope_key":null}}},"key":{"identifier":"eir-composite","label":"EIR Composite","resource_type":"case-type","scope_key":null},"reference_format":"ERC%'06d","rule_keys":{"rule::case-type::eir-composite::4321":{"identifier":"4321","label":"Send request for further information","resource_type":"rule","scope_key":{"identifier":"eir-composite","label":"EIR Composite","resource_type":"case-type","scope_key":null}},"rule::case-type::eir-composite::4322":{"identifier":"4322","label":"Send further information received email","resource_type":"rule","scope_key":{"identifier":"eir-composite","label":"EIR Composite","resource_type":"case-type","scope_key":null}},"rule::case-type::eir-composite::4323":{"identifier":"4323","label":"Close - Responded","resource_type":"rule","scope_key":{"identifier":"eir-composite","label":"EIR Composite","resource_type":"case-type","scope_key":null}},"rule::case-type::eir-composite::4324":{"identifier":"4324","label":"Set awaiting acceptance","resource_type":"rule","scope_key":{"identifier":"eir-composite","label":"EIR Composite","resource_type":"case-type","scope_key":null}},"rule::case-type::eir-composite::4325":{"identifier":"4325","label":"Send Reminder Email (submitted)","resource_type":"rule","scope_key":{"identifier":"eir-composite","label":"EIR Composite","resource_type":"case-type","scope_key":null}},"rule::case-type::eir-composite::4326":{"identifier":"4326","label":"Set escalated flag","resource_type":"rule","scope_key":{"identifier":"eir-composite","label":"EIR Composite","resource_type":"case-type","scope_key":null}},"rule::case-type::eir-composite::4327":{"identifier":"4327","label":"Set reset acceptance flags","resource_type":"rule","scope_key":{"identifier":"eir-composite","label":"EIR Composite","resource_type":"case-type","scope_key":null}},"rule::case-type::eir-composite::4328":{"identifier":"4328","label":"Send Reminder Email (Further info)","resource_type":"rule","scope_key":{"identifier":"eir-composite","label":"EIR Composite","resource_type":"case-type","scope_key":null}}},"status_keys":{"case-status::case-type::eir-composite::submitted":{"identifier":"submitted","label":"Submitted","resource_type":"case-status","scope_key":{"identifier":"eir-composite","label":"EIR Composite","resource_type":"case-type","scope_key":null}},"case-status::case-type::eir-composite::reassignment":{"identifier":"reassignment","label":"Reassignment","resource_type":"case-status","scope_key":{"identifier":"eir-composite","label":"EIR Composite","resource_type":"case-type","scope_key":null}},"case-status::case-type::eir-composite::in-progress":{"identifier":"in-progress","label":"In progress","resource_type":"case-status","scope_key":{"identifier":"eir-composite","label":"EIR Composite","resource_type":"case-type","scope_key":null}},"case-status::case-type::eir-composite::in-progress-external":{"identifier":"in-progress-external","label":"In Progress - External","resource_type":"case-status","scope_key":{"identifier":"eir-composite","label":"EIR Composite","resource_type":"case-type","scope_key":null}},"case-status::case-type::eir-composite::further-information-required":{"identifier":"further-information-required","label":"Further Information Required","resource_type":"case-status","scope_key":{"identifier":"eir-composite","label":"EIR Composite","resource_type":"case-type","scope_key":null}},"case-status::case-type::eir-composite::responded":{"identifier":"responded","label":"Responded","resource_type":"case-status","scope_key":{"identifier":"eir-composite","label":"EIR Composite","resource_type":"case-type","scope_key":null}},"case-status::case-type::eir-composite::closed":{"identifier":"closed","label":"Closed","resource_type":"case-status","scope_key":{"identifier":"eir-composite","label":"EIR Composite","resource_type":"case-type","scope_key":null}}},"transition_keys":{"case-transition::case-type::eir-composite::external-response-required":{"identifier":"external-response-required","label":"External Response Required","resource_type":"case-transition","scope_key":{"identifier":"eir-composite","label":"EIR Composite","resource_type":"case-type","scope_key":null}},"case-transition::case-type::eir-composite::in-progress":{"identifier":"in-progress","label":"Accept","resource_type":"case-transition","scope_key":{"identifier":"eir-composite","label":"EIR Composite","resource_type":"case-type","scope_key":null}},"case-transition::case-type::eir-composite::further-information-required":{"identifier":"further-information-required","label":"Further Information Required","resource_type":"case-transition","scope_key":{"identifier":"eir-composite","label":"EIR Composite","resource_type":"case-type","scope_key":null}},"case-transition::case-type::eir-composite::reassign":{"identifier":"reassign","label":"Reassign","resource_type":"case-transition","scope_key":{"identifier":"eir-composite","label":"EIR Composite","resource_type":"case-type","scope_key":null}},"case-transition::case-type::eir-composite::respond":{"identifier":"respond","label":"Responded","resource_type":"case-transition","scope_key":{"identifier":"eir-composite","label":"EIR Composite","resource_type":"case-type","scope_key":null}},"case-transition::case-type::eir-composite::closed":{"identifier":"closed","label":"Closed","resource_type":"case-transition","scope_key":{"identifier":"eir-composite","label":"EIR Composite","resource_type":"case-type","scope_key":null}},"case-transition::case-type::eir-composite::provide-response":{"identifier":"provide-response","label":"Provide Response","resource_type":"case-transition","scope_key":{"identifier":"eir-composite","label":"EIR Composite","resource_type":"case-type","scope_key":null}},"case-transition::case-type::eir-composite::information-provided":{"identifier":"information-provided","label":"Information Provided","resource_type":"case-transition","scope_key":{"identifier":"eir-composite","label":"EIR Composite","resource_type":"case-type","scope_key":null}},"case-transition::case-type::eir-composite::reassigned":{"identifier":"reassigned","label":"Reassigned - internal","resource_type":"case-transition","scope_key":{"identifier":"eir-composite","label":"EIR Composite","resource_type":"case-type","scope_key":null}},"case-transition::case-type::eir-composite::reassigned-external":{"identifier":"reassigned-external","label":"Reassigned - external","resource_type":"case-transition","scope_key":{"identifier":"eir-composite","label":"EIR Composite","resource_type":"case-type","scope_key":null}}}},"mappings":{"items":[]},"resources":{"items":{"case-status::case-type::eir-composite::submitted":{"key":{"identifier":"submitted","label":"Submitted","resource_type":"case-status","scope_key":{"identifier":"eir-composite","label":"EIR Composite","resource_type":"case-type","scope_key":null}},"label_colour":"e7e7e7","label_font_colour":"484848","type":"initial"},"case-status::case-type::eir-composite::reassignment":{"key":{"identifier":"reassignment","label":"Reassignment","resource_type":"case-status","scope_key":{"identifier":"eir-composite","label":"EIR Composite","resource_type":"case-type","scope_key":null}},"label_colour":"e7e7e7","label_font_colour":"484848","type":"normal"},"case-status::case-type::eir-composite::in-progress":{"key":{"identifier":"in-progress","label":"In progress","resource_type":"case-status","scope_key":{"identifier":"eir-composite","label":"EIR Composite","resource_type":"case-type","scope_key":null}},"label_colour":"e7e7e7","label_font_colour":"484848","type":"normal"},"case-status::case-type::eir-composite::in-progress-external":{"key":{"identifier":"in-progress-external","label":"In Progress - External","resource_type":"case-status","scope_key":{"identifier":"eir-composite","label":"EIR Composite","resource_type":"case-type","scope_key":null}},"label_colour":"e7e7e7","label_font_colour":"484848","type":"normal"},"case-status::case-type::eir-composite::further-information-required":{"key":{"identifier":"further-information-required","label":"Further Information Required","resource_type":"case-status","scope_key":{"identifier":"eir-composite","label":"EIR Composite","resource_type":"case-type","scope_key":null}},"label_colour":"e7e7e7","label_font_colour":"484848","type":"normal"},"case-status::case-type::eir-composite::responded":{"key":{"identifier":"responded","label":"Responded","resource_type":"case-status","scope_key":{"identifier":"eir-composite","label":"EIR Composite","resource_type":"case-type","scope_key":null}},"label_colour":"e7e7e7","label_font_colour":"484848","type":"final"},"case-status::case-type::eir-composite::closed":{"key":{"identifier":"closed","label":"Closed","resource_type":"case-status","scope_key":{"identifier":"eir-composite","label":"EIR Composite","resource_type":"case-type","scope_key":null}},"label_colour":"e7e7e7","label_font_colour":"484848","type":"final"},"alert-email-template::case-type::eir-composite::confirmation":{"date_definition_keys":[],"field_keys":[],"html_body":"<p>We are now reviewing your request<\/p>","key":{"identifier":"confirmation","label":"Confirmation","resource_type":"alert-email-template","scope_key":{"identifier":"eir-composite","label":"EIR Composite","resource_type":"case-type","scope_key":null}},"subject":"Your case has been created"},"alert-email-template::case-type::eir-composite::further-information-required":{"date_definition_keys":[],"field_keys":[],"html_body":"<p>Please provide further information to your case {{ case.Reference }}<\/p>","key":{"identifier":"further-information-required","label":"Further information required","resource_type":"alert-email-template","scope_key":{"identifier":"eir-composite","label":"EIR Composite","resource_type":"case-type","scope_key":null}},"subject":"Further information required"},"alert-email-template::case-type::eir-composite::response-received":{"date_definition_keys":[],"field_keys":[],"html_body":"<p>Thank you for your response, {{ case.reference }}<\/p>","key":{"identifier":"response-received","label":"Response Received","resource_type":"alert-email-template","scope_key":{"identifier":"eir-composite","label":"EIR Composite","resource_type":"case-type","scope_key":null}},"subject":"Response Received {{ case.reference }}"},"alert-email-template::case-type::eir-composite::change-of-casetype":{"date_definition_keys":[],"field_keys":[],"html_body":"<p>Hello, you haven&#39;t raised an FOI you have created an TPD \/ ERC - your new case reference for this is:<\/p>","key":{"identifier":"change-of-casetype","label":"Change of CaseType","resource_type":"alert-email-template","scope_key":{"identifier":"eir-composite","label":"EIR Composite","resource_type":"case-type","scope_key":null}},"subject":"Change of CaseType"},"case-field::response":{"allowed_privilege_level_keys":[],"allowed_to_all_privilege_levels":true,"encrypted":false,"key":{"identifier":"response","label":"Response","resource_type":"case-field","scope_key":null},"position":0,"type":"textarea"},"alert-email-template::case-type::eir-composite::respnse":{"date_definition_keys":[],"field_keys":{"case-field::response":{"identifier":"response","label":"Response","resource_type":"case-field","scope_key":null}},"html_body":"<p>Dear customer,<\/p><p>&nbsp;<\/p><p>please find response below:<\/p><p>&nbsp;<\/p><pre><code>{{ case.values.response.value }}<\/code><\/pre>","key":{"identifier":"respnse","label":"Response","resource_type":"alert-email-template","scope_key":{"identifier":"eir-composite","label":"EIR Composite","resource_type":"case-type","scope_key":null}},"subject":"Response {{ case.reference }}"},"alert-email-template::case-type::eir-composite::closed-no-response":{"date_definition_keys":[],"field_keys":[],"html_body":"<p>Hello,<\/p><p>We have not recieved any information regarding this and therefore are closing this requrest - please feel free to raise another, when you have all the information required.<\/p><p>&nbsp;<\/p><p>&nbsp;<\/p>","key":{"identifier":"closed-no-response","label":"Closed No Response","resource_type":"alert-email-template","scope_key":{"identifier":"eir-composite","label":"EIR Composite","resource_type":"case-type","scope_key":null}},"subject":"Closed No Response {{ case.Reference }}"},"alert-email-template::case-type::eir-composite::reminder":{"date_definition_keys":[],"field_keys":[],"html_body":"<p>Reminder {{ case.reference }} needs actioning.<\/p>","key":{"identifier":"reminder","label":"Reminder","resource_type":"alert-email-template","scope_key":{"identifier":"eir-composite","label":"EIR Composite","resource_type":"case-type","scope_key":null}},"subject":"Reminder {{ case.reference }}"},"choice::case-field::service_1::animal_warden":{"key":{"identifier":"animal_warden","label":"Animal warden","resource_type":"choice","scope_key":{"identifier":"service_1","label":"Service Area","resource_type":"case-field","scope_key":null}}},"choice::case-field::service_1::cctv":{"key":{"identifier":"cctv","label":"CCTV","resource_type":"choice","scope_key":{"identifier":"service_1","label":"Service Area","resource_type":"case-field","scope_key":null}}},"choice::case-field::service_1::community_safety":{"key":{"identifier":"community_safety","label":"Community safety","resource_type":"choice","scope_key":{"identifier":"service_1","label":"Service Area","resource_type":"case-field","scope_key":null}}},"choice::case-field::service_1::corporate_property":{"key":{"identifier":"corporate_property","label":"Corporate property","resource_type":"choice","scope_key":{"identifier":"service_1","label":"Service Area","resource_type":"case-field","scope_key":null}}},"choice::case-field::service_1::customer_services":{"key":{"identifier":"customer_services","label":"Customer services","resource_type":"choice","scope_key":{"identifier":"service_1","label":"Service Area","resource_type":"case-field","scope_key":null}}},"choice::case-field::service_1::finance":{"key":{"identifier":"finance","label":"Finance","resource_type":"choice","scope_key":{"identifier":"service_1","label":"Service Area","resource_type":"case-field","scope_key":null}}},"choice::case-field::service_1::contracts_and_procurement":{"key":{"identifier":"contracts_and_procurement","label":"Contracts and procurement","resource_type":"choice","scope_key":{"identifier":"service_1","label":"Service Area","resource_type":"case-field","scope_key":null}}},"choice::case-field::service_1::education":{"key":{"identifier":"education","label":"Education","resource_type":"choice","scope_key":{"identifier":"service_1","label":"Service Area","resource_type":"case-field","scope_key":null}}},"choice::case-field::service_1::elections":{"key":{"identifier":"elections","label":"Elections","resource_type":"choice","scope_key":{"identifier":"service_1","label":"Service Area","resource_type":"case-field","scope_key":null}}},"choice::case-field::service_1::environmental_protection":{"key":{"identifier":"environmental_protection","label":"Environmental protection","resource_type":"choice","scope_key":{"identifier":"service_1","label":"Service Area","resource_type":"case-field","scope_key":null}}},"choice::case-field::service_1::food_safety":{"key":{"identifier":"food_safety","label":"Food safety","resource_type":"choice","scope_key":{"identifier":"service_1","label":"Service Area","resource_type":"case-field","scope_key":null}}},"choice::case-field::service_1::health_and_safety":{"key":{"identifier":"health_and_safety","label":"Health and safety","resource_type":"choice","scope_key":{"identifier":"service_1","label":"Service Area","resource_type":"case-field","scope_key":null}}},"choice::case-field::service_1::highways_and_street_scene":{"key":{"identifier":"highways_and_street_scene","label":"Highways and street scene","resource_type":"choice","scope_key":{"identifier":"service_1","label":"Service Area","resource_type":"case-field","scope_key":null}}},"choice::case-field::service_1::housing_enforcement":{"key":{"identifier":"housing_enforcement","label":"Housing enforcement","resource_type":"choice","scope_key":{"identifier":"service_1","label":"Service Area","resource_type":"case-field","scope_key":null}}},"choice::case-field::service_1::housing_including_homelessness":{"key":{"identifier":"housing_including_homelessness","label":"Housing - including homelessness","resource_type":"choice","scope_key":{"identifier":"service_1","label":"Service Area","resource_type":"case-field","scope_key":null}}},"choice::case-field::service_1::leisure_centres":{"key":{"identifier":"leisure_centres","label":"Leisure centres","resource_type":"choice","scope_key":{"identifier":"service_1","label":"Service Area","resource_type":"case-field","scope_key":null}}},"choice::case-field::service_1::libraries":{"key":{"identifier":"libraries","label":"Libraries","resource_type":"choice","scope_key":{"identifier":"service_1","label":"Service Area","resource_type":"case-field","scope_key":null}}},"choice::case-field::service_1::licensing":{"key":{"identifier":"licensing","label":"Licensing","resource_type":"choice","scope_key":{"identifier":"service_1","label":"Service Area","resource_type":"case-field","scope_key":null}}},"choice::case-field::service_1::parking_except_pcn":{"key":{"identifier":"parking_except_pcn","label":"Parking except appeals for penalty charge notice (PCN)","resource_type":"choice","scope_key":{"identifier":"service_1","label":"Service Area","resource_type":"case-field","scope_key":null}}},"choice::case-field::service_1::parks_and_open_spaces":{"key":{"identifier":"parks_and_open_spaces","label":"Parks and open spaces","resource_type":"choice","scope_key":{"identifier":"service_1","label":"Service Area","resource_type":"case-field","scope_key":null}}},"choice::case-field::service_1::planning_and_building_control":{"key":{"identifier":"planning_and_building_control","label":"Planning and building control","resource_type":"choice","scope_key":{"identifier":"service_1","label":"Service Area","resource_type":"case-field","scope_key":null}}},"choice::case-field::service_1::public_health":{"key":{"identifier":"public_health","label":"Public health","resource_type":"choice","scope_key":{"identifier":"service_1","label":"Service Area","resource_type":"case-field","scope_key":null}}},"choice::case-field::service_1::registration_and_citizenship_services":{"key":{"identifier":"registration_and_citizenship_services","label":"Registration and citizenship services","resource_type":"choice","scope_key":{"identifier":"service_1","label":"Service Area","resource_type":"case-field","scope_key":null}}},"choice::case-field::service_1::revenues_and_benefits":{"key":{"identifier":"revenues_and_benefits","label":"Revenues and benefits","resource_type":"choice","scope_key":{"identifier":"service_1","label":"Service Area","resource_type":"case-field","scope_key":null}}},"choice::case-field::service_1::social_services_adults":{"key":{"identifier":"social_services_adults","label":"Social services - adults","resource_type":"choice","scope_key":{"identifier":"service_1","label":"Service Area","resource_type":"case-field","scope_key":null}}},"choice::case-field::service_1::social_services_children":{"key":{"identifier":"social_services_children","label":"Social services - children","resource_type":"choice","scope_key":{"identifier":"service_1","label":"Service Area","resource_type":"case-field","scope_key":null}}},"choice::case-field::service_1::trading_standards":{"key":{"identifier":"trading_standards","label":"Trading standards","resource_type":"choice","scope_key":{"identifier":"service_1","label":"Service Area","resource_type":"case-field","scope_key":null}}},"choice::case-field::service_1::traffic_and_transport":{"key":{"identifier":"traffic_and_transport","label":"Traffic and transport","resource_type":"choice","scope_key":{"identifier":"service_1","label":"Service Area","resource_type":"case-field","scope_key":null}}},"choice::case-field::service_1::waste_and_recycling":{"key":{"identifier":"waste_and_recycling","label":"Waste and recycling","resource_type":"choice","scope_key":{"identifier":"service_1","label":"Service Area","resource_type":"case-field","scope_key":null}}},"choice::case-field::service_1::other":{"key":{"identifier":"other","label":"Other","resource_type":"choice","scope_key":{"identifier":"service_1","label":"Service Area","resource_type":"case-field","scope_key":null}}},"case-field::service_1":{"allowed_privilege_level_keys":[],"allowed_to_all_privilege_levels":true,"encrypted":false,"key":{"identifier":"service_1","label":"Service Area","resource_type":"case-field","scope_key":null},"position":0,"choice_keys":{"choice::case-field::service_1::animal_warden":{"identifier":"animal_warden","label":"Animal warden","resource_type":"choice","scope_key":{"identifier":"service_1","label":"Service Area","resource_type":"case-field","scope_key":null}},"choice::case-field::service_1::cctv":{"identifier":"cctv","label":"CCTV","resource_type":"choice","scope_key":{"identifier":"service_1","label":"Service Area","resource_type":"case-field","scope_key":null}},"choice::case-field::service_1::community_safety":{"identifier":"community_safety","label":"Community safety","resource_type":"choice","scope_key":{"identifier":"service_1","label":"Service Area","resource_type":"case-field","scope_key":null}},"choice::case-field::service_1::corporate_property":{"identifier":"corporate_property","label":"Corporate property","resource_type":"choice","scope_key":{"identifier":"service_1","label":"Service Area","resource_type":"case-field","scope_key":null}},"choice::case-field::service_1::customer_services":{"identifier":"customer_services","label":"Customer services","resource_type":"choice","scope_key":{"identifier":"service_1","label":"Service Area","resource_type":"case-field","scope_key":null}},"choice::case-field::service_1::finance":{"identifier":"finance","label":"Finance","resource_type":"choice","scope_key":{"identifier":"service_1","label":"Service Area","resource_type":"case-field","scope_key":null}},"choice::case-field::service_1::contracts_and_procurement":{"identifier":"contracts_and_procurement","label":"Contracts and procurement","resource_type":"choice","scope_key":{"identifier":"service_1","label":"Service Area","resource_type":"case-field","scope_key":null}},"choice::case-field::service_1::education":{"identifier":"education","label":"Education","resource_type":"choice","scope_key":{"identifier":"service_1","label":"Service Area","resource_type":"case-field","scope_key":null}},"choice::case-field::service_1::elections":{"identifier":"elections","label":"Elections","resource_type":"choice","scope_key":{"identifier":"service_1","label":"Service Area","resource_type":"case-field","scope_key":null}},"choice::case-field::service_1::environmental_protection":{"identifier":"environmental_protection","label":"Environmental protection","resource_type":"choice","scope_key":{"identifier":"service_1","label":"Service Area","resource_type":"case-field","scope_key":null}},"choice::case-field::service_1::food_safety":{"identifier":"food_safety","label":"Food safety","resource_type":"choice","scope_key":{"identifier":"service_1","label":"Service Area","resource_type":"case-field","scope_key":null}},"choice::case-field::service_1::health_and_safety":{"identifier":"health_and_safety","label":"Health and safety","resource_type":"choice","scope_key":{"identifier":"service_1","label":"Service Area","resource_type":"case-field","scope_key":null}},"choice::case-field::service_1::highways_and_street_scene":{"identifier":"highways_and_street_scene","label":"Highways and street scene","resource_type":"choice","scope_key":{"identifier":"service_1","label":"Service Area","resource_type":"case-field","scope_key":null}},"choice::case-field::service_1::housing_enforcement":{"identifier":"housing_enforcement","label":"Housing enforcement","resource_type":"choice","scope_key":{"identifier":"service_1","label":"Service Area","resource_type":"case-field","scope_key":null}},"choice::case-field::service_1::housing_including_homelessness":{"identifier":"housing_including_homelessness","label":"Housing - including homelessness","resource_type":"choice","scope_key":{"identifier":"service_1","label":"Service Area","resource_type":"case-field","scope_key":null}},"choice::case-field::service_1::leisure_centres":{"identifier":"leisure_centres","label":"Leisure centres","resource_type":"choice","scope_key":{"identifier":"service_1","label":"Service Area","resource_type":"case-field","scope_key":null}},"choice::case-field::service_1::libraries":{"identifier":"libraries","label":"Libraries","resource_type":"choice","scope_key":{"identifier":"service_1","label":"Service Area","resource_type":"case-field","scope_key":null}},"choice::case-field::service_1::licensing":{"identifier":"licensing","label":"Licensing","resource_type":"choice","scope_key":{"identifier":"service_1","label":"Service Area","resource_type":"case-field","scope_key":null}},"choice::case-field::service_1::parking_except_pcn":{"identifier":"parking_except_pcn","label":"Parking except appeals for penalty charge notice (PCN)","resource_type":"choice","scope_key":{"identifier":"service_1","label":"Service Area","resource_type":"case-field","scope_key":null}},"choice::case-field::service_1::parks_and_open_spaces":{"identifier":"parks_and_open_spaces","label":"Parks and open spaces","resource_type":"choice","scope_key":{"identifier":"service_1","label":"Service Area","resource_type":"case-field","scope_key":null}},"choice::case-field::service_1::planning_and_building_control":{"identifier":"planning_and_building_control","label":"Planning and building control","resource_type":"choice","scope_key":{"identifier":"service_1","label":"Service Area","resource_type":"case-field","scope_key":null}},"choice::case-field::service_1::public_health":{"identifier":"public_health","label":"Public health","resource_type":"choice","scope_key":{"identifier":"service_1","label":"Service Area","resource_type":"case-field","scope_key":null}},"choice::case-field::service_1::registration_and_citizenship_services":{"identifier":"registration_and_citizenship_services","label":"Registration and citizenship services","resource_type":"choice","scope_key":{"identifier":"service_1","label":"Service Area","resource_type":"case-field","scope_key":null}},"choice::case-field::service_1::revenues_and_benefits":{"identifier":"revenues_and_benefits","label":"Revenues and benefits","resource_type":"choice","scope_key":{"identifier":"service_1","label":"Service Area","resource_type":"case-field","scope_key":null}},"choice::case-field::service_1::social_services_adults":{"identifier":"social_services_adults","label":"Social services - adults","resource_type":"choice","scope_key":{"identifier":"service_1","label":"Service Area","resource_type":"case-field","scope_key":null}},"choice::case-field::service_1::social_services_children":{"identifier":"social_services_children","label":"Social services - children","resource_type":"choice","scope_key":{"identifier":"service_1","label":"Service Area","resource_type":"case-field","scope_key":null}},"choice::case-field::service_1::trading_standards":{"identifier":"trading_standards","label":"Trading standards","resource_type":"choice","scope_key":{"identifier":"service_1","label":"Service Area","resource_type":"case-field","scope_key":null}},"choice::case-field::service_1::traffic_and_transport":{"identifier":"traffic_and_transport","label":"Traffic and transport","resource_type":"choice","scope_key":{"identifier":"service_1","label":"Service Area","resource_type":"case-field","scope_key":null}},"choice::case-field::service_1::waste_and_recycling":{"identifier":"waste_and_recycling","label":"Waste and recycling","resource_type":"choice","scope_key":{"identifier":"service_1","label":"Service Area","resource_type":"case-field","scope_key":null}},"choice::case-field::service_1::other":{"identifier":"other","label":"Other","resource_type":"choice","scope_key":{"identifier":"service_1","label":"Service Area","resource_type":"case-field","scope_key":null}}},"default_choice_keys":[],"expanded":false,"multiple":false,"type":"choice"},"case-field::parent_reference":{"allowed_privilege_level_keys":[],"allowed_to_all_privilege_levels":true,"encrypted":false,"key":{"identifier":"parent_reference","label":"Parent Reference","resource_type":"case-field","scope_key":null},"position":0,"type":"text"},"case-field::description":{"allowed_privilege_level_keys":[],"allowed_to_all_privilege_levels":true,"encrypted":true,"key":{"identifier":"description","label":"Description","resource_type":"case-field","scope_key":null},"position":0,"type":"textarea"},"case-form::case-type::eir-composite::new-freedom-of-information":{"external_redirects":[],"fields":[{"key":{"identifier":"service-area1-2","label":"Service Area","resource_type":"case-form-field","scope_key":{"identifier":"new-freedom-of-information","label":"New EIR Composite","resource_type":"case-form","scope_key":{"identifier":"eir-composite","label":"EIR Composite","resource_type":"case-type","scope_key":null}}},"position":0,"requirement":{"key":{"identifier":"28134","label":"Expression 28134","resource_type":"expression","scope_key":null},"type":"true_expression"},"visibility":null,"field_key":{"identifier":"service_1","label":"Service Area","resource_type":"case-field","scope_key":null},"type":"case_field"},{"key":{"identifier":"parent-reference-7-1-1","label":"Parent Reference","resource_type":"case-form-field","scope_key":{"identifier":"new-freedom-of-information","label":"New EIR Composite","resource_type":"case-form","scope_key":{"identifier":"eir-composite","label":"EIR Composite","resource_type":"case-type","scope_key":null}}},"position":1,"requirement":null,"visibility":null,"field_key":{"identifier":"parent_reference","label":"Parent Reference","resource_type":"case-field","scope_key":null},"type":"case_field"},{"key":{"identifier":"description-11-1-1-1","label":"Description","resource_type":"case-form-field","scope_key":{"identifier":"new-freedom-of-information","label":"New EIR Composite","resource_type":"case-form","scope_key":{"identifier":"eir-composite","label":"EIR Composite","resource_type":"case-type","scope_key":null}}},"position":2,"requirement":null,"visibility":null,"field_key":{"identifier":"description","label":"Description","resource_type":"case-field","scope_key":null},"type":"case_field"}],"key":{"identifier":"new-freedom-of-information","label":"New EIR Composite","resource_type":"case-form","scope_key":{"identifier":"eir-composite","label":"EIR Composite","resource_type":"case-type","scope_key":null}},"type":"create"},"case-field::clarification_response":{"allowed_privilege_level_keys":[],"allowed_to_all_privilege_levels":true,"encrypted":false,"key":{"identifier":"clarification_response","label":"Clarification Response","resource_type":"case-field","scope_key":null},"position":0,"type":"textarea"},"choice::case-field::directorate::cex":{"key":{"identifier":"cex","label":"Customer Services and Communications","resource_type":"choice","scope_key":{"identifier":"directorate","label":"Directorate","resource_type":"case-field","scope_key":null}}},"choice::case-field::directorate::chas":{"key":{"identifier":"chas","label":"Children's, Housing and Adult Services","resource_type":"choice","scope_key":{"identifier":"directorate","label":"Directorate","resource_type":"case-field","scope_key":null}}},"choice::case-field::directorate::rede":{"key":{"identifier":"rede","label":"Regeneration, Economic Development and Environment","resource_type":"choice","scope_key":{"identifier":"directorate","label":"Directorate","resource_type":"case-field","scope_key":null}}},"case-field::directorate":{"allowed_privilege_level_keys":[],"allowed_to_all_privilege_levels":true,"encrypted":false,"key":{"identifier":"directorate","label":"Directorate","resource_type":"case-field","scope_key":null},"position":0,"choice_keys":{"choice::case-field::directorate::cex":{"identifier":"cex","label":"Customer Services and Communications","resource_type":"choice","scope_key":{"identifier":"directorate","label":"Directorate","resource_type":"case-field","scope_key":null}},"choice::case-field::directorate::chas":{"identifier":"chas","label":"Children's, Housing and Adult Services","resource_type":"choice","scope_key":{"identifier":"directorate","label":"Directorate","resource_type":"case-field","scope_key":null}},"choice::case-field::directorate::rede":{"identifier":"rede","label":"Regeneration, Economic Development and Environment","resource_type":"choice","scope_key":{"identifier":"directorate","label":"Directorate","resource_type":"case-field","scope_key":null}}},"default_choice_keys":[],"expanded":false,"multiple":false,"type":"choice"},"choice::case-field::service::multiple_service_areas":{"key":{"identifier":"multiple_service_areas","label":"Multiple Service Areas","resource_type":"choice","scope_key":{"identifier":"service","label":"Service","resource_type":"case-field","scope_key":null}}},"choice::case-field::service::adult_social_care":{"key":{"identifier":"adult_social_care","label":"Adult Social Care","resource_type":"choice","scope_key":{"identifier":"service","label":"Service","resource_type":"case-field","scope_key":null}}},"choice::case-field::service::education":{"key":{"identifier":"education","label":"Education","resource_type":"choice","scope_key":{"identifier":"service","label":"Service","resource_type":"case-field","scope_key":null}}},"choice::case-field::service::finance":{"key":{"identifier":"finance","label":"Finance","resource_type":"choice","scope_key":{"identifier":"service","label":"Service","resource_type":"case-field","scope_key":null}}},"choice::case-field::service::housing":{"key":{"identifier":"housing","label":"Housing","resource_type":"choice","scope_key":{"identifier":"service","label":"Service","resource_type":"case-field","scope_key":null}}},"case-field::service":{"allowed_privilege_level_keys":[],"allowed_to_all_privilege_levels":true,"encrypted":false,"key":{"identifier":"service","label":"Service","resource_type":"case-field","scope_key":null},"position":null,"choice_keys":{"choice::case-field::service::multiple_service_areas":{"identifier":"multiple_service_areas","label":"Multiple Service Areas","resource_type":"choice","scope_key":{"identifier":"service","label":"Service","resource_type":"case-field","scope_key":null}},"choice::case-field::service::adult_social_care":{"identifier":"adult_social_care","label":"Adult Social Care","resource_type":"choice","scope_key":{"identifier":"service","label":"Service","resource_type":"case-field","scope_key":null}},"choice::case-field::service::education":{"identifier":"education","label":"Education","resource_type":"choice","scope_key":{"identifier":"service","label":"Service","resource_type":"case-field","scope_key":null}},"choice::case-field::service::finance":{"identifier":"finance","label":"Finance","resource_type":"choice","scope_key":{"identifier":"service","label":"Service","resource_type":"case-field","scope_key":null}},"choice::case-field::service::housing":{"identifier":"housing","label":"Housing","resource_type":"choice","scope_key":{"identifier":"service","label":"Service","resource_type":"case-field","scope_key":null}}},"default_choice_keys":[],"expanded":false,"multiple":false,"type":"choice"},"case-form::case-type::eir-composite::edit-freedom-of-information":{"external_redirects":[],"fields":[{"key":{"identifier":"clarification-response-1-1-1-1","label":"Clarification Response","resource_type":"case-form-field","scope_key":{"identifier":"edit-freedom-of-information","label":"Edit EIR Composite","resource_type":"case-form","scope_key":{"identifier":"eir-composite","label":"EIR Composite","resource_type":"case-type","scope_key":null}}},"position":0,"requirement":null,"visibility":null,"field_key":{"identifier":"clarification_response","label":"Clarification Response","resource_type":"case-field","scope_key":null},"type":"case_field"},{"key":{"identifier":"directorate-16-1-1-1","label":"Directorate","resource_type":"case-form-field","scope_key":{"identifier":"edit-freedom-of-information","label":"Edit EIR Composite","resource_type":"case-form","scope_key":{"identifier":"eir-composite","label":"EIR Composite","resource_type":"case-type","scope_key":null}}},"position":1,"requirement":{"key":{"identifier":"28068","label":"Expression 28068","resource_type":"expression","scope_key":null},"type":"false_expression"},"visibility":null,"field_key":{"identifier":"directorate","label":"Directorate","resource_type":"case-field","scope_key":null},"type":"case_field"},{"key":{"identifier":"service-area-7-1-1-1","label":"Service Area","resource_type":"case-form-field","scope_key":{"identifier":"edit-freedom-of-information","label":"Edit EIR Composite","resource_type":"case-form","scope_key":{"identifier":"eir-composite","label":"EIR Composite","resource_type":"case-type","scope_key":null}}},"position":2,"requirement":{"key":{"identifier":"28069","label":"Expression 28069","resource_type":"expression","scope_key":null},"type":"false_expression"},"visibility":null,"field_key":{"identifier":"service","label":"Service","resource_type":"case-field","scope_key":null},"type":"case_field"}],"key":{"identifier":"edit-freedom-of-information","label":"Edit EIR Composite","resource_type":"case-form","scope_key":{"identifier":"eir-composite","label":"EIR Composite","resource_type":"case-type","scope_key":null}},"type":"edit"},"case-field::area_of_clarification":{"allowed_privilege_level_keys":[],"allowed_to_all_privilege_levels":true,"encrypted":false,"key":{"identifier":"area_of_clarification","label":"Area of Clarification","resource_type":"case-field","scope_key":null},"position":0,"type":"textarea"},"case-form::case-type::eir-composite::further-information-required":{"external_redirects":[],"fields":[{"key":{"identifier":"area-of-clarification-1-1-1","label":"Area of Clarification","resource_type":"case-form-field","scope_key":{"identifier":"further-information-required","label":"Further Information Required","resource_type":"case-form","scope_key":{"identifier":"eir-composite","label":"EIR Composite","resource_type":"case-type","scope_key":null}}},"position":0,"requirement":null,"visibility":null,"field_key":{"identifier":"area_of_clarification","label":"Area of Clarification","resource_type":"case-field","scope_key":null},"type":"case_field"}],"key":{"identifier":"further-information-required","label":"Further Information Required","resource_type":"case-form","scope_key":{"identifier":"eir-composite","label":"EIR Composite","resource_type":"case-type","scope_key":null}},"type":"normal"},"privilege-level::administrator":{"key":{"identifier":"administrator","label":"Administrator","resource_type":"privilege-level","scope_key":null}},"privilege-level::advisor":{"key":{"identifier":"advisor","label":"Advisor","resource_type":"privilege-level","scope_key":null}},"privilege-level::staff-free-user":{"key":{"identifier":"staff-free-user","label":"Staff - free user","resource_type":"privilege-level","scope_key":null}},"privilege-level::advisor-senior":{"key":{"identifier":"advisor-senior","label":"Advisor - Senior","resource_type":"privilege-level","scope_key":null}},"case-form::case-type::eir-composite::provide-response":{"external_redirects":[{"key":{"identifier":"760","label":"https:\/\/lbhwebuat.hounslow.gov.uk\/jadu\/xforms2\/xforms_internal_form.php?formID=1221&userFormID=-1&caseReference={{ case.reference }}","resource_type":"case-form-external-redirect","scope_key":null},"privilege_level_keys":{"privilege-level::administrator":{"identifier":"administrator","label":"Administrator","resource_type":"privilege-level","scope_key":null},"privilege-level::advisor":{"identifier":"advisor","label":"Advisor","resource_type":"privilege-level","scope_key":null},"privilege-level::staff-free-user":{"identifier":"staff-free-user","label":"Staff - free user","resource_type":"privilege-level","scope_key":null},"privilege-level::advisor-senior":{"identifier":"advisor-senior","label":"Advisor - Senior","resource_type":"privilege-level","scope_key":null}},"url":"https:\/\/lbhwebuat.hounslow.gov.uk\/jadu\/xforms2\/xforms_internal_form.php?formID=1221&userFormID=-1&caseReference={{ case.reference }}"}],"fields":[{"key":{"identifier":"clarification-response-2-1-1","label":"Clarification Response","resource_type":"case-form-field","scope_key":{"identifier":"provide-response","label":"Provide Response","resource_type":"case-form","scope_key":{"identifier":"eir-composite","label":"EIR Composite","resource_type":"case-type","scope_key":null}}},"position":0,"requirement":null,"visibility":null,"field_key":{"identifier":"clarification_response","label":"Clarification Response","resource_type":"case-field","scope_key":null},"type":"case_field"}],"key":{"identifier":"provide-response","label":"Provide Response","resource_type":"case-form","scope_key":{"identifier":"eir-composite","label":"EIR Composite","resource_type":"case-type","scope_key":null}},"type":"normal"},"choice::case-field::closure_code::logged_in_error":{"key":{"identifier":"logged_in_error","label":"Logged in error","resource_type":"choice","scope_key":{"identifier":"closure_code","label":"Closure Code","resource_type":"case-field","scope_key":null}}},"choice::case-field::closure_code::duplicate":{"key":{"identifier":"duplicate","label":"Duplicate","resource_type":"choice","scope_key":{"identifier":"closure_code","label":"Closure Code","resource_type":"case-field","scope_key":null}}},"choice::case-field::closure_code::withdrawn":{"key":{"identifier":"withdrawn","label":"Withdrawn","resource_type":"choice","scope_key":{"identifier":"closure_code","label":"Closure Code","resource_type":"case-field","scope_key":null}}},"choice::case-field::closure_code::no_response_to_further_clarification":{"key":{"identifier":"no_response_to_further_clarification","label":"No response to further clarification","resource_type":"choice","scope_key":{"identifier":"closure_code","label":"Closure Code","resource_type":"case-field","scope_key":null}}},"choice::case-field::closure_code::full_exemption":{"key":{"identifier":"full_exemption","label":"Full exemption","resource_type":"choice","scope_key":{"identifier":"closure_code","label":"Closure Code","resource_type":"case-field","scope_key":null}}},"choice::case-field::closure_code::information_not_held":{"key":{"identifier":"information_not_held","label":"Information not held","resource_type":"choice","scope_key":{"identifier":"closure_code","label":"Closure Code","resource_type":"case-field","scope_key":null}}},"choice::case-field::closure_code::partial_exemption":{"key":{"identifier":"partial_exemption","label":"Partial exemption","resource_type":"choice","scope_key":{"identifier":"closure_code","label":"Closure Code","resource_type":"case-field","scope_key":null}}},"choice::case-field::closure_code::partial_information_not_held":{"key":{"identifier":"partial_information_not_held","label":"Partial information not held","resource_type":"choice","scope_key":{"identifier":"closure_code","label":"Closure Code","resource_type":"case-field","scope_key":null}}},"choice::case-field::closure_code::responded_in_full":{"key":{"identifier":"responded_in_full","label":"Responded in full","resource_type":"choice","scope_key":{"identifier":"closure_code","label":"Closure Code","resource_type":"case-field","scope_key":null}}},"choice::case-field::closure_code::eir":{"key":{"identifier":"eir","label":"EIR","resource_type":"choice","scope_key":{"identifier":"closure_code","label":"Closure Code","resource_type":"case-field","scope_key":null}}},"choice::case-field::closure_code::composite":{"key":{"identifier":"composite","label":"Composite","resource_type":"choice","scope_key":{"identifier":"closure_code","label":"Closure Code","resource_type":"case-field","scope_key":null}}},"choice::case-field::closure_code::tpd":{"key":{"identifier":"tpd","label":"TPD","resource_type":"choice","scope_key":{"identifier":"closure_code","label":"Closure Code","resource_type":"case-field","scope_key":null}}},"choice::case-field::closure_code::sar":{"key":{"identifier":"sar","label":"SAR","resource_type":"choice","scope_key":{"identifier":"closure_code","label":"Closure Code","resource_type":"case-field","scope_key":null}}},"case-field::closure_code":{"allowed_privilege_level_keys":[],"allowed_to_all_privilege_levels":true,"encrypted":false,"key":{"identifier":"closure_code","label":"Closure Code","resource_type":"case-field","scope_key":null},"position":0,"choice_keys":{"choice::case-field::closure_code::logged_in_error":{"identifier":"logged_in_error","label":"Logged in error","resource_type":"choice","scope_key":{"identifier":"closure_code","label":"Closure Code","resource_type":"case-field","scope_key":null}},"choice::case-field::closure_code::duplicate":{"identifier":"duplicate","label":"Duplicate","resource_type":"choice","scope_key":{"identifier":"closure_code","label":"Closure Code","resource_type":"case-field","scope_key":null}},"choice::case-field::closure_code::withdrawn":{"identifier":"withdrawn","label":"Withdrawn","resource_type":"choice","scope_key":{"identifier":"closure_code","label":"Closure Code","resource_type":"case-field","scope_key":null}},"choice::case-field::closure_code::no_response_to_further_clarification":{"identifier":"no_response_to_further_clarification","label":"No response to further clarification","resource_type":"choice","scope_key":{"identifier":"closure_code","label":"Closure Code","resource_type":"case-field","scope_key":null}},"choice::case-field::closure_code::full_exemption":{"identifier":"full_exemption","label":"Full exemption","resource_type":"choice","scope_key":{"identifier":"closure_code","label":"Closure Code","resource_type":"case-field","scope_key":null}},"choice::case-field::closure_code::information_not_held":{"identifier":"information_not_held","label":"Information not held","resource_type":"choice","scope_key":{"identifier":"closure_code","label":"Closure Code","resource_type":"case-field","scope_key":null}},"choice::case-field::closure_code::partial_exemption":{"identifier":"partial_exemption","label":"Partial exemption","resource_type":"choice","scope_key":{"identifier":"closure_code","label":"Closure Code","resource_type":"case-field","scope_key":null}},"choice::case-field::closure_code::partial_information_not_held":{"identifier":"partial_information_not_held","label":"Partial information not held","resource_type":"choice","scope_key":{"identifier":"closure_code","label":"Closure Code","resource_type":"case-field","scope_key":null}},"choice::case-field::closure_code::responded_in_full":{"identifier":"responded_in_full","label":"Responded in full","resource_type":"choice","scope_key":{"identifier":"closure_code","label":"Closure Code","resource_type":"case-field","scope_key":null}},"choice::case-field::closure_code::eir":{"identifier":"eir","label":"EIR","resource_type":"choice","scope_key":{"identifier":"closure_code","label":"Closure Code","resource_type":"case-field","scope_key":null}},"choice::case-field::closure_code::composite":{"identifier":"composite","label":"Composite","resource_type":"choice","scope_key":{"identifier":"closure_code","label":"Closure Code","resource_type":"case-field","scope_key":null}},"choice::case-field::closure_code::tpd":{"identifier":"tpd","label":"TPD","resource_type":"choice","scope_key":{"identifier":"closure_code","label":"Closure Code","resource_type":"case-field","scope_key":null}},"choice::case-field::closure_code::sar":{"identifier":"sar","label":"SAR","resource_type":"choice","scope_key":{"identifier":"closure_code","label":"Closure Code","resource_type":"case-field","scope_key":null}}},"default_choice_keys":[],"expanded":false,"multiple":false,"type":"choice"},"choice::case-field::eir_closure_codes::regulation_12_3":{"key":{"identifier":"regulation_12_3","label":"Regulation 12(3) - personal data (also covers Regulation 13)","resource_type":"choice","scope_key":{"identifier":"eir_closure_codes","label":"EIR Closure Codes","resource_type":"case-field","scope_key":null}}},"choice::case-field::eir_closure_codes::regulation_12_4_a":{"key":{"identifier":"regulation_12_4_a","label":"Regulation 12(4)(a) - not held","resource_type":"choice","scope_key":{"identifier":"eir_closure_codes","label":"EIR Closure Codes","resource_type":"case-field","scope_key":null}}},"choice::case-field::eir_closure_codes::regulation_12_4_b":{"key":{"identifier":"regulation_12_4_b","label":"Regulation 12(4)(b) - manifestly unreasonable","resource_type":"choice","scope_key":{"identifier":"eir_closure_codes","label":"EIR Closure Codes","resource_type":"case-field","scope_key":null}}},"choice::case-field::eir_closure_codes::regulation_12_4_c":{"key":{"identifier":"regulation_12_4_c","label":"Regulation 12(4)(c) - request formulated in too general a manner","resource_type":"choice","scope_key":{"identifier":"eir_closure_codes","label":"EIR Closure Codes","resource_type":"case-field","scope_key":null}}},"choice::case-field::eir_closure_codes::regulation_12_4_d":{"key":{"identifier":"regulation_12_4_d","label":"Regulation 12(4)(d) - unfinished\/incomplete data","resource_type":"choice","scope_key":{"identifier":"eir_closure_codes","label":"EIR Closure Codes","resource_type":"case-field","scope_key":null}}},"choice::case-field::eir_closure_codes::regulation_12_4_e":{"key":{"identifier":"regulation_12_4_e","label":"Regulation 12(4)(e) - internal communications","resource_type":"choice","scope_key":{"identifier":"eir_closure_codes","label":"EIR Closure Codes","resource_type":"case-field","scope_key":null}}},"choice::case-field::eir_closure_codes::regulation_12_5_a":{"key":{"identifier":"regulation_12_5_a","label":"Regulation 12(5)(a): International relations, defence, national security or public safety","resource_type":"choice","scope_key":{"identifier":"eir_closure_codes","label":"EIR Closure Codes","resource_type":"case-field","scope_key":null}}},"choice::case-field::eir_closure_codes::regulation_12_5_b":{"key":{"identifier":"regulation_12_5_b","label":"Regulation 12(5)(b): The course of justice and inquiries exception","resource_type":"choice","scope_key":{"identifier":"eir_closure_codes","label":"EIR Closure Codes","resource_type":"case-field","scope_key":null}}},"choice::case-field::eir_closure_codes::regulation_12_5_c":{"key":{"identifier":"regulation_12_5_c","label":"Regulation 12(5)(c): Intellectual property rights","resource_type":"choice","scope_key":{"identifier":"eir_closure_codes","label":"EIR Closure Codes","resource_type":"case-field","scope_key":null}}},"choice::case-field::eir_closure_codes::regulation_12_5_d":{"key":{"identifier":"regulation_12_5_d","label":"Regulation 12(5)(d): Confidentiality of proceedings","resource_type":"choice","scope_key":{"identifier":"eir_closure_codes","label":"EIR Closure Codes","resource_type":"case-field","scope_key":null}}},"choice::case-field::eir_closure_codes::regulation_12_5_e":{"key":{"identifier":"regulation_12_5_e","label":"Regulation 12(5)(e): Confidentiality of commercial or industrial information","resource_type":"choice","scope_key":{"identifier":"eir_closure_codes","label":"EIR Closure Codes","resource_type":"case-field","scope_key":null}}},"choice::case-field::eir_closure_codes::regulation_12_5_f":{"key":{"identifier":"regulation_12_5_f","label":"Regulation 12(5)(f): Interests of the person who provided the information to the public authority","resource_type":"choice","scope_key":{"identifier":"eir_closure_codes","label":"EIR Closure Codes","resource_type":"case-field","scope_key":null}}},"choice::case-field::eir_closure_codes::regulation_12_5_g":{"key":{"identifier":"regulation_12_5_g","label":"Regulation 12(5)(g): Protection of the environment","resource_type":"choice","scope_key":{"identifier":"eir_closure_codes","label":"EIR Closure Codes","resource_type":"case-field","scope_key":null}}},"choice::case-field::eir_closure_codes::regulation_12_9":{"key":{"identifier":"regulation_12_9","label":"Regulation 12(9): Information on emissions","resource_type":"choice","scope_key":{"identifier":"eir_closure_codes","label":"EIR Closure Codes","resource_type":"case-field","scope_key":null}}},"case-field::eir_closure_codes":{"allowed_privilege_level_keys":[],"allowed_to_all_privilege_levels":true,"encrypted":false,"key":{"identifier":"eir_closure_codes","label":"EIR Closure Codes","resource_type":"case-field","scope_key":null},"position":0,"choice_keys":{"choice::case-field::eir_closure_codes::regulation_12_3":{"identifier":"regulation_12_3","label":"Regulation 12(3) - personal data (also covers Regulation 13)","resource_type":"choice","scope_key":{"identifier":"eir_closure_codes","label":"EIR Closure Codes","resource_type":"case-field","scope_key":null}},"choice::case-field::eir_closure_codes::regulation_12_4_a":{"identifier":"regulation_12_4_a","label":"Regulation 12(4)(a) - not held","resource_type":"choice","scope_key":{"identifier":"eir_closure_codes","label":"EIR Closure Codes","resource_type":"case-field","scope_key":null}},"choice::case-field::eir_closure_codes::regulation_12_4_b":{"identifier":"regulation_12_4_b","label":"Regulation 12(4)(b) - manifestly unreasonable","resource_type":"choice","scope_key":{"identifier":"eir_closure_codes","label":"EIR Closure Codes","resource_type":"case-field","scope_key":null}},"choice::case-field::eir_closure_codes::regulation_12_4_c":{"identifier":"regulation_12_4_c","label":"Regulation 12(4)(c) - request formulated in too general a manner","resource_type":"choice","scope_key":{"identifier":"eir_closure_codes","label":"EIR Closure Codes","resource_type":"case-field","scope_key":null}},"choice::case-field::eir_closure_codes::regulation_12_4_d":{"identifier":"regulation_12_4_d","label":"Regulation 12(4)(d) - unfinished\/incomplete data","resource_type":"choice","scope_key":{"identifier":"eir_closure_codes","label":"EIR Closure Codes","resource_type":"case-field","scope_key":null}},"choice::case-field::eir_closure_codes::regulation_12_4_e":{"identifier":"regulation_12_4_e","label":"Regulation 12(4)(e) - internal communications","resource_type":"choice","scope_key":{"identifier":"eir_closure_codes","label":"EIR Closure Codes","resource_type":"case-field","scope_key":null}},"choice::case-field::eir_closure_codes::regulation_12_5_a":{"identifier":"regulation_12_5_a","label":"Regulation 12(5)(a): International relations, defence, national security or public safety","resource_type":"choice","scope_key":{"identifier":"eir_closure_codes","label":"EIR Closure Codes","resource_type":"case-field","scope_key":null}},"choice::case-field::eir_closure_codes::regulation_12_5_b":{"identifier":"regulation_12_5_b","label":"Regulation 12(5)(b): The course of justice and inquiries exception","resource_type":"choice","scope_key":{"identifier":"eir_closure_codes","label":"EIR Closure Codes","resource_type":"case-field","scope_key":null}},"choice::case-field::eir_closure_codes::regulation_12_5_c":{"identifier":"regulation_12_5_c","label":"Regulation 12(5)(c): Intellectual property rights","resource_type":"choice","scope_key":{"identifier":"eir_closure_codes","label":"EIR Closure Codes","resource_type":"case-field","scope_key":null}},"choice::case-field::eir_closure_codes::regulation_12_5_d":{"identifier":"regulation_12_5_d","label":"Regulation 12(5)(d): Confidentiality of proceedings","resource_type":"choice","scope_key":{"identifier":"eir_closure_codes","label":"EIR Closure Codes","resource_type":"case-field","scope_key":null}},"choice::case-field::eir_closure_codes::regulation_12_5_e":{"identifier":"regulation_12_5_e","label":"Regulation 12(5)(e): Confidentiality of commercial or industrial information","resource_type":"choice","scope_key":{"identifier":"eir_closure_codes","label":"EIR Closure Codes","resource_type":"case-field","scope_key":null}},"choice::case-field::eir_closure_codes::regulation_12_5_f":{"identifier":"regulation_12_5_f","label":"Regulation 12(5)(f): Interests of the person who provided the information to the public authority","resource_type":"choice","scope_key":{"identifier":"eir_closure_codes","label":"EIR Closure Codes","resource_type":"case-field","scope_key":null}},"choice::case-field::eir_closure_codes::regulation_12_5_g":{"identifier":"regulation_12_5_g","label":"Regulation 12(5)(g): Protection of the environment","resource_type":"choice","scope_key":{"identifier":"eir_closure_codes","label":"EIR Closure Codes","resource_type":"case-field","scope_key":null}},"choice::case-field::eir_closure_codes::regulation_12_9":{"identifier":"regulation_12_9","label":"Regulation 12(9): Information on emissions","resource_type":"choice","scope_key":{"identifier":"eir_closure_codes","label":"EIR Closure Codes","resource_type":"case-field","scope_key":null}}},"default_choice_keys":[],"expanded":false,"multiple":false,"type":"choice"},"case-form::case-type::eir-composite::closure-response":{"external_redirects":[],"fields":[{"key":{"identifier":"closure-code-1-1-1","label":"Closure Code","resource_type":"case-form-field","scope_key":{"identifier":"closure-response","label":"Closure \/ Response","resource_type":"case-form","scope_key":{"identifier":"eir-composite","label":"EIR Composite","resource_type":"case-type","scope_key":null}}},"position":0,"requirement":null,"visibility":null,"field_key":{"identifier":"closure_code","label":"Closure Code","resource_type":"case-field","scope_key":null},"type":"case_field"},{"key":{"identifier":"response-4-1-1-1","label":"Response","resource_type":"case-form-field","scope_key":{"identifier":"closure-response","label":"Closure \/ Response","resource_type":"case-form","scope_key":{"identifier":"eir-composite","label":"EIR Composite","resource_type":"case-type","scope_key":null}}},"position":1,"requirement":{"key":{"identifier":"28070","label":"Expression 28070","resource_type":"expression","scope_key":null},"type":"false_expression"},"visibility":null,"field_key":{"identifier":"response","label":"Response","resource_type":"case-field","scope_key":null},"type":"case_field"},{"key":{"identifier":"eir-closure-codes-1-1","label":"EIR Closure Codes","resource_type":"case-form-field","scope_key":{"identifier":"closure-response","label":"Closure \/ Response","resource_type":"case-form","scope_key":{"identifier":"eir-composite","label":"EIR Composite","resource_type":"case-type","scope_key":null}}},"position":2,"requirement":null,"visibility":null,"field_key":{"identifier":"eir_closure_codes","label":"EIR Closure Codes","resource_type":"case-field","scope_key":null},"type":"case_field"}],"key":{"identifier":"closure-response","label":"Closure \/ Response","resource_type":"case-form","scope_key":{"identifier":"eir-composite","label":"EIR Composite","resource_type":"case-type","scope_key":null}},"type":"normal"},"case-field::reason":{"allowed_privilege_level_keys":[],"allowed_to_all_privilege_levels":true,"encrypted":false,"key":{"identifier":"reason","label":"Reason","resource_type":"case-field","scope_key":null},"position":null,"type":"text"},"case-field::recommendation":{"allowed_privilege_level_keys":[],"allowed_to_all_privilege_levels":true,"encrypted":false,"key":{"identifier":"recommendation","label":"Recommendation","resource_type":"case-field","scope_key":null},"position":0,"type":"textarea"},"case-form::case-type::eir-composite::reassignment":{"external_redirects":[],"fields":[{"key":{"identifier":"reason-79-1-1-1","label":"Reason","resource_type":"case-form-field","scope_key":{"identifier":"reassignment","label":"reassignment","resource_type":"case-form","scope_key":{"identifier":"eir-composite","label":"EIR Composite","resource_type":"case-type","scope_key":null}}},"position":0,"requirement":null,"visibility":null,"field_key":{"identifier":"reason","label":"Reason","resource_type":"case-field","scope_key":null},"type":"case_field"},{"key":{"identifier":"recommendation-1-1-1","label":"Recommendation","resource_type":"case-form-field","scope_key":{"identifier":"reassignment","label":"reassignment","resource_type":"case-form","scope_key":{"identifier":"eir-composite","label":"EIR Composite","resource_type":"case-type","scope_key":null}}},"position":1,"requirement":{"key":{"identifier":"28071","label":"Expression 28071","resource_type":"expression","scope_key":null},"type":"false_expression"},"visibility":null,"field_key":{"identifier":"recommendation","label":"Recommendation","resource_type":"case-field","scope_key":null},"type":"case_field"}],"key":{"identifier":"reassignment","label":"reassignment","resource_type":"case-form","scope_key":{"identifier":"eir-composite","label":"EIR Composite","resource_type":"case-type","scope_key":null}},"type":"normal"},"case-transition::case-type::eir-composite::external-response-required":{"allowed_privilege_level_keys":{"privilege-level::administrator":{"identifier":"administrator","label":"Administrator","resource_type":"privilege-level","scope_key":null},"privilege-level::advisor":{"identifier":"advisor","label":"Advisor","resource_type":"privilege-level","scope_key":null},"privilege-level::staff-free-user":{"identifier":"staff-free-user","label":"Staff - free user","resource_type":"privilege-level","scope_key":null},"privilege-level::advisor-senior":{"identifier":"advisor-senior","label":"Advisor - Senior","resource_type":"privilege-level","scope_key":null}},"call_to_action":false,"call_to_action_style":"default","case_form_key":null,"from_status_keys":{"case-status::case-type::eir-composite::submitted":{"identifier":"submitted","label":"Submitted","resource_type":"case-status","scope_key":{"identifier":"eir-composite","label":"EIR Composite","resource_type":"case-type","scope_key":null}}},"key":{"identifier":"external-response-required","label":"External Response Required","resource_type":"case-transition","scope_key":{"identifier":"eir-composite","label":"EIR Composite","resource_type":"case-type","scope_key":null}},"to_status_key":{"identifier":"in-progress-external","label":"In Progress - External","resource_type":"case-status","scope_key":{"identifier":"eir-composite","label":"EIR Composite","resource_type":"case-type","scope_key":null}}},"case-transition::case-type::eir-composite::in-progress":{"allowed_privilege_level_keys":{"privilege-level::administrator":{"identifier":"administrator","label":"Administrator","resource_type":"privilege-level","scope_key":null},"privilege-level::advisor":{"identifier":"advisor","label":"Advisor","resource_type":"privilege-level","scope_key":null},"privilege-level::staff-free-user":{"identifier":"staff-free-user","label":"Staff - free user","resource_type":"privilege-level","scope_key":null},"privilege-level::advisor-senior":{"identifier":"advisor-senior","label":"Advisor - Senior","resource_type":"privilege-level","scope_key":null}},"call_to_action":true,"call_to_action_style":"success","case_form_key":null,"from_status_keys":{"case-status::case-type::eir-composite::submitted":{"identifier":"submitted","label":"Submitted","resource_type":"case-status","scope_key":{"identifier":"eir-composite","label":"EIR Composite","resource_type":"case-type","scope_key":null}}},"key":{"identifier":"in-progress","label":"Accept","resource_type":"case-transition","scope_key":{"identifier":"eir-composite","label":"EIR Composite","resource_type":"case-type","scope_key":null}},"to_status_key":{"identifier":"in-progress","label":"In progress","resource_type":"case-status","scope_key":{"identifier":"eir-composite","label":"EIR Composite","resource_type":"case-type","scope_key":null}}},"privilege-level::third-party":{"key":{"identifier":"third-party","label":"Third Party","resource_type":"privilege-level","scope_key":null}},"case-transition::case-type::eir-composite::further-information-required":{"allowed_privilege_level_keys":{"privilege-level::administrator":{"identifier":"administrator","label":"Administrator","resource_type":"privilege-level","scope_key":null},"privilege-level::third-party":{"identifier":"third-party","label":"Third Party","resource_type":"privilege-level","scope_key":null},"privilege-level::advisor":{"identifier":"advisor","label":"Advisor","resource_type":"privilege-level","scope_key":null},"privilege-level::staff-free-user":{"identifier":"staff-free-user","label":"Staff - free user","resource_type":"privilege-level","scope_key":null},"privilege-level::advisor-senior":{"identifier":"advisor-senior","label":"Advisor - Senior","resource_type":"privilege-level","scope_key":null}},"call_to_action":true,"call_to_action_style":"default","case_form_key":{"identifier":"further-information-required","label":"Further Information Required","resource_type":"case-form","scope_key":{"identifier":"eir-composite","label":"EIR Composite","resource_type":"case-type","scope_key":null}},"from_status_keys":{"case-status::case-type::eir-composite::submitted":{"identifier":"submitted","label":"Submitted","resource_type":"case-status","scope_key":{"identifier":"eir-composite","label":"EIR Composite","resource_type":"case-type","scope_key":null}},"case-status::case-type::eir-composite::in-progress":{"identifier":"in-progress","label":"In progress","resource_type":"case-status","scope_key":{"identifier":"eir-composite","label":"EIR Composite","resource_type":"case-type","scope_key":null}},"case-status::case-type::eir-composite::in-progress-external":{"identifier":"in-progress-external","label":"In Progress - External","resource_type":"case-status","scope_key":{"identifier":"eir-composite","label":"EIR Composite","resource_type":"case-type","scope_key":null}}},"key":{"identifier":"further-information-required","label":"Further Information Required","resource_type":"case-transition","scope_key":{"identifier":"eir-composite","label":"EIR Composite","resource_type":"case-type","scope_key":null}},"to_status_key":{"identifier":"further-information-required","label":"Further Information Required","resource_type":"case-status","scope_key":{"identifier":"eir-composite","label":"EIR Composite","resource_type":"case-type","scope_key":null}}},"case-transition::case-type::eir-composite::reassign":{"allowed_privilege_level_keys":{"privilege-level::administrator":{"identifier":"administrator","label":"Administrator","resource_type":"privilege-level","scope_key":null},"privilege-level::advisor":{"identifier":"advisor","label":"Advisor","resource_type":"privilege-level","scope_key":null},"privilege-level::staff-free-user":{"identifier":"staff-free-user","label":"Staff - free user","resource_type":"privilege-level","scope_key":null},"privilege-level::advisor-senior":{"identifier":"advisor-senior","label":"Advisor - Senior","resource_type":"privilege-level","scope_key":null}},"call_to_action":false,"call_to_action_style":"default","case_form_key":{"identifier":"reassignment","label":"reassignment","resource_type":"case-form","scope_key":{"identifier":"eir-composite","label":"EIR Composite","resource_type":"case-type","scope_key":null}},"from_status_keys":{"case-status::case-type::eir-composite::submitted":{"identifier":"submitted","label":"Submitted","resource_type":"case-status","scope_key":{"identifier":"eir-composite","label":"EIR Composite","resource_type":"case-type","scope_key":null}},"case-status::case-type::eir-composite::in-progress":{"identifier":"in-progress","label":"In progress","resource_type":"case-status","scope_key":{"identifier":"eir-composite","label":"EIR Composite","resource_type":"case-type","scope_key":null}},"case-status::case-type::eir-composite::in-progress-external":{"identifier":"in-progress-external","label":"In Progress - External","resource_type":"case-status","scope_key":{"identifier":"eir-composite","label":"EIR Composite","resource_type":"case-type","scope_key":null}}},"key":{"identifier":"reassign","label":"Reassign","resource_type":"case-transition","scope_key":{"identifier":"eir-composite","label":"EIR Composite","resource_type":"case-type","scope_key":null}},"to_status_key":{"identifier":"reassignment","label":"Reassignment","resource_type":"case-status","scope_key":{"identifier":"eir-composite","label":"EIR Composite","resource_type":"case-type","scope_key":null}}},"case-transition::case-type::eir-composite::respond":{"allowed_privilege_level_keys":{"privilege-level::administrator":{"identifier":"administrator","label":"Administrator","resource_type":"privilege-level","scope_key":null},"privilege-level::third-party":{"identifier":"third-party","label":"Third Party","resource_type":"privilege-level","scope_key":null},"privilege-level::advisor":{"identifier":"advisor","label":"Advisor","resource_type":"privilege-level","scope_key":null},"privilege-level::staff-free-user":{"identifier":"staff-free-user","label":"Staff - free user","resource_type":"privilege-level","scope_key":null},"privilege-level::advisor-senior":{"identifier":"advisor-senior","label":"Advisor - Senior","resource_type":"privilege-level","scope_key":null}},"call_to_action":false,"call_to_action_style":"default","case_form_key":{"identifier":"closure-response","label":"Closure \/ Response","resource_type":"case-form","scope_key":{"identifier":"eir-composite","label":"EIR Composite","resource_type":"case-type","scope_key":null}},"from_status_keys":{"case-status::case-type::eir-composite::in-progress":{"identifier":"in-progress","label":"In progress","resource_type":"case-status","scope_key":{"identifier":"eir-composite","label":"EIR Composite","resource_type":"case-type","scope_key":null}},"case-status::case-type::eir-composite::in-progress-external":{"identifier":"in-progress-external","label":"In Progress - External","resource_type":"case-status","scope_key":{"identifier":"eir-composite","label":"EIR Composite","resource_type":"case-type","scope_key":null}}},"key":{"identifier":"respond","label":"Responded","resource_type":"case-transition","scope_key":{"identifier":"eir-composite","label":"EIR Composite","resource_type":"case-type","scope_key":null}},"to_status_key":{"identifier":"closed","label":"Closed","resource_type":"case-status","scope_key":{"identifier":"eir-composite","label":"EIR Composite","resource_type":"case-type","scope_key":null}}},"privilege-level::cms-integration":{"key":{"identifier":"cms-integration","label":"CMS Integration","resource_type":"privilege-level","scope_key":null}},"case-transition::case-type::eir-composite::closed":{"allowed_privilege_level_keys":{"privilege-level::administrator":{"identifier":"administrator","label":"Administrator","resource_type":"privilege-level","scope_key":null},"privilege-level::cms-integration":{"identifier":"cms-integration","label":"CMS Integration","resource_type":"privilege-level","scope_key":null}},"call_to_action":false,"call_to_action_style":"default","case_form_key":null,"from_status_keys":{"case-status::case-type::eir-composite::further-information-required":{"identifier":"further-information-required","label":"Further Information Required","resource_type":"case-status","scope_key":{"identifier":"eir-composite","label":"EIR Composite","resource_type":"case-type","scope_key":null}},"case-status::case-type::eir-composite::responded":{"identifier":"responded","label":"Responded","resource_type":"case-status","scope_key":{"identifier":"eir-composite","label":"EIR Composite","resource_type":"case-type","scope_key":null}}},"key":{"identifier":"closed","label":"Closed","resource_type":"case-transition","scope_key":{"identifier":"eir-composite","label":"EIR Composite","resource_type":"case-type","scope_key":null}},"to_status_key":{"identifier":"closed","label":"Closed","resource_type":"case-status","scope_key":{"identifier":"eir-composite","label":"EIR Composite","resource_type":"case-type","scope_key":null}}},"case-transition::case-type::eir-composite::provide-response":{"allowed_privilege_level_keys":{"privilege-level::administrator":{"identifier":"administrator","label":"Administrator","resource_type":"privilege-level","scope_key":null},"privilege-level::advisor":{"identifier":"advisor","label":"Advisor","resource_type":"privilege-level","scope_key":null},"privilege-level::staff-free-user":{"identifier":"staff-free-user","label":"Staff - free user","resource_type":"privilege-level","scope_key":null},"privilege-level::advisor-senior":{"identifier":"advisor-senior","label":"Advisor - Senior","resource_type":"privilege-level","scope_key":null}},"call_to_action":true,"call_to_action_style":"primary","case_form_key":{"identifier":"provide-response","label":"Provide Response","resource_type":"case-form","scope_key":{"identifier":"eir-composite","label":"EIR Composite","resource_type":"case-type","scope_key":null}},"from_status_keys":{"case-status::case-type::eir-composite::in-progress":{"identifier":"in-progress","label":"In progress","resource_type":"case-status","scope_key":{"identifier":"eir-composite","label":"EIR Composite","resource_type":"case-type","scope_key":null}}},"key":{"identifier":"provide-response","label":"Provide Response","resource_type":"case-transition","scope_key":{"identifier":"eir-composite","label":"EIR Composite","resource_type":"case-type","scope_key":null}},"to_status_key":{"identifier":"responded","label":"Responded","resource_type":"case-status","scope_key":{"identifier":"eir-composite","label":"EIR Composite","resource_type":"case-type","scope_key":null}}},"case-transition::case-type::eir-composite::information-provided":{"allowed_privilege_level_keys":{"privilege-level::administrator":{"identifier":"administrator","label":"Administrator","resource_type":"privilege-level","scope_key":null},"privilege-level::advisor":{"identifier":"advisor","label":"Advisor","resource_type":"privilege-level","scope_key":null},"privilege-level::staff-free-user":{"identifier":"staff-free-user","label":"Staff - free user","resource_type":"privilege-level","scope_key":null},"privilege-level::advisor-senior":{"identifier":"advisor-senior","label":"Advisor - Senior","resource_type":"privilege-level","scope_key":null}},"call_to_action":true,"call_to_action_style":"primary","case_form_key":null,"from_status_keys":{"case-status::case-type::eir-composite::further-information-required":{"identifier":"further-information-required","label":"Further Information Required","resource_type":"case-status","scope_key":{"identifier":"eir-composite","label":"EIR Composite","resource_type":"case-type","scope_key":null}}},"key":{"identifier":"information-provided","label":"Information Provided","resource_type":"case-transition","scope_key":{"identifier":"eir-composite","label":"EIR Composite","resource_type":"case-type","scope_key":null}},"to_status_key":{"identifier":"submitted","label":"Submitted","resource_type":"case-status","scope_key":{"identifier":"eir-composite","label":"EIR Composite","resource_type":"case-type","scope_key":null}}},"case-transition::case-type::eir-composite::reassigned":{"allowed_privilege_level_keys":{"privilege-level::administrator":{"identifier":"administrator","label":"Administrator","resource_type":"privilege-level","scope_key":null},"privilege-level::advisor":{"identifier":"advisor","label":"Advisor","resource_type":"privilege-level","scope_key":null},"privilege-level::staff-free-user":{"identifier":"staff-free-user","label":"Staff - free user","resource_type":"privilege-level","scope_key":null},"privilege-level::advisor-senior":{"identifier":"advisor-senior","label":"Advisor - Senior","resource_type":"privilege-level","scope_key":null}},"call_to_action":true,"call_to_action_style":"primary","case_form_key":null,"from_status_keys":{"case-status::case-type::eir-composite::reassignment":{"identifier":"reassignment","label":"Reassignment","resource_type":"case-status","scope_key":{"identifier":"eir-composite","label":"EIR Composite","resource_type":"case-type","scope_key":null}}},"key":{"identifier":"reassigned","label":"Reassigned - internal","resource_type":"case-transition","scope_key":{"identifier":"eir-composite","label":"EIR Composite","resource_type":"case-type","scope_key":null}},"to_status_key":{"identifier":"in-progress","label":"In progress","resource_type":"case-status","scope_key":{"identifier":"eir-composite","label":"EIR Composite","resource_type":"case-type","scope_key":null}}},"case-transition::case-type::eir-composite::reassigned-external":{"allowed_privilege_level_keys":{"privilege-level::administrator":{"identifier":"administrator","label":"Administrator","resource_type":"privilege-level","scope_key":null},"privilege-level::advisor":{"identifier":"advisor","label":"Advisor","resource_type":"privilege-level","scope_key":null},"privilege-level::staff-free-user":{"identifier":"staff-free-user","label":"Staff - free user","resource_type":"privilege-level","scope_key":null},"privilege-level::advisor-senior":{"identifier":"advisor-senior","label":"Advisor - Senior","resource_type":"privilege-level","scope_key":null}},"call_to_action":true,"call_to_action_style":"default","case_form_key":null,"from_status_keys":{"case-status::case-type::eir-composite::reassignment":{"identifier":"reassignment","label":"Reassignment","resource_type":"case-status","scope_key":{"identifier":"eir-composite","label":"EIR Composite","resource_type":"case-type","scope_key":null}}},"key":{"identifier":"reassigned-external","label":"Reassigned - external","resource_type":"case-transition","scope_key":{"identifier":"eir-composite","label":"EIR Composite","resource_type":"case-type","scope_key":null}},"to_status_key":{"identifier":"in-progress-external","label":"In Progress - External","resource_type":"case-status","scope_key":{"identifier":"eir-composite","label":"EIR Composite","resource_type":"case-type","scope_key":null}}},"privilege-level::citizen":{"key":{"identifier":"citizen","label":"Citizen","resource_type":"privilege-level","scope_key":null}},"rule::case-type::eir-composite::4321":{"actions":[{"key":{"identifier":"13507","label":"Action 13507","resource_type":"action","scope_key":null},"position":1,"email_template_key":{"identifier":"further-information-required","label":"Further information required","resource_type":"alert-email-template","scope_key":{"identifier":"eir-composite","label":"EIR Composite","resource_type":"case-type","scope_key":null}},"recipient":{"key":{"identifier":"6782","label":"Recipient 6782","resource_type":"alert-recipient","scope_key":null},"privilege_level_keys":{"privilege-level::citizen":{"identifier":"citizen","label":"Citizen","resource_type":"privilege-level","scope_key":null}},"recipients_membership_type":"direct","type":"privilege_level"},"type":"alert"}],"condition":null,"enabled":true,"key":{"identifier":"4321","label":"Send request for further information","resource_type":"rule","scope_key":{"identifier":"eir-composite","label":"EIR Composite","resource_type":"case-type","scope_key":null}},"triggers":[{"key":{"identifier":"11359","label":"Trigger 11359","resource_type":"trigger","scope_key":null},"transition_key":{"identifier":"further-information-required","label":"Further Information Required","resource_type":"case-transition","scope_key":{"identifier":"eir-composite","label":"EIR Composite","resource_type":"case-type","scope_key":null}},"type":"transition"}]},"rule::case-type::eir-composite::4322":{"actions":[{"key":{"identifier":"13508","label":"Action 13508","resource_type":"action","scope_key":null},"position":1,"email_template_key":{"identifier":"response-received","label":"Response Received","resource_type":"alert-email-template","scope_key":{"identifier":"eir-composite","label":"EIR Composite","resource_type":"case-type","scope_key":null}},"recipient":{"key":{"identifier":"6783","label":"Recipient 6783","resource_type":"alert-recipient","scope_key":null},"privilege_level_keys":{"privilege-level::administrator":{"identifier":"administrator","label":"Administrator","resource_type":"privilege-level","scope_key":null}},"recipients_membership_type":"direct","type":"privilege_level"},"type":"alert"}],"condition":null,"enabled":true,"key":{"identifier":"4322","label":"Send further information received email","resource_type":"rule","scope_key":{"identifier":"eir-composite","label":"EIR Composite","resource_type":"case-type","scope_key":null}},"triggers":[{"key":{"identifier":"11360","label":"Trigger 11360","resource_type":"trigger","scope_key":null},"transition_key":{"identifier":"provide-response","label":"Provide Response","resource_type":"case-transition","scope_key":{"identifier":"eir-composite","label":"EIR Composite","resource_type":"case-type","scope_key":null}},"type":"transition"}]},"rule::case-type::eir-composite::4323":{"actions":[{"key":{"identifier":"13515","label":"Action 13515","resource_type":"action","scope_key":null},"position":1,"transition_key":{"identifier":"closed","label":"Closed","resource_type":"case-transition","scope_key":{"identifier":"eir-composite","label":"EIR Composite","resource_type":"case-type","scope_key":null}},"type":"transition"}],"condition":null,"enabled":true,"key":{"identifier":"4323","label":"Close - Responded","resource_type":"rule","scope_key":{"identifier":"eir-composite","label":"EIR Composite","resource_type":"case-type","scope_key":null}},"triggers":[{"key":{"identifier":"11355","label":"Trigger 11355","resource_type":"trigger","scope_key":null},"minutes":43200,"status_key":{"identifier":"responded","label":"Responded","resource_type":"case-status","scope_key":{"identifier":"eir-composite","label":"EIR Composite","resource_type":"case-type","scope_key":null}},"type":"time_in_status"}]},"choice::case-field::awaiting_acceptance::yes":{"key":{"identifier":"yes","label":"Yes","resource_type":"choice","scope_key":{"identifier":"awaiting_acceptance","label":"Awaiting acceptance","resource_type":"case-field","scope_key":null}}},"choice::case-field::awaiting_acceptance::no":{"key":{"identifier":"no","label":"No","resource_type":"choice","scope_key":{"identifier":"awaiting_acceptance","label":"Awaiting acceptance","resource_type":"case-field","scope_key":null}}},"case-field::awaiting_acceptance":{"allowed_privilege_level_keys":[],"allowed_to_all_privilege_levels":true,"encrypted":false,"key":{"identifier":"awaiting_acceptance","label":"Awaiting acceptance","resource_type":"case-field","scope_key":null},"position":0,"choice_keys":{"choice::case-field::awaiting_acceptance::yes":{"identifier":"yes","label":"Yes","resource_type":"choice","scope_key":{"identifier":"awaiting_acceptance","label":"Awaiting acceptance","resource_type":"case-field","scope_key":null}},"choice::case-field::awaiting_acceptance::no":{"identifier":"no","label":"No","resource_type":"choice","scope_key":{"identifier":"awaiting_acceptance","label":"Awaiting acceptance","resource_type":"case-field","scope_key":null}}},"default_choice_keys":[],"expanded":false,"multiple":false,"type":"choice"},"rule::case-type::eir-composite::4324":{"actions":[{"key":{"identifier":"13511","label":"Action 13511","resource_type":"action","scope_key":null},"position":1,"date_definition_key":null,"field_key":{"identifier":"awaiting_acceptance","label":"Awaiting acceptance","resource_type":"case-field","scope_key":null},"value_expression":{"key":{"identifier":"28064","label":"Expression 28064","resource_type":"expression","scope_key":null},"value":"yes","type":"string_expression"},"type":"set_case_value"}],"condition":null,"enabled":true,"key":{"identifier":"4324","label":"Set awaiting acceptance","resource_type":"rule","scope_key":{"identifier":"eir-composite","label":"EIR Composite","resource_type":"case-type","scope_key":null}},"triggers":[{"key":{"identifier":"11354","label":"Trigger 11354","resource_type":"trigger","scope_key":null},"event_name":"case.created","type":"event"}]},"rule::case-type::eir-composite::4325":{"actions":[{"key":{"identifier":"13509","label":"Action 13509","resource_type":"action","scope_key":null},"position":1,"email_template_key":{"identifier":"reminder","label":"Reminder","resource_type":"alert-email-template","scope_key":{"identifier":"eir-composite","label":"EIR Composite","resource_type":"case-type","scope_key":null}},"recipient":{"key":{"identifier":"6784","label":"Recipient 6784","resource_type":"alert-recipient","scope_key":null},"privilege_level_keys":{"privilege-level::administrator":{"identifier":"administrator","label":"Administrator","resource_type":"privilege-level","scope_key":null}},"recipients_membership_type":"direct_or_group","type":"privilege_level"},"type":"alert"}],"condition":{"key":{"identifier":"28063","label":"Expression 28063","resource_type":"expression","scope_key":null},"operands":[{"key":{"identifier":"28062","label":"Expression 28062","resource_type":"expression","scope_key":null},"operands":[{"key":{"identifier":"28072","label":"Expression 28072","resource_type":"expression","scope_key":null},"field_key":{"identifier":"awaiting_acceptance","label":"Awaiting acceptance","resource_type":"case-field","scope_key":null},"operator":"==","value":"yes","type":"case_value_match_expression"}],"type":"or_expression"}],"type":"and_expression"},"enabled":true,"key":{"identifier":"4325","label":"Send Reminder Email (submitted)","resource_type":"rule","scope_key":{"identifier":"eir-composite","label":"EIR Composite","resource_type":"case-type","scope_key":null}},"triggers":[{"key":{"identifier":"11356","label":"Trigger 11356","resource_type":"trigger","scope_key":null},"minutes":4320,"status_key":{"identifier":"submitted","label":"Submitted","resource_type":"case-status","scope_key":{"identifier":"eir-composite","label":"EIR Composite","resource_type":"case-type","scope_key":null}},"type":"time_in_status"}]},"choice::case-field::escalation::yes":{"key":{"identifier":"yes","label":"Yes","resource_type":"choice","scope_key":{"identifier":"escalation","label":"Escalation","resource_type":"case-field","scope_key":null}}},"choice::case-field::escalation::no":{"key":{"identifier":"no","label":"No","resource_type":"choice","scope_key":{"identifier":"escalation","label":"Escalation","resource_type":"case-field","scope_key":null}}},"case-field::escalation":{"allowed_privilege_level_keys":[],"allowed_to_all_privilege_levels":true,"encrypted":false,"key":{"identifier":"escalation","label":"Escalation","resource_type":"case-field","scope_key":null},"position":0,"choice_keys":{"choice::case-field::escalation::yes":{"identifier":"yes","label":"Yes","resource_type":"choice","scope_key":{"identifier":"escalation","label":"Escalation","resource_type":"case-field","scope_key":null}},"choice::case-field::escalation::no":{"identifier":"no","label":"No","resource_type":"choice","scope_key":{"identifier":"escalation","label":"Escalation","resource_type":"case-field","scope_key":null}}},"default_choice_keys":{"choice::case-field::escalation::no":{"identifier":"no","label":"No","resource_type":"choice","scope_key":{"identifier":"escalation","label":"Escalation","resource_type":"case-field","scope_key":null}}},"expanded":false,"multiple":false,"type":"choice"},"rule::case-type::eir-composite::4326":{"actions":[{"key":{"identifier":"13512","label":"Action 13512","resource_type":"action","scope_key":null},"position":1,"date_definition_key":null,"field_key":{"identifier":"escalation","label":"Escalation","resource_type":"case-field","scope_key":null},"value_expression":{"key":{"identifier":"28065","label":"Expression 28065","resource_type":"expression","scope_key":null},"value":"yes","type":"string_expression"},"type":"set_case_value"}],"condition":null,"enabled":true,"key":{"identifier":"4326","label":"Set escalated flag","resource_type":"rule","scope_key":{"identifier":"eir-composite","label":"EIR Composite","resource_type":"case-type","scope_key":null}},"triggers":[{"key":{"identifier":"11357","label":"Trigger 11357","resource_type":"trigger","scope_key":null},"minutes":4320,"status_key":{"identifier":"submitted","label":"Submitted","resource_type":"case-status","scope_key":{"identifier":"eir-composite","label":"EIR Composite","resource_type":"case-type","scope_key":null}},"type":"time_in_status"}]},"rule::case-type::eir-composite::4327":{"actions":[{"key":{"identifier":"13513","label":"Action 13513","resource_type":"action","scope_key":null},"position":1,"date_definition_key":null,"field_key":{"identifier":"escalation","label":"Escalation","resource_type":"case-field","scope_key":null},"value_expression":{"key":{"identifier":"28066","label":"Expression 28066","resource_type":"expression","scope_key":null},"value":"no","type":"string_expression"},"type":"set_case_value"},{"key":{"identifier":"13514","label":"Action 13514","resource_type":"action","scope_key":null},"position":2,"date_definition_key":null,"field_key":{"identifier":"awaiting_acceptance","label":"Awaiting acceptance","resource_type":"case-field","scope_key":null},"value_expression":{"key":{"identifier":"28067","label":"Expression 28067","resource_type":"expression","scope_key":null},"value":"no","type":"string_expression"},"type":"set_case_value"}],"condition":null,"enabled":true,"key":{"identifier":"4327","label":"Set reset acceptance flags","resource_type":"rule","scope_key":{"identifier":"eir-composite","label":"EIR Composite","resource_type":"case-type","scope_key":null}},"triggers":[{"key":{"identifier":"11361","label":"Trigger 11361","resource_type":"trigger","scope_key":null},"transition_key":{"identifier":"in-progress","label":"Accept","resource_type":"case-transition","scope_key":{"identifier":"eir-composite","label":"EIR Composite","resource_type":"case-type","scope_key":null}},"type":"transition"},{"key":{"identifier":"11362","label":"Trigger 11362","resource_type":"trigger","scope_key":null},"transition_key":{"identifier":"external-response-required","label":"External Response Required","resource_type":"case-transition","scope_key":{"identifier":"eir-composite","label":"EIR Composite","resource_type":"case-type","scope_key":null}},"type":"transition"},{"key":{"identifier":"11363","label":"Trigger 11363","resource_type":"trigger","scope_key":null},"transition_key":{"identifier":"further-information-required","label":"Further Information Required","resource_type":"case-transition","scope_key":{"identifier":"eir-composite","label":"EIR Composite","resource_type":"case-type","scope_key":null}},"type":"transition"},{"key":{"identifier":"11364","label":"Trigger 11364","resource_type":"trigger","scope_key":null},"transition_key":{"identifier":"reassign","label":"Reassign","resource_type":"case-transition","scope_key":{"identifier":"eir-composite","label":"EIR Composite","resource_type":"case-type","scope_key":null}},"type":"transition"}]},"rule::case-type::eir-composite::4328":{"actions":[{"key":{"identifier":"13510","label":"Action 13510","resource_type":"action","scope_key":null},"position":1,"email_template_key":{"identifier":"reminder","label":"Reminder","resource_type":"alert-email-template","scope_key":{"identifier":"eir-composite","label":"EIR Composite","resource_type":"case-type","scope_key":null}},"recipient":{"key":{"identifier":"6785","label":"Recipient 6785","resource_type":"alert-recipient","scope_key":null},"privilege_level_keys":{"privilege-level::administrator":{"identifier":"administrator","label":"Administrator","resource_type":"privilege-level","scope_key":null}},"recipients_membership_type":"direct","type":"privilege_level"},"type":"alert"}],"condition":null,"enabled":true,"key":{"identifier":"4328","label":"Send Reminder Email (Further info)","resource_type":"rule","scope_key":{"identifier":"eir-composite","label":"EIR Composite","resource_type":"case-type","scope_key":null}},"triggers":[{"key":{"identifier":"11358","label":"Trigger 11358","resource_type":"trigger","scope_key":null},"minutes":14400,"status_key":{"identifier":"further-information-required","label":"Further Information Required","resource_type":"case-status","scope_key":{"identifier":"eir-composite","label":"EIR Composite","resource_type":"case-type","scope_key":null}},"type":"time_in_status"}]}}}}