{"form.json":"cd0393391fac3ded863c447001ad82ebfb4c796d","page-templates\/About_you_(coronavirus_support)_(588)_(526).json":"87f8bffc7e929786eb61b30ec9b590fba6938024","page-templates\/Manually_add_address.json":"d39a928c12d60ec2b6041cf035b4318a999d8d36","page-templates\/What_help_do_you_need__(588)_(526).json":"dcdfbd7a2321a80e39da46fae853766d6d886431","structure\/pages.json":"95a746fd7cb8a33332bfe578aff351ac1a827643","structure\/branching.json":"80e5df09d1166ba429fa3addb5bb06dff0ad01d0","misc\/pdfs.json":"97d170e1550eee4afc0af065b78cda302a97674c","misc\/prefills.json":"97d170e1550eee4afc0af065b78cda302a97674c","misc\/placeholders.json":"97d170e1550eee4afc0af065b78cda302a97674c","misc\/logic_definitions.json":"97d170e1550eee4afc0af065b78cda302a97674c","misc\/logics\/CXM_-_Name.json":"f5376d9d5d8f77818ab0c660f5afe4f7a9fee542","misc\/ic_inputs.json":"97d170e1550eee4afc0af065b78cda302a97674c","misc\/data-retention.json":"fa8b819d756eec4a4f185f5465ef79b349ea9ce4"}