{"title":"Register to get help from your community","instructions":"","progressBar":"0","allowUnregistered":"1","resumeAtStart":"1","reCaptcha":"0","internalOnly":0,"metadata":{"id":"388","itemID":"526","creator":"Gemma Stevens","contributor":"","publisher":"Canterbury City Council","rights":"Copyright Canterbury City Council","source":"","status":"V1.0 Public Consumption","coverage":"Canterbury, Kent, England, United Kingdom","created":1585695600,"modified":1585695600,"valid":null,"expired":null,"format":"text\/html","language":"en","subject":"","description":"Register if you or someone you know needs help because of coronavirus."},"categories":[{"id":"3619","categoryType":"Navigation","itemID":526,"categoryID":"200128"}]}