[{"pageID":"1326","questionName":null,"sectionName":null,"questionPageID":null,"questionSecondaryField":null,"logicID":null,"ruleNumber":1,"conditionNumber":1,"conditionOptionID":null,"conditionOperator":null,"conditionLiteralValue":null,"conditionLiteralValueTwo":null,"goToPageID":"1327","clauseType":null,"data":null},{"pageID":"1327","questionName":null,"sectionName":null,"questionPageID":null,"questionSecondaryField":null,"logicID":null,"ruleNumber":1,"conditionNumber":1,"conditionOptionID":null,"conditionOperator":null,"conditionLiteralValue":null,"conditionLiteralValueTwo":null,"goToPageID":"1328","clauseType":null,"data":null},{"pageID":"1328","questionName":null,"sectionName":null,"questionPageID":null,"questionSecondaryField":null,"logicID":null,"ruleNumber":1,"conditionNumber":1,"conditionOptionID":null,"conditionOperator":null,"conditionLiteralValue":null,"conditionLiteralValueTwo":null,"goToPageID":"Confirmation","clauseType":null,"data":null},{"pageID":"1329","questionName":null,"sectionName":null,"questionPageID":null,"questionSecondaryField":null,"logicID":null,"ruleNumber":1,"conditionNumber":1,"conditionOptionID":null,"conditionOperator":null,"conditionLiteralValue":null,"conditionLiteralValueTwo":null,"goToPageID":"1328","clauseType":null,"data":null},{"pageID":"Start","questionName":null,"sectionName":null,"questionPageID":null,"questionSecondaryField":null,"logicID":null,"ruleNumber":1,"conditionNumber":1,"conditionOptionID":null,"conditionOperator":null,"conditionLiteralValue":null,"conditionLiteralValueTwo":null,"goToPageID":"1330","clauseType":null,"data":null},{"pageID":"1330","questionName":null,"sectionName":null,"questionPageID":null,"questionSecondaryField":null,"logicID":null,"ruleNumber":1,"conditionNumber":1,"conditionOptionID":null,"conditionOperator":null,"conditionLiteralValue":null,"conditionLiteralValueTwo":null,"goToPageID":"1326","clauseType":null,"data":null},{"pageID":"1327","questionName":"q946c31e57598553fc87c2f8989ec96c014aa8815","sectionName":"main","questionPageID":"1327","questionSecondaryField":null,"logicID":null,"ruleNumber":2,"conditionNumber":1,"conditionOptionID":null,"conditionOperator":"equal","conditionLiteralValue":"yes","conditionLiteralValueTwo":null,"goToPageID":"1329","clauseType":null,"data":null},{"pageID":"1327","questionName":"q6813fba14a3d9a4855591fe5738792571c419950","sectionName":"main","questionPageID":"1327","questionSecondaryField":null,"logicID":null,"ruleNumber":2,"conditionNumber":2,"conditionOptionID":null,"conditionOperator":"greater equal","conditionLiteralValue":"51000","conditionLiteralValueTwo":null,"goToPageID":"1329","clauseType":null,"data":null}]