[{"id":1326,"templateID":908,"metadata":{"id":2410,"title":"Contact details","instructions":"<p>Please provide details of the liable party or the person completeing the form if not liable<\/p>"}},{"id":1327,"templateID":906,"metadata":{"id":2411,"title":"Business details","instructions":""}},{"id":1328,"templateID":909,"metadata":{"id":2412,"title":"Payment method","instructions":""}},{"id":1329,"templateID":910,"metadata":{"id":2413,"title":"Sorry, you cant continue","instructions":"\n<p><span class=\"snippet\"><style type=\"text\/css\">\n.button--next,\n.button--primary,\n.xfpprimary {\nvisibility: hidden;\n}\n<\/style>\n<!-- rel:snippet --><\/span>Unfortunatly, due to your responses you're not eligible for this grant.<\/p>\n\n<p>This may be because<\/p>\n\n<ul>\n<li>you use your property for personal uses<\/li>\n\t<li>the business\u00a0was dissolved\/liquidated before 11 March 2020<\/li>\n\t<li>your rateable value is more than \u00a351,000<\/li>\n<\/ul>\n"}},{"id":1330,"templateID":907,"metadata":{"id":2414,"title":"Small Business\/Retail, Hospitality and Leisure Grant Fund","instructions":"\n<p>Use this form to apply to the Small Business Grant Fund and the\u00a0Retail, Hospitality and Leisure Grant Fund.<\/p>\n\n<h3>Your privacy<\/h3>\n\n<p>We do not rent, sell or trade your personal information; please see our privacy statement.<\/p>\n\n<p>\u00a0<\/p>\n"}}]