{"id":802,"isFormSpecific":false,"version":{"metadata":{"id":2160,"title":"About resolving your report - 3","instructions":""},"sections":[{"name":"sa9eb4c59fed0efc0b8499dea7d660cf3a3d73ebe","title":"yes","showTitle":false,"hideInitially":true,"triggerQuestionName":"q933f6f8b1b77769a60a2110f83c0077fce3834b9","triggerQuestionSecondaryField":null,"triggerQuestionSection":"main","triggerOperator":"equal","triggerAnswerValue":"yes","isRepeatableQuestion":false,"repeatableQuestionSettings":[],"structure":"[{\"type\":\"question\",\"name\":\"q92e6f3f256e8656bcba7ed0c17c4f2095f43f875\"},{\"type\":\"question\",\"name\":\"qfcaf6ef3c243a0e1f9f516f20b8e0963a5df3a9f\"}]","questions":[{"name":"q92e6f3f256e8656bcba7ed0c17c4f2095f43f875","text":"What was the outcome?","guid":"18eeb80469e722d4f3513ee0c5b183da219c6975","settings":[{"name":"required","value":"true"},{"name":"answers","value":"[{\"value\":\"did_not_respond\",\"text\":\"Did not respond\",\"data\":\"\",\"internal\":false},{\"value\":\"said_they_would_not_sort_it\",\"text\":\"Said they would not sort it\",\"data\":\"\",\"internal\":false},{\"value\":\"said_they_would_sort_but_didnt\",\"text\":\"Said they would sort, but didn\u2019t\",\"data\":\"\",\"internal\":false},{\"value\":\"tidied_some_of_it_away\",\"text\":\"Tidied some of it away\",\"data\":\"\",\"internal\":false},{\"value\":\"cleared_it_but_let_it_happen_again\",\"text\":\"Cleared it, but let it happen again\",\"data\":\"\",\"internal\":false}]"},{"name":"empty_option","value":"Please select"}]},{"name":"qfcaf6ef3c243a0e1f9f516f20b8e0963a5df3a9f","text":"When did you contact the person responsible?","guid":"Jadu\\XFormsPro\\Bundle\\StandardFormComponentBundle\\Component\\Date\\DateComponent","settings":[]}],"clauseType":null,"data":null},{"name":"main","title":"main","showTitle":null,"hideInitially":null,"triggerQuestionName":null,"triggerQuestionSecondaryField":null,"triggerQuestionSection":null,"triggerOperator":null,"triggerAnswerValue":null,"isRepeatableQuestion":null,"repeatableQuestionSettings":[],"structure":"[{\"type\":\"question\",\"name\":\"q933f6f8b1b77769a60a2110f83c0077fce3834b9\"},{\"type\":\"section\",\"name\":\"sa9eb4c59fed0efc0b8499dea7d660cf3a3d73ebe\"}]","questions":[{"name":"q933f6f8b1b77769a60a2110f83c0077fce3834b9","text":"Have you contacted the home\/premises owner about the waste?","guid":"18eeb80469e722d4f3513ee0c5b183da219c6975","settings":[{"name":"required","value":"true"},{"name":"answers","value":"[{\"value\":\"yes\",\"text\":\"Yes\",\"data\":\"\",\"internal\":false},{\"value\":\"no\",\"text\":\"No\",\"data\":\"\",\"internal\":false}]"},{"name":"empty_option","value":"Please select"}]}],"clauseType":null,"data":null}]}}