{"id":804,"isFormSpecific":false,"version":{"metadata":{"id":2162,"title":"About the property owner\/occupier - 4","instructions":""},"sections":[{"name":"s6d478d735de4625305db75f08d9a0c15fb5f39c1","title":"Occupier details","showTitle":false,"hideInitially":true,"triggerQuestionName":"qd34ca1072f403a028172297c4794cb636ed42c4f","triggerQuestionSecondaryField":null,"triggerQuestionSection":"main","triggerOperator":"equal","triggerAnswerValue":"yes","isRepeatableQuestion":false,"repeatableQuestionSettings":[],"structure":"[{\"type\":\"question\",\"name\":\"q87887e3eba8ae8087ce3ec6cd3324993963e378c\"},{\"type\":\"question\",\"name\":\"qe29f3f02737b07a47c087e4face8f4e086da998a\"},{\"type\":\"question\",\"name\":\"q221c2b59526cf7d1121a457f227a17f58e929eb0\"}]","questions":[{"name":"q87887e3eba8ae8087ce3ec6cd3324993963e378c","text":"First name of owner\/occupier","guid":"7d7527893d7f786c9073e6a651a9c26181d9a661","settings":[]},{"name":"qe29f3f02737b07a47c087e4face8f4e086da998a","text":"Last name of owner\/occupier","guid":"7d7527893d7f786c9073e6a651a9c26181d9a661","settings":[]},{"name":"q221c2b59526cf7d1121a457f227a17f58e929eb0","text":"Telephone number of owner\/occupier (if known)","guid":"7d7527893d7f786c9073e6a651a9c26181d9a661","settings":[]}],"clauseType":null,"data":null},{"name":"main","title":"main","showTitle":null,"hideInitially":null,"triggerQuestionName":null,"triggerQuestionSecondaryField":null,"triggerQuestionSection":null,"triggerOperator":null,"triggerAnswerValue":null,"isRepeatableQuestion":null,"repeatableQuestionSettings":[],"structure":"[{\"type\":\"question\",\"name\":\"qd34ca1072f403a028172297c4794cb636ed42c4f\"},{\"type\":\"section\",\"name\":\"s6d478d735de4625305db75f08d9a0c15fb5f39c1\"},{\"type\":\"question\",\"name\":\"qd7cb56830b0c2bcce82ace9f4dd09c3ceaf311d8\"}]","questions":{"0":{"name":"qd34ca1072f403a028172297c4794cb636ed42c4f","text":"Do you know who owns\/lives in the property?","guid":"18eeb80469e722d4f3513ee0c5b183da219c6975","settings":[{"name":"required","value":"true"},{"name":"answers","value":"[{\"value\":\"yes\",\"text\":\"Yes\",\"data\":\"\",\"internal\":false},{\"value\":\"no\",\"text\":\"No\",\"data\":\"\",\"internal\":false}]"},{"name":"empty_option","value":"Please select"}]},"2":{"name":"qd7cb56830b0c2bcce82ace9f4dd09c3ceaf311d8","text":"Property address","guid":"dafc7be1f6e3057017f8b0a86d50373130ca5da0","settings":[{"name":"required","value":"true"},{"name":"type","value":"5c49c7f90a0e3d59b0a8cf70326808ac4ed67804"}]}},"clauseType":null,"data":null}]}}