{"id":805,"isFormSpecific":false,"version":{"metadata":{"id":2163,"title":"About the waste - 2","instructions":""},"sections":[{"name":"sb5268782bea33a6a7c52769b7ddb99be7b1c6ea6","title":"pest","showTitle":false,"hideInitially":true,"triggerQuestionName":"q66a94b7d673c5f4e2cb8b675d80ac89d6e1176c3","triggerQuestionSecondaryField":null,"triggerQuestionSection":"main","triggerOperator":"equal","triggerAnswerValue":"it_is_attracting_pests_or_vermin","isRepeatableQuestion":false,"repeatableQuestionSettings":[],"structure":"[{\"type\":\"question\",\"name\":\"qfdcecf6eafc5a4a7e7ce2794ba5155f6505027da\"}]","questions":[{"name":"qfdcecf6eafc5a4a7e7ce2794ba5155f6505027da","text":"What pests\/vermin is it attracting?","guid":"39c1d58d95f4fbb636ae61c4dccd9992ce707c24","settings":[{"name":"required","value":"true"},{"name":"rows","value":"2"},{"name":"cols","value":"40"}]}],"clauseType":null,"data":null},{"name":"main","title":"main","showTitle":null,"hideInitially":null,"triggerQuestionName":null,"triggerQuestionSecondaryField":null,"triggerQuestionSection":null,"triggerOperator":null,"triggerAnswerValue":null,"isRepeatableQuestion":null,"repeatableQuestionSettings":[],"structure":"[{\"type\":\"question\",\"name\":\"q66a94b7d673c5f4e2cb8b675d80ac89d6e1176c3\"},{\"type\":\"section\",\"name\":\"sb5268782bea33a6a7c52769b7ddb99be7b1c6ea6\"},{\"type\":\"question\",\"name\":\"qa715e3933d1e033e092671c60f68d584db559df0\"},{\"type\":\"question\",\"name\":\"qad45c3bccfc55757ae813bbf2e6fe18c055dcefb\"},{\"type\":\"question\",\"name\":\"qa48a8fcd89651af3d497e1a7a938a3bf4ef7671e\"},{\"type\":\"question\",\"name\":\"q232340ff187e3cecc5ccfcf83a439021dc1699d3\"}]","questions":{"0":{"name":"q66a94b7d673c5f4e2cb8b675d80ac89d6e1176c3","text":"What risk is the waste causing?","guid":"18eeb80469e722d4f3513ee0c5b183da219c6975","settings":[{"name":"required","value":"true"},{"name":"answers","value":"[{\"value\":\"it_is_encroaching_onto_the_public_highway\",\"text\":\"It is encroaching onto the public highway\",\"data\":\"\",\"internal\":false},{\"value\":\"it_is_attracting_pests_or_vermin\",\"text\":\"It is attracting pests or vermin\",\"data\":\"\",\"internal\":false},{\"value\":\"the_state_of_the_house_is_causing_health_and_safety_issues_for_adjoining_homes_damp_or_smells\",\"text\":\"The state of the house is causing health and safety issues for adjoining homes (damp or smells)\",\"data\":\"\",\"internal\":false},{\"value\":\"the_state_of_the_garden_is_causing_health_and_safety_issues_for_adjoining_homes\",\"text\":\"The state of the garden is causing health and safety issues for adjoining homes\",\"data\":\"\",\"internal\":false}]"},{"name":"empty_option","value":"Please select"}]},"2":{"name":"qa715e3933d1e033e092671c60f68d584db559df0","text":"Where is the waste?","guid":"18eeb80469e722d4f3513ee0c5b183da219c6975","settings":[{"name":"required","value":"true"},{"name":"answers","value":"[{\"value\":\"outside_the_property\",\"text\":\"Outside the property\",\"data\":\"\",\"internal\":false},{\"value\":\"inside_the_property\",\"text\":\"Inside the property\",\"data\":\"\",\"internal\":false},{\"value\":\"both_inside_and_outside\",\"text\":\"Both inside and outside\",\"data\":\"\",\"internal\":false}]"},{"name":"empty_option","value":"Please select"}]},"3":{"name":"qad45c3bccfc55757ae813bbf2e6fe18c055dcefb","text":"How long has the waste been an issue?","guid":"18eeb80469e722d4f3513ee0c5b183da219c6975","settings":[{"name":"required","value":"true"},{"name":"answers","value":"[{\"value\":\"its_only_just_been_left\",\"text\":\"It\u2019s only just been left\",\"data\":\"\",\"internal\":false},{\"value\":\"a_week\",\"text\":\"A week\",\"data\":\"\",\"internal\":false},{\"value\":\"a_month\",\"text\":\"A month\",\"data\":\"\",\"internal\":false},{\"value\":\"a_few_months\",\"text\":\"A few months\",\"data\":\"\",\"internal\":false},{\"value\":\"over_six_months\",\"text\":\"Over six months\",\"data\":\"\",\"internal\":false},{\"value\":\"longer_than_a_year\",\"text\":\"Longer than a year\",\"data\":\"\",\"internal\":false}]"},{"name":"empty_option","value":"Please select"}]},"4":{"name":"qa48a8fcd89651af3d497e1a7a938a3bf4ef7671e","text":"What type of premises is it?","guid":"18eeb80469e722d4f3513ee0c5b183da219c6975","settings":[{"name":"required","value":"true"},{"name":"answers","value":"[{\"value\":\"a_home\",\"text\":\"A home\",\"data\":\"\",\"internal\":false},{\"value\":\"a_business\",\"text\":\"A business\",\"data\":\"\",\"internal\":false}]"},{"name":"empty_option","value":"Please select"}]},"5":{"name":"q232340ff187e3cecc5ccfcf83a439021dc1699d3","text":"Does someone occupy the premises at the moment?","guid":"18eeb80469e722d4f3513ee0c5b183da219c6975","settings":[{"name":"required","value":"true"},{"name":"answers","value":"[{\"value\":\"yes\",\"text\":\"Yes\",\"data\":\"\",\"internal\":false},{\"value\":\"no\",\"text\":\"No\",\"data\":\"\",\"internal\":false},{\"value\":\"unsure\",\"text\":\"Unsure\",\"data\":\"\",\"internal\":false}]"},{"name":"empty_option","value":"Please select"}]}},"clauseType":null,"data":null}]}}