{"clauseStructure":[[{"clauseType":"Jadu\\XFormsPro\\Form\\Rules\\Clauses\\QuestionClauseType","data":"{\"question\":\"{\\\"value\\\":\\\"1381-main-qe7b7c40d3145454924a183f55031749416c62aec\\\",\\\"type\\\":\\\"answer\\\"}\",\"action\":\"equal\",\"answer\":\"2\"}"}]],"actions":[{"id":2002,"actionType":"Jadu\\XFormsPro\\Form\\Rules\\Actions\\CompletePage\\CompletePageActionType","template":1214,"inputs":[]},{"id":2003,"actionType":"Jadu\\XFormsPro\\Form\\Rules\\Actions\\Email\\EmailActionType","template":1210,"inputs":[]}],"title":"Submission re: site 2 (other waste)","runTime":"on-submit","enabled":true}