{"clauseStructure":[[{"clauseType":"Jadu\\XFormsPro\\Form\\Rules\\Clauses\\QuestionClauseType","data":"{\"question\":\"{\\\"value\\\":\\\"1381-main-qe7b7c40d3145454924a183f55031749416c62aec\\\",\\\"type\\\":\\\"answer\\\"}\",\"action\":\"equal\",\"answer\":\"1\"}"}]],"actions":[{"id":2004,"actionType":"Jadu\\XFormsPro\\Form\\Rules\\Actions\\CompletePage\\CompletePageActionType","template":1215,"inputs":[]},{"id":2005,"actionType":"Jadu\\XFormsPro\\Form\\Rules\\Actions\\Email\\EmailActionType","template":1211,"inputs":[]}],"title":"Submission re: site 1 (green\/garden waste)","runTime":"on-submit","enabled":true}