{"id":900,"isFormSpecific":true,"version":{"metadata":{"id":2591,"title":"Appeal details","instructions":"<p>We&nbsp;will consider the information you provide and let you know&nbsp;our decision<\/p>"},"sections":[{"name":"main","title":"main","showTitle":false,"hideInitially":false,"triggerQuestionName":null,"triggerQuestionSecondaryField":null,"triggerQuestionSection":null,"triggerOperator":null,"triggerAnswerValue":null,"isRepeatableQuestion":false,"repeatableQuestionSettings":[],"structure":"[{\"type\":\"question\",\"name\":\"qffbd34771583c15059b0fed70dffe54e82f45d1b\"},{\"type\":\"question\",\"name\":\"q059632aec5f29e1f20b56ea029e8cdab085a84d3\"},{\"type\":\"question\",\"name\":\"qde4c3802be783cb4322c5f1383784439c84570a5\"},{\"type\":\"question\",\"name\":\"qcc5fe78415473e758b17ada18212cf6b656dd6d9\"},{\"type\":\"section\",\"name\":\"s646553fae9b8b80f29c713cb350cea1cf884af59\"}]","questions":[{"name":"qffbd34771583c15059b0fed70dffe54e82f45d1b","text":"Invoice number","guid":"7d7527893d7f786c9073e6a651a9c26181d9a661","number":1,"settings":[]},{"name":"q059632aec5f29e1f20b56ea029e8cdab085a84d3","text":"Reason for appeal","guid":"39c1d58d95f4fbb636ae61c4dccd9992ce707c24","number":1,"settings":[{"name":"rows","value":"4"},{"name":"cols","value":"40"}]},{"name":"qde4c3802be783cb4322c5f1383784439c84570a5","text":"Address lookup","guid":"dafc7be1f6e3057017f8b0a86d50373130ca5da0","number":1,"settings":[{"name":"type","value":"6bbccfb62ee2f3e6cbe9de1e944d18d7201a0fe6"}]},{"name":"qcc5fe78415473e758b17ada18212cf6b656dd6d9","text":"Is your address the same as the repair address?","guid":"18eeb80469e722d4f3513ee0c5b183da219c6975","number":1,"settings":[{"name":"answers","value":"[{\"value\":\"yes\",\"text\":\"Yes\",\"data\":\"\",\"internal\":false},{\"value\":\"no\",\"text\":\"No\",\"data\":\"\",\"internal\":false}]"}]}],"clauseType":null,"data":null},{"name":"s646553fae9b8b80f29c713cb350cea1cf884af59","title":"Repair Address","showTitle":false,"hideInitially":true,"triggerQuestionName":"qcc5fe78415473e758b17ada18212cf6b656dd6d9","triggerQuestionSecondaryField":null,"triggerQuestionSection":"main","triggerOperator":"equal","triggerAnswerValue":"no","isRepeatableQuestion":false,"repeatableQuestionSettings":[],"structure":"[{\"type\":\"question\",\"name\":\"q1fd270552c256694f8ce27dd6b169c7d4a000f0e\"}]","questions":[{"name":"q1fd270552c256694f8ce27dd6b169c7d4a000f0e","text":"Repair address","guid":"dafc7be1f6e3057017f8b0a86d50373130ca5da0","number":1,"settings":[{"name":"type","value":"6bbccfb62ee2f3e6cbe9de1e944d18d7201a0fe6"}]}],"clauseType":null,"data":null}]}}