{"id":901,"isFormSpecific":true,"version":{"metadata":{"id":2593,"title":"Contact","instructions":""},"sections":[{"name":"main","title":"main","showTitle":false,"hideInitially":false,"triggerQuestionName":null,"triggerQuestionSecondaryField":null,"triggerQuestionSection":null,"triggerOperator":null,"triggerAnswerValue":null,"isRepeatableQuestion":false,"repeatableQuestionSettings":[],"structure":"[{\"type\":\"question\",\"name\":\"q8b47577197da4deec0e9ac8b1dd75d9ce6fbe210\"},{\"type\":\"question\",\"name\":\"qee53ab7fe9e16905f5085ac5a8f981bacd42f131\"},{\"type\":\"question\",\"name\":\"q308ccd159f7c41e6e2cb16b0a080ddf110a920a3\"},{\"type\":\"question\",\"name\":\"q0b15a5162665a18eb1f09dc1dd89e15a6e1e820c\"},{\"type\":\"question\",\"name\":\"q066b3deb18ecddd69ed49dcf6a89c696254d63fc\"}]","questions":[{"name":"q8b47577197da4deec0e9ac8b1dd75d9ce6fbe210","text":"Title","guid":"18eeb80469e722d4f3513ee0c5b183da219c6975","number":1,"settings":[{"name":"answers","value":"[{\"value\":\"mr\",\"text\":\"Mr\",\"data\":\"\",\"internal\":false},{\"value\":\"mrs\",\"text\":\"Mrs\",\"data\":\"\",\"internal\":false},{\"value\":\"miss\",\"text\":\"Miss\",\"data\":\"\",\"internal\":false},{\"value\":\"ms\",\"text\":\"Ms\",\"data\":\"\",\"internal\":false},{\"value\":\"councillor\",\"text\":\"Councillor\",\"data\":\"\",\"internal\":false},{\"value\":\"mp\",\"text\":\"MP\",\"data\":\"\",\"internal\":false}]"}]},{"name":"qee53ab7fe9e16905f5085ac5a8f981bacd42f131","text":"First Name","guid":"7d7527893d7f786c9073e6a651a9c26181d9a661","number":2,"settings":[]},{"name":"q308ccd159f7c41e6e2cb16b0a080ddf110a920a3","text":"Last Name","guid":"7d7527893d7f786c9073e6a651a9c26181d9a661","number":3,"settings":[]},{"name":"q0b15a5162665a18eb1f09dc1dd89e15a6e1e820c","text":"Email","guid":"7d7527893d7f786c9073e6a651a9c26181d9a661","number":5,"settings":[{"name":"validation","value":"4"}]},{"name":"q066b3deb18ecddd69ed49dcf6a89c696254d63fc","text":"Contact Number","guid":"7d7527893d7f786c9073e6a651a9c26181d9a661","number":6,"settings":[{"name":"validation","value":"7"}]}],"clauseType":null,"data":null}]}}