{"form.json":"a579a408eb2f73f53f3154cc16f8c429acccf4f5","page-templates\/Customer_Details_(UK).json":"97f71d037032bec3f2d6a4450ca87156f74ef77a","page-templates\/All_Day_Booking_(432).json":"7409acb1e15c4903a149591f5052aa589e952752","page-templates\/Booking_Information_(432).json":"46b113abc4f92cda28cc00899f7ced2ca6ba43c9","page-templates\/Pitch_Booking_Details_(432).json":"35e06b057813e6e16a55f685dd303009e58ab766","structure\/pages.json":"9ad3e5b1898a338f66a558e6a23dbfaf88502717","structure\/branching.json":"c44fb0ee3584eba09f1df99075504cee6562d8a2","actions\/rules\/Create_Case.json":"543b14f05ef4f48c88d6ef6e29eed18ff652701c","actions\/rules\/Create_Slot.json":"8ce8056685f0dbed57dff3d172c415ad9f27f075","actions\/templates\/Book_Slot.json":"71271e6d8039f284a104c0055b2ba4eaccd6725a","actions\/templates\/Create_All_Day_Booking.json":"a2221f409dfbacb85f4d939e4f776af462e7e7c9","actions\/templates\/Thanks_Pitch_A.json":"f4a731fe678e83895249d35dcf01870edcbecf48","misc\/pdfs.json":"97d170e1550eee4afc0af065b78cda302a97674c","misc\/prefills.json":"97d170e1550eee4afc0af065b78cda302a97674c","misc\/placeholders.json":"677044f312adab9eaf53a6b57dd5f04a7e16d7d7","misc\/logic_definitions.json":"97d170e1550eee4afc0af065b78cda302a97674c","misc\/logics\/Event_Day.json":"e2c11bf4f417638fe19b8929dd1aed0d68b93e58","misc\/logics\/Event_Month.json":"1a8f410b26c052b3889058767ff1c6c7e1702370","misc\/logics\/Event_Year.json":"7b815e1c10c4d41b43e4118d026fb79442963ed9","misc\/logics\/Event_Day_of_Week.json":"1545be48ac0528353e4e64a802af99643e12b61c","misc\/logics\/Booking_Date.json":"75301a86097e033b237f72d7c2e168ef4670a23a","misc\/logics\/Date_of_Booking.json":"8883de623104dc94546785e52dbc9ef118460244","misc\/ic_inputs.json":"7bf2ce280bab39ea8896b4b3f61b85be3cfc4efc","misc\/data-retention.json":"fa8b819d756eec4a4f185f5465ef79b349ea9ce4"}