{"title":"Pitch Booking","instructions":"","progressBar":"0","allowUnregistered":"1","resumeAtStart":"0","reCaptcha":"0","internalOnly":0,"metadata":{"id":"294","itemID":"432","creator":"Paul Johnson","contributor":"","publisher":"Sandbox 04","rights":"Sandbox 04","source":"","status":"V1.0 Public Consumption","coverage":"UK","created":1579651200,"modified":1579651200,"valid":null,"expired":null,"format":"text\/html","language":"en","subject":"","description":"test"},"categories":[{"id":"3596","categoryType":"Navigation","itemID":432,"categoryID":"100009"}]}