{"id":904,"isFormSpecific":true,"version":{"metadata":{"id":2400,"title":"About you (587) (528)","instructions":""},"sections":[{"name":"main","title":"main","showTitle":null,"hideInitially":null,"triggerQuestionName":null,"triggerQuestionSecondaryField":null,"triggerQuestionSection":null,"triggerOperator":null,"triggerAnswerValue":null,"isRepeatableQuestion":null,"repeatableQuestionSettings":[],"structure":"[{\"type\":\"question\",\"name\":\"qbdd1087a93817c959e25d829220aa206c06e30cb\"},{\"type\":\"question\",\"name\":\"q7db3395f9d2f59e6e9694c5db68c84c23b0d5fa6\"},{\"type\":\"question\",\"name\":\"qcc0e8dd8380305b7c9ee9380821f597b103c42a9\"},{\"type\":\"question\",\"name\":\"q16316a3ddc1f909f2af89cb9fd76388604776de6\"},{\"type\":\"question\",\"name\":\"qd872a6b2202ec6bffe7ebbc44c94c70c12547667\"},{\"type\":\"question\",\"name\":\"q1b824424710f82232118f5a01e7d154f2c1c778e\"}]","questions":[{"name":"qbdd1087a93817c959e25d829220aa206c06e30cb","text":"Your first name","guid":"7d7527893d7f786c9073e6a651a9c26181d9a661","settings":[{"name":"required","value":"true"}]},{"name":"q7db3395f9d2f59e6e9694c5db68c84c23b0d5fa6","text":"Your last name","guid":"7d7527893d7f786c9073e6a651a9c26181d9a661","settings":[{"name":"required","value":"true"}]},{"name":"qcc0e8dd8380305b7c9ee9380821f597b103c42a9","text":"Your date of birth","guid":"Jadu\\XFormsPro\\Bundle\\StandardFormComponentBundle\\Component\\Date\\DateComponent","settings":[{"name":"required","value":"true"},{"name":"help","value":"On a mobile, you can choose the year by clicking '2020' in the top corner"},{"name":"accept_only_past_dates","value":"true"},{"name":"accept_only_past_dates_relative_value","value":""}]},{"name":"q16316a3ddc1f909f2af89cb9fd76388604776de6","text":"Your email address","guid":"7d7527893d7f786c9073e6a651a9c26181d9a661","settings":[{"name":"validation","value":"4"},{"name":"required","value":"true"}]},{"name":"qd872a6b2202ec6bffe7ebbc44c94c70c12547667","text":"Your phone number","guid":"Jadu\\XFormsPro\\Bundle\\StandardFormComponentBundle\\Component\\TextField\\TextFieldComponent","settings":[{"name":"validation","value":"7"},{"name":"required","value":"true"}]},{"name":"q1b824424710f82232118f5a01e7d154f2c1c778e","text":"Your address","guid":"Jadu\\XFormsPro\\Bundle\\StandardFormComponentBundle\\Component\\IntegratedComponent\\IntegratedComponent","settings":[{"name":"required","value":"true"},{"name":"type","value":"Jadu\\XFormsPro\\Bundle\\StandardFormComponentBundle\\IntegratedComponent\\PostcodeLookup\\PostcodeLookupIntegratedComponent"}]}],"clauseType":null,"data":null}]}}