{"id":905,"isFormSpecific":true,"version":{"metadata":{"id":2401,"title":"How can you help? (587) (528)","instructions":""},"sections":[{"name":"sb4eeb88c7e9a539cf0e9d19c762a3cdeb9a84981","title":"About your DBS check","showTitle":false,"hideInitially":true,"triggerQuestionName":"qb6c1a9a035984c8e841c3296bf36bf140fc24218","triggerQuestionSecondaryField":null,"triggerQuestionSection":"main","triggerOperator":"equal","triggerAnswerValue":"yes","isRepeatableQuestion":false,"repeatableQuestionSettings":[],"structure":"[{\"type\":\"question\",\"name\":\"q5c773d8ad9bcf86e75629db6605aef27ece684d2\"},{\"type\":\"question\",\"name\":\"qe5f47442dbe5fefdde1b9f792a8cc608947942fe\"}]","questions":[{"name":"q5c773d8ad9bcf86e75629db6605aef27ece684d2","text":"What kind DBS check have you had?","guid":"Jadu\\XFormsPro\\Bundle\\StandardFormComponentBundle\\Component\\RadioButtons\\RadioButtonsComponent","settings":[{"name":"required","value":"true"},{"name":"answers","value":"[{\"value\":\"standard\",\"text\":\"Standard\",\"data\":\"\",\"internal\":false},{\"value\":\"enhanced\",\"text\":\"Enhanced\",\"data\":\"\",\"internal\":false}]"}]},{"name":"qe5f47442dbe5fefdde1b9f792a8cc608947942fe","text":"Upload a copy of your DBS check certificate","guid":"Jadu\\XFormsPro\\Bundle\\StandardFormComponentBundle\\Component\\FileUpload\\FileUploadComponent","settings":[{"name":"help","value":"You can upload a photo of your certificate."}]}],"clauseType":null,"data":null},{"name":"main","title":"main","showTitle":null,"hideInitially":null,"triggerQuestionName":null,"triggerQuestionSecondaryField":null,"triggerQuestionSection":null,"triggerOperator":null,"triggerAnswerValue":null,"isRepeatableQuestion":null,"repeatableQuestionSettings":[],"structure":"[{\"type\":\"question\",\"name\":\"qe68d4ce07cd6bfb38dcc1dbdb1b502e2874d00b6\"},{\"type\":\"question\",\"name\":\"qa5f1e81e07c2d2c4e0be9a7c0afdc3c31335bcbb\"},{\"type\":\"question\",\"name\":\"q1747e58a7bafd818a78402979adb6e30c56690bc\"},{\"type\":\"question\",\"name\":\"q0405d1f25c1980bef53ce02ca687f57d25222224\"},{\"type\":\"question\",\"name\":\"qbbd3953252b69ddc51fe088c55259cb007be04ca\"},{\"type\":\"question\",\"name\":\"qb6c1a9a035984c8e841c3296bf36bf140fc24218\"},{\"type\":\"section\",\"name\":\"sb4eeb88c7e9a539cf0e9d19c762a3cdeb9a84981\"},{\"type\":\"question\",\"name\":\"q99777acbdd2a5a800b70815dc7b1992144fb482b\"}]","questions":{"0":{"name":"qe68d4ce07cd6bfb38dcc1dbdb1b502e2874d00b6","text":"Do you have any health issues that limit the types of support you can offer?","guid":"Jadu\\XFormsPro\\Bundle\\StandardFormComponentBundle\\Component\\RadioButtons\\RadioButtonsComponent","settings":[{"name":"required","value":"true"},{"name":"answers","value":"[{\"value\":\"yes\",\"text\":\"Yes\",\"data\":\"\",\"internal\":false},{\"value\":\"no\",\"text\":\"No\",\"data\":\"\",\"internal\":false}]"}]},"1":{"name":"qa5f1e81e07c2d2c4e0be9a7c0afdc3c31335bcbb","text":"What could you help with?","guid":"Jadu\\XFormsPro\\Bundle\\StandardFormComponentBundle\\Component\\Checkboxes\\CheckboxesComponent","settings":[{"name":"required","value":"true"},{"name":"help","value":"Select all that apply"},{"name":"answers","value":"[{\"value\":\"delivering_food_or_medicine\",\"text\":\"Delivering food or medicine\",\"data\":\"\",\"internal\":false},{\"value\":\"collecting_prescriptions\",\"text\":\"Collecting prescriptions\",\"data\":\"\",\"internal\":false},{\"value\":\"dog_walking\",\"text\":\"Dog walking\",\"data\":\"\",\"internal\":false},{\"value\":\"health_and_wellbeing_support_online_or_by_phone\",\"text\":\"Health and wellbeing support online or by phone\",\"data\":\"\",\"internal\":false},{\"value\":\"admin_support_online_or_by_phone\",\"text\":\"Admin support online or by phone\",\"data\":\"\",\"internal\":false}]"}]},"2":{"name":"q1747e58a7bafd818a78402979adb6e30c56690bc","text":"Do you have any relevant special skills or qualifications?","guid":"Jadu\\XFormsPro\\Bundle\\StandardFormComponentBundle\\Component\\TextArea\\TextAreaComponent","settings":[{"name":"rows","value":"4"},{"name":"cols","value":"40"}]},"3":{"name":"q0405d1f25c1980bef53ce02ca687f57d25222224","text":"Which local areas could you help in?","guid":"Jadu\\XFormsPro\\Bundle\\StandardFormComponentBundle\\Component\\Checkboxes\\CheckboxesComponent","settings":[{"name":"required","value":"true"},{"name":"help","value":"Select all that apply"},{"name":"answers","value":"[{\"value\":\"x_district\",\"text\":\"X District\",\"data\":\"\",\"internal\":false},{\"value\":\"xx_district\",\"text\":\"XX District\",\"data\":\"\",\"internal\":false},{\"value\":\"xxx_district\",\"text\":\"XXX District\",\"data\":\"\",\"internal\":false},{\"value\":\"rural_areas\",\"text\":\"Rural areas\",\"data\":\"\",\"internal\":false}]"}]},"4":{"name":"qbbd3953252b69ddc51fe088c55259cb007be04ca","text":"Do you have access to a vehicle?","guid":"Jadu\\XFormsPro\\Bundle\\StandardFormComponentBundle\\Component\\RadioButtons\\RadioButtonsComponent","settings":[{"name":"required","value":"true"},{"name":"answers","value":"[{\"value\":\"yes\",\"text\":\"Yes\",\"data\":\"\",\"internal\":false},{\"value\":\"no\",\"text\":\"No\",\"data\":\"\",\"internal\":false}]"}]},"5":{"name":"qb6c1a9a035984c8e841c3296bf36bf140fc24218","text":"Do you have a valid DBS certificate?","guid":"Jadu\\XFormsPro\\Bundle\\StandardFormComponentBundle\\Component\\RadioButtons\\RadioButtonsComponent","settings":[{"name":"required","value":"true"},{"name":"answers","value":"[{\"value\":\"yes\",\"text\":\"Yes\",\"data\":\"\",\"internal\":false},{\"value\":\"no\",\"text\":\"No\",\"data\":\"\",\"internal\":false}]"}]},"7":{"name":"q99777acbdd2a5a800b70815dc7b1992144fb482b","text":"Privacy notice","guid":"Jadu\\XFormsPro\\Bundle\\StandardFormComponentBundle\\Component\\Checkboxes\\CheckboxesComponent","settings":[{"name":"required","value":"true"},{"name":"answers","value":"[{\"value\":\"i_agree_that_you_may_share_my_details_with_relevant_third_parties\",\"text\":\"I agree that you may share my details with relevant third parties\",\"data\":\"\",\"internal\":false}]"}]}},"clauseType":null,"data":null}]}}