[{"contentIdentifier":"371_content","contentType":"ActionTemplateMapping","field":"0","type":"variable","value":"Jadu\\XFormsPro\\Bundle\\StandardFormComponentBundle\\VariableDefinition\\AllQuestionAnswers\\FrontEndLabelsAndVisible","secondaryValue":null},{"contentIdentifier":"372_content","contentType":"ActionTemplateMapping","field":"0","type":"answer","value":"197-main-qad6e8d0e8d168ae44581702f775b4eec7d279065","secondaryValue":null},{"contentIdentifier":"372_content","contentType":"ActionTemplateMapping","field":"1","type":"answer","value":"197-main-q54754204aef1adf7e687fcab130dc14f5f2ecbcf","secondaryValue":null},{"contentIdentifier":"373_content","contentType":"ActionTemplateMapping","field":"0","type":"label","value":"197-main-q5a125e7a4ce5fde611d288efe9112848cf4754b0","secondaryValue":null},{"contentIdentifier":"373_content","contentType":"ActionTemplateMapping","field":"1","type":"label","value":"197-main-qfeb449271102ca15316240aec25d8b70c634153a","secondaryValue":null},{"contentIdentifier":"373_content","contentType":"ActionTemplateMapping","field":"2","type":"answer","value":"197-main-q2826c96cd8ba8ee64bb08f1fc45635001c8dfa86","secondaryValue":null},{"contentIdentifier":"373_content","contentType":"ActionTemplateMapping","field":"3","type":"answer","value":"197-main-q778b9c15218aa807f0168981a35116da87acb357","secondaryValue":null},{"contentIdentifier":"373_content","contentType":"ActionTemplateMapping","field":"4","type":"variable","value":"Jadu\\XFormsPro\\Bundle\\StandardFormComponentBundle\\VariableDefinition\\UserFormIdentifierDefinition","secondaryValue":null}]