{"title":"Report Dumped Rubbish","instructions":"<p>To report illegally dumped rubbish please\u00a0complete the following online\u00a0form.<br>\nThe matter will be investigated by Local Laws and the rubbish removed.<br>\nPlease do not hesitate to contact\u00a0our Customer Service Team on XXXX XXXX should you have any questions.<\/p>","progressBar":"1","allowUnregistered":"1","resumeAtStart":"0","reCaptcha":"0","internalOnly":0,"metadata":{"id":"157","itemID":"295","creator":"David Evans","contributor":"","publisher":"Continuum Demo","rights":"Continuum Demo","source":"","status":"V1.0 Public Consumption","coverage":"Australia","created":1602111600,"modified":1602111600,"valid":null,"expired":null,"format":"text\/html","language":"en","subject":"Report Dumped Rubbish ","description":"Report Dumped Rubbish"},"categories":[{"id":"2803","categoryType":"Navigation","itemID":295,"categoryID":"20000"}]}