{"form.json":"86faf6ac7ae202c184662864136419eaf9a5909c","page-templates\/Request_Details.json":"d517953445827f1ecd691c1ad993d89117a6f601","page-templates\/Contact_Details_(Subject_Access_Request).json":"ac55293a8d0c65854e2626ff8b32a874e80575f6","page-templates\/Proofs_(Subject_Access_Request).json":"51cf1c564b6716cdff307b51e91e82dfeadf80d8","structure\/pages.json":"8ed871065bf27ca490a2cf7e0b92c118c11eb368","structure\/branching.json":"5f1d1b5708561e5186a2daf4a183a5dee2cb70d5","misc\/pdfs.json":"97d170e1550eee4afc0af065b78cda302a97674c","misc\/prefills.json":"97d170e1550eee4afc0af065b78cda302a97674c","misc\/placeholders.json":"97d170e1550eee4afc0af065b78cda302a97674c","misc\/logic_definitions.json":"97d170e1550eee4afc0af065b78cda302a97674c","misc\/ic_inputs.json":"97d170e1550eee4afc0af065b78cda302a97674c","misc\/data-retention.json":"fa8b819d756eec4a4f185f5465ef79b349ea9ce4"}