{"title":"Data Protection Subject Access Request","instructions":"","progressBar":"0","allowUnregistered":"1","resumeAtStart":"0","reCaptcha":"0","internalOnly":0,"metadata":{"id":"156","itemID":"294","creator":"Paul Johnson","contributor":"","publisher":"Sandbox 04","rights":"Sandbox 04","source":"","status":"V1.0 Public Consumption","coverage":"UK","created":1569538800,"modified":1569538800,"valid":null,"expired":null,"format":"text\/html","language":"en","subject":"","description":"Make a subject access request"},"categories":[{"id":"2867","categoryType":"Navigation","itemID":294,"categoryID":"200129"}]}