{"id":914,"isFormSpecific":true,"version":{"metadata":{"id":2622,"title":"Details about the bonfire","instructions":""},"sections":[{"name":"main","title":"main","showTitle":false,"hideInitially":false,"triggerQuestionName":null,"triggerQuestionSecondaryField":null,"triggerQuestionSection":null,"triggerOperator":null,"triggerAnswerValue":null,"isRepeatableQuestion":false,"repeatableQuestionSettings":[],"structure":"[{\"type\":\"question\",\"name\":\"qbdfbbea00017c13c5701491d4dd835e2f93668d8\"},{\"type\":\"question\",\"name\":\"q5f5f6da5b3517f0713f1a39a4f74bed76ab4b0ec\"},{\"type\":\"question\",\"name\":\"qef8275655822d95d428c386528ae5ab6aef50c58\"}]","questions":[{"name":"qbdfbbea00017c13c5701491d4dd835e2f93668d8","text":"How big is the bonfire?","guid":"7d7527893d7f786c9073e6a651a9c26181d9a661","number":1,"settings":[]},{"name":"qef8275655822d95d428c386528ae5ab6aef50c58","text":"Is there anything else you would like to mention?","guid":"39c1d58d95f4fbb636ae61c4dccd9992ce707c24","number":1,"settings":[{"name":"rows","value":"4"},{"name":"cols","value":"40"}]},{"name":"q5f5f6da5b3517f0713f1a39a4f74bed76ab4b0ec","text":"Is the source of fire from a business?","guid":"18eeb80469e722d4f3513ee0c5b183da219c6975","number":1,"settings":[{"name":"answers","value":"[{\"value\":\"yes\",\"text\":\"Yes\",\"data\":\"\",\"internal\":false},{\"value\":\"no\",\"text\":\"No\",\"data\":\"\",\"internal\":false}]"},{"name":"empty_option","value":"-- Please select --"}]}],"clauseType":null,"data":null}]}}