{"id":913,"isFormSpecific":true,"version":{"metadata":{"id":2621,"title":"Smoke Occurrence Location","instructions":""},"sections":[{"name":"sdf5eaf4b59971dd2aae58e7c5b5863dd1e4c6caa","title":"Provide details on burning items","showTitle":false,"hideInitially":true,"triggerQuestionName":"q999b8c0e31f6f2f06a5fd9afbe3c8bc2e57ffe5f","triggerQuestionSecondaryField":null,"triggerQuestionSection":"main","triggerOperator":"equal","triggerAnswerValue":"yes","isRepeatableQuestion":false,"repeatableQuestionSettings":[],"structure":"[{\"type\":\"question\",\"name\":\"qe1a1e97f042d400a00d4bdbf1fd025b60d88ab20\"}]","questions":[{"name":"qe1a1e97f042d400a00d4bdbf1fd025b60d88ab20","text":"Please provide details if you can (e.g. garden waste, furniture, tyres etc.)","guid":"39c1d58d95f4fbb636ae61c4dccd9992ce707c24","number":1,"settings":[{"name":"rows","value":"4"},{"name":"cols","value":"40"}]}],"clauseType":null,"data":null},{"name":"main","title":"main","showTitle":false,"hideInitially":false,"triggerQuestionName":null,"triggerQuestionSecondaryField":null,"triggerQuestionSection":null,"triggerOperator":null,"triggerAnswerValue":null,"isRepeatableQuestion":false,"repeatableQuestionSettings":[],"structure":"[{\"type\":\"question\",\"name\":\"qf5e15973eb8c3f4db2176c36f6e2dddc47f33558\"},{\"type\":\"question\",\"name\":\"q26e0ec7f26b24b1116cbaceeac2fb90a5824926f\"},{\"type\":\"question\",\"name\":\"q010de248eb21afe09a3c93891217c02f8973383a\"},{\"type\":\"question\",\"name\":\"q6f9be5a9d701f759f4477f14cf96e16d2bf788d4\"},{\"type\":\"question\",\"name\":\"q999b8c0e31f6f2f06a5fd9afbe3c8bc2e57ffe5f\"},{\"type\":\"section\",\"name\":\"sdf5eaf4b59971dd2aae58e7c5b5863dd1e4c6caa\",\"elements\":[{\"type\":\"question\",\"name\":\"qe1a1e97f042d400a00d4bdbf1fd025b60d88ab20\"}]},{\"type\":\"question\",\"name\":\"q8ea940c9b5283d53b1e10fc920cbc00fe11ed713\"}]","questions":[{"name":"qf5e15973eb8c3f4db2176c36f6e2dddc47f33558","text":"Please provide the address you are reporting on","guid":"dafc7be1f6e3057017f8b0a86d50373130ca5da0","number":1,"settings":[{"name":"type","value":"6bbccfb62ee2f3e6cbe9de1e944d18d7201a0fe6"}]},{"name":"q26e0ec7f26b24b1116cbaceeac2fb90a5824926f","text":"Can you provide their name(s)?","guid":"39c1d58d95f4fbb636ae61c4dccd9992ce707c24","number":1,"settings":[{"name":"help","value":"please put 'don't know' if you are unsure"},{"name":"rows","value":"4"},{"name":"cols","value":"40"}]},{"name":"q010de248eb21afe09a3c93891217c02f8973383a","text":"Please provide the date of last occurrence","guid":"51128cb652b0e7d12d391781cffde80d4e26ca8b","number":1,"settings":[]},{"name":"q6f9be5a9d701f759f4477f14cf96e16d2bf788d4","text":"Please provide the time of last occurrence","guid":"7d7527893d7f786c9073e6a651a9c26181d9a661","number":1,"settings":[{"name":"placeholder","value":"hh:mm"}]},{"name":"q999b8c0e31f6f2f06a5fd9afbe3c8bc2e57ffe5f","text":"Can you identify the items being burnt?","guid":"18eeb80469e722d4f3513ee0c5b183da219c6975","number":1,"settings":[{"name":"answers","value":"[{\"value\":\"yes\",\"text\":\"Yes\",\"data\":\"\",\"internal\":false},{\"value\":\"no\",\"text\":\"No\",\"data\":\"\",\"internal\":false}]"},{"name":"empty_option","value":"-- Please select --"}]},{"name":"q8ea940c9b5283d53b1e10fc920cbc00fe11ed713","text":"How frequently does it occur?","guid":"18eeb80469e722d4f3513ee0c5b183da219c6975","number":1,"settings":[{"name":"answers","value":"[{\"value\":\"daily\",\"text\":\"Daily\",\"data\":\"\",\"internal\":false},{\"value\":\"weekly\",\"text\":\"Weekly\",\"data\":\"\",\"internal\":false},{\"value\":\"monthly\",\"text\":\"Monthly\",\"data\":\"\",\"internal\":false},{\"value\":\"yearly\",\"text\":\"Yearly\",\"data\":\"\",\"internal\":false}]"},{"name":"empty_option","value":"-- Please select --"}]}],"clauseType":null,"data":null}]}}