{"id":912,"isFormSpecific":true,"version":{"metadata":{"id":2620,"title":"Tell us about yourself","instructions":""},"sections":[{"name":"main","title":"main","showTitle":false,"hideInitially":false,"triggerQuestionName":null,"triggerQuestionSecondaryField":null,"triggerQuestionSection":null,"triggerOperator":null,"triggerAnswerValue":null,"isRepeatableQuestion":false,"repeatableQuestionSettings":[],"structure":"[{\"type\":\"question\",\"name\":\"qca041c379254f39ed9e3a4ed1b17a5f5ed98cde8\"},{\"type\":\"question\",\"name\":\"qd5fba25249b4e7991b2b7e5bfd89a43d64568e18\"},{\"type\":\"section\",\"name\":\"se59b8554ddd57738a0b521107637e38183e42b68\"},{\"type\":\"question\",\"name\":\"q01675ba3b166cd05effc909b15fe38776765cc51\"},{\"type\":\"question\",\"name\":\"q83f63b88c11af7afaad52213433e2ae2447c3f20\"}]","questions":[{"name":"qca041c379254f39ed9e3a4ed1b17a5f5ed98cde8","text":"What is your name?","guid":"7d7527893d7f786c9073e6a651a9c26181d9a661","number":1,"settings":[]},{"name":"qd5fba25249b4e7991b2b7e5bfd89a43d64568e18","text":"What is your address?","guid":"dafc7be1f6e3057017f8b0a86d50373130ca5da0","number":2,"settings":[{"name":"type","value":"6bbccfb62ee2f3e6cbe9de1e944d18d7201a0fe6"}]},{"name":"q01675ba3b166cd05effc909b15fe38776765cc51","text":"What is your daytime telephone number?","guid":"7d7527893d7f786c9073e6a651a9c26181d9a661","number":3,"settings":[]},{"name":"q83f63b88c11af7afaad52213433e2ae2447c3f20","text":"What is your email address?","guid":"7d7527893d7f786c9073e6a651a9c26181d9a661","number":4,"settings":[]}],"clauseType":null,"data":null},{"name":"se59b8554ddd57738a0b521107637e38183e42b68","title":"Manual address","showTitle":false,"hideInitially":true,"triggerQuestionName":"qd5fba25249b4e7991b2b7e5bfd89a43d64568e18","triggerQuestionSecondaryField":"uprn","triggerQuestionSection":"main","triggerOperator":"equal","triggerAnswerValue":"111111","isRepeatableQuestion":false,"repeatableQuestionSettings":[],"structure":"[{\"type\":\"question\",\"name\":\"qe58768c2457c891df687cebf4b666ae45e0e7421\"}]","questions":[{"name":"qe58768c2457c891df687cebf4b666ae45e0e7421","text":"Please enter your address","guid":"39c1d58d95f4fbb636ae61c4dccd9992ce707c24","number":1,"settings":[{"name":"rows","value":"4"},{"name":"cols","value":"80"}]}],"clauseType":null,"data":null}]}}