{"form.json":"5fa0d31b72d498d7b2419bddfd52079234f1ff4c","page-templates\/Manually_add_address.json":"d39a928c12d60ec2b6041cf035b4318a999d8d36","page-templates\/About_the_support_you_can_offer_(589)_(527).json":"fc9bf743b99768ab0ff6aedb7218b3b302474393","page-templates\/About_your_organisation.json":"01def6e7f949e6f1fd1ede40379acd876decc841","page-templates\/Data_sharing_and_privacy_(589)_(527).json":"3090eb18cba593ed5b47655e492effe3b26f9da8","structure\/pages.json":"b6df21c08bbb6fb881e34c03e3c3d1777964ea96","structure\/branching.json":"7a8c067d8887e0e8da6722388f134707dec40ad9","misc\/pdfs.json":"97d170e1550eee4afc0af065b78cda302a97674c","misc\/prefills.json":"97d170e1550eee4afc0af065b78cda302a97674c","misc\/placeholders.json":"97d170e1550eee4afc0af065b78cda302a97674c","misc\/logic_definitions.json":"97d170e1550eee4afc0af065b78cda302a97674c","misc\/ic_inputs.json":"97d170e1550eee4afc0af065b78cda302a97674c","misc\/data-retention.json":"fa8b819d756eec4a4f185f5465ef79b349ea9ce4"}