{"title":"Tell us about a not for profit organisation offering support","instructions":"","progressBar":"0","allowUnregistered":"1","resumeAtStart":"0","reCaptcha":"0","internalOnly":0,"metadata":{"id":"389","itemID":"527","creator":"Maria Barrett-Smith","contributor":"","publisher":"Canterbury City Council","rights":"Copyright Canterbury City Council","source":"","status":"V1.0 Public Consumption","coverage":"Canterbury, Kent, England, United Kingdom","created":1585695600,"modified":1585695600,"valid":null,"expired":null,"format":"text\/html","language":"en","subject":"","description":"Tell us about a not for profit organisation offering support to during the coronavirus (COVID-19) pandemic."},"categories":[{"id":"3621","categoryType":"Navigation","itemID":527,"categoryID":"200128"}]}