{"id":377,"isFormSpecific":true,"version":{"metadata":{"id":1027,"title":"Contact VicRoads","instructions":""},"sections":[{"name":"main","title":"main","showTitle":null,"hideInitially":null,"triggerQuestionName":null,"triggerQuestionSecondaryField":null,"triggerQuestionSection":null,"triggerOperator":null,"triggerAnswerValue":null,"isRepeatableQuestion":null,"repeatableQuestionSettings":[],"structure":"[{\"type\":\"question\",\"name\":\"q531e1e9c1fd7d7b3df66313f57f60af5734021cb\"}]","questions":[{"name":"q531e1e9c1fd7d7b3df66313f57f60af5734021cb","text":"Contact VicRoads","guid":"7d71b3ba5a3ceb554862ccadb50244fbdb3a65c0","settings":[{"name":"value","value":"<p>The road in question is managed by VicRoads and the request will need to be logged with them. Please either call 13 11 70 or visit <a href=\"https:\/\/www.vicroads.vic.gov.au\/traffic-and-road-use\/report-a-road-issue\">https:\/\/www.vicroads.vic.gov.au\/traffic-and-road-use\/report-a-road-issue<\/a>.<\/p>"}]}],"clauseType":null,"data":null}]}}