{"id":378,"isFormSpecific":true,"version":{"metadata":{"id":1026,"title":"Road Details","instructions":""},"sections":[{"name":"main","title":"main","showTitle":null,"hideInitially":null,"triggerQuestionName":null,"triggerQuestionSecondaryField":null,"triggerQuestionSection":null,"triggerOperator":null,"triggerAnswerValue":null,"isRepeatableQuestion":null,"repeatableQuestionSettings":[],"structure":"[{\"type\":\"question\",\"name\":\"q9b731b30ec7ce88c903592db3c50199923019dda\"},{\"type\":\"question\",\"name\":\"q1b8233779b1d1069e917a6030e8b2b367a985d65\"},{\"type\":\"question\",\"name\":\"qcaa4f0493b3b60adcec161e57cd5e0c43433c788\"}]","questions":[{"name":"q9b731b30ec7ce88c903592db3c50199923019dda","text":"Name of the road that requires attention","guid":"Jadu\\XFormsPro\\Bundle\\StandardFormComponentBundle\\Component\\TextField\\TextFieldComponent","settings":[{"name":"required","value":"true"}]},{"name":"q1b8233779b1d1069e917a6030e8b2b367a985d65","text":"In which locality \/ township is the road?","guid":"7d7527893d7f786c9073e6a651a9c26181d9a661","settings":[]},{"name":"qcaa4f0493b3b60adcec161e57cd5e0c43433c788","text":"Please describe the defect in as much detail as possible","guid":"Jadu\\XFormsPro\\Bundle\\StandardFormComponentBundle\\Component\\TextArea\\TextAreaComponent","settings":[{"name":"required","value":"true"},{"name":"rows","value":"4"},{"name":"cols","value":"40"}]}],"clauseType":null,"data":null}]}}