{"id":379,"isFormSpecific":false,"version":{"metadata":{"id":990,"title":"Report a Road Defect or Drainage Issue","instructions":""},"sections":[{"name":"main","title":"main","showTitle":null,"hideInitially":null,"triggerQuestionName":null,"triggerQuestionSecondaryField":null,"triggerQuestionSection":null,"triggerOperator":null,"triggerAnswerValue":null,"isRepeatableQuestion":null,"repeatableQuestionSettings":[],"structure":"[{\"type\":\"question\",\"name\":\"q089d43ce07bdd9c04724bc26501df85d9769579b\"}]","questions":[{"name":"q089d43ce07bdd9c04724bc26501df85d9769579b","text":"In order to assist, we need to determine whether the road is managed by VicRoads or Council. Please select from the following road \/ options.","guid":"18eeb80469e722d4f3513ee0c5b183da219c6975","settings":[{"name":"required","value":"true"},{"name":"answers","value":"[{\"value\":\"barry_road\",\"text\":\"Barry Road\",\"data\":\"\",\"internal\":false},{\"value\":\"bass_highway\",\"text\":\"Bass Highway\",\"data\":\"\",\"internal\":false},{\"value\":\"boolarra_south-mirboo_north_road\",\"text\":\"Boolarra South - Mirboo North Road\",\"data\":\"\",\"internal\":false},{\"value\":\"buffalo-tarwin_lower_road\",\"text\":\"Buffalo - Tarwin Lower Road\",\"data\":\"\",\"internal\":false},{\"value\":\"drouin-korumburra_road\",\"text\":\"Drouin - Korumburra Road\",\"data\":\"\",\"internal\":false},{\"value\":\"fish_creek-foster_road\",\"text\":\"Fish Creek - Foster Road\",\"data\":\"\",\"internal\":false},{\"value\":\"foster-promontory_road\",\"text\":\"Foster - Promontory Road\",\"data\":\"\",\"internal\":false},{\"value\":\"inverloch-venus_bay_road\",\"text\":\"Inverloch - Venus Bay Road\",\"data\":\"\",\"internal\":false},{\"value\":\"korumburra-inverloch_road\",\"text\":\"Korumburra - Inverloch Road\",\"data\":\"\",\"internal\":false},{\"value\":\"korumburra-warragul_road\",\"text\":\"Korumburra - Warragul Road\",\"data\":\"\",\"internal\":false},{\"value\":\"korumburra-wonthaggi_road\",\"text\":\"Korumburra - Wonthaggi Road\",\"data\":\"\",\"internal\":false},{\"value\":\"lang_lang-poowong_road\",\"text\":\"Lang Lang - Poowong Road\",\"data\":\"\",\"internal\":false},{\"value\":\"meeniyan-mirboo_north_road\",\"text\":\"Meeniyan - Mirboo North Road\",\"data\":\"\",\"internal\":false},{\"value\":\"meeniyan-promontory_road\",\"text\":\"Meeniyan - Promontory Road\",\"data\":\"\",\"internal\":false},{\"value\":\"mirboo_north-traralgar_road\",\"text\":\"Mirboo North - Traralgar Road\",\"data\":\"\",\"internal\":false},{\"value\":\"nerrena_road\",\"text\":\"Nerrena Road\",\"data\":\"\",\"internal\":false},{\"value\":\"port_welshpool_road\",\"text\":\"Port Welshpool Road\",\"data\":\"\",\"internal\":false},{\"value\":\"south_gippsland_highway\",\"text\":\"South Gippsland Highway\",\"data\":\"\",\"internal\":false},{\"value\":\"strzelecki_highway\",\"text\":\"Strzelecki Highway\",\"data\":\"\",\"internal\":false},{\"value\":\"tarwin_lower_road\",\"text\":\"Tarwin Lower Road\",\"data\":\"\",\"internal\":false},{\"value\":\"waratah_tourist_road\",\"text\":\"Waratah Tourist Road\",\"data\":\"\",\"internal\":false},{\"value\":\"wilson_promontory_road\",\"text\":\"Wilson Promontory Road\",\"data\":\"\",\"internal\":false},{\"value\":\"not_listed-council_road_continue_logging_request\",\"text\":\"Not listed - Council Road, continue logging request\",\"data\":\"\",\"internal\":false}]"},{"name":"empty_option","value":"Please select..."}]}],"clauseType":null,"data":null}]}}