[{"pageID":"19","sectionName":"main","questionName":"q86bfad0cded124f48b9fb2566c211bd281ddd63a","questionSecondaryField":"","sourceType":"answer","sourceValue":"18-main-q237a4874e686dca0924895d529f7732060acd1c9","sourceSecondaryField":null},{"pageID":"19","sectionName":"main","questionName":"qf8b164255cfa605ad6cb3aac9b2093f1ac5cdc76","questionSecondaryField":"","sourceType":"logic","sourceValue":"3","sourceSecondaryField":null},{"pageID":"19","sectionName":"main","questionName":"qfcfa7e9e4620882cec1cc42297e30aaae6a15342","questionSecondaryField":"","sourceType":"logic","sourceValue":"4","sourceSecondaryField":null},{"pageID":"18","sectionName":"main","questionName":"q27fce78406fecde16015a1fe3ce944c4f2144c4d","questionSecondaryField":"","sourceType":"logic","sourceValue":"10","sourceSecondaryField":null},{"pageID":"19","sectionName":"main","questionName":"qf40a33fb4f59f358eb9882fc68cbbfc6412e31ff","questionSecondaryField":"","sourceType":"logic","sourceValue":"9","sourceSecondaryField":null},{"pageID":"19","sectionName":"main","questionName":"qdfc8bb15c8ed46de5936d372f7a1138582b7f96e","questionSecondaryField":"","sourceType":"logic","sourceValue":"9","sourceSecondaryField":null},{"pageID":"19","sectionName":"main","questionName":"q230dfda4cd949295d5d7427bc0a21d6f4e4b821a","questionSecondaryField":"","sourceType":"logic","sourceValue":"6","sourceSecondaryField":null},{"pageID":"19","sectionName":"main","questionName":"q68352c861462e04f3d801fb90ba7479cf6d04dfa","questionSecondaryField":"","sourceType":"logic","sourceValue":"8","sourceSecondaryField":null},{"pageID":"19","sectionName":"main","questionName":"q4134994ac42985f78ed403d813fdf9f8b782d59b","questionSecondaryField":"","sourceType":"logic","sourceValue":"5","sourceSecondaryField":null}]