[{"pageID":"Start","questionName":null,"sectionName":null,"questionPageID":null,"questionSecondaryField":null,"logicID":null,"ruleNumber":1,"conditionNumber":1,"conditionOptionID":null,"conditionOperator":null,"conditionLiteralValue":null,"conditionLiteralValueTwo":null,"goToPageID":"1200","clauseType":null,"data":null},{"pageID":"1200","questionName":null,"sectionName":null,"questionPageID":null,"questionSecondaryField":null,"logicID":null,"ruleNumber":1,"conditionNumber":1,"conditionOptionID":null,"conditionOperator":null,"conditionLiteralValue":null,"conditionLiteralValueTwo":null,"goToPageID":"Confirmation","clauseType":null,"data":null},{"pageID":"1201","questionName":null,"sectionName":null,"questionPageID":null,"questionSecondaryField":null,"logicID":null,"ruleNumber":1,"conditionNumber":1,"conditionOptionID":null,"conditionOperator":null,"conditionLiteralValue":null,"conditionLiteralValueTwo":null,"goToPageID":"1203","clauseType":null,"data":null},{"pageID":"1202","questionName":null,"sectionName":null,"questionPageID":null,"questionSecondaryField":null,"logicID":null,"ruleNumber":1,"conditionNumber":1,"conditionOptionID":null,"conditionOperator":null,"conditionLiteralValue":null,"conditionLiteralValueTwo":null,"goToPageID":"Confirmation","clauseType":null,"data":null},{"pageID":"1203","questionName":null,"sectionName":null,"questionPageID":null,"questionSecondaryField":null,"logicID":null,"ruleNumber":1,"conditionNumber":1,"conditionOptionID":null,"conditionOperator":null,"conditionLiteralValue":null,"conditionLiteralValueTwo":null,"goToPageID":"Confirmation","clauseType":null,"data":null},{"pageID":"1204","questionName":null,"sectionName":null,"questionPageID":null,"questionSecondaryField":null,"logicID":null,"ruleNumber":1,"conditionNumber":1,"conditionOptionID":null,"conditionOperator":null,"conditionLiteralValue":null,"conditionLiteralValueTwo":null,"goToPageID":"Confirmation","clauseType":null,"data":null},{"pageID":"1200","questionName":"qabf26b1b434e6dafd3d3cfc50b8fb11acb4155bd","sectionName":"main","questionPageID":"1200","questionSecondaryField":null,"logicID":null,"ruleNumber":2,"conditionNumber":1,"conditionOptionID":null,"conditionOperator":"equal","conditionLiteralValue":"food_labelling","conditionLiteralValueTwo":null,"goToPageID":"1204","clauseType":null,"data":null},{"pageID":"1200","questionName":"qabf26b1b434e6dafd3d3cfc50b8fb11acb4155bd","sectionName":"main","questionPageID":"1200","questionSecondaryField":null,"logicID":null,"ruleNumber":2,"conditionNumber":2,"conditionOptionID":null,"conditionOperator":"equal","conditionLiteralValue":"weights_and_measures","conditionLiteralValueTwo":null,"goToPageID":"1204","clauseType":null,"data":null},{"pageID":"1200","questionName":"qabf26b1b434e6dafd3d3cfc50b8fb11acb4155bd","sectionName":"main","questionPageID":"1200","questionSecondaryField":null,"logicID":null,"ruleNumber":2,"conditionNumber":3,"conditionOptionID":null,"conditionOperator":"equal","conditionLiteralValue":"food_composition_or_quality","conditionLiteralValueTwo":null,"goToPageID":"1204","clauseType":null,"data":null},{"pageID":"1200","questionName":"q005575a3080e50ac1014f5f5e66ad3672491bf02","sectionName":"s4fbedde8c76830e580c851cd224f087dac24bb29","questionPageID":"1200","questionSecondaryField":null,"logicID":null,"ruleNumber":3,"conditionNumber":1,"conditionOptionID":null,"conditionOperator":"equal","conditionLiteralValue":"no","conditionLiteralValueTwo":null,"goToPageID":"1202","clauseType":null,"data":null},{"pageID":"1200","questionName":"q005575a3080e50ac1014f5f5e66ad3672491bf02","sectionName":"s4fbedde8c76830e580c851cd224f087dac24bb29","questionPageID":"1200","questionSecondaryField":null,"logicID":null,"ruleNumber":4,"conditionNumber":1,"conditionOptionID":null,"conditionOperator":"equal","conditionLiteralValue":"yes","conditionLiteralValueTwo":null,"goToPageID":"1201","clauseType":null,"data":null}]