[{"id":1200,"templateID":810,"metadata":{"id":2181,"title":"About your request for advice","instructions":""}},{"id":1201,"templateID":812,"metadata":{"id":2182,"title":"Your business address","instructions":""}},{"id":1202,"templateID":807,"metadata":{"id":2183,"title":"We are sorry but we do not offer advice to food businesses outside of our District","instructions":"\n<div>\n<p>Please contact your local council \u2013 check your business rates bill or council tax bill to check which council you need to contact or visit <a href=\"http:\/\/www.talktoreg.co.uk\/\">talktoreg.co.uk and enter your postcode<\/a> to find out which council you need to contact.<\/p>\n<\/div>\n\n<p><span class=\"snippet\"><style>\n.button--primary {\nvisibility: hidden;\n}\n<\/style>\n<!-- rel:snippet --><\/span><\/p>\n"}},{"id":1203,"templateID":811,"metadata":{"id":2184,"title":"Book your appointment","instructions":""}},{"id":1204,"templateID":807,"metadata":{"id":2185,"title":"Please contact Trading standards","instructions":"<p>If you need advice on food labelling, weights and measures or food composition, please contact trading standards team.<span class=\"snippet\"><style>\n.button--primary {\nvisibility: hidden;\n}\n<\/style>\n<!-- rel:snippet --><\/span><\/p>"}}]