{"import_id":null,"import_version":2,"imported_resource":{"alertEmailTemplate_keys":{"alert-email-template::case-type::coronavirus-community-support::request-received-email":{"identifier":"request-received-email","label":"Request received email","resource_type":"alert-email-template","scope_key":{"identifier":"coronavirus-community-support","label":"Coronavirus support request","resource_type":"case-type","scope_key":null}},"alert-email-template::case-type::coronavirus-community-support::service-cancelled-email":{"identifier":"service-cancelled-email","label":"Service cancelled email","resource_type":"alert-email-template","scope_key":{"identifier":"coronavirus-community-support","label":"Coronavirus support request","resource_type":"case-type","scope_key":null}}},"auto_assign_users":true,"case_limits":{"primary-address":null},"case_type_group_key":null,"default":false,"form_keys":{"case-form::case-type::coronavirus-community-support::new-coronavirus-community-support":{"identifier":"new-coronavirus-community-support","label":"New Coronavirus community support","resource_type":"case-form","scope_key":{"identifier":"coronavirus-community-support","label":"Coronavirus support request","resource_type":"case-type","scope_key":null}},"case-form::case-type::coronavirus-community-support::edit-coronavirus-community-support":{"identifier":"edit-coronavirus-community-support","label":"Edit Coronavirus community support","resource_type":"case-form","scope_key":{"identifier":"coronavirus-community-support","label":"Coronavirus support request","resource_type":"case-type","scope_key":null}}},"key":{"identifier":"coronavirus-community-support","label":"Coronavirus support request","resource_type":"case-type","scope_key":null},"personal_data_redaction":true,"reference_format":"CCB%'06d","rule_keys":{"rule::case-type::coronavirus-community-support::30941":{"identifier":"30941","label":"Request received email","resource_type":"rule","scope_key":{"identifier":"coronavirus-community-support","label":"Coronavirus support request","resource_type":"case-type","scope_key":null}},"rule::case-type::coronavirus-community-support::30942":{"identifier":"30942","label":"Service cancelled email","resource_type":"rule","scope_key":{"identifier":"coronavirus-community-support","label":"Coronavirus support request","resource_type":"case-type","scope_key":null}}},"status_keys":{"case-status::case-type::coronavirus-community-support::request-received":{"identifier":"request-received","label":"request received","resource_type":"case-status","scope_key":{"identifier":"coronavirus-community-support","label":"Coronavirus support request","resource_type":"case-type","scope_key":null}},"case-status::case-type::coronavirus-community-support::service-cancelled":{"identifier":"service-cancelled","label":"service cancelled","resource_type":"case-status","scope_key":{"identifier":"coronavirus-community-support","label":"Coronavirus support request","resource_type":"case-type","scope_key":null}},"case-status::case-type::coronavirus-community-support::test-cases-closed":{"identifier":"test-cases-closed","label":"test case closed","resource_type":"case-status","scope_key":{"identifier":"coronavirus-community-support","label":"Coronavirus support request","resource_type":"case-type","scope_key":null}},"case-status::case-type::coronavirus-community-support::duplicate":{"identifier":"duplicate","label":"duplicate case closed","resource_type":"case-status","scope_key":{"identifier":"coronavirus-community-support","label":"Coronavirus support request","resource_type":"case-type","scope_key":null}}},"transition_keys":{"case-transition::case-type::coronavirus-community-support::service-cancelled":{"identifier":"service-cancelled","label":"Service cancelled","resource_type":"case-transition","scope_key":{"identifier":"coronavirus-community-support","label":"Coronavirus support request","resource_type":"case-type","scope_key":null}},"case-transition::case-type::coronavirus-community-support::test-cases-closed":{"identifier":"test-cases-closed","label":"test cases closed","resource_type":"case-transition","scope_key":{"identifier":"coronavirus-community-support","label":"Coronavirus support request","resource_type":"case-type","scope_key":null}},"case-transition::case-type::coronavirus-community-support::duplicate-case":{"identifier":"duplicate-case","label":"duplicate case","resource_type":"case-transition","scope_key":{"identifier":"coronavirus-community-support","label":"Coronavirus support request","resource_type":"case-type","scope_key":null}}}},"mappings":{"items":[]},"resources":{"items":{"case-status::case-type::coronavirus-community-support::request-received":{"key":{"identifier":"request-received","label":"request received","resource_type":"case-status","scope_key":{"identifier":"coronavirus-community-support","label":"Coronavirus support request","resource_type":"case-type","scope_key":null}},"label_colour":"2670e7","label_font_colour":"ffffff","type":"initial"},"case-status::case-type::coronavirus-community-support::service-cancelled":{"key":{"identifier":"service-cancelled","label":"service cancelled","resource_type":"case-status","scope_key":{"identifier":"coronavirus-community-support","label":"Coronavirus support request","resource_type":"case-type","scope_key":null}},"label_colour":"de2a01","label_font_colour":"ffffff","type":"final"},"case-status::case-type::coronavirus-community-support::test-cases-closed":{"key":{"identifier":"test-cases-closed","label":"test case closed","resource_type":"case-status","scope_key":{"identifier":"coronavirus-community-support","label":"Coronavirus support request","resource_type":"case-type","scope_key":null}},"label_colour":"008850","label_font_colour":"ffffff","type":"final"},"case-status::case-type::coronavirus-community-support::duplicate":{"key":{"identifier":"duplicate","label":"duplicate case closed","resource_type":"case-status","scope_key":{"identifier":"coronavirus-community-support","label":"Coronavirus support request","resource_type":"case-type","scope_key":null}},"label_colour":"38d790","label_font_colour":"05472a","type":"final"},"alert-email-template::case-type::coronavirus-community-support::request-received-email":{"date_definition_keys":[],"field_keys":[],"html_body":"<p>Thank you for your request<\/p><p>This will be assessed and sent to the relevant department\/organisation to contact you shortly.<\/p><p>Kind Regards<\/p><p>XXX Council<\/p>","key":{"identifier":"request-received-email","label":"Request received email","resource_type":"alert-email-template","scope_key":{"identifier":"coronavirus-community-support","label":"Coronavirus support request","resource_type":"case-type","scope_key":null}},"subject":"Coronavirus support {{ case.status.title }} {{case.reference}}"},"alert-email-template::case-type::coronavirus-community-support::service-cancelled-email":{"date_definition_keys":[],"field_keys":[],"html_body":"<p>Thank you for your request to cancel the service.<\/p><p>Should you require assistance in the future, then please complete a new request for support<\/p><p>Kind Regards<\/p><p>XXX&nbsp; Council<\/p>","key":{"identifier":"service-cancelled-email","label":"Service cancelled email","resource_type":"alert-email-template","scope_key":{"identifier":"coronavirus-community-support","label":"Coronavirus support request","resource_type":"case-type","scope_key":null}},"subject":"Coronavirus support {{ case.status.title }} {{case.reference}}"},"choice::case-field::who_are_you_requesting_support_for::myself":{"disabled":false,"key":{"identifier":"myself","label":"Myself","resource_type":"choice","scope_key":{"identifier":"who_are_you_requesting_support_for","label":"Who are you requesting support for?","resource_type":"case-field","scope_key":null}},"value":"myself"},"choice::case-field::who_are_you_requesting_support_for::someone-else":{"disabled":false,"key":{"identifier":"someone-else","label":"Someone else","resource_type":"choice","scope_key":{"identifier":"who_are_you_requesting_support_for","label":"Who are you requesting support for?","resource_type":"case-field","scope_key":null}},"value":"someone_else"},"case-field::who_are_you_requesting_support_for":{"allowed_privilege_level_keys":[],"allowed_to_all_privilege_levels":true,"encrypted":false,"redactable":false,"key":{"identifier":"who_are_you_requesting_support_for","label":"Who are you requesting support for?","resource_type":"case-field","scope_key":null},"position":0,"choice_keys":[],"default_choice_keys":[],"expanded":true,"exported_choices":{"choice::case-field::who_are_you_requesting_support_for::myself":{"disabled":false,"key":{"identifier":"myself","label":"Myself","resource_type":"choice","scope_key":{"identifier":"who_are_you_requesting_support_for","label":"Who are you requesting support for?","resource_type":"case-field","scope_key":null}},"value":"myself"},"choice::case-field::who_are_you_requesting_support_for::someone-else":{"disabled":false,"key":{"identifier":"someone-else","label":"Someone else","resource_type":"choice","scope_key":{"identifier":"who_are_you_requesting_support_for","label":"Who are you requesting support for?","resource_type":"case-field","scope_key":null}},"value":"someone_else"}},"exported_default_choices":[],"multiple":false,"type":"choice"},"choice::case-field::what_is_your_relationship_to_the_person_you_are_making_the_referral_for::relative":{"disabled":false,"key":{"identifier":"relative","label":"Relative","resource_type":"choice","scope_key":{"identifier":"what_is_your_relationship_to_the_person_you_are_making_the_referral_for","label":"What is your relationship to the person you are making the referral for?","resource_type":"case-field","scope_key":null}},"value":"relative"},"choice::case-field::what_is_your_relationship_to_the_person_you_are_making_the_referral_for::friend":{"disabled":false,"key":{"identifier":"friend","label":"Friend","resource_type":"choice","scope_key":{"identifier":"what_is_your_relationship_to_the_person_you_are_making_the_referral_for","label":"What is your relationship to the person you are making the referral for?","resource_type":"case-field","scope_key":null}},"value":"friend"},"choice::case-field::what_is_your_relationship_to_the_person_you_are_making_the_referral_for::carer":{"disabled":false,"key":{"identifier":"carer","label":"Carer","resource_type":"choice","scope_key":{"identifier":"what_is_your_relationship_to_the_person_you_are_making_the_referral_for","label":"What is your relationship to the person you are making the referral for?","resource_type":"case-field","scope_key":null}},"value":"carer"},"choice::case-field::what_is_your_relationship_to_the_person_you_are_making_the_referral_for::neighbour":{"disabled":false,"key":{"identifier":"neighbour","label":"Neighbour","resource_type":"choice","scope_key":{"identifier":"what_is_your_relationship_to_the_person_you_are_making_the_referral_for","label":"What is your relationship to the person you are making the referral for?","resource_type":"case-field","scope_key":null}},"value":"neighbour"},"choice::case-field::what_is_your_relationship_to_the_person_you_are_making_the_referral_for::nhs-staff":{"disabled":false,"key":{"identifier":"nhs-staff","label":"NHS staff","resource_type":"choice","scope_key":{"identifier":"what_is_your_relationship_to_the_person_you_are_making_the_referral_for","label":"What is your relationship to the person you are making the referral for?","resource_type":"case-field","scope_key":null}},"value":"nhs_staff"},"choice::case-field::what_is_your_relationship_to_the_person_you_are_making_the_referral_for::community-voluntary-organisation-member":{"disabled":false,"key":{"identifier":"community-voluntary-organisation-member","label":"Community\/Voluntary organisation member","resource_type":"choice","scope_key":{"identifier":"what_is_your_relationship_to_the_person_you_are_making_the_referral_for","label":"What is your relationship to the person you are making the referral for?","resource_type":"case-field","scope_key":null}},"value":"communityvoluntary_organisation_member"},"choice::case-field::what_is_your_relationship_to_the_person_you_are_making_the_referral_for::other":{"disabled":false,"key":{"identifier":"other","label":"Other","resource_type":"choice","scope_key":{"identifier":"what_is_your_relationship_to_the_person_you_are_making_the_referral_for","label":"What is your relationship to the person you are making the referral for?","resource_type":"case-field","scope_key":null}},"value":"other"},"case-field::what_is_your_relationship_to_the_person_you_are_making_the_referral_for":{"allowed_privilege_level_keys":[],"allowed_to_all_privilege_levels":true,"encrypted":false,"redactable":false,"key":{"identifier":"what_is_your_relationship_to_the_person_you_are_making_the_referral_for","label":"What is your relationship to the person you are making the referral for?","resource_type":"case-field","scope_key":null},"position":0,"choice_keys":[],"default_choice_keys":[],"expanded":true,"exported_choices":{"choice::case-field::what_is_your_relationship_to_the_person_you_are_making_the_referral_for::relative":{"disabled":false,"key":{"identifier":"relative","label":"Relative","resource_type":"choice","scope_key":{"identifier":"what_is_your_relationship_to_the_person_you_are_making_the_referral_for","label":"What is your relationship to the person you are making the referral for?","resource_type":"case-field","scope_key":null}},"value":"relative"},"choice::case-field::what_is_your_relationship_to_the_person_you_are_making_the_referral_for::friend":{"disabled":false,"key":{"identifier":"friend","label":"Friend","resource_type":"choice","scope_key":{"identifier":"what_is_your_relationship_to_the_person_you_are_making_the_referral_for","label":"What is your relationship to the person you are making the referral for?","resource_type":"case-field","scope_key":null}},"value":"friend"},"choice::case-field::what_is_your_relationship_to_the_person_you_are_making_the_referral_for::carer":{"disabled":false,"key":{"identifier":"carer","label":"Carer","resource_type":"choice","scope_key":{"identifier":"what_is_your_relationship_to_the_person_you_are_making_the_referral_for","label":"What is your relationship to the person you are making the referral for?","resource_type":"case-field","scope_key":null}},"value":"carer"},"choice::case-field::what_is_your_relationship_to_the_person_you_are_making_the_referral_for::neighbour":{"disabled":false,"key":{"identifier":"neighbour","label":"Neighbour","resource_type":"choice","scope_key":{"identifier":"what_is_your_relationship_to_the_person_you_are_making_the_referral_for","label":"What is your relationship to the person you are making the referral for?","resource_type":"case-field","scope_key":null}},"value":"neighbour"},"choice::case-field::what_is_your_relationship_to_the_person_you_are_making_the_referral_for::nhs-staff":{"disabled":false,"key":{"identifier":"nhs-staff","label":"NHS staff","resource_type":"choice","scope_key":{"identifier":"what_is_your_relationship_to_the_person_you_are_making_the_referral_for","label":"What is your relationship to the person you are making the referral for?","resource_type":"case-field","scope_key":null}},"value":"nhs_staff"},"choice::case-field::what_is_your_relationship_to_the_person_you_are_making_the_referral_for::community-voluntary-organisation-member":{"disabled":false,"key":{"identifier":"community-voluntary-organisation-member","label":"Community\/Voluntary organisation member","resource_type":"choice","scope_key":{"identifier":"what_is_your_relationship_to_the_person_you_are_making_the_referral_for","label":"What is your relationship to the person you are making the referral for?","resource_type":"case-field","scope_key":null}},"value":"communityvoluntary_organisation_member"},"choice::case-field::what_is_your_relationship_to_the_person_you_are_making_the_referral_for::other":{"disabled":false,"key":{"identifier":"other","label":"Other","resource_type":"choice","scope_key":{"identifier":"what_is_your_relationship_to_the_person_you_are_making_the_referral_for","label":"What is your relationship to the person you are making the referral for?","resource_type":"case-field","scope_key":null}},"value":"other"}},"exported_default_choices":[],"multiple":false,"type":"choice"},"case-field::nature_of_relationship":{"allowed_privilege_level_keys":[],"allowed_to_all_privilege_levels":true,"encrypted":false,"redactable":false,"key":{"identifier":"nature_of_relationship","label":"Nature of relationship","resource_type":"case-field","scope_key":null},"position":0,"type":"text"},"case-field::name_of_referrer":{"allowed_privilege_level_keys":[],"allowed_to_all_privilege_levels":true,"encrypted":false,"redactable":false,"key":{"identifier":"name_of_referrer","label":"Name of referrer","resource_type":"case-field","scope_key":null},"position":0,"type":"text"},"case-field::telephone_of_referrer":{"allowed_privilege_level_keys":[],"allowed_to_all_privilege_levels":true,"encrypted":false,"redactable":false,"key":{"identifier":"telephone_of_referrer","label":"Telephone of referrer","resource_type":"case-field","scope_key":null},"position":0,"type":"text"},"case-field::email_of_referrer_1":{"allowed_privilege_level_keys":[],"allowed_to_all_privilege_levels":true,"encrypted":false,"redactable":false,"key":{"identifier":"email_of_referrer_1","label":"Email of referrer","resource_type":"case-field","scope_key":null},"position":0,"type":"email"},"case-field::first_name":{"allowed_privilege_level_keys":[],"allowed_to_all_privilege_levels":true,"encrypted":true,"redactable":true,"key":{"identifier":"first_name","label":"First Name","resource_type":"case-field","scope_key":null},"position":null,"type":"text"},"case-field::last_name":{"allowed_privilege_level_keys":[],"allowed_to_all_privilege_levels":true,"encrypted":true,"redactable":true,"key":{"identifier":"last_name","label":"Last Name","resource_type":"case-field","scope_key":null},"position":null,"type":"text"},"case-field::date_of_birth":{"allowed_privilege_level_keys":[],"allowed_to_all_privilege_levels":true,"encrypted":false,"redactable":false,"key":{"identifier":"date_of_birth","label":"Date of Birth","resource_type":"case-field","scope_key":null},"position":24,"type":"date"},"case-field::nhs_number":{"allowed_privilege_level_keys":[],"allowed_to_all_privilege_levels":true,"encrypted":false,"redactable":false,"key":{"identifier":"nhs_number","label":"NHS number","resource_type":"case-field","scope_key":null},"position":0,"type":"text"},"case-field::recipient_address":{"allowed_privilege_level_keys":[],"allowed_to_all_privilege_levels":true,"encrypted":false,"redactable":false,"key":{"identifier":"recipient_address","label":"Recipient address","resource_type":"case-field","scope_key":null},"position":0,"type":"text"},"choice::case-field::is_the_above_address_where_the_essential_items_need_to_be_delivered_to::yes":{"disabled":false,"key":{"identifier":"yes","label":"Yes","resource_type":"choice","scope_key":{"identifier":"is_the_above_address_where_the_essential_items_need_to_be_delivered_to","label":"Is the above address where the essential items need to be delivered to?","resource_type":"case-field","scope_key":null}},"value":"yes"},"choice::case-field::is_the_above_address_where_the_essential_items_need_to_be_delivered_to::no":{"disabled":false,"key":{"identifier":"no","label":"No","resource_type":"choice","scope_key":{"identifier":"is_the_above_address_where_the_essential_items_need_to_be_delivered_to","label":"Is the above address where the essential items need to be delivered to?","resource_type":"case-field","scope_key":null}},"value":"no"},"case-field::is_the_above_address_where_the_essential_items_need_to_be_delivered_to":{"allowed_privilege_level_keys":[],"allowed_to_all_privilege_levels":true,"encrypted":false,"redactable":false,"key":{"identifier":"is_the_above_address_where_the_essential_items_need_to_be_delivered_to","label":"Is the above address where the essential items need to be delivered to?","resource_type":"case-field","scope_key":null},"position":0,"choice_keys":[],"default_choice_keys":[],"expanded":true,"exported_choices":{"choice::case-field::is_the_above_address_where_the_essential_items_need_to_be_delivered_to::yes":{"disabled":false,"key":{"identifier":"yes","label":"Yes","resource_type":"choice","scope_key":{"identifier":"is_the_above_address_where_the_essential_items_need_to_be_delivered_to","label":"Is the above address where the essential items need to be delivered to?","resource_type":"case-field","scope_key":null}},"value":"yes"},"choice::case-field::is_the_above_address_where_the_essential_items_need_to_be_delivered_to::no":{"disabled":false,"key":{"identifier":"no","label":"No","resource_type":"choice","scope_key":{"identifier":"is_the_above_address_where_the_essential_items_need_to_be_delivered_to","label":"Is the above address where the essential items need to be delivered to?","resource_type":"case-field","scope_key":null}},"value":"no"}},"exported_default_choices":[],"multiple":false,"type":"choice"},"case-field::delivery_address":{"allowed_privilege_level_keys":[],"allowed_to_all_privilege_levels":true,"encrypted":false,"redactable":false,"key":{"identifier":"delivery_address","label":"Delivery address","resource_type":"case-field","scope_key":null},"position":0,"type":"text"},"case-field::recipient_telephone_number":{"allowed_privilege_level_keys":[],"allowed_to_all_privilege_levels":true,"encrypted":false,"redactable":false,"key":{"identifier":"recipient_telephone_number","label":"Recipient telephone number","resource_type":"case-field","scope_key":null},"position":0,"type":"text"},"case-field::alternative_phone_number":{"allowed_privilege_level_keys":[],"allowed_to_all_privilege_levels":true,"encrypted":false,"redactable":false,"key":{"identifier":"alternative_phone_number","label":"Alternative phone number","resource_type":"case-field","scope_key":null},"position":0,"type":"text"},"case-field::email_address":{"allowed_privilege_level_keys":[],"allowed_to_all_privilege_levels":true,"encrypted":false,"redactable":true,"key":{"identifier":"email_address","label":"Email Address","resource_type":"case-field","scope_key":null},"position":0,"type":"email"},"choice::case-field::does_the_recipient_have_a_support_network_of_family_friends_or_neighbours_who_could_help_you_with_your_current_need::yes":{"disabled":false,"key":{"identifier":"yes","label":"Yes","resource_type":"choice","scope_key":{"identifier":"does_the_recipient_have_a_support_network_of_family_friends_or_neighbours_who_could_help_you_with_your_current_need","label":"Does the recipient have a support network of family, friends or neighbours who could help you with your current need?","resource_type":"case-field","scope_key":null}},"value":"yes"},"choice::case-field::does_the_recipient_have_a_support_network_of_family_friends_or_neighbours_who_could_help_you_with_your_current_need::no":{"disabled":false,"key":{"identifier":"no","label":"No","resource_type":"choice","scope_key":{"identifier":"does_the_recipient_have_a_support_network_of_family_friends_or_neighbours_who_could_help_you_with_your_current_need","label":"Does the recipient have a support network of family, friends or neighbours who could help you with your current need?","resource_type":"case-field","scope_key":null}},"value":"no"},"case-field::does_the_recipient_have_a_support_network_of_family_friends_or_neighbours_who_could_help_you_with_your_current_need":{"allowed_privilege_level_keys":[],"allowed_to_all_privilege_levels":true,"encrypted":false,"redactable":false,"key":{"identifier":"does_the_recipient_have_a_support_network_of_family_friends_or_neighbours_who_could_help_you_with_your_current_need","label":"Does the recipient have a support network of family, friends or neighbours who could help you with your current need?","resource_type":"case-field","scope_key":null},"position":0,"choice_keys":[],"default_choice_keys":[],"expanded":true,"exported_choices":{"choice::case-field::does_the_recipient_have_a_support_network_of_family_friends_or_neighbours_who_could_help_you_with_your_current_need::yes":{"disabled":false,"key":{"identifier":"yes","label":"Yes","resource_type":"choice","scope_key":{"identifier":"does_the_recipient_have_a_support_network_of_family_friends_or_neighbours_who_could_help_you_with_your_current_need","label":"Does the recipient have a support network of family, friends or neighbours who could help you with your current need?","resource_type":"case-field","scope_key":null}},"value":"yes"},"choice::case-field::does_the_recipient_have_a_support_network_of_family_friends_or_neighbours_who_could_help_you_with_your_current_need::no":{"disabled":false,"key":{"identifier":"no","label":"No","resource_type":"choice","scope_key":{"identifier":"does_the_recipient_have_a_support_network_of_family_friends_or_neighbours_who_could_help_you_with_your_current_need","label":"Does the recipient have a support network of family, friends or neighbours who could help you with your current need?","resource_type":"case-field","scope_key":null}},"value":"no"}},"exported_default_choices":[],"multiple":false,"type":"choice"},"choice::case-field::nature_of_support_network_1::someone-who-lives-with-you":{"disabled":false,"key":{"identifier":"someone-who-lives-with-you","label":"Someone who lives with you","resource_type":"choice","scope_key":{"identifier":"nature_of_support_network_1","label":"Nature of support network","resource_type":"case-field","scope_key":null}},"value":"someone_who_lives_with_you"},"choice::case-field::nature_of_support_network_1::family":{"disabled":false,"key":{"identifier":"family","label":"Family","resource_type":"choice","scope_key":{"identifier":"nature_of_support_network_1","label":"Nature of support network","resource_type":"case-field","scope_key":null}},"value":"family"},"choice::case-field::nature_of_support_network_1::neighbour":{"disabled":false,"key":{"identifier":"neighbour","label":"Neighbour","resource_type":"choice","scope_key":{"identifier":"nature_of_support_network_1","label":"Nature of support network","resource_type":"case-field","scope_key":null}},"value":"neighbour"},"choice::case-field::nature_of_support_network_1::friend":{"disabled":false,"key":{"identifier":"friend","label":"Friend","resource_type":"choice","scope_key":{"identifier":"nature_of_support_network_1","label":"Nature of support network","resource_type":"case-field","scope_key":null}},"value":"friend"},"choice::case-field::nature_of_support_network_1::other-group":{"disabled":false,"key":{"identifier":"other-group","label":"Other group","resource_type":"choice","scope_key":{"identifier":"nature_of_support_network_1","label":"Nature of support network","resource_type":"case-field","scope_key":null}},"value":"other_group"},"case-field::nature_of_support_network_1":{"allowed_privilege_level_keys":[],"allowed_to_all_privilege_levels":true,"encrypted":false,"redactable":false,"key":{"identifier":"nature_of_support_network_1","label":"Nature of support network","resource_type":"case-field","scope_key":null},"position":0,"choice_keys":[],"default_choice_keys":[],"expanded":true,"exported_choices":{"choice::case-field::nature_of_support_network_1::someone-who-lives-with-you":{"disabled":false,"key":{"identifier":"someone-who-lives-with-you","label":"Someone who lives with you","resource_type":"choice","scope_key":{"identifier":"nature_of_support_network_1","label":"Nature of support network","resource_type":"case-field","scope_key":null}},"value":"someone_who_lives_with_you"},"choice::case-field::nature_of_support_network_1::family":{"disabled":false,"key":{"identifier":"family","label":"Family","resource_type":"choice","scope_key":{"identifier":"nature_of_support_network_1","label":"Nature of support network","resource_type":"case-field","scope_key":null}},"value":"family"},"choice::case-field::nature_of_support_network_1::neighbour":{"disabled":false,"key":{"identifier":"neighbour","label":"Neighbour","resource_type":"choice","scope_key":{"identifier":"nature_of_support_network_1","label":"Nature of support network","resource_type":"case-field","scope_key":null}},"value":"neighbour"},"choice::case-field::nature_of_support_network_1::friend":{"disabled":false,"key":{"identifier":"friend","label":"Friend","resource_type":"choice","scope_key":{"identifier":"nature_of_support_network_1","label":"Nature of support network","resource_type":"case-field","scope_key":null}},"value":"friend"},"choice::case-field::nature_of_support_network_1::other-group":{"disabled":false,"key":{"identifier":"other-group","label":"Other group","resource_type":"choice","scope_key":{"identifier":"nature_of_support_network_1","label":"Nature of support network","resource_type":"case-field","scope_key":null}},"value":"other_group"}},"exported_default_choices":[],"multiple":false,"type":"choice"},"case-field::other_support_network":{"allowed_privilege_level_keys":[],"allowed_to_all_privilege_levels":true,"encrypted":false,"redactable":false,"key":{"identifier":"other_support_network","label":"Other support network","resource_type":"case-field","scope_key":null},"position":0,"type":"text"},"case-field::anything_else_we_need_to_know_about_the_support_network":{"allowed_privilege_level_keys":[],"allowed_to_all_privilege_levels":true,"encrypted":false,"redactable":false,"key":{"identifier":"anything_else_we_need_to_know_about_the_support_network","label":"Anything else we need to know about the support network?","resource_type":"case-field","scope_key":null},"position":0,"type":"textarea"},"choice::case-field::is_the_recipient_classified_as_clinically_extremely_vulnerable_according_to_the_nhs_1::yes":{"disabled":false,"key":{"identifier":"yes","label":"Yes","resource_type":"choice","scope_key":{"identifier":"is_the_recipient_classified_as_clinically_extremely_vulnerable_according_to_the_nhs_1","label":"Is the recipient classified as clinically extremely vulnerable according to the NHS?","resource_type":"case-field","scope_key":null}},"value":"yes"},"choice::case-field::is_the_recipient_classified_as_clinically_extremely_vulnerable_according_to_the_nhs_1::no":{"disabled":false,"key":{"identifier":"no","label":"No","resource_type":"choice","scope_key":{"identifier":"is_the_recipient_classified_as_clinically_extremely_vulnerable_according_to_the_nhs_1","label":"Is the recipient classified as clinically extremely vulnerable according to the NHS?","resource_type":"case-field","scope_key":null}},"value":"no"},"case-field::is_the_recipient_classified_as_clinically_extremely_vulnerable_according_to_the_nhs_1":{"allowed_privilege_level_keys":[],"allowed_to_all_privilege_levels":true,"encrypted":false,"redactable":false,"key":{"identifier":"is_the_recipient_classified_as_clinically_extremely_vulnerable_according_to_the_nhs_1","label":"Is the recipient classified as clinically extremely vulnerable according to the NHS?","resource_type":"case-field","scope_key":null},"position":0,"choice_keys":[],"default_choice_keys":[],"expanded":true,"exported_choices":{"choice::case-field::is_the_recipient_classified_as_clinically_extremely_vulnerable_according_to_the_nhs_1::yes":{"disabled":false,"key":{"identifier":"yes","label":"Yes","resource_type":"choice","scope_key":{"identifier":"is_the_recipient_classified_as_clinically_extremely_vulnerable_according_to_the_nhs_1","label":"Is the recipient classified as clinically extremely vulnerable according to the NHS?","resource_type":"case-field","scope_key":null}},"value":"yes"},"choice::case-field::is_the_recipient_classified_as_clinically_extremely_vulnerable_according_to_the_nhs_1::no":{"disabled":false,"key":{"identifier":"no","label":"No","resource_type":"choice","scope_key":{"identifier":"is_the_recipient_classified_as_clinically_extremely_vulnerable_according_to_the_nhs_1","label":"Is the recipient classified as clinically extremely vulnerable according to the NHS?","resource_type":"case-field","scope_key":null}},"value":"no"}},"exported_default_choices":[],"multiple":false,"type":"choice"},"choice::case-field::about_the_recipient_2::over-70":{"disabled":false,"key":{"identifier":"over-70","label":"Over 70","resource_type":"choice","scope_key":{"identifier":"about_the_recipient_2","label":"About the recipient","resource_type":"case-field","scope_key":null}},"value":"over_70"},"choice::case-field::about_the_recipient_2::pregnant":{"disabled":false,"key":{"identifier":"pregnant","label":"Pregnant","resource_type":"choice","scope_key":{"identifier":"about_the_recipient_2","label":"About the recipient","resource_type":"case-field","scope_key":null}},"value":"pregnant"},"choice::case-field::about_the_recipient_2::instructed-to-get-a-flu-jab-as-an-adult-each-year-on-medical-grounds":{"disabled":false,"key":{"identifier":"instructed-to-get-a-flu-jab-as-an-adult-each-year-on-medical-grounds","label":"Instructed to get a flu jab as an adult each year on medical grounds","resource_type":"choice","scope_key":{"identifier":"about_the_recipient_2","label":"About the recipient","resource_type":"case-field","scope_key":null}},"value":"instructed_to_get_a_flu_jab_as_an_adult_each_year_on_medical_grounds"},"choice::case-field::about_the_recipient_2::already-receiving-support-from-adult-social-care":{"disabled":false,"key":{"identifier":"already-receiving-support-from-adult-social-care","label":"Already receiving support from adult social care","resource_type":"choice","scope_key":{"identifier":"about_the_recipient_2","label":"About the recipient","resource_type":"case-field","scope_key":null}},"value":"already_receiving_support_from_adult_social_care"},"choice::case-field::about_the_recipient_2::someone-in-the-household-is-already-receiving-support-from-childrens-social-care":{"disabled":false,"key":{"identifier":"someone-in-the-household-is-already-receiving-support-from-childrens-social-care","label":"Someone in the household is already receiving support from children\u2019s social care","resource_type":"choice","scope_key":{"identifier":"about_the_recipient_2","label":"About the recipient","resource_type":"case-field","scope_key":null}},"value":"someone_in_the_household_is_already_receiving_support_from_childrens_social_care"},"choice::case-field::about_the_recipient_2::tenant-of-supported-housing":{"disabled":false,"key":{"identifier":"tenant-of-supported-housing","label":"Tenant of supported housing","resource_type":"choice","scope_key":{"identifier":"about_the_recipient_2","label":"About the recipient","resource_type":"case-field","scope_key":null}},"value":"tenant_of_supported_housing"},"choice::case-field::about_the_recipient_2::self-isolating-due-to-illness":{"disabled":false,"key":{"identifier":"self-isolating-due-to-illness","label":"Self-isolating due to illness","resource_type":"choice","scope_key":{"identifier":"about_the_recipient_2","label":"About the recipient","resource_type":"case-field","scope_key":null}},"value":"self-isolating_due_to_illness"},"choice::case-field::about_the_recipient_2::self-isolating-due-to-an-underlying-health-issue":{"disabled":false,"key":{"identifier":"self-isolating-due-to-an-underlying-health-issue","label":"Self-isolating due to an underlying health issue","resource_type":"choice","scope_key":{"identifier":"about_the_recipient_2","label":"About the recipient","resource_type":"case-field","scope_key":null}},"value":"self-isolating_due_to_an_underlying_health_issue"},"choice::case-field::about_the_recipient_2::other":{"disabled":false,"key":{"identifier":"other","label":"Other","resource_type":"choice","scope_key":{"identifier":"about_the_recipient_2","label":"About the recipient","resource_type":"case-field","scope_key":null}},"value":"other"},"case-field::about_the_recipient_2":{"allowed_privilege_level_keys":[],"allowed_to_all_privilege_levels":true,"encrypted":false,"redactable":false,"key":{"identifier":"about_the_recipient_2","label":"About the recipient","resource_type":"case-field","scope_key":null},"position":0,"choice_keys":[],"default_choice_keys":[],"expanded":true,"exported_choices":{"choice::case-field::about_the_recipient_2::over-70":{"disabled":false,"key":{"identifier":"over-70","label":"Over 70","resource_type":"choice","scope_key":{"identifier":"about_the_recipient_2","label":"About the recipient","resource_type":"case-field","scope_key":null}},"value":"over_70"},"choice::case-field::about_the_recipient_2::pregnant":{"disabled":false,"key":{"identifier":"pregnant","label":"Pregnant","resource_type":"choice","scope_key":{"identifier":"about_the_recipient_2","label":"About the recipient","resource_type":"case-field","scope_key":null}},"value":"pregnant"},"choice::case-field::about_the_recipient_2::instructed-to-get-a-flu-jab-as-an-adult-each-year-on-medical-grounds":{"disabled":false,"key":{"identifier":"instructed-to-get-a-flu-jab-as-an-adult-each-year-on-medical-grounds","label":"Instructed to get a flu jab as an adult each year on medical grounds","resource_type":"choice","scope_key":{"identifier":"about_the_recipient_2","label":"About the recipient","resource_type":"case-field","scope_key":null}},"value":"instructed_to_get_a_flu_jab_as_an_adult_each_year_on_medical_grounds"},"choice::case-field::about_the_recipient_2::already-receiving-support-from-adult-social-care":{"disabled":false,"key":{"identifier":"already-receiving-support-from-adult-social-care","label":"Already receiving support from adult social care","resource_type":"choice","scope_key":{"identifier":"about_the_recipient_2","label":"About the recipient","resource_type":"case-field","scope_key":null}},"value":"already_receiving_support_from_adult_social_care"},"choice::case-field::about_the_recipient_2::someone-in-the-household-is-already-receiving-support-from-childrens-social-care":{"disabled":false,"key":{"identifier":"someone-in-the-household-is-already-receiving-support-from-childrens-social-care","label":"Someone in the household is already receiving support from children\u2019s social care","resource_type":"choice","scope_key":{"identifier":"about_the_recipient_2","label":"About the recipient","resource_type":"case-field","scope_key":null}},"value":"someone_in_the_household_is_already_receiving_support_from_childrens_social_care"},"choice::case-field::about_the_recipient_2::tenant-of-supported-housing":{"disabled":false,"key":{"identifier":"tenant-of-supported-housing","label":"Tenant of supported housing","resource_type":"choice","scope_key":{"identifier":"about_the_recipient_2","label":"About the recipient","resource_type":"case-field","scope_key":null}},"value":"tenant_of_supported_housing"},"choice::case-field::about_the_recipient_2::self-isolating-due-to-illness":{"disabled":false,"key":{"identifier":"self-isolating-due-to-illness","label":"Self-isolating due to illness","resource_type":"choice","scope_key":{"identifier":"about_the_recipient_2","label":"About the recipient","resource_type":"case-field","scope_key":null}},"value":"self-isolating_due_to_illness"},"choice::case-field::about_the_recipient_2::self-isolating-due-to-an-underlying-health-issue":{"disabled":false,"key":{"identifier":"self-isolating-due-to-an-underlying-health-issue","label":"Self-isolating due to an underlying health issue","resource_type":"choice","scope_key":{"identifier":"about_the_recipient_2","label":"About the recipient","resource_type":"case-field","scope_key":null}},"value":"self-isolating_due_to_an_underlying_health_issue"},"choice::case-field::about_the_recipient_2::other":{"disabled":false,"key":{"identifier":"other","label":"Other","resource_type":"choice","scope_key":{"identifier":"about_the_recipient_2","label":"About the recipient","resource_type":"case-field","scope_key":null}},"value":"other"}},"exported_default_choices":[],"multiple":false,"type":"choice"},"case-field::other_circumstances":{"allowed_privilege_level_keys":[],"allowed_to_all_privilege_levels":true,"encrypted":false,"redactable":false,"key":{"identifier":"other_circumstances","label":"Other circumstances","resource_type":"case-field","scope_key":null},"position":0,"type":"text"},"case-field::further_info_about_the_recipient":{"allowed_privilege_level_keys":[],"allowed_to_all_privilege_levels":true,"encrypted":false,"redactable":false,"key":{"identifier":"further_info_about_the_recipient","label":"Further info about the recipient","resource_type":"case-field","scope_key":null},"position":0,"type":"textarea"},"choice::case-field::do_you_require_support::i-require-support":{"disabled":false,"key":{"identifier":"i-require-support","label":"I require support","resource_type":"choice","scope_key":{"identifier":"do_you_require_support","label":"Do you require support?","resource_type":"case-field","scope_key":null}},"value":"i_require_support"},"choice::case-field::do_you_require_support::i-no-longer-require-support":{"disabled":false,"key":{"identifier":"i-no-longer-require-support","label":"I no longer require support","resource_type":"choice","scope_key":{"identifier":"do_you_require_support","label":"Do you require support?","resource_type":"case-field","scope_key":null}},"value":"i_no_longer_require_support"},"choice::case-field::do_you_require_support::i-no-longer-require-support-and-wish-to-cancel-the-service":{"disabled":false,"key":{"identifier":"i-no-longer-require-support-and-wish-to-cancel-the-service","label":"I no longer require support and wish to cancel the service","resource_type":"choice","scope_key":{"identifier":"do_you_require_support","label":"Do you require support?","resource_type":"case-field","scope_key":null}},"value":"i_no_longer_require_support_and_wish_to_cancel_the_service"},"case-field::do_you_require_support":{"allowed_privilege_level_keys":[],"allowed_to_all_privilege_levels":true,"encrypted":false,"redactable":false,"key":{"identifier":"do_you_require_support","label":"Do you require support?","resource_type":"case-field","scope_key":null},"position":0,"choice_keys":[],"default_choice_keys":[],"expanded":true,"exported_choices":{"choice::case-field::do_you_require_support::i-require-support":{"disabled":false,"key":{"identifier":"i-require-support","label":"I require support","resource_type":"choice","scope_key":{"identifier":"do_you_require_support","label":"Do you require support?","resource_type":"case-field","scope_key":null}},"value":"i_require_support"},"choice::case-field::do_you_require_support::i-no-longer-require-support":{"disabled":false,"key":{"identifier":"i-no-longer-require-support","label":"I no longer require support","resource_type":"choice","scope_key":{"identifier":"do_you_require_support","label":"Do you require support?","resource_type":"case-field","scope_key":null}},"value":"i_no_longer_require_support"},"choice::case-field::do_you_require_support::i-no-longer-require-support-and-wish-to-cancel-the-service":{"disabled":false,"key":{"identifier":"i-no-longer-require-support-and-wish-to-cancel-the-service","label":"I no longer require support and wish to cancel the service","resource_type":"choice","scope_key":{"identifier":"do_you_require_support","label":"Do you require support?","resource_type":"case-field","scope_key":null}},"value":"i_no_longer_require_support_and_wish_to_cancel_the_service"}},"exported_default_choices":[],"multiple":false,"type":"choice"},"choice::case-field::what_support_do_you_require::emergency-food-supplies":{"disabled":false,"key":{"identifier":"emergency-food-supplies","label":"Emergency food supplies","resource_type":"choice","scope_key":{"identifier":"what_support_do_you_require","label":"What support do you require?","resource_type":"case-field","scope_key":null}},"value":"emergency_food_supplies"},"choice::case-field::what_support_do_you_require::emergency-household-essentials":{"disabled":false,"key":{"identifier":"emergency-household-essentials","label":"Emergency household essentials","resource_type":"choice","scope_key":{"identifier":"what_support_do_you_require","label":"What support do you require?","resource_type":"case-field","scope_key":null}},"value":"emergency_household_essentials"},"choice::case-field::what_support_do_you_require::prescription-collection":{"disabled":false,"key":{"identifier":"prescription-collection","label":"Medical \/ Prescription collection","resource_type":"choice","scope_key":{"identifier":"what_support_do_you_require","label":"What support do you require?","resource_type":"case-field","scope_key":null}},"value":"medical_prescription_collection"},"choice::case-field::what_support_do_you_require::social-contact":{"disabled":false,"key":{"identifier":"social-contact","label":"Social contact","resource_type":"choice","scope_key":{"identifier":"what_support_do_you_require","label":"What support do you require?","resource_type":"case-field","scope_key":null}},"value":"social_contact"},"choice::case-field::what_support_do_you_require::other":{"disabled":false,"key":{"identifier":"other","label":"Other","resource_type":"choice","scope_key":{"identifier":"what_support_do_you_require","label":"What support do you require?","resource_type":"case-field","scope_key":null}},"value":"other"},"case-field::what_support_do_you_require":{"allowed_privilege_level_keys":[],"allowed_to_all_privilege_levels":true,"encrypted":false,"redactable":false,"key":{"identifier":"what_support_do_you_require","label":"What support do you require?","resource_type":"case-field","scope_key":null},"position":0,"choice_keys":[],"default_choice_keys":[],"expanded":true,"exported_choices":{"choice::case-field::what_support_do_you_require::emergency-food-supplies":{"disabled":false,"key":{"identifier":"emergency-food-supplies","label":"Emergency food supplies","resource_type":"choice","scope_key":{"identifier":"what_support_do_you_require","label":"What support do you require?","resource_type":"case-field","scope_key":null}},"value":"emergency_food_supplies"},"choice::case-field::what_support_do_you_require::emergency-household-essentials":{"disabled":false,"key":{"identifier":"emergency-household-essentials","label":"Emergency household essentials","resource_type":"choice","scope_key":{"identifier":"what_support_do_you_require","label":"What support do you require?","resource_type":"case-field","scope_key":null}},"value":"emergency_household_essentials"},"choice::case-field::what_support_do_you_require::prescription-collection":{"disabled":false,"key":{"identifier":"prescription-collection","label":"Medical \/ Prescription collection","resource_type":"choice","scope_key":{"identifier":"what_support_do_you_require","label":"What support do you require?","resource_type":"case-field","scope_key":null}},"value":"medical_prescription_collection"},"choice::case-field::what_support_do_you_require::social-contact":{"disabled":false,"key":{"identifier":"social-contact","label":"Social contact","resource_type":"choice","scope_key":{"identifier":"what_support_do_you_require","label":"What support do you require?","resource_type":"case-field","scope_key":null}},"value":"social_contact"},"choice::case-field::what_support_do_you_require::other":{"disabled":false,"key":{"identifier":"other","label":"Other","resource_type":"choice","scope_key":{"identifier":"what_support_do_you_require","label":"What support do you require?","resource_type":"case-field","scope_key":null}},"value":"other"}},"exported_default_choices":[],"multiple":true,"type":"choice"},"case-field::further_details_about_medical_need_or_prescription":{"allowed_privilege_level_keys":[],"allowed_to_all_privilege_levels":true,"encrypted":false,"redactable":false,"key":{"identifier":"further_details_about_medical_need_or_prescription","label":"Further details about medical need or prescription","resource_type":"case-field","scope_key":null},"position":0,"type":"textarea"},"case-field::other_support_required":{"allowed_privilege_level_keys":[],"allowed_to_all_privilege_levels":true,"encrypted":false,"redactable":false,"key":{"identifier":"other_support_required","label":"Other support required","resource_type":"case-field","scope_key":null},"position":0,"type":"text"},"case-field::how_many_adults_aged_16_or_over_are_living_in_the_household":{"allowed_privilege_level_keys":[],"allowed_to_all_privilege_levels":true,"encrypted":false,"redactable":false,"key":{"identifier":"how_many_adults_aged_16_or_over_are_living_in_the_household","label":"How many adults (aged 16 or over) are living in the household?","resource_type":"case-field","scope_key":null},"position":0,"type":"text"},"case-field::how_many_children_aged_1_16_are_living_in_the_household":{"allowed_privilege_level_keys":[],"allowed_to_all_privilege_levels":true,"encrypted":false,"redactable":false,"key":{"identifier":"how_many_children_aged_1_16_are_living_in_the_household","label":"How many children (aged 1-16) are living in the household?","resource_type":"case-field","scope_key":null},"position":0,"type":"text"},"case-field::how_many_infants_under_1_are_living_in_the_household":{"allowed_privilege_level_keys":[],"allowed_to_all_privilege_levels":true,"encrypted":false,"redactable":false,"key":{"identifier":"how_many_infants_under_1_are_living_in_the_household","label":"How many infants (under 1) are living in the household?","resource_type":"case-field","scope_key":null},"position":0,"type":"text"},"choice::case-field::dietary_requirements_or_allergies::vegetarian":{"disabled":false,"key":{"identifier":"vegetarian","label":"Vegetarian","resource_type":"choice","scope_key":{"identifier":"dietary_requirements_or_allergies","label":"Dietary requirements or allergies","resource_type":"case-field","scope_key":null}},"value":"vegetarian"},"choice::case-field::dietary_requirements_or_allergies::vegan":{"disabled":false,"key":{"identifier":"vegan","label":"Vegan","resource_type":"choice","scope_key":{"identifier":"dietary_requirements_or_allergies","label":"Dietary requirements or allergies","resource_type":"case-field","scope_key":null}},"value":"vegan"},"choice::case-field::dietary_requirements_or_allergies::nut-allergy":{"disabled":false,"key":{"identifier":"nut-allergy","label":"Nut allergy","resource_type":"choice","scope_key":{"identifier":"dietary_requirements_or_allergies","label":"Dietary requirements or allergies","resource_type":"case-field","scope_key":null}},"value":"nut_allergy"},"choice::case-field::dietary_requirements_or_allergies::gluten-intolerance-celiac":{"disabled":false,"key":{"identifier":"gluten-intolerance-celiac","label":"Gluten intolerance \/ celiac","resource_type":"choice","scope_key":{"identifier":"dietary_requirements_or_allergies","label":"Dietary requirements or allergies","resource_type":"case-field","scope_key":null}},"value":"gluten_intolerance_celiac"},"choice::case-field::dietary_requirements_or_allergies::lactose-intolerance":{"disabled":false,"key":{"identifier":"lactose-intolerance","label":"Lactose intolerance","resource_type":"choice","scope_key":{"identifier":"dietary_requirements_or_allergies","label":"Dietary requirements or allergies","resource_type":"case-field","scope_key":null}},"value":"lactose_intolerance"},"choice::case-field::dietary_requirements_or_allergies::egg-allergy":{"disabled":false,"key":{"identifier":"egg-allergy","label":"Egg allergy","resource_type":"choice","scope_key":{"identifier":"dietary_requirements_or_allergies","label":"Dietary requirements or allergies","resource_type":"case-field","scope_key":null}},"value":"egg_allergy"},"choice::case-field::dietary_requirements_or_allergies::halal":{"disabled":false,"key":{"identifier":"halal","label":"Halal","resource_type":"choice","scope_key":{"identifier":"dietary_requirements_or_allergies","label":"Dietary requirements or allergies","resource_type":"case-field","scope_key":null}},"value":"halal"},"choice::case-field::dietary_requirements_or_allergies::other":{"disabled":false,"key":{"identifier":"other","label":"Other","resource_type":"choice","scope_key":{"identifier":"dietary_requirements_or_allergies","label":"Dietary requirements or allergies","resource_type":"case-field","scope_key":null}},"value":"other"},"case-field::dietary_requirements_or_allergies":{"allowed_privilege_level_keys":[],"allowed_to_all_privilege_levels":true,"encrypted":false,"redactable":false,"key":{"identifier":"dietary_requirements_or_allergies","label":"Dietary requirements or allergies","resource_type":"case-field","scope_key":null},"position":0,"choice_keys":[],"default_choice_keys":[],"expanded":true,"exported_choices":{"choice::case-field::dietary_requirements_or_allergies::vegetarian":{"disabled":false,"key":{"identifier":"vegetarian","label":"Vegetarian","resource_type":"choice","scope_key":{"identifier":"dietary_requirements_or_allergies","label":"Dietary requirements or allergies","resource_type":"case-field","scope_key":null}},"value":"vegetarian"},"choice::case-field::dietary_requirements_or_allergies::vegan":{"disabled":false,"key":{"identifier":"vegan","label":"Vegan","resource_type":"choice","scope_key":{"identifier":"dietary_requirements_or_allergies","label":"Dietary requirements or allergies","resource_type":"case-field","scope_key":null}},"value":"vegan"},"choice::case-field::dietary_requirements_or_allergies::nut-allergy":{"disabled":false,"key":{"identifier":"nut-allergy","label":"Nut allergy","resource_type":"choice","scope_key":{"identifier":"dietary_requirements_or_allergies","label":"Dietary requirements or allergies","resource_type":"case-field","scope_key":null}},"value":"nut_allergy"},"choice::case-field::dietary_requirements_or_allergies::gluten-intolerance-celiac":{"disabled":false,"key":{"identifier":"gluten-intolerance-celiac","label":"Gluten intolerance \/ celiac","resource_type":"choice","scope_key":{"identifier":"dietary_requirements_or_allergies","label":"Dietary requirements or allergies","resource_type":"case-field","scope_key":null}},"value":"gluten_intolerance_celiac"},"choice::case-field::dietary_requirements_or_allergies::lactose-intolerance":{"disabled":false,"key":{"identifier":"lactose-intolerance","label":"Lactose intolerance","resource_type":"choice","scope_key":{"identifier":"dietary_requirements_or_allergies","label":"Dietary requirements or allergies","resource_type":"case-field","scope_key":null}},"value":"lactose_intolerance"},"choice::case-field::dietary_requirements_or_allergies::egg-allergy":{"disabled":false,"key":{"identifier":"egg-allergy","label":"Egg allergy","resource_type":"choice","scope_key":{"identifier":"dietary_requirements_or_allergies","label":"Dietary requirements or allergies","resource_type":"case-field","scope_key":null}},"value":"egg_allergy"},"choice::case-field::dietary_requirements_or_allergies::halal":{"disabled":false,"key":{"identifier":"halal","label":"Halal","resource_type":"choice","scope_key":{"identifier":"dietary_requirements_or_allergies","label":"Dietary requirements or allergies","resource_type":"case-field","scope_key":null}},"value":"halal"},"choice::case-field::dietary_requirements_or_allergies::other":{"disabled":false,"key":{"identifier":"other","label":"Other","resource_type":"choice","scope_key":{"identifier":"dietary_requirements_or_allergies","label":"Dietary requirements or allergies","resource_type":"case-field","scope_key":null}},"value":"other"}},"exported_default_choices":[],"multiple":true,"type":"choice"},"case-field::other_dietary_requirements_or_allergies":{"allowed_privilege_level_keys":[],"allowed_to_all_privilege_levels":true,"encrypted":false,"redactable":false,"key":{"identifier":"other_dietary_requirements_or_allergies","label":"Other dietary requirements or allergies","resource_type":"case-field","scope_key":null},"position":0,"type":"text"},"case-field::parks_additional_information":{"allowed_privilege_level_keys":[],"allowed_to_all_privilege_levels":true,"encrypted":false,"redactable":false,"key":{"identifier":"parks_additional_information","label":"Additional Information","resource_type":"case-field","scope_key":null},"position":0,"type":"textarea"},"choice::case-field::channel::cso":{"disabled":false,"key":{"identifier":"cso","label":"CSO","resource_type":"choice","scope_key":{"identifier":"channel","label":"Channel","resource_type":"case-field","scope_key":null}},"value":"cso"},"choice::case-field::channel::web":{"disabled":false,"key":{"identifier":"web","label":"Web","resource_type":"choice","scope_key":{"identifier":"channel","label":"Channel","resource_type":"case-field","scope_key":null}},"value":"WEB"},"choice::case-field::channel::cc":{"disabled":false,"key":{"identifier":"cc","label":"CSO","resource_type":"choice","scope_key":{"identifier":"channel","label":"Channel","resource_type":"case-field","scope_key":null}},"value":"CSO"},"choice::case-field::channel::offline":{"disabled":false,"key":{"identifier":"offline","label":"Offline","resource_type":"choice","scope_key":{"identifier":"channel","label":"Channel","resource_type":"case-field","scope_key":null}},"value":"CSO"},"choice::case-field::channel::face-to-face":{"disabled":false,"key":{"identifier":"face-to-face","label":"Face-to-Face","resource_type":"choice","scope_key":{"identifier":"channel","label":"Channel","resource_type":"case-field","scope_key":null}},"value":"face-to-face"},"choice::case-field::channel::email":{"disabled":false,"key":{"identifier":"email","label":"Email","resource_type":"choice","scope_key":{"identifier":"channel","label":"Channel","resource_type":"case-field","scope_key":null}},"value":"email"},"choice::case-field::channel::cct":{"disabled":false,"key":{"identifier":"cct","label":"CCT","resource_type":"choice","scope_key":{"identifier":"channel","label":"Channel","resource_type":"case-field","scope_key":null}},"value":"cct"},"case-field::channel":{"allowed_privilege_level_keys":[],"allowed_to_all_privilege_levels":true,"encrypted":false,"redactable":false,"key":{"identifier":"channel","label":"Channel","resource_type":"case-field","scope_key":null},"position":13,"choice_keys":[],"default_choice_keys":[],"expanded":false,"exported_choices":{"choice::case-field::channel::cso":{"disabled":false,"key":{"identifier":"cso","label":"CSO","resource_type":"choice","scope_key":{"identifier":"channel","label":"Channel","resource_type":"case-field","scope_key":null}},"value":"cso"},"choice::case-field::channel::web":{"disabled":false,"key":{"identifier":"web","label":"Web","resource_type":"choice","scope_key":{"identifier":"channel","label":"Channel","resource_type":"case-field","scope_key":null}},"value":"WEB"},"choice::case-field::channel::cc":{"disabled":false,"key":{"identifier":"cc","label":"CSO","resource_type":"choice","scope_key":{"identifier":"channel","label":"Channel","resource_type":"case-field","scope_key":null}},"value":"CSO"},"choice::case-field::channel::offline":{"disabled":false,"key":{"identifier":"offline","label":"Offline","resource_type":"choice","scope_key":{"identifier":"channel","label":"Channel","resource_type":"case-field","scope_key":null}},"value":"CSO"},"choice::case-field::channel::face-to-face":{"disabled":false,"key":{"identifier":"face-to-face","label":"Face-to-Face","resource_type":"choice","scope_key":{"identifier":"channel","label":"Channel","resource_type":"case-field","scope_key":null}},"value":"face-to-face"},"choice::case-field::channel::email":{"disabled":false,"key":{"identifier":"email","label":"Email","resource_type":"choice","scope_key":{"identifier":"channel","label":"Channel","resource_type":"case-field","scope_key":null}},"value":"email"},"choice::case-field::channel::cct":{"disabled":false,"key":{"identifier":"cct","label":"CCT","resource_type":"choice","scope_key":{"identifier":"channel","label":"Channel","resource_type":"case-field","scope_key":null}},"value":"cct"}},"exported_default_choices":[],"multiple":false,"type":"choice"},"privilege-level::administrator":{"key":{"identifier":"administrator","label":"API User","resource_type":"privilege-level","scope_key":null}},"privilege-level::advisor":{"key":{"identifier":"advisor","label":"Advisor","resource_type":"privilege-level","scope_key":null}},"privilege-level::staff-free-user":{"key":{"identifier":"staff-free-user","label":"Staff","resource_type":"privilege-level","scope_key":null}},"privilege-level::system-administrator":{"key":{"identifier":"system-administrator","label":"System Administrator","resource_type":"privilege-level","scope_key":null}},"case-form::case-type::coronavirus-community-support::new-coronavirus-community-support":{"external_redirects":[{"key":{"identifier":"4650","label":"https:\/\/sandbox04.demo.jadu.net\/jadu\/xforms2\/internal?formID=535&userFormID=-1&personReference={{ person.reference }}","resource_type":"case-form-external-redirect","scope_key":null},"privilege_level_keys":{"privilege-level::administrator":{"identifier":"administrator","label":"API User","resource_type":"privilege-level","scope_key":null},"privilege-level::advisor":{"identifier":"advisor","label":"Advisor","resource_type":"privilege-level","scope_key":null},"privilege-level::staff-free-user":{"identifier":"staff-free-user","label":"Staff","resource_type":"privilege-level","scope_key":null},"privilege-level::system-administrator":{"identifier":"system-administrator","label":"System Administrator","resource_type":"privilege-level","scope_key":null}},"url":"https:\/\/sandbox04.demo.jadu.net\/jadu\/xforms2\/internal?formID=535&userFormID=-1&personReference={{ person.reference }}"}],"fields":[{"key":{"identifier":"who-are-you-requesting-support-for","label":"Who are you requesting support for?","resource_type":"case-form-field","scope_key":{"identifier":"new-coronavirus-community-support","label":"New Coronavirus community support","resource_type":"case-form","scope_key":{"identifier":"coronavirus-community-support","label":"Coronavirus support request","resource_type":"case-type","scope_key":null}}},"position":0,"requirement":{"key":{"identifier":"277288","label":"Expression 277288","resource_type":"expression","scope_key":null},"type":"false_expression"},"visibility":null,"field_key":{"identifier":"who_are_you_requesting_support_for","label":"Who are you requesting support for?","resource_type":"case-field","scope_key":null},"type":"case_field"},{"key":{"identifier":"what-is-your-relationship-to-the-person-you-are-making-the-referral-for","label":"What is your relationship to the person you are making the referral for?","resource_type":"case-form-field","scope_key":{"identifier":"new-coronavirus-community-support","label":"New Coronavirus community support","resource_type":"case-form","scope_key":{"identifier":"coronavirus-community-support","label":"Coronavirus support request","resource_type":"case-type","scope_key":null}}},"position":1,"requirement":{"key":{"identifier":"277289","label":"Expression 277289","resource_type":"expression","scope_key":null},"type":"false_expression"},"visibility":null,"field_key":{"identifier":"what_is_your_relationship_to_the_person_you_are_making_the_referral_for","label":"What is your relationship to the person you are making the referral for?","resource_type":"case-field","scope_key":null},"type":"case_field"},{"key":{"identifier":"nature-of-relationship","label":"Nature of relationship","resource_type":"case-form-field","scope_key":{"identifier":"new-coronavirus-community-support","label":"New Coronavirus community support","resource_type":"case-form","scope_key":{"identifier":"coronavirus-community-support","label":"Coronavirus support request","resource_type":"case-type","scope_key":null}}},"position":2,"requirement":{"key":{"identifier":"277290","label":"Expression 277290","resource_type":"expression","scope_key":null},"type":"false_expression"},"visibility":null,"field_key":{"identifier":"nature_of_relationship","label":"Nature of relationship","resource_type":"case-field","scope_key":null},"type":"case_field"},{"key":{"identifier":"name-of-referrer","label":"Name of referrer","resource_type":"case-form-field","scope_key":{"identifier":"new-coronavirus-community-support","label":"New Coronavirus community support","resource_type":"case-form","scope_key":{"identifier":"coronavirus-community-support","label":"Coronavirus support request","resource_type":"case-type","scope_key":null}}},"position":3,"requirement":{"key":{"identifier":"277291","label":"Expression 277291","resource_type":"expression","scope_key":null},"type":"false_expression"},"visibility":null,"field_key":{"identifier":"name_of_referrer","label":"Name of referrer","resource_type":"case-field","scope_key":null},"type":"case_field"},{"key":{"identifier":"telephone-of-referrer","label":"Telephone of referrer","resource_type":"case-form-field","scope_key":{"identifier":"new-coronavirus-community-support","label":"New Coronavirus community support","resource_type":"case-form","scope_key":{"identifier":"coronavirus-community-support","label":"Coronavirus support request","resource_type":"case-type","scope_key":null}}},"position":4,"requirement":{"key":{"identifier":"277292","label":"Expression 277292","resource_type":"expression","scope_key":null},"type":"false_expression"},"visibility":null,"field_key":{"identifier":"telephone_of_referrer","label":"Telephone of referrer","resource_type":"case-field","scope_key":null},"type":"case_field"},{"key":{"identifier":"email-of-referrer","label":"Email of referrer","resource_type":"case-form-field","scope_key":{"identifier":"new-coronavirus-community-support","label":"New Coronavirus community support","resource_type":"case-form","scope_key":{"identifier":"coronavirus-community-support","label":"Coronavirus support request","resource_type":"case-type","scope_key":null}}},"position":5,"requirement":{"key":{"identifier":"277293","label":"Expression 277293","resource_type":"expression","scope_key":null},"type":"false_expression"},"visibility":null,"field_key":{"identifier":"email_of_referrer_1","label":"Email of referrer","resource_type":"case-field","scope_key":null},"type":"case_field"},{"key":{"identifier":"first-name","label":"First name","resource_type":"case-form-field","scope_key":{"identifier":"new-coronavirus-community-support","label":"New Coronavirus community support","resource_type":"case-form","scope_key":{"identifier":"coronavirus-community-support","label":"Coronavirus support request","resource_type":"case-type","scope_key":null}}},"position":6,"requirement":{"key":{"identifier":"277294","label":"Expression 277294","resource_type":"expression","scope_key":null},"type":"false_expression"},"visibility":null,"field_key":{"identifier":"first_name","label":"First Name","resource_type":"case-field","scope_key":null},"type":"case_field"},{"key":{"identifier":"last-name","label":"Last name","resource_type":"case-form-field","scope_key":{"identifier":"new-coronavirus-community-support","label":"New Coronavirus community support","resource_type":"case-form","scope_key":{"identifier":"coronavirus-community-support","label":"Coronavirus support request","resource_type":"case-type","scope_key":null}}},"position":7,"requirement":{"key":{"identifier":"277295","label":"Expression 277295","resource_type":"expression","scope_key":null},"type":"false_expression"},"visibility":null,"field_key":{"identifier":"last_name","label":"Last Name","resource_type":"case-field","scope_key":null},"type":"case_field"},{"key":{"identifier":"date-of-birth","label":"Date of birth","resource_type":"case-form-field","scope_key":{"identifier":"new-coronavirus-community-support","label":"New Coronavirus community support","resource_type":"case-form","scope_key":{"identifier":"coronavirus-community-support","label":"Coronavirus support request","resource_type":"case-type","scope_key":null}}},"position":8,"requirement":{"key":{"identifier":"277296","label":"Expression 277296","resource_type":"expression","scope_key":null},"type":"false_expression"},"visibility":null,"field_key":{"identifier":"date_of_birth","label":"Date of Birth","resource_type":"case-field","scope_key":null},"type":"case_field"},{"key":{"identifier":"nhs-number","label":"NHS number","resource_type":"case-form-field","scope_key":{"identifier":"new-coronavirus-community-support","label":"New Coronavirus community support","resource_type":"case-form","scope_key":{"identifier":"coronavirus-community-support","label":"Coronavirus support request","resource_type":"case-type","scope_key":null}}},"position":9,"requirement":{"key":{"identifier":"277297","label":"Expression 277297","resource_type":"expression","scope_key":null},"type":"false_expression"},"visibility":null,"field_key":{"identifier":"nhs_number","label":"NHS number","resource_type":"case-field","scope_key":null},"type":"case_field"},{"key":{"identifier":"recipient-address","label":"Recipient address","resource_type":"case-form-field","scope_key":{"identifier":"new-coronavirus-community-support","label":"New Coronavirus community support","resource_type":"case-form","scope_key":{"identifier":"coronavirus-community-support","label":"Coronavirus support request","resource_type":"case-type","scope_key":null}}},"position":10,"requirement":{"key":{"identifier":"277298","label":"Expression 277298","resource_type":"expression","scope_key":null},"type":"false_expression"},"visibility":null,"field_key":{"identifier":"recipient_address","label":"Recipient address","resource_type":"case-field","scope_key":null},"type":"case_field"},{"key":{"identifier":"is-the-above-address-where-the-essential-items-need-to-be-delivered-to","label":"Is the above address where the essential items need to be delivered to?","resource_type":"case-form-field","scope_key":{"identifier":"new-coronavirus-community-support","label":"New Coronavirus community support","resource_type":"case-form","scope_key":{"identifier":"coronavirus-community-support","label":"Coronavirus support request","resource_type":"case-type","scope_key":null}}},"position":11,"requirement":{"key":{"identifier":"277299","label":"Expression 277299","resource_type":"expression","scope_key":null},"type":"false_expression"},"visibility":null,"field_key":{"identifier":"is_the_above_address_where_the_essential_items_need_to_be_delivered_to","label":"Is the above address where the essential items need to be delivered to?","resource_type":"case-field","scope_key":null},"type":"case_field"},{"key":{"identifier":"delivery-address","label":"Delivery address","resource_type":"case-form-field","scope_key":{"identifier":"new-coronavirus-community-support","label":"New Coronavirus community support","resource_type":"case-form","scope_key":{"identifier":"coronavirus-community-support","label":"Coronavirus support request","resource_type":"case-type","scope_key":null}}},"position":12,"requirement":{"key":{"identifier":"277300","label":"Expression 277300","resource_type":"expression","scope_key":null},"type":"false_expression"},"visibility":null,"field_key":{"identifier":"delivery_address","label":"Delivery address","resource_type":"case-field","scope_key":null},"type":"case_field"},{"key":{"identifier":"recipient-telephone-number","label":"Recipient telephone number","resource_type":"case-form-field","scope_key":{"identifier":"new-coronavirus-community-support","label":"New Coronavirus community support","resource_type":"case-form","scope_key":{"identifier":"coronavirus-community-support","label":"Coronavirus support request","resource_type":"case-type","scope_key":null}}},"position":13,"requirement":{"key":{"identifier":"277301","label":"Expression 277301","resource_type":"expression","scope_key":null},"type":"false_expression"},"visibility":null,"field_key":{"identifier":"recipient_telephone_number","label":"Recipient telephone number","resource_type":"case-field","scope_key":null},"type":"case_field"},{"key":{"identifier":"alternative-phone-number","label":"Alternative phone number","resource_type":"case-form-field","scope_key":{"identifier":"new-coronavirus-community-support","label":"New Coronavirus community support","resource_type":"case-form","scope_key":{"identifier":"coronavirus-community-support","label":"Coronavirus support request","resource_type":"case-type","scope_key":null}}},"position":14,"requirement":{"key":{"identifier":"277302","label":"Expression 277302","resource_type":"expression","scope_key":null},"type":"false_expression"},"visibility":null,"field_key":{"identifier":"alternative_phone_number","label":"Alternative phone number","resource_type":"case-field","scope_key":null},"type":"case_field"},{"key":{"identifier":"email-address","label":"Email address","resource_type":"case-form-field","scope_key":{"identifier":"new-coronavirus-community-support","label":"New Coronavirus community support","resource_type":"case-form","scope_key":{"identifier":"coronavirus-community-support","label":"Coronavirus support request","resource_type":"case-type","scope_key":null}}},"position":15,"requirement":{"key":{"identifier":"277303","label":"Expression 277303","resource_type":"expression","scope_key":null},"type":"false_expression"},"visibility":null,"field_key":{"identifier":"email_address","label":"Email Address","resource_type":"case-field","scope_key":null},"type":"case_field"},{"key":{"identifier":"does-the-recipient-have-a-support-network-of-family-friends-or-neighbours-who-could-help-you-with-your-current-need","label":"Does the recipient have a support network of family, friends or neighbours who could help you with your current need?","resource_type":"case-form-field","scope_key":{"identifier":"new-coronavirus-community-support","label":"New Coronavirus community support","resource_type":"case-form","scope_key":{"identifier":"coronavirus-community-support","label":"Coronavirus support request","resource_type":"case-type","scope_key":null}}},"position":16,"requirement":{"key":{"identifier":"277304","label":"Expression 277304","resource_type":"expression","scope_key":null},"type":"false_expression"},"visibility":null,"field_key":{"identifier":"does_the_recipient_have_a_support_network_of_family_friends_or_neighbours_who_could_help_you_with_your_current_need","label":"Does the recipient have a support network of family, friends or neighbours who could help you with your current need?","resource_type":"case-field","scope_key":null},"type":"case_field"},{"key":{"identifier":"nature-of-support-network-1","label":"Nature of support network","resource_type":"case-form-field","scope_key":{"identifier":"new-coronavirus-community-support","label":"New Coronavirus community support","resource_type":"case-form","scope_key":{"identifier":"coronavirus-community-support","label":"Coronavirus support request","resource_type":"case-type","scope_key":null}}},"position":17,"requirement":{"key":{"identifier":"277305","label":"Expression 277305","resource_type":"expression","scope_key":null},"type":"false_expression"},"visibility":null,"field_key":{"identifier":"nature_of_support_network_1","label":"Nature of support network","resource_type":"case-field","scope_key":null},"type":"case_field"},{"key":{"identifier":"other-support-network","label":"Other support network","resource_type":"case-form-field","scope_key":{"identifier":"new-coronavirus-community-support","label":"New Coronavirus community support","resource_type":"case-form","scope_key":{"identifier":"coronavirus-community-support","label":"Coronavirus support request","resource_type":"case-type","scope_key":null}}},"position":18,"requirement":{"key":{"identifier":"277306","label":"Expression 277306","resource_type":"expression","scope_key":null},"type":"false_expression"},"visibility":null,"field_key":{"identifier":"other_support_network","label":"Other support network","resource_type":"case-field","scope_key":null},"type":"case_field"},{"key":{"identifier":"anything-else-we-need-to-know-about-the-support-network","label":"Anything else we need to know about the support network?","resource_type":"case-form-field","scope_key":{"identifier":"new-coronavirus-community-support","label":"New Coronavirus community support","resource_type":"case-form","scope_key":{"identifier":"coronavirus-community-support","label":"Coronavirus support request","resource_type":"case-type","scope_key":null}}},"position":19,"requirement":{"key":{"identifier":"277307","label":"Expression 277307","resource_type":"expression","scope_key":null},"type":"false_expression"},"visibility":null,"field_key":{"identifier":"anything_else_we_need_to_know_about_the_support_network","label":"Anything else we need to know about the support network?","resource_type":"case-field","scope_key":null},"type":"case_field"},{"key":{"identifier":"is-the-recipient-classified-as-clinically-extremely-vulnerable-according-to-the-nhs","label":"Is the recipient classified as clinically extremely vulnerable according to the NHS?","resource_type":"case-form-field","scope_key":{"identifier":"new-coronavirus-community-support","label":"New Coronavirus community support","resource_type":"case-form","scope_key":{"identifier":"coronavirus-community-support","label":"Coronavirus support request","resource_type":"case-type","scope_key":null}}},"position":20,"requirement":{"key":{"identifier":"277308","label":"Expression 277308","resource_type":"expression","scope_key":null},"type":"false_expression"},"visibility":null,"field_key":{"identifier":"is_the_recipient_classified_as_clinically_extremely_vulnerable_according_to_the_nhs_1","label":"Is the recipient classified as clinically extremely vulnerable according to the NHS?","resource_type":"case-field","scope_key":null},"type":"case_field"},{"key":{"identifier":"about-the-recipient-1","label":"About the recipient","resource_type":"case-form-field","scope_key":{"identifier":"new-coronavirus-community-support","label":"New Coronavirus community support","resource_type":"case-form","scope_key":{"identifier":"coronavirus-community-support","label":"Coronavirus support request","resource_type":"case-type","scope_key":null}}},"position":21,"requirement":{"key":{"identifier":"277309","label":"Expression 277309","resource_type":"expression","scope_key":null},"type":"false_expression"},"visibility":null,"field_key":{"identifier":"about_the_recipient_2","label":"About the recipient","resource_type":"case-field","scope_key":null},"type":"case_field"},{"key":{"identifier":"other-circumstances","label":"Other circumstances","resource_type":"case-form-field","scope_key":{"identifier":"new-coronavirus-community-support","label":"New Coronavirus community support","resource_type":"case-form","scope_key":{"identifier":"coronavirus-community-support","label":"Coronavirus support request","resource_type":"case-type","scope_key":null}}},"position":22,"requirement":{"key":{"identifier":"277310","label":"Expression 277310","resource_type":"expression","scope_key":null},"type":"false_expression"},"visibility":null,"field_key":{"identifier":"other_circumstances","label":"Other circumstances","resource_type":"case-field","scope_key":null},"type":"case_field"},{"key":{"identifier":"further-info-about-the-recipient","label":"Further info about the recipient","resource_type":"case-form-field","scope_key":{"identifier":"new-coronavirus-community-support","label":"New Coronavirus community support","resource_type":"case-form","scope_key":{"identifier":"coronavirus-community-support","label":"Coronavirus support request","resource_type":"case-type","scope_key":null}}},"position":23,"requirement":{"key":{"identifier":"277311","label":"Expression 277311","resource_type":"expression","scope_key":null},"type":"false_expression"},"visibility":null,"field_key":{"identifier":"further_info_about_the_recipient","label":"Further info about the recipient","resource_type":"case-field","scope_key":null},"type":"case_field"},{"key":{"identifier":"do-you-require-support","label":"Do you require support?","resource_type":"case-form-field","scope_key":{"identifier":"new-coronavirus-community-support","label":"New Coronavirus community support","resource_type":"case-form","scope_key":{"identifier":"coronavirus-community-support","label":"Coronavirus support request","resource_type":"case-type","scope_key":null}}},"position":24,"requirement":{"key":{"identifier":"277312","label":"Expression 277312","resource_type":"expression","scope_key":null},"type":"false_expression"},"visibility":null,"field_key":{"identifier":"do_you_require_support","label":"Do you require support?","resource_type":"case-field","scope_key":null},"type":"case_field"},{"key":{"identifier":"what-support-do-you-require","label":"What support do you require?","resource_type":"case-form-field","scope_key":{"identifier":"new-coronavirus-community-support","label":"New Coronavirus community support","resource_type":"case-form","scope_key":{"identifier":"coronavirus-community-support","label":"Coronavirus support request","resource_type":"case-type","scope_key":null}}},"position":25,"requirement":{"key":{"identifier":"277313","label":"Expression 277313","resource_type":"expression","scope_key":null},"type":"false_expression"},"visibility":null,"field_key":{"identifier":"what_support_do_you_require","label":"What support do you require?","resource_type":"case-field","scope_key":null},"type":"case_field"},{"key":{"identifier":"further-details-about-medical-need-or-prescription","label":"Further details about medical need or prescription","resource_type":"case-form-field","scope_key":{"identifier":"new-coronavirus-community-support","label":"New Coronavirus community support","resource_type":"case-form","scope_key":{"identifier":"coronavirus-community-support","label":"Coronavirus support request","resource_type":"case-type","scope_key":null}}},"position":26,"requirement":{"key":{"identifier":"277314","label":"Expression 277314","resource_type":"expression","scope_key":null},"type":"false_expression"},"visibility":null,"field_key":{"identifier":"further_details_about_medical_need_or_prescription","label":"Further details about medical need or prescription","resource_type":"case-field","scope_key":null},"type":"case_field"},{"key":{"identifier":"other-support-required","label":"Other support required","resource_type":"case-form-field","scope_key":{"identifier":"new-coronavirus-community-support","label":"New Coronavirus community support","resource_type":"case-form","scope_key":{"identifier":"coronavirus-community-support","label":"Coronavirus support request","resource_type":"case-type","scope_key":null}}},"position":27,"requirement":{"key":{"identifier":"277315","label":"Expression 277315","resource_type":"expression","scope_key":null},"type":"false_expression"},"visibility":null,"field_key":{"identifier":"other_support_required","label":"Other support required","resource_type":"case-field","scope_key":null},"type":"case_field"},{"key":{"identifier":"how-many-adults-aged-16-or-over-are-living-in-the-household","label":"How many adults (aged 16 or over) are living in the household?","resource_type":"case-form-field","scope_key":{"identifier":"new-coronavirus-community-support","label":"New Coronavirus community support","resource_type":"case-form","scope_key":{"identifier":"coronavirus-community-support","label":"Coronavirus support request","resource_type":"case-type","scope_key":null}}},"position":28,"requirement":{"key":{"identifier":"277316","label":"Expression 277316","resource_type":"expression","scope_key":null},"type":"false_expression"},"visibility":null,"field_key":{"identifier":"how_many_adults_aged_16_or_over_are_living_in_the_household","label":"How many adults (aged 16 or over) are living in the household?","resource_type":"case-field","scope_key":null},"type":"case_field"},{"key":{"identifier":"how-many-children-aged-1-16-are-living-in-the-household","label":"How many children (aged 1-16) are living in the household?","resource_type":"case-form-field","scope_key":{"identifier":"new-coronavirus-community-support","label":"New Coronavirus community support","resource_type":"case-form","scope_key":{"identifier":"coronavirus-community-support","label":"Coronavirus support request","resource_type":"case-type","scope_key":null}}},"position":29,"requirement":{"key":{"identifier":"277317","label":"Expression 277317","resource_type":"expression","scope_key":null},"type":"false_expression"},"visibility":null,"field_key":{"identifier":"how_many_children_aged_1_16_are_living_in_the_household","label":"How many children (aged 1-16) are living in the household?","resource_type":"case-field","scope_key":null},"type":"case_field"},{"key":{"identifier":"how-many-infants-under-1-are-living-in-the-household","label":"How many infants (under 1) are living in the household?","resource_type":"case-form-field","scope_key":{"identifier":"new-coronavirus-community-support","label":"New Coronavirus community support","resource_type":"case-form","scope_key":{"identifier":"coronavirus-community-support","label":"Coronavirus support request","resource_type":"case-type","scope_key":null}}},"position":30,"requirement":{"key":{"identifier":"277318","label":"Expression 277318","resource_type":"expression","scope_key":null},"type":"false_expression"},"visibility":null,"field_key":{"identifier":"how_many_infants_under_1_are_living_in_the_household","label":"How many infants (under 1) are living in the household?","resource_type":"case-field","scope_key":null},"type":"case_field"},{"key":{"identifier":"dietary-requirements-or-allergies","label":"Dietary requirements or allergies","resource_type":"case-form-field","scope_key":{"identifier":"new-coronavirus-community-support","label":"New Coronavirus community support","resource_type":"case-form","scope_key":{"identifier":"coronavirus-community-support","label":"Coronavirus support request","resource_type":"case-type","scope_key":null}}},"position":31,"requirement":{"key":{"identifier":"277319","label":"Expression 277319","resource_type":"expression","scope_key":null},"type":"false_expression"},"visibility":null,"field_key":{"identifier":"dietary_requirements_or_allergies","label":"Dietary requirements or allergies","resource_type":"case-field","scope_key":null},"type":"case_field"},{"key":{"identifier":"other-dietary-requirements-or-allergies","label":"Other dietary requirements or allergies","resource_type":"case-form-field","scope_key":{"identifier":"new-coronavirus-community-support","label":"New Coronavirus community support","resource_type":"case-form","scope_key":{"identifier":"coronavirus-community-support","label":"Coronavirus support request","resource_type":"case-type","scope_key":null}}},"position":32,"requirement":{"key":{"identifier":"277320","label":"Expression 277320","resource_type":"expression","scope_key":null},"type":"false_expression"},"visibility":null,"field_key":{"identifier":"other_dietary_requirements_or_allergies","label":"Other dietary requirements or allergies","resource_type":"case-field","scope_key":null},"type":"case_field"},{"key":{"identifier":"additional-information","label":"Additional Information","resource_type":"case-form-field","scope_key":{"identifier":"new-coronavirus-community-support","label":"New Coronavirus community support","resource_type":"case-form","scope_key":{"identifier":"coronavirus-community-support","label":"Coronavirus support request","resource_type":"case-type","scope_key":null}}},"position":33,"requirement":{"key":{"identifier":"277321","label":"Expression 277321","resource_type":"expression","scope_key":null},"type":"false_expression"},"visibility":null,"field_key":{"identifier":"parks_additional_information","label":"Additional Information","resource_type":"case-field","scope_key":null},"type":"case_field"},{"key":{"identifier":"channel","label":"Channel","resource_type":"case-form-field","scope_key":{"identifier":"new-coronavirus-community-support","label":"New Coronavirus community support","resource_type":"case-form","scope_key":{"identifier":"coronavirus-community-support","label":"Coronavirus support request","resource_type":"case-type","scope_key":null}}},"position":35,"requirement":{"key":{"identifier":"277322","label":"Expression 277322","resource_type":"expression","scope_key":null},"type":"false_expression"},"visibility":null,"field_key":{"identifier":"channel","label":"Channel","resource_type":"case-field","scope_key":null},"type":"case_field"},{"key":{"identifier":"person","label":"Person","resource_type":"case-form-field","scope_key":{"identifier":"new-coronavirus-community-support","label":"New Coronavirus community support","resource_type":"case-form","scope_key":{"identifier":"coronavirus-community-support","label":"Coronavirus support request","resource_type":"case-type","scope_key":null}}},"position":35,"requirement":{"key":{"identifier":"277323","label":"Expression 277323","resource_type":"expression","scope_key":null},"type":"false_expression"},"visibility":null,"relationship_type":"primary-person","type":"case_person_relationship"}],"key":{"identifier":"new-coronavirus-community-support","label":"New Coronavirus community support","resource_type":"case-form","scope_key":{"identifier":"coronavirus-community-support","label":"Coronavirus support request","resource_type":"case-type","scope_key":null}},"type":"create"},"case-form::case-type::coronavirus-community-support::edit-coronavirus-community-support":{"external_redirects":[],"fields":[],"key":{"identifier":"edit-coronavirus-community-support","label":"Edit Coronavirus community support","resource_type":"case-form","scope_key":{"identifier":"coronavirus-community-support","label":"Coronavirus support request","resource_type":"case-type","scope_key":null}},"type":"edit"},"case-transition::case-type::coronavirus-community-support::service-cancelled":{"allowed_privilege_level_keys":{"privilege-level::administrator":{"identifier":"administrator","label":"API User","resource_type":"privilege-level","scope_key":null},"privilege-level::advisor":{"identifier":"advisor","label":"Advisor","resource_type":"privilege-level","scope_key":null},"privilege-level::staff-free-user":{"identifier":"staff-free-user","label":"Staff","resource_type":"privilege-level","scope_key":null},"privilege-level::system-administrator":{"identifier":"system-administrator","label":"System Administrator","resource_type":"privilege-level","scope_key":null}},"call_to_action":true,"call_to_action_style":"warning","case_form_key":null,"from_status_keys":{"case-status::case-type::coronavirus-community-support::request-received":{"identifier":"request-received","label":"request received","resource_type":"case-status","scope_key":{"identifier":"coronavirus-community-support","label":"Coronavirus support request","resource_type":"case-type","scope_key":null}}},"key":{"identifier":"service-cancelled","label":"Service cancelled","resource_type":"case-transition","scope_key":{"identifier":"coronavirus-community-support","label":"Coronavirus support request","resource_type":"case-type","scope_key":null}},"to_status_key":{"identifier":"service-cancelled","label":"service cancelled","resource_type":"case-status","scope_key":{"identifier":"coronavirus-community-support","label":"Coronavirus support request","resource_type":"case-type","scope_key":null}}},"case-transition::case-type::coronavirus-community-support::test-cases-closed":{"allowed_privilege_level_keys":{"privilege-level::system-administrator":{"identifier":"system-administrator","label":"System Administrator","resource_type":"privilege-level","scope_key":null}},"call_to_action":true,"call_to_action_style":"success","case_form_key":null,"from_status_keys":{"case-status::case-type::coronavirus-community-support::request-received":{"identifier":"request-received","label":"request received","resource_type":"case-status","scope_key":{"identifier":"coronavirus-community-support","label":"Coronavirus support request","resource_type":"case-type","scope_key":null}},"case-status::case-type::coronavirus-community-support::service-cancelled":{"identifier":"service-cancelled","label":"service cancelled","resource_type":"case-status","scope_key":{"identifier":"coronavirus-community-support","label":"Coronavirus support request","resource_type":"case-type","scope_key":null}}},"key":{"identifier":"test-cases-closed","label":"test cases closed","resource_type":"case-transition","scope_key":{"identifier":"coronavirus-community-support","label":"Coronavirus support request","resource_type":"case-type","scope_key":null}},"to_status_key":{"identifier":"test-cases-closed","label":"test case closed","resource_type":"case-status","scope_key":{"identifier":"coronavirus-community-support","label":"Coronavirus support request","resource_type":"case-type","scope_key":null}}},"case-transition::case-type::coronavirus-community-support::duplicate-case":{"allowed_privilege_level_keys":{"privilege-level::system-administrator":{"identifier":"system-administrator","label":"System Administrator","resource_type":"privilege-level","scope_key":null}},"call_to_action":true,"call_to_action_style":"warning","case_form_key":null,"from_status_keys":{"case-status::case-type::coronavirus-community-support::service-cancelled":{"identifier":"service-cancelled","label":"service cancelled","resource_type":"case-status","scope_key":{"identifier":"coronavirus-community-support","label":"Coronavirus support request","resource_type":"case-type","scope_key":null}}},"key":{"identifier":"duplicate-case","label":"duplicate case","resource_type":"case-transition","scope_key":{"identifier":"coronavirus-community-support","label":"Coronavirus support request","resource_type":"case-type","scope_key":null}},"to_status_key":{"identifier":"duplicate","label":"duplicate case closed","resource_type":"case-status","scope_key":{"identifier":"coronavirus-community-support","label":"Coronavirus support request","resource_type":"case-type","scope_key":null}}},"rule::case-type::coronavirus-community-support::30941":{"actions":[{"key":{"identifier":"109906","label":"Action 109906","resource_type":"action","scope_key":null},"position":1,"email_template_key":{"identifier":"request-received-email","label":"Request received email","resource_type":"alert-email-template","scope_key":{"identifier":"coronavirus-community-support","label":"Coronavirus support request","resource_type":"case-type","scope_key":null}},"recipient":{"key":{"identifier":"56302","label":"Recipient 56302","resource_type":"alert-recipient","scope_key":null},"email_field_key":{"identifier":"email_address","label":"Email Address","resource_type":"case-field","scope_key":null},"type":"email_field"},"type":"alert"},{"key":{"identifier":"109907","label":"Action 109907","resource_type":"action","scope_key":null},"position":2,"email_template_key":{"identifier":"request-received-email","label":"Request received email","resource_type":"alert-email-template","scope_key":{"identifier":"coronavirus-community-support","label":"Coronavirus support request","resource_type":"case-type","scope_key":null}},"recipient":{"key":{"identifier":"56303","label":"Recipient 56303","resource_type":"alert-recipient","scope_key":null},"email_field_key":{"identifier":"email_of_referrer_1","label":"Email of referrer","resource_type":"case-field","scope_key":null},"type":"email_field"},"type":"alert"}],"condition":{"key":{"identifier":"277325","label":"Expression 277325","resource_type":"expression","scope_key":null},"operands":[{"key":{"identifier":"277324","label":"Expression 277324","resource_type":"expression","scope_key":null},"operands":[{"key":{"identifier":"277326","label":"Expression 277326","resource_type":"expression","scope_key":null},"choice_key":{"identifier":"i-require-support","label":"I require support","resource_type":"choice","scope_key":{"identifier":"do_you_require_support","label":"Do you require support?","resource_type":"case-field","scope_key":null}},"field_key":{"identifier":"do_you_require_support","label":"Do you require support?","resource_type":"case-field","scope_key":null},"operator":"==","value":"i_require_support","type":"case_value_match_expression"}],"type":"or_expression"}],"type":"and_expression"},"enabled":true,"key":{"identifier":"30941","label":"Request received email","resource_type":"rule","scope_key":{"identifier":"coronavirus-community-support","label":"Coronavirus support request","resource_type":"case-type","scope_key":null}},"triggers":[{"key":{"identifier":"80160","label":"Trigger 80160","resource_type":"trigger","scope_key":null},"event_name":"case.created","type":"event"}]},"rule::case-type::coronavirus-community-support::30942":{"actions":[{"key":{"identifier":"109908","label":"Action 109908","resource_type":"action","scope_key":null},"position":1,"transition_key":{"identifier":"service-cancelled","label":"Service cancelled","resource_type":"case-transition","scope_key":{"identifier":"coronavirus-community-support","label":"Coronavirus support request","resource_type":"case-type","scope_key":null}},"type":"transition"},{"key":{"identifier":"109909","label":"Action 109909","resource_type":"action","scope_key":null},"position":2,"email_template_key":{"identifier":"service-cancelled-email","label":"Service cancelled email","resource_type":"alert-email-template","scope_key":{"identifier":"coronavirus-community-support","label":"Coronavirus support request","resource_type":"case-type","scope_key":null}},"recipient":{"key":{"identifier":"56304","label":"Recipient 56304","resource_type":"alert-recipient","scope_key":null},"email_field_key":{"identifier":"email_address","label":"Email Address","resource_type":"case-field","scope_key":null},"type":"email_field"},"type":"alert"},{"key":{"identifier":"109910","label":"Action 109910","resource_type":"action","scope_key":null},"position":3,"email_template_key":{"identifier":"service-cancelled-email","label":"Service cancelled email","resource_type":"alert-email-template","scope_key":{"identifier":"coronavirus-community-support","label":"Coronavirus support request","resource_type":"case-type","scope_key":null}},"recipient":{"key":{"identifier":"56305","label":"Recipient 56305","resource_type":"alert-recipient","scope_key":null},"email_field_key":{"identifier":"email_of_referrer_1","label":"Email of referrer","resource_type":"case-field","scope_key":null},"type":"email_field"},"type":"alert"}],"condition":{"key":{"identifier":"277328","label":"Expression 277328","resource_type":"expression","scope_key":null},"operands":[{"key":{"identifier":"277327","label":"Expression 277327","resource_type":"expression","scope_key":null},"operands":[{"key":{"identifier":"277329","label":"Expression 277329","resource_type":"expression","scope_key":null},"choice_key":{"identifier":"i-no-longer-require-support-and-wish-to-cancel-the-service","label":"I no longer require support and wish to cancel the service","resource_type":"choice","scope_key":{"identifier":"do_you_require_support","label":"Do you require support?","resource_type":"case-field","scope_key":null}},"field_key":{"identifier":"do_you_require_support","label":"Do you require support?","resource_type":"case-field","scope_key":null},"operator":"==","value":"i_no_longer_require_support_and_wish_to_cancel_the_service","type":"case_value_match_expression"}],"type":"or_expression"}],"type":"and_expression"},"enabled":true,"key":{"identifier":"30942","label":"Service cancelled email","resource_type":"rule","scope_key":{"identifier":"coronavirus-community-support","label":"Coronavirus support request","resource_type":"case-type","scope_key":null}},"triggers":[{"key":{"identifier":"80161","label":"Trigger 80161","resource_type":"trigger","scope_key":null},"event_name":"case.created","type":"event"}]}}}}