{"id":314,"isFormSpecific":true,"version":{"metadata":{"id":808,"title":"Comment Details","instructions":""},"sections":[{"name":"main","title":"main","showTitle":false,"hideInitially":false,"triggerQuestionName":null,"triggerQuestionSecondaryField":null,"triggerQuestionSection":null,"triggerOperator":null,"triggerAnswerValue":null,"isRepeatableQuestion":false,"repeatableQuestionSettings":[],"structure":"[{\"type\":\"question\",\"name\":\"q9a8decd8f21c3d37a08e40f9f264e73aaccf0df5\"},{\"type\":\"question\",\"name\":\"qaca1c839cdf532a7a49f9aedf8d210410f7e006c\"}]","questions":[{"name":"q9a8decd8f21c3d37a08e40f9f264e73aaccf0df5","text":"Please give details of your comment","guid":"39c1d58d95f4fbb636ae61c4dccd9992ce707c24","number":1,"settings":[{"name":"required","value":"true"},{"name":"rows","value":"4"},{"name":"cols","value":"40"}]},{"name":"qaca1c839cdf532a7a49f9aedf8d210410f7e006c","text":"What would you like us to do next?","guid":"39c1d58d95f4fbb636ae61c4dccd9992ce707c24","number":1,"settings":[{"name":"required","value":"true"},{"name":"rows","value":"4"},{"name":"cols","value":"40"}]}],"clauseType":null,"data":null}]}}