{"import_id":null,"import_version":2,"imported_resource":{"alertEmailTemplate_keys":[],"auto_assign_users":false,"case_limits":{"primary-address":null},"case_type_group_key":null,"default":false,"form_keys":{"case-form::case-type::covid-19-cbc-staff::new-covid-19-cbc-staff":{"identifier":"new-covid-19-cbc-staff","label":"New COVID 19 CBC Staff","resource_type":"case-form","scope_key":{"identifier":"covid-19-cbc-staff","label":"COVID 19 CBC Staff","resource_type":"case-type","scope_key":null}},"case-form::case-type::covid-19-cbc-staff::edit-covid-19-cbc-staff":{"identifier":"edit-covid-19-cbc-staff","label":"Edit COVID 19 CBC Staff","resource_type":"case-form","scope_key":{"identifier":"covid-19-cbc-staff","label":"COVID 19 CBC Staff","resource_type":"case-type","scope_key":null}}},"key":{"identifier":"covid-19-cbc-staff","label":"COVID 19 CBC Staff","resource_type":"case-type","scope_key":null},"personal_data_redaction":true,"reference_format":"CCS%'06d","rule_keys":{"rule::case-type::covid-19-cbc-staff::30277":{"identifier":"30277","label":"R1 Auto close after 5 minutes","resource_type":"rule","scope_key":{"identifier":"covid-19-cbc-staff","label":"COVID 19 CBC Staff","resource_type":"case-type","scope_key":null}}},"status_keys":{"case-status::case-type::covid-19-cbc-staff::submitted":{"identifier":"submitted","label":"Submitted","resource_type":"case-status","scope_key":{"identifier":"covid-19-cbc-staff","label":"COVID 19 CBC Staff","resource_type":"case-type","scope_key":null}},"case-status::case-type::covid-19-cbc-staff::closed":{"identifier":"closed","label":"Closed","resource_type":"case-status","scope_key":{"identifier":"covid-19-cbc-staff","label":"COVID 19 CBC Staff","resource_type":"case-type","scope_key":null}}},"transition_keys":{"case-transition::case-type::covid-19-cbc-staff::auto-close":{"identifier":"auto-close","label":"Auto close","resource_type":"case-transition","scope_key":{"identifier":"covid-19-cbc-staff","label":"COVID 19 CBC Staff","resource_type":"case-type","scope_key":null}}}},"mappings":{"items":[]},"resources":{"items":{"case-status::case-type::covid-19-cbc-staff::submitted":{"key":{"identifier":"submitted","label":"Submitted","resource_type":"case-status","scope_key":{"identifier":"covid-19-cbc-staff","label":"COVID 19 CBC Staff","resource_type":"case-type","scope_key":null}},"label_colour":"2670e7","label_font_colour":"ffffff","type":"initial"},"case-status::case-type::covid-19-cbc-staff::closed":{"key":{"identifier":"closed","label":"Closed","resource_type":"case-status","scope_key":{"identifier":"covid-19-cbc-staff","label":"COVID 19 CBC Staff","resource_type":"case-type","scope_key":null}},"label_colour":"de2a01","label_font_colour":"ffffff","type":"final"},"case-field::sys_full_name":{"allowed_privilege_level_keys":[],"allowed_to_all_privilege_levels":true,"encrypted":true,"redactable":true,"key":{"identifier":"sys_full_name","label":"SYS Full name","resource_type":"case-field","scope_key":null},"position":0,"type":"text"},"case-field::job_title_1":{"allowed_privilege_level_keys":[],"allowed_to_all_privilege_levels":true,"encrypted":false,"redactable":false,"key":{"identifier":"job_title_1","label":"Job title","resource_type":"case-field","scope_key":null},"position":0,"type":"text"},"case-field::manager_name":{"allowed_privilege_level_keys":[],"allowed_to_all_privilege_levels":true,"encrypted":false,"redactable":false,"key":{"identifier":"manager_name","label":"Manager name","resource_type":"case-field","scope_key":null},"position":0,"type":"text"},"case-field::service":{"allowed_privilege_level_keys":[],"allowed_to_all_privilege_levels":true,"encrypted":true,"redactable":true,"key":{"identifier":"service","label":"Service","resource_type":"case-field","scope_key":null},"position":null,"type":"text"},"case-field::sys_team_name":{"allowed_privilege_level_keys":[],"allowed_to_all_privilege_levels":true,"encrypted":false,"redactable":false,"key":{"identifier":"sys_team_name","label":"SYS Team name","resource_type":"case-field","scope_key":null},"position":0,"type":"text"},"case-field::directorate":{"allowed_privilege_level_keys":[],"allowed_to_all_privilege_levels":true,"encrypted":false,"redactable":false,"key":{"identifier":"directorate","label":"Directorate","resource_type":"case-field","scope_key":null},"position":0,"type":"text"},"case-field::primary_work_location":{"allowed_privilege_level_keys":[],"allowed_to_all_privilege_levels":true,"encrypted":false,"redactable":false,"key":{"identifier":"primary_work_location","label":"Primary work location","resource_type":"case-field","scope_key":null},"position":0,"type":"text"},"case-field::pregnant":{"allowed_privilege_level_keys":[],"allowed_to_all_privilege_levels":true,"encrypted":true,"redactable":true,"key":{"identifier":"pregnant","label":"Pregnant","resource_type":"case-field","scope_key":null},"position":0,"type":"text"},"case-field::aged_70_or_over":{"allowed_privilege_level_keys":[],"allowed_to_all_privilege_levels":true,"encrypted":true,"redactable":true,"key":{"identifier":"aged_70_or_over","label":"Aged 70 or over","resource_type":"case-field","scope_key":null},"position":0,"type":"text"},"case-field::do_you_consent_to_share_this_information_with_hr":{"allowed_privilege_level_keys":[],"allowed_to_all_privilege_levels":true,"encrypted":false,"redactable":false,"key":{"identifier":"do_you_consent_to_share_this_information_with_hr","label":"Do you consent to share this information with HR?","resource_type":"case-field","scope_key":null},"position":null,"type":"text"},"case-field::do_you_or_your_household_suffer_from_any_of_the_conditions_that_make_you_vulnerable":{"allowed_privilege_level_keys":[],"allowed_to_all_privilege_levels":true,"encrypted":false,"redactable":false,"key":{"identifier":"do_you_or_your_household_suffer_from_any_of_the_conditions_that_make_you_vulnerable","label":"Do you or your household suffer from any of the conditions that make you vulnerable?","resource_type":"case-field","scope_key":null},"position":null,"type":"text"},"case-field::do_you_have_any_medical_conditions_that_make_you_extremely_vulnerable_to_coronavirus":{"allowed_privilege_level_keys":[],"allowed_to_all_privilege_levels":true,"encrypted":true,"redactable":true,"key":{"identifier":"do_you_have_any_medical_conditions_that_make_you_extremely_vulnerable_to_coronavirus","label":"Do you have any medical conditions that make you extremely vulnerable to coronavirus","resource_type":"case-field","scope_key":null},"position":null,"type":"text"},"case-field::anyone_dependent_on_you_for_day_to_day_care_but_is_not_included_in_any_of_the_categories":{"allowed_privilege_level_keys":[],"allowed_to_all_privilege_levels":true,"encrypted":false,"redactable":false,"key":{"identifier":"anyone_dependent_on_you_for_day_to_day_care_but_is_not_included_in_any_of_the_categories","label":"Anyone dependent on you for day to day care but is not included in any of the categories","resource_type":"case-field","scope_key":null},"position":0,"type":"text"},"case-field::do_you_have_any_regular_caring_responsibilities_for_a_family_member_who_does_not_live_with_you":{"allowed_privilege_level_keys":[],"allowed_to_all_privilege_levels":true,"encrypted":false,"redactable":false,"key":{"identifier":"do_you_have_any_regular_caring_responsibilities_for_a_family_member_who_does_not_live_with_you","label":"Do you have any regular caring responsibilities for a family member who does not live with you?","resource_type":"case-field","scope_key":null},"position":0,"type":"text"},"case-field::details_of_regular_care_for_a_non_household_family_member":{"allowed_privilege_level_keys":[],"allowed_to_all_privilege_levels":true,"encrypted":false,"redactable":false,"key":{"identifier":"details_of_regular_care_for_a_non_household_family_member","label":"Details of regular care for a non household family member","resource_type":"case-field","scope_key":null},"position":0,"type":"textarea"},"case-field::do_you_live_alone":{"allowed_privilege_level_keys":[],"allowed_to_all_privilege_levels":true,"encrypted":true,"redactable":true,"key":{"identifier":"do_you_live_alone","label":"Do you live alone","resource_type":"case-field","scope_key":null},"position":0,"type":"text"},"case-field::current_work_situation":{"allowed_privilege_level_keys":[],"allowed_to_all_privilege_levels":true,"encrypted":false,"redactable":false,"key":{"identifier":"current_work_situation","label":"Current work situation:","resource_type":"case-field","scope_key":null},"position":0,"type":"text"},"case-field::start_date_for_self_isolation_1":{"allowed_privilege_level_keys":[],"allowed_to_all_privilege_levels":true,"encrypted":false,"redactable":false,"key":{"identifier":"start_date_for_self_isolation_1","label":"Start date for self isolation","resource_type":"case-field","scope_key":null},"position":0,"type":"date"},"case-field::review_date_of_self_isolation":{"allowed_privilege_level_keys":[],"allowed_to_all_privilege_levels":true,"encrypted":false,"redactable":false,"key":{"identifier":"review_date_of_self_isolation","label":"Review date of self isolation","resource_type":"case-field","scope_key":null},"position":0,"type":"date"},"case-field::willing_to_volunteer":{"allowed_privilege_level_keys":[],"allowed_to_all_privilege_levels":true,"encrypted":false,"redactable":false,"key":{"identifier":"willing_to_volunteer","label":"Would you be willing to take on different activities","resource_type":"case-field","scope_key":null},"position":0,"type":"text"},"case-field::wiling_to_work_additional_hours_part_time":{"allowed_privilege_level_keys":[],"allowed_to_all_privilege_levels":true,"encrypted":false,"redactable":false,"key":{"identifier":"wiling_to_work_additional_hours_part_time","label":"Wiling to work additional hours (part time)","resource_type":"case-field","scope_key":null},"position":0,"type":"text"},"case-field::do_you_have_a_valid_licence_and_access_to_a_vehicle":{"allowed_privilege_level_keys":[],"allowed_to_all_privilege_levels":true,"encrypted":false,"redactable":false,"key":{"identifier":"do_you_have_a_valid_licence_and_access_to_a_vehicle","label":"Do you have a valid licence and access to a vehicle","resource_type":"case-field","scope_key":null},"position":0,"type":"text"},"case-field::are_you_capable_of_lifting_and_handling":{"allowed_privilege_level_keys":[],"allowed_to_all_privilege_levels":true,"encrypted":false,"redactable":false,"key":{"identifier":"are_you_capable_of_lifting_and_handling","label":"Are you capable of lifting and handling?","resource_type":"case-field","scope_key":null},"position":0,"type":"text"},"case-field::are_you_able_to_work_at_an_alternative_location":{"allowed_privilege_level_keys":[],"allowed_to_all_privilege_levels":true,"encrypted":false,"redactable":false,"key":{"identifier":"are_you_able_to_work_at_an_alternative_location","label":"Are you able to work at an alternative location","resource_type":"case-field","scope_key":null},"position":0,"type":"text"},"case-field::alternative_location_further_details":{"allowed_privilege_level_keys":[],"allowed_to_all_privilege_levels":true,"encrypted":false,"redactable":false,"key":{"identifier":"alternative_location_further_details","label":"Alternative location further details","resource_type":"case-field","scope_key":null},"position":0,"type":"textarea"},"case-field::barriers_for_undertaking_different_activities":{"allowed_privilege_level_keys":[],"allowed_to_all_privilege_levels":true,"encrypted":false,"redactable":false,"key":{"identifier":"barriers_for_undertaking_different_activities","label":"Barriers for undertaking different activities","resource_type":"case-field","scope_key":null},"position":null,"type":"textarea"},"case-field::any_experience_skills_and_knowledge_that_you_have_to_help_deliver_critical_services":{"allowed_privilege_level_keys":[],"allowed_to_all_privilege_levels":true,"encrypted":true,"redactable":true,"key":{"identifier":"any_experience_skills_and_knowledge_that_you_have_to_help_deliver_critical_services","label":"Any experience, skills and knowledge that you have to help deliver critical services","resource_type":"case-field","scope_key":null},"position":0,"type":"textarea"},"case-form::case-type::covid-19-cbc-staff::new-covid-19-cbc-staff":{"external_redirects":[],"fields":[{"key":{"identifier":"sys-full-name","label":"SYS Full name","resource_type":"case-form-field","scope_key":{"identifier":"new-covid-19-cbc-staff","label":"New COVID 19 CBC Staff","resource_type":"case-form","scope_key":{"identifier":"covid-19-cbc-staff","label":"COVID 19 CBC Staff","resource_type":"case-type","scope_key":null}}},"position":0,"requirement":{"key":{"identifier":"271137","label":"Expression 271137","resource_type":"expression","scope_key":null},"type":"false_expression"},"visibility":null,"field_key":{"identifier":"sys_full_name","label":"SYS Full name","resource_type":"case-field","scope_key":null},"type":"case_field"},{"key":{"identifier":"job-title","label":"Job title","resource_type":"case-form-field","scope_key":{"identifier":"new-covid-19-cbc-staff","label":"New COVID 19 CBC Staff","resource_type":"case-form","scope_key":{"identifier":"covid-19-cbc-staff","label":"COVID 19 CBC Staff","resource_type":"case-type","scope_key":null}}},"position":1,"requirement":{"key":{"identifier":"271138","label":"Expression 271138","resource_type":"expression","scope_key":null},"type":"false_expression"},"visibility":null,"field_key":{"identifier":"job_title_1","label":"Job title","resource_type":"case-field","scope_key":null},"type":"case_field"},{"key":{"identifier":"manager-name","label":"Manager name","resource_type":"case-form-field","scope_key":{"identifier":"new-covid-19-cbc-staff","label":"New COVID 19 CBC Staff","resource_type":"case-form","scope_key":{"identifier":"covid-19-cbc-staff","label":"COVID 19 CBC Staff","resource_type":"case-type","scope_key":null}}},"position":2,"requirement":{"key":{"identifier":"271139","label":"Expression 271139","resource_type":"expression","scope_key":null},"type":"false_expression"},"visibility":null,"field_key":{"identifier":"manager_name","label":"Manager name","resource_type":"case-field","scope_key":null},"type":"case_field"},{"key":{"identifier":"service","label":"Service","resource_type":"case-form-field","scope_key":{"identifier":"new-covid-19-cbc-staff","label":"New COVID 19 CBC Staff","resource_type":"case-form","scope_key":{"identifier":"covid-19-cbc-staff","label":"COVID 19 CBC Staff","resource_type":"case-type","scope_key":null}}},"position":3,"requirement":{"key":{"identifier":"271733","label":"Expression 271733","resource_type":"expression","scope_key":null},"type":"false_expression"},"visibility":null,"field_key":{"identifier":"service","label":"Service","resource_type":"case-field","scope_key":null},"type":"case_field"},{"key":{"identifier":"sys-team-name","label":"SYS Team name","resource_type":"case-form-field","scope_key":{"identifier":"new-covid-19-cbc-staff","label":"New COVID 19 CBC Staff","resource_type":"case-form","scope_key":{"identifier":"covid-19-cbc-staff","label":"COVID 19 CBC Staff","resource_type":"case-type","scope_key":null}}},"position":4,"requirement":{"key":{"identifier":"271140","label":"Expression 271140","resource_type":"expression","scope_key":null},"type":"false_expression"},"visibility":null,"field_key":{"identifier":"sys_team_name","label":"SYS Team name","resource_type":"case-field","scope_key":null},"type":"case_field"},{"key":{"identifier":"directorate","label":"Directorate","resource_type":"case-form-field","scope_key":{"identifier":"new-covid-19-cbc-staff","label":"New COVID 19 CBC Staff","resource_type":"case-form","scope_key":{"identifier":"covid-19-cbc-staff","label":"COVID 19 CBC Staff","resource_type":"case-type","scope_key":null}}},"position":5,"requirement":{"key":{"identifier":"271141","label":"Expression 271141","resource_type":"expression","scope_key":null},"type":"false_expression"},"visibility":null,"field_key":{"identifier":"directorate","label":"Directorate","resource_type":"case-field","scope_key":null},"type":"case_field"},{"key":{"identifier":"primary-work-location","label":"Primary work location","resource_type":"case-form-field","scope_key":{"identifier":"new-covid-19-cbc-staff","label":"New COVID 19 CBC Staff","resource_type":"case-form","scope_key":{"identifier":"covid-19-cbc-staff","label":"COVID 19 CBC Staff","resource_type":"case-type","scope_key":null}}},"position":6,"requirement":{"key":{"identifier":"271142","label":"Expression 271142","resource_type":"expression","scope_key":null},"type":"false_expression"},"visibility":null,"field_key":{"identifier":"primary_work_location","label":"Primary work location","resource_type":"case-field","scope_key":null},"type":"case_field"},{"key":{"identifier":"pregnant","label":"Pregnant","resource_type":"case-form-field","scope_key":{"identifier":"new-covid-19-cbc-staff","label":"New COVID 19 CBC Staff","resource_type":"case-form","scope_key":{"identifier":"covid-19-cbc-staff","label":"COVID 19 CBC Staff","resource_type":"case-type","scope_key":null}}},"position":7,"requirement":{"key":{"identifier":"271143","label":"Expression 271143","resource_type":"expression","scope_key":null},"type":"false_expression"},"visibility":null,"field_key":{"identifier":"pregnant","label":"Pregnant","resource_type":"case-field","scope_key":null},"type":"case_field"},{"key":{"identifier":"aged-70-or-over","label":"Aged 70 or over","resource_type":"case-form-field","scope_key":{"identifier":"new-covid-19-cbc-staff","label":"New COVID 19 CBC Staff","resource_type":"case-form","scope_key":{"identifier":"covid-19-cbc-staff","label":"COVID 19 CBC Staff","resource_type":"case-type","scope_key":null}}},"position":8,"requirement":{"key":{"identifier":"271144","label":"Expression 271144","resource_type":"expression","scope_key":null},"type":"false_expression"},"visibility":null,"field_key":{"identifier":"aged_70_or_over","label":"Aged 70 or over","resource_type":"case-field","scope_key":null},"type":"case_field"},{"key":{"identifier":"do-you-consent-to-share-this-information-with-hr","label":"Do you consent to share this information with HR?","resource_type":"case-form-field","scope_key":{"identifier":"new-covid-19-cbc-staff","label":"New COVID 19 CBC Staff","resource_type":"case-form","scope_key":{"identifier":"covid-19-cbc-staff","label":"COVID 19 CBC Staff","resource_type":"case-type","scope_key":null}}},"position":9,"requirement":{"key":{"identifier":"271731","label":"Expression 271731","resource_type":"expression","scope_key":null},"type":"false_expression"},"visibility":null,"field_key":{"identifier":"do_you_consent_to_share_this_information_with_hr","label":"Do you consent to share this information with HR?","resource_type":"case-field","scope_key":null},"type":"case_field"},{"key":{"identifier":"do-you-or-your-household-suffer-from-any-of-the-conditions-that-make-you-vulnerable","label":"Do you or your household suffer from any of the conditions that make you vulnerable?","resource_type":"case-form-field","scope_key":{"identifier":"new-covid-19-cbc-staff","label":"New COVID 19 CBC Staff","resource_type":"case-form","scope_key":{"identifier":"covid-19-cbc-staff","label":"COVID 19 CBC Staff","resource_type":"case-type","scope_key":null}}},"position":10,"requirement":{"key":{"identifier":"271732","label":"Expression 271732","resource_type":"expression","scope_key":null},"type":"false_expression"},"visibility":null,"field_key":{"identifier":"do_you_or_your_household_suffer_from_any_of_the_conditions_that_make_you_vulnerable","label":"Do you or your household suffer from any of the conditions that make you vulnerable?","resource_type":"case-field","scope_key":null},"type":"case_field"},{"key":{"identifier":"do-you-have-any-medical-conditions-that-make-you-extremely-vulnerable-to-coronavirus","label":"Do you have any medical conditions that make you extremely vulnerable to coronavirus","resource_type":"case-form-field","scope_key":{"identifier":"new-covid-19-cbc-staff","label":"New COVID 19 CBC Staff","resource_type":"case-form","scope_key":{"identifier":"covid-19-cbc-staff","label":"COVID 19 CBC Staff","resource_type":"case-type","scope_key":null}}},"position":11,"requirement":{"key":{"identifier":"271145","label":"Expression 271145","resource_type":"expression","scope_key":null},"type":"false_expression"},"visibility":null,"field_key":{"identifier":"do_you_have_any_medical_conditions_that_make_you_extremely_vulnerable_to_coronavirus","label":"Do you have any medical conditions that make you extremely vulnerable to coronavirus","resource_type":"case-field","scope_key":null},"type":"case_field"},{"key":{"identifier":"anyone-dependent-on-you-for-day-to-day-care-but-is-not-included-in-any-of-the-categories","label":"Anyone dependent on you for day to day care but is not included in any of the categories","resource_type":"case-form-field","scope_key":{"identifier":"new-covid-19-cbc-staff","label":"New COVID 19 CBC Staff","resource_type":"case-form","scope_key":{"identifier":"covid-19-cbc-staff","label":"COVID 19 CBC Staff","resource_type":"case-type","scope_key":null}}},"position":12,"requirement":{"key":{"identifier":"271160","label":"Expression 271160","resource_type":"expression","scope_key":null},"type":"false_expression"},"visibility":null,"field_key":{"identifier":"anyone_dependent_on_you_for_day_to_day_care_but_is_not_included_in_any_of_the_categories","label":"Anyone dependent on you for day to day care but is not included in any of the categories","resource_type":"case-field","scope_key":null},"type":"case_field"},{"key":{"identifier":"do-you-have-any-regular-caring-responsibilities-for-a-family-member-who-does-not-live-with-you","label":"Do you have any regular caring responsibilities for a family member who does not live with you?","resource_type":"case-form-field","scope_key":{"identifier":"new-covid-19-cbc-staff","label":"New COVID 19 CBC Staff","resource_type":"case-form","scope_key":{"identifier":"covid-19-cbc-staff","label":"COVID 19 CBC Staff","resource_type":"case-type","scope_key":null}}},"position":13,"requirement":{"key":{"identifier":"271161","label":"Expression 271161","resource_type":"expression","scope_key":null},"type":"false_expression"},"visibility":null,"field_key":{"identifier":"do_you_have_any_regular_caring_responsibilities_for_a_family_member_who_does_not_live_with_you","label":"Do you have any regular caring responsibilities for a family member who does not live with you?","resource_type":"case-field","scope_key":null},"type":"case_field"},{"key":{"identifier":"details-of-regular-care-for-a-non-household-family-member","label":"Details of regular care for a non household family member","resource_type":"case-form-field","scope_key":{"identifier":"new-covid-19-cbc-staff","label":"New COVID 19 CBC Staff","resource_type":"case-form","scope_key":{"identifier":"covid-19-cbc-staff","label":"COVID 19 CBC Staff","resource_type":"case-type","scope_key":null}}},"position":14,"requirement":{"key":{"identifier":"271162","label":"Expression 271162","resource_type":"expression","scope_key":null},"type":"false_expression"},"visibility":null,"field_key":{"identifier":"details_of_regular_care_for_a_non_household_family_member","label":"Details of regular care for a non household family member","resource_type":"case-field","scope_key":null},"type":"case_field"},{"key":{"identifier":"do-you-live-alone","label":"Do you live alone","resource_type":"case-form-field","scope_key":{"identifier":"new-covid-19-cbc-staff","label":"New COVID 19 CBC Staff","resource_type":"case-form","scope_key":{"identifier":"covid-19-cbc-staff","label":"COVID 19 CBC Staff","resource_type":"case-type","scope_key":null}}},"position":15,"requirement":{"key":{"identifier":"271163","label":"Expression 271163","resource_type":"expression","scope_key":null},"type":"false_expression"},"visibility":null,"field_key":{"identifier":"do_you_live_alone","label":"Do you live alone","resource_type":"case-field","scope_key":null},"type":"case_field"},{"key":{"identifier":"current-work-situation","label":"Current work situation:","resource_type":"case-form-field","scope_key":{"identifier":"new-covid-19-cbc-staff","label":"New COVID 19 CBC Staff","resource_type":"case-form","scope_key":{"identifier":"covid-19-cbc-staff","label":"COVID 19 CBC Staff","resource_type":"case-type","scope_key":null}}},"position":16,"requirement":{"key":{"identifier":"271164","label":"Expression 271164","resource_type":"expression","scope_key":null},"type":"false_expression"},"visibility":null,"field_key":{"identifier":"current_work_situation","label":"Current work situation:","resource_type":"case-field","scope_key":null},"type":"case_field"},{"key":{"identifier":"start-date-for-self-isolation-1","label":"Start date for self isolation","resource_type":"case-form-field","scope_key":{"identifier":"new-covid-19-cbc-staff","label":"New COVID 19 CBC Staff","resource_type":"case-form","scope_key":{"identifier":"covid-19-cbc-staff","label":"COVID 19 CBC Staff","resource_type":"case-type","scope_key":null}}},"position":17,"requirement":{"key":{"identifier":"271165","label":"Expression 271165","resource_type":"expression","scope_key":null},"type":"false_expression"},"visibility":null,"field_key":{"identifier":"start_date_for_self_isolation_1","label":"Start date for self isolation","resource_type":"case-field","scope_key":null},"type":"case_field"},{"key":{"identifier":"review-date-of-self-isolation","label":"Review date of self isolation","resource_type":"case-form-field","scope_key":{"identifier":"new-covid-19-cbc-staff","label":"New COVID 19 CBC Staff","resource_type":"case-form","scope_key":{"identifier":"covid-19-cbc-staff","label":"COVID 19 CBC Staff","resource_type":"case-type","scope_key":null}}},"position":18,"requirement":{"key":{"identifier":"271166","label":"Expression 271166","resource_type":"expression","scope_key":null},"type":"false_expression"},"visibility":null,"field_key":{"identifier":"review_date_of_self_isolation","label":"Review date of self isolation","resource_type":"case-field","scope_key":null},"type":"case_field"},{"key":{"identifier":"would-you-be-willing-to-take-on-different-activities","label":"Would you be willing to take on different activities","resource_type":"case-form-field","scope_key":{"identifier":"new-covid-19-cbc-staff","label":"New COVID 19 CBC Staff","resource_type":"case-form","scope_key":{"identifier":"covid-19-cbc-staff","label":"COVID 19 CBC Staff","resource_type":"case-type","scope_key":null}}},"position":19,"requirement":{"key":{"identifier":"271167","label":"Expression 271167","resource_type":"expression","scope_key":null},"type":"false_expression"},"visibility":null,"field_key":{"identifier":"willing_to_volunteer","label":"Would you be willing to take on different activities","resource_type":"case-field","scope_key":null},"type":"case_field"},{"key":{"identifier":"wiling-to-work-additional-hours-part-time","label":"Wiling to work additional hours (part time)","resource_type":"case-form-field","scope_key":{"identifier":"new-covid-19-cbc-staff","label":"New COVID 19 CBC Staff","resource_type":"case-form","scope_key":{"identifier":"covid-19-cbc-staff","label":"COVID 19 CBC Staff","resource_type":"case-type","scope_key":null}}},"position":20,"requirement":{"key":{"identifier":"271168","label":"Expression 271168","resource_type":"expression","scope_key":null},"type":"false_expression"},"visibility":null,"field_key":{"identifier":"wiling_to_work_additional_hours_part_time","label":"Wiling to work additional hours (part time)","resource_type":"case-field","scope_key":null},"type":"case_field"},{"key":{"identifier":"do-you-have-a-valid-licence-and-access-to-a-vehicle","label":"Do you have a valid licence and access to a vehicle","resource_type":"case-form-field","scope_key":{"identifier":"new-covid-19-cbc-staff","label":"New COVID 19 CBC Staff","resource_type":"case-form","scope_key":{"identifier":"covid-19-cbc-staff","label":"COVID 19 CBC Staff","resource_type":"case-type","scope_key":null}}},"position":21,"requirement":{"key":{"identifier":"271169","label":"Expression 271169","resource_type":"expression","scope_key":null},"type":"false_expression"},"visibility":null,"field_key":{"identifier":"do_you_have_a_valid_licence_and_access_to_a_vehicle","label":"Do you have a valid licence and access to a vehicle","resource_type":"case-field","scope_key":null},"type":"case_field"},{"key":{"identifier":"are-you-capable-of-lifting-and-handling","label":"Are you capable of lifting and handling?","resource_type":"case-form-field","scope_key":{"identifier":"new-covid-19-cbc-staff","label":"New COVID 19 CBC Staff","resource_type":"case-form","scope_key":{"identifier":"covid-19-cbc-staff","label":"COVID 19 CBC Staff","resource_type":"case-type","scope_key":null}}},"position":22,"requirement":{"key":{"identifier":"271173","label":"Expression 271173","resource_type":"expression","scope_key":null},"type":"false_expression"},"visibility":null,"field_key":{"identifier":"are_you_capable_of_lifting_and_handling","label":"Are you capable of lifting and handling?","resource_type":"case-field","scope_key":null},"type":"case_field"},{"key":{"identifier":"are-you-able-to-work-at-an-alternative-location","label":"Are you able to work at an alternative location","resource_type":"case-form-field","scope_key":{"identifier":"new-covid-19-cbc-staff","label":"New COVID 19 CBC Staff","resource_type":"case-form","scope_key":{"identifier":"covid-19-cbc-staff","label":"COVID 19 CBC Staff","resource_type":"case-type","scope_key":null}}},"position":23,"requirement":{"key":{"identifier":"271171","label":"Expression 271171","resource_type":"expression","scope_key":null},"type":"false_expression"},"visibility":null,"field_key":{"identifier":"are_you_able_to_work_at_an_alternative_location","label":"Are you able to work at an alternative location","resource_type":"case-field","scope_key":null},"type":"case_field"},{"key":{"identifier":"alternative-location-further-details","label":"Alternative location further details","resource_type":"case-form-field","scope_key":{"identifier":"new-covid-19-cbc-staff","label":"New COVID 19 CBC Staff","resource_type":"case-form","scope_key":{"identifier":"covid-19-cbc-staff","label":"COVID 19 CBC Staff","resource_type":"case-type","scope_key":null}}},"position":24,"requirement":{"key":{"identifier":"271170","label":"Expression 271170","resource_type":"expression","scope_key":null},"type":"false_expression"},"visibility":null,"field_key":{"identifier":"alternative_location_further_details","label":"Alternative location further details","resource_type":"case-field","scope_key":null},"type":"case_field"},{"key":{"identifier":"barriers-for-undertaking-different-activities","label":"Barriers for undertaking different activities","resource_type":"case-form-field","scope_key":{"identifier":"new-covid-19-cbc-staff","label":"New COVID 19 CBC Staff","resource_type":"case-form","scope_key":{"identifier":"covid-19-cbc-staff","label":"COVID 19 CBC Staff","resource_type":"case-type","scope_key":null}}},"position":25,"requirement":{"key":{"identifier":"271730","label":"Expression 271730","resource_type":"expression","scope_key":null},"type":"false_expression"},"visibility":null,"field_key":{"identifier":"barriers_for_undertaking_different_activities","label":"Barriers for undertaking different activities","resource_type":"case-field","scope_key":null},"type":"case_field"},{"key":{"identifier":"any-experience-skills-and-knowledge-that-you-have-to-help-deliver-critical-services","label":"Any experience, skills and knowledge that you have to help deliver critical services","resource_type":"case-form-field","scope_key":{"identifier":"new-covid-19-cbc-staff","label":"New COVID 19 CBC Staff","resource_type":"case-form","scope_key":{"identifier":"covid-19-cbc-staff","label":"COVID 19 CBC Staff","resource_type":"case-type","scope_key":null}}},"position":26,"requirement":{"key":{"identifier":"271172","label":"Expression 271172","resource_type":"expression","scope_key":null},"type":"false_expression"},"visibility":null,"field_key":{"identifier":"any_experience_skills_and_knowledge_that_you_have_to_help_deliver_critical_services","label":"Any experience, skills and knowledge that you have to help deliver critical services","resource_type":"case-field","scope_key":null},"type":"case_field"}],"key":{"identifier":"new-covid-19-cbc-staff","label":"New COVID 19 CBC Staff","resource_type":"case-form","scope_key":{"identifier":"covid-19-cbc-staff","label":"COVID 19 CBC Staff","resource_type":"case-type","scope_key":null}},"type":"create"},"case-form::case-type::covid-19-cbc-staff::edit-covid-19-cbc-staff":{"external_redirects":[],"fields":[{"key":{"identifier":"directorate","label":"Directorate","resource_type":"case-form-field","scope_key":{"identifier":"edit-covid-19-cbc-staff","label":"Edit COVID 19 CBC Staff","resource_type":"case-form","scope_key":{"identifier":"covid-19-cbc-staff","label":"COVID 19 CBC Staff","resource_type":"case-type","scope_key":null}}},"position":0,"requirement":{"key":{"identifier":"271710","label":"Expression 271710","resource_type":"expression","scope_key":null},"type":"false_expression"},"visibility":null,"field_key":{"identifier":"directorate","label":"Directorate","resource_type":"case-field","scope_key":null},"type":"case_field"},{"key":{"identifier":"job-title","label":"Job title","resource_type":"case-form-field","scope_key":{"identifier":"edit-covid-19-cbc-staff","label":"Edit COVID 19 CBC Staff","resource_type":"case-form","scope_key":{"identifier":"covid-19-cbc-staff","label":"COVID 19 CBC Staff","resource_type":"case-type","scope_key":null}}},"position":1,"requirement":{"key":{"identifier":"271711","label":"Expression 271711","resource_type":"expression","scope_key":null},"type":"false_expression"},"visibility":null,"field_key":{"identifier":"job_title_1","label":"Job title","resource_type":"case-field","scope_key":null},"type":"case_field"},{"key":{"identifier":"manager-name","label":"Manager name","resource_type":"case-form-field","scope_key":{"identifier":"edit-covid-19-cbc-staff","label":"Edit COVID 19 CBC Staff","resource_type":"case-form","scope_key":{"identifier":"covid-19-cbc-staff","label":"COVID 19 CBC Staff","resource_type":"case-type","scope_key":null}}},"position":2,"requirement":{"key":{"identifier":"271712","label":"Expression 271712","resource_type":"expression","scope_key":null},"type":"false_expression"},"visibility":null,"field_key":{"identifier":"manager_name","label":"Manager name","resource_type":"case-field","scope_key":null},"type":"case_field"},{"key":{"identifier":"primary-work-location","label":"Primary work location","resource_type":"case-form-field","scope_key":{"identifier":"edit-covid-19-cbc-staff","label":"Edit COVID 19 CBC Staff","resource_type":"case-form","scope_key":{"identifier":"covid-19-cbc-staff","label":"COVID 19 CBC Staff","resource_type":"case-type","scope_key":null}}},"position":3,"requirement":{"key":{"identifier":"271713","label":"Expression 271713","resource_type":"expression","scope_key":null},"type":"false_expression"},"visibility":null,"field_key":{"identifier":"primary_work_location","label":"Primary work location","resource_type":"case-field","scope_key":null},"type":"case_field"},{"key":{"identifier":"sys-full-name","label":"SYS Full name","resource_type":"case-form-field","scope_key":{"identifier":"edit-covid-19-cbc-staff","label":"Edit COVID 19 CBC Staff","resource_type":"case-form","scope_key":{"identifier":"covid-19-cbc-staff","label":"COVID 19 CBC Staff","resource_type":"case-type","scope_key":null}}},"position":4,"requirement":{"key":{"identifier":"271714","label":"Expression 271714","resource_type":"expression","scope_key":null},"type":"false_expression"},"visibility":null,"field_key":{"identifier":"sys_full_name","label":"SYS Full name","resource_type":"case-field","scope_key":null},"type":"case_field"}],"key":{"identifier":"edit-covid-19-cbc-staff","label":"Edit COVID 19 CBC Staff","resource_type":"case-form","scope_key":{"identifier":"covid-19-cbc-staff","label":"COVID 19 CBC Staff","resource_type":"case-type","scope_key":null}},"type":"edit"},"privilege-level::administrator":{"key":{"identifier":"administrator","label":"Integrations Admin","resource_type":"privilege-level","scope_key":null}},"privilege-level::system-administrator":{"key":{"identifier":"system-administrator","label":"System Administrator","resource_type":"privilege-level","scope_key":null}},"case-transition::case-type::covid-19-cbc-staff::auto-close":{"allowed_privilege_level_keys":{"privilege-level::administrator":{"identifier":"administrator","label":"Integrations Admin","resource_type":"privilege-level","scope_key":null},"privilege-level::system-administrator":{"identifier":"system-administrator","label":"System Administrator","resource_type":"privilege-level","scope_key":null}},"call_to_action":false,"call_to_action_style":"default","case_form_key":null,"from_status_keys":{"case-status::case-type::covid-19-cbc-staff::submitted":{"identifier":"submitted","label":"Submitted","resource_type":"case-status","scope_key":{"identifier":"covid-19-cbc-staff","label":"COVID 19 CBC Staff","resource_type":"case-type","scope_key":null}}},"key":{"identifier":"auto-close","label":"Auto close","resource_type":"case-transition","scope_key":{"identifier":"covid-19-cbc-staff","label":"COVID 19 CBC Staff","resource_type":"case-type","scope_key":null}},"to_status_key":{"identifier":"closed","label":"Closed","resource_type":"case-status","scope_key":{"identifier":"covid-19-cbc-staff","label":"COVID 19 CBC Staff","resource_type":"case-type","scope_key":null}}},"rule::case-type::covid-19-cbc-staff::30277":{"actions":[{"key":{"identifier":"107932","label":"Action 107932","resource_type":"action","scope_key":null},"position":1,"transition_key":{"identifier":"auto-close","label":"Auto close","resource_type":"case-transition","scope_key":{"identifier":"covid-19-cbc-staff","label":"COVID 19 CBC Staff","resource_type":"case-type","scope_key":null}},"type":"transition"}],"condition":null,"enabled":true,"key":{"identifier":"30277","label":"R1 Auto close after 5 minutes","resource_type":"rule","scope_key":{"identifier":"covid-19-cbc-staff","label":"COVID 19 CBC Staff","resource_type":"case-type","scope_key":null}},"triggers":[{"key":{"identifier":"78358","label":"Trigger 78358","resource_type":"trigger","scope_key":null},"minutes":5,"status_key":{"identifier":"submitted","label":"Submitted","resource_type":"case-status","scope_key":{"identifier":"covid-19-cbc-staff","label":"COVID 19 CBC Staff","resource_type":"case-type","scope_key":null}},"type":"time_in_status"}]}}}}