[{"pageID":"Start","questionName":null,"sectionName":null,"questionPageID":null,"questionSecondaryField":null,"logicID":null,"ruleNumber":1,"conditionNumber":1,"conditionOptionID":null,"conditionOperator":null,"conditionLiteralValue":null,"conditionLiteralValueTwo":null,"goToPageID":"1332","clauseType":null,"data":null},{"pageID":"1332","questionName":null,"sectionName":null,"questionPageID":null,"questionSecondaryField":null,"logicID":null,"ruleNumber":1,"conditionNumber":1,"conditionOptionID":null,"conditionOperator":null,"conditionLiteralValue":null,"conditionLiteralValueTwo":null,"goToPageID":"1333","clauseType":null,"data":null},{"pageID":"1333","questionName":null,"sectionName":null,"questionPageID":null,"questionSecondaryField":null,"logicID":null,"ruleNumber":1,"conditionNumber":1,"conditionOptionID":null,"conditionOperator":null,"conditionLiteralValue":null,"conditionLiteralValueTwo":null,"goToPageID":"1334","clauseType":null,"data":null},{"pageID":"1334","questionName":null,"sectionName":null,"questionPageID":null,"questionSecondaryField":null,"logicID":null,"ruleNumber":1,"conditionNumber":1,"conditionOptionID":null,"conditionOperator":null,"conditionLiteralValue":null,"conditionLiteralValueTwo":null,"goToPageID":"Confirmation","clauseType":null,"data":null},{"pageID":"1335","questionName":null,"sectionName":null,"questionPageID":null,"questionSecondaryField":null,"logicID":null,"ruleNumber":1,"conditionNumber":1,"conditionOptionID":null,"conditionOperator":null,"conditionLiteralValue":null,"conditionLiteralValueTwo":null,"goToPageID":"Confirmation","clauseType":null,"data":null},{"pageID":"1336","questionName":null,"sectionName":null,"questionPageID":null,"questionSecondaryField":null,"logicID":null,"ruleNumber":1,"conditionNumber":1,"conditionOptionID":null,"conditionOperator":null,"conditionLiteralValue":null,"conditionLiteralValueTwo":null,"goToPageID":"Confirmation","clauseType":null,"data":null},{"pageID":"1334","questionName":"qff72b9ac46cb767616ce445dfe0a17c7cd6f34c3","sectionName":"main","questionPageID":"1334","questionSecondaryField":null,"logicID":null,"ruleNumber":2,"conditionNumber":1,"conditionOptionID":null,"conditionOperator":"equal","conditionLiteralValue":"single","conditionLiteralValueTwo":null,"goToPageID":"1336","clauseType":null,"data":null},{"pageID":"1334","questionName":"qff72b9ac46cb767616ce445dfe0a17c7cd6f34c3","sectionName":"main","questionPageID":"1334","questionSecondaryField":null,"logicID":null,"ruleNumber":2,"conditionNumber":2,"conditionOptionID":null,"conditionOperator":"equal","conditionLiteralValue":"divorced","conditionLiteralValueTwo":null,"goToPageID":"1336","clauseType":null,"data":null},{"pageID":"1334","questionName":"qff72b9ac46cb767616ce445dfe0a17c7cd6f34c3","sectionName":"main","questionPageID":"1334","questionSecondaryField":null,"logicID":null,"ruleNumber":3,"conditionNumber":1,"conditionOptionID":null,"conditionOperator":"equal","conditionLiteralValue":"married","conditionLiteralValueTwo":null,"goToPageID":"1335","clauseType":null,"data":null},{"pageID":"1334","questionName":"qff72b9ac46cb767616ce445dfe0a17c7cd6f34c3","sectionName":"main","questionPageID":"1334","questionSecondaryField":null,"logicID":null,"ruleNumber":3,"conditionNumber":2,"conditionOptionID":null,"conditionOperator":"equal","conditionLiteralValue":"in_a_civil_partnership","conditionLiteralValueTwo":null,"goToPageID":"1335","clauseType":null,"data":null},{"pageID":"1334","questionName":"qff72b9ac46cb767616ce445dfe0a17c7cd6f34c3","sectionName":"main","questionPageID":"1334","questionSecondaryField":null,"logicID":null,"ruleNumber":3,"conditionNumber":3,"conditionOptionID":null,"conditionOperator":"equal","conditionLiteralValue":"widowed","conditionLiteralValueTwo":null,"goToPageID":"1335","clauseType":null,"data":null}]