[{"id":1332,"templateID":912,"metadata":{"id":2422,"title":"Preliminary checks","instructions":""}},{"id":1333,"templateID":913,"metadata":{"id":2423,"title":"Informants details","instructions":""}},{"id":1334,"templateID":914,"metadata":{"id":2424,"title":"Deceased details","instructions":""}},{"id":1335,"templateID":915,"metadata":{"id":2425,"title":"Spouse or civil partner's details","instructions":""}},{"id":1336,"templateID":916,"metadata":{"id":2426,"title":"Other information","instructions":""}}]