{"id":1039,"actionType":"be4e8e2d0338ca30919508fcd48c7041e43bf54a","title":"Thank you email","mappings":[{"field":"template-to","type":"static","value":"{{0}}","secondaryValue":null,"label":"To"},{"field":"template-from","type":"static","value":"noreply@jadu.co.uk","secondaryValue":null,"label":"From"},{"field":"template-subject","type":"static","value":"Thank you for submitting a private rented housing complaint","secondaryValue":null,"label":"Subject"},{"field":"format","type":"static","value":"HTML","secondaryValue":null,"label":"Format"},{"field":"content","type":"static","value":"\n<p><strong>Your case reference number is:\u00a0{{0}}<\/strong><\/p>\n\n<p>We do not operate a 24 hour response to private housing complaints.<\/p>\n\n<p>Our private sector housing officer will contact you on the next working day (Monday \u2013 Friday, 9am \u2013 5pm).<\/p>\n\n<p>When we contact you we will let you know that we have written to your landlord\/agent.<\/p>\n\n<p>We will also arrange to visit you (usually 24 hours after we have written to your landlord\/agent), to carry out a Housing Health and Safety Rating System (HHSRS) assessment.<\/p>\n\n<p>Visits usually take up to 2 hours and we need you or a representative to be available at your home whilst the assessment takes place.<\/p>\n\n<p>We cannot investigate your issue unless you agree to a visit\/assessment.<\/p>\n\n<p>If you have any questions, please email xxxxx@xxxx.gov.uk stating your case reference number.<\/p>\n\n<p>Kind regards,<\/p>\n\n<p>The private sector housing team<\/p>\n\n<p><strong>Concerned about gas smells <\/strong>If you smell gas, call the National Grid\u2019s gas emergency team immediately on <a href=\"tel:0800111999\">0800 111 999<\/a>.<\/p>\n","secondaryValue":null,"label":"Content"},{"field":"contentPlain","type":"static","value":"","secondaryValue":null,"label":"Content"},{"field":"attachmentType","type":"static","value":"None","secondaryValue":null,"label":"Attachment"},{"field":"attachmentFormat","type":"static","value":"PDF","secondaryValue":null,"label":"Attachment format"},{"field":"attachmentContent","type":"static","value":"","secondaryValue":null,"label":"Attachment content"},{"field":"attachmentPlain","type":"static","value":"","secondaryValue":null,"label":"Attachment content"}]}