{"id":1042,"actionType":"f7df023a569a4e4bef43b91839fa1c8fcfd0f3ab","title":"We are sorry but we cannot investigate your issue","mappings":[{"field":"content","type":"static","value":"<div>\n<p>If you have not been through the two-stage Bromford complaints procedure, we are not able to help you. You must first speak to your landlord direct to try to resolve the issue.<\/p>\n\n<p>Complaints to Bromford can be made online \u2013 <a href=\"https:\/\/www.bromford.co.uk\/customer-area\/give-us-your-feedback\/make-a-complaint\/\">make a complaint to Bromford<\/a> or you can call the Bromford team on 0330 1234 034.<\/p>\n<\/div>","secondaryValue":null,"label":"Content"}]}