{"import_id":null,"import_version":1,"imported_resource":{"alertEmailTemplate_keys":{"alert-email-template::case-type::book-a-stay-safe-partnership-course::booking-request-confirmation":{"identifier":"booking-request-confirmation","label":"Booking request received","resource_type":"alert-email-template","scope_key":{"identifier":"book-a-stay-safe-partnership-course","label":"Book a Stay Safe Partnership course","resource_type":"case-type","scope_key":null}}},"auto_assign_users":true,"case_limits":{"primary-address":null},"case_type_group_key":null,"default":false,"form_keys":{"case-form::case-type::book-a-stay-safe-partnership-course::new-book-a-stay-safe-partnership-course":{"identifier":"new-book-a-stay-safe-partnership-course","label":"New Book A Stay Safe Partnership Course","resource_type":"case-form","scope_key":{"identifier":"book-a-stay-safe-partnership-course","label":"Book a Stay Safe Partnership course","resource_type":"case-type","scope_key":null}},"case-form::case-type::book-a-stay-safe-partnership-course::edit-book-a-stay-safe-partnership-course":{"identifier":"edit-book-a-stay-safe-partnership-course","label":"Edit Book A Stay Safe Partnership Course","resource_type":"case-form","scope_key":{"identifier":"book-a-stay-safe-partnership-course","label":"Book a Stay Safe Partnership course","resource_type":"case-type","scope_key":null}}},"key":{"identifier":"book-a-stay-safe-partnership-course","label":"Book a Stay Safe Partnership course","resource_type":"case-type","scope_key":null},"personal_data_redaction":true,"reference_format":"BAS%'06d","rule_keys":{"rule::case-type::book-a-stay-safe-partnership-course::19219":{"identifier":"19219","label":"Send confirmation email","resource_type":"rule","scope_key":{"identifier":"book-a-stay-safe-partnership-course","label":"Book a Stay Safe Partnership course","resource_type":"case-type","scope_key":null}}},"status_keys":{"case-status::case-type::book-a-stay-safe-partnership-course::submitted":{"identifier":"submitted","label":"Submitted","resource_type":"case-status","scope_key":{"identifier":"book-a-stay-safe-partnership-course","label":"Book a Stay Safe Partnership course","resource_type":"case-type","scope_key":null}},"case-status::case-type::book-a-stay-safe-partnership-course::closed":{"identifier":"closed","label":"Closed","resource_type":"case-status","scope_key":{"identifier":"book-a-stay-safe-partnership-course","label":"Book a Stay Safe Partnership course","resource_type":"case-type","scope_key":null}}},"transition_keys":{"case-transition::case-type::book-a-stay-safe-partnership-course::close":{"identifier":"close","label":"Close","resource_type":"case-transition","scope_key":{"identifier":"book-a-stay-safe-partnership-course","label":"Book a Stay Safe Partnership course","resource_type":"case-type","scope_key":null}}}},"mappings":{"items":[]},"resources":{"items":{"case-status::case-type::book-a-stay-safe-partnership-course::submitted":{"key":{"identifier":"submitted","label":"Submitted","resource_type":"case-status","scope_key":{"identifier":"book-a-stay-safe-partnership-course","label":"Book a Stay Safe Partnership course","resource_type":"case-type","scope_key":null}},"label_colour":"2670e7","label_font_colour":"ffffff","type":"initial"},"case-status::case-type::book-a-stay-safe-partnership-course::closed":{"key":{"identifier":"closed","label":"Closed","resource_type":"case-status","scope_key":{"identifier":"book-a-stay-safe-partnership-course","label":"Book a Stay Safe Partnership course","resource_type":"case-type","scope_key":null}},"label_colour":"38d790","label_font_colour":"05472a","type":"final"},"case-field::course_name":{"allowed_privilege_level_keys":[],"allowed_to_all_privilege_levels":true,"encrypted":false,"redactable":false,"key":{"identifier":"course_name","label":"Course Name","resource_type":"case-field","scope_key":null},"position":0,"type":"text"},"alert-email-template::case-type::book-a-stay-safe-partnership-course::booking-request-confirmation":{"date_definition_keys":[],"field_keys":{"case-field::course_name":{"identifier":"course_name","label":"Course Name","resource_type":"case-field","scope_key":null}},"html_body":"<p>Thank you&nbsp;for your request to the Stay Safe Partnership regarding the&nbsp;{{ case.values.course_name.value }} course. We or our partner agencies will endeavour to respond to you within five days.<\/p><p>Your reference number for this request is: {{case.reference}}.<\/p><p>Kind Regards,<\/p><p>The Stay Safe Partnership<\/p>","key":{"identifier":"booking-request-confirmation","label":"Booking request received","resource_type":"alert-email-template","scope_key":{"identifier":"book-a-stay-safe-partnership-course","label":"Book a Stay Safe Partnership course","resource_type":"case-type","scope_key":null}},"subject":"Booking request received"},"case-field::school_academy_name":{"allowed_privilege_level_keys":[],"allowed_to_all_privilege_levels":true,"encrypted":false,"redactable":false,"key":{"identifier":"school_academy_name","label":"School\/ Academy name","resource_type":"case-field","scope_key":null},"position":0,"type":"text"},"case-field::unverified_address":{"allowed_privilege_level_keys":[],"allowed_to_all_privilege_levels":true,"encrypted":false,"redactable":false,"key":{"identifier":"unverified_address","label":"Unverified address","resource_type":"case-field","scope_key":null},"position":null,"type":"textarea"},"case-field::name":{"allowed_privilege_level_keys":[],"allowed_to_all_privilege_levels":true,"encrypted":false,"redactable":false,"key":{"identifier":"name","label":"Name","resource_type":"case-field","scope_key":null},"position":0,"type":"text"},"case-field::email":{"allowed_privilege_level_keys":[],"allowed_to_all_privilege_levels":true,"encrypted":false,"redactable":false,"key":{"identifier":"email","label":"Email","resource_type":"case-field","scope_key":null},"position":10,"type":"email"},"case-field::telephone_number":{"allowed_privilege_level_keys":[],"allowed_to_all_privilege_levels":true,"encrypted":false,"redactable":false,"key":{"identifier":"telephone_number","label":"Telephone number","resource_type":"case-field","scope_key":null},"position":9,"type":"telephone"},"case-field::possible_dates":{"allowed_privilege_level_keys":[],"allowed_to_all_privilege_levels":true,"encrypted":false,"redactable":false,"key":{"identifier":"possible_dates","label":"Possible Dates","resource_type":"case-field","scope_key":null},"position":0,"type":"textarea"},"case-field::number_of_sessions":{"allowed_privilege_level_keys":[],"allowed_to_all_privilege_levels":true,"encrypted":false,"redactable":false,"key":{"identifier":"number_of_sessions","label":"Number of sessions","resource_type":"case-field","scope_key":null},"position":0,"type":"text"},"case-field::number_of_pupils":{"allowed_privilege_level_keys":[],"allowed_to_all_privilege_levels":true,"encrypted":false,"redactable":false,"key":{"identifier":"number_of_pupils","label":"Number of pupils","resource_type":"case-field","scope_key":null},"position":0,"type":"text"},"case-field::further_information":{"allowed_privilege_level_keys":[],"allowed_to_all_privilege_levels":true,"encrypted":false,"redactable":false,"key":{"identifier":"further_information","label":"Further information","resource_type":"case-field","scope_key":null},"position":0,"type":"textarea"},"choice::case-field::school_type_1::secondary":{"key":{"identifier":"secondary","label":"Secondary","resource_type":"choice","scope_key":{"identifier":"school_type_1","label":"School Type","resource_type":"case-field","scope_key":null}}},"choice::case-field::school_type_1::primary":{"key":{"identifier":"primary","label":"Primary","resource_type":"choice","scope_key":{"identifier":"school_type_1","label":"School Type","resource_type":"case-field","scope_key":null}}},"case-field::school_type_1":{"allowed_privilege_level_keys":[],"allowed_to_all_privilege_levels":true,"encrypted":false,"redactable":false,"key":{"identifier":"school_type_1","label":"School Type","resource_type":"case-field","scope_key":null},"position":0,"choice_keys":{"choice::case-field::school_type_1::secondary":{"identifier":"secondary","label":"Secondary","resource_type":"choice","scope_key":{"identifier":"school_type_1","label":"School Type","resource_type":"case-field","scope_key":null}},"choice::case-field::school_type_1::primary":{"identifier":"primary","label":"Primary","resource_type":"choice","scope_key":{"identifier":"school_type_1","label":"School Type","resource_type":"case-field","scope_key":null}}},"default_choice_keys":[],"expanded":true,"multiple":false,"type":"choice"},"case-form::case-type::book-a-stay-safe-partnership-course::new-book-a-stay-safe-partnership-course":{"external_redirects":[],"fields":[{"key":{"identifier":"school-academy-name","label":"School\/ Academy name","resource_type":"case-form-field","scope_key":{"identifier":"new-book-a-stay-safe-partnership-course","label":"New Book A Stay Safe Partnership Course","resource_type":"case-form","scope_key":{"identifier":"book-a-stay-safe-partnership-course","label":"Book a Stay Safe Partnership course","resource_type":"case-type","scope_key":null}}},"position":0,"requirement":{"key":{"identifier":"164842","label":"Expression 164842","resource_type":"expression","scope_key":null},"type":"false_expression"},"visibility":null,"field_key":{"identifier":"school_academy_name","label":"School\/ Academy name","resource_type":"case-field","scope_key":null},"type":"case_field"},{"key":{"identifier":"address","label":"Address","resource_type":"case-form-field","scope_key":{"identifier":"new-book-a-stay-safe-partnership-course","label":"New Book A Stay Safe Partnership Course","resource_type":"case-form","scope_key":{"identifier":"book-a-stay-safe-partnership-course","label":"Book a Stay Safe Partnership course","resource_type":"case-type","scope_key":null}}},"position":1,"requirement":{"key":{"identifier":"164843","label":"Expression 164843","resource_type":"expression","scope_key":null},"type":"false_expression"},"visibility":null,"address_type":"property","relationship_type":"primary-address","type":"case_address_relationship"},{"key":{"identifier":"unverified-address","label":"Unverified address","resource_type":"case-form-field","scope_key":{"identifier":"new-book-a-stay-safe-partnership-course","label":"New Book A Stay Safe Partnership Course","resource_type":"case-form","scope_key":{"identifier":"book-a-stay-safe-partnership-course","label":"Book a Stay Safe Partnership course","resource_type":"case-type","scope_key":null}}},"position":2,"requirement":{"key":{"identifier":"174993","label":"Expression 174993","resource_type":"expression","scope_key":null},"type":"false_expression"},"visibility":null,"field_key":{"identifier":"unverified_address","label":"Unverified address","resource_type":"case-field","scope_key":null},"type":"case_field"},{"key":{"identifier":"name","label":"Name","resource_type":"case-form-field","scope_key":{"identifier":"new-book-a-stay-safe-partnership-course","label":"New Book A Stay Safe Partnership Course","resource_type":"case-form","scope_key":{"identifier":"book-a-stay-safe-partnership-course","label":"Book a Stay Safe Partnership course","resource_type":"case-type","scope_key":null}}},"position":3,"requirement":{"key":{"identifier":"164844","label":"Expression 164844","resource_type":"expression","scope_key":null},"type":"false_expression"},"visibility":null,"field_key":{"identifier":"name","label":"Name","resource_type":"case-field","scope_key":null},"type":"case_field"},{"key":{"identifier":"email","label":"Email","resource_type":"case-form-field","scope_key":{"identifier":"new-book-a-stay-safe-partnership-course","label":"New Book A Stay Safe Partnership Course","resource_type":"case-form","scope_key":{"identifier":"book-a-stay-safe-partnership-course","label":"Book a Stay Safe Partnership course","resource_type":"case-type","scope_key":null}}},"position":4,"requirement":{"key":{"identifier":"164845","label":"Expression 164845","resource_type":"expression","scope_key":null},"type":"false_expression"},"visibility":null,"field_key":{"identifier":"email","label":"Email","resource_type":"case-field","scope_key":null},"type":"case_field"},{"key":{"identifier":"telephone-number","label":"Telephone Number","resource_type":"case-form-field","scope_key":{"identifier":"new-book-a-stay-safe-partnership-course","label":"New Book A Stay Safe Partnership Course","resource_type":"case-form","scope_key":{"identifier":"book-a-stay-safe-partnership-course","label":"Book a Stay Safe Partnership course","resource_type":"case-type","scope_key":null}}},"position":5,"requirement":{"key":{"identifier":"164846","label":"Expression 164846","resource_type":"expression","scope_key":null},"type":"false_expression"},"visibility":null,"field_key":{"identifier":"telephone_number","label":"Telephone number","resource_type":"case-field","scope_key":null},"type":"case_field"},{"key":{"identifier":"course-name","label":"Course Name","resource_type":"case-form-field","scope_key":{"identifier":"new-book-a-stay-safe-partnership-course","label":"New Book A Stay Safe Partnership Course","resource_type":"case-form","scope_key":{"identifier":"book-a-stay-safe-partnership-course","label":"Book a Stay Safe Partnership course","resource_type":"case-type","scope_key":null}}},"position":6,"requirement":{"key":{"identifier":"164847","label":"Expression 164847","resource_type":"expression","scope_key":null},"type":"false_expression"},"visibility":null,"field_key":{"identifier":"course_name","label":"Course Name","resource_type":"case-field","scope_key":null},"type":"case_field"},{"key":{"identifier":"possible-dates","label":"Possible Dates","resource_type":"case-form-field","scope_key":{"identifier":"new-book-a-stay-safe-partnership-course","label":"New Book A Stay Safe Partnership Course","resource_type":"case-form","scope_key":{"identifier":"book-a-stay-safe-partnership-course","label":"Book a Stay Safe Partnership course","resource_type":"case-type","scope_key":null}}},"position":7,"requirement":{"key":{"identifier":"164848","label":"Expression 164848","resource_type":"expression","scope_key":null},"type":"false_expression"},"visibility":null,"field_key":{"identifier":"possible_dates","label":"Possible Dates","resource_type":"case-field","scope_key":null},"type":"case_field"},{"key":{"identifier":"number-of-sessions","label":"Number of sessions","resource_type":"case-form-field","scope_key":{"identifier":"new-book-a-stay-safe-partnership-course","label":"New Book A Stay Safe Partnership Course","resource_type":"case-form","scope_key":{"identifier":"book-a-stay-safe-partnership-course","label":"Book a Stay Safe Partnership course","resource_type":"case-type","scope_key":null}}},"position":8,"requirement":{"key":{"identifier":"164849","label":"Expression 164849","resource_type":"expression","scope_key":null},"type":"false_expression"},"visibility":null,"field_key":{"identifier":"number_of_sessions","label":"Number of sessions","resource_type":"case-field","scope_key":null},"type":"case_field"},{"key":{"identifier":"number-of-pupils","label":"Number of pupils","resource_type":"case-form-field","scope_key":{"identifier":"new-book-a-stay-safe-partnership-course","label":"New Book A Stay Safe Partnership Course","resource_type":"case-form","scope_key":{"identifier":"book-a-stay-safe-partnership-course","label":"Book a Stay Safe Partnership course","resource_type":"case-type","scope_key":null}}},"position":9,"requirement":{"key":{"identifier":"164850","label":"Expression 164850","resource_type":"expression","scope_key":null},"type":"false_expression"},"visibility":null,"field_key":{"identifier":"number_of_pupils","label":"Number of pupils","resource_type":"case-field","scope_key":null},"type":"case_field"},{"key":{"identifier":"further-information","label":"Further information","resource_type":"case-form-field","scope_key":{"identifier":"new-book-a-stay-safe-partnership-course","label":"New Book A Stay Safe Partnership Course","resource_type":"case-form","scope_key":{"identifier":"book-a-stay-safe-partnership-course","label":"Book a Stay Safe Partnership course","resource_type":"case-type","scope_key":null}}},"position":10,"requirement":{"key":{"identifier":"164851","label":"Expression 164851","resource_type":"expression","scope_key":null},"type":"false_expression"},"visibility":null,"field_key":{"identifier":"further_information","label":"Further information","resource_type":"case-field","scope_key":null},"type":"case_field"},{"key":{"identifier":"school-type","label":"School Type","resource_type":"case-form-field","scope_key":{"identifier":"new-book-a-stay-safe-partnership-course","label":"New Book A Stay Safe Partnership Course","resource_type":"case-form","scope_key":{"identifier":"book-a-stay-safe-partnership-course","label":"Book a Stay Safe Partnership course","resource_type":"case-type","scope_key":null}}},"position":11,"requirement":{"key":{"identifier":"164852","label":"Expression 164852","resource_type":"expression","scope_key":null},"type":"false_expression"},"visibility":null,"field_key":{"identifier":"school_type_1","label":"School Type","resource_type":"case-field","scope_key":null},"type":"case_field"}],"key":{"identifier":"new-book-a-stay-safe-partnership-course","label":"New Book A Stay Safe Partnership Course","resource_type":"case-form","scope_key":{"identifier":"book-a-stay-safe-partnership-course","label":"Book a Stay Safe Partnership course","resource_type":"case-type","scope_key":null}},"type":"create"},"case-form::case-type::book-a-stay-safe-partnership-course::edit-book-a-stay-safe-partnership-course":{"external_redirects":[],"fields":[],"key":{"identifier":"edit-book-a-stay-safe-partnership-course","label":"Edit Book A Stay Safe Partnership Course","resource_type":"case-form","scope_key":{"identifier":"book-a-stay-safe-partnership-course","label":"Book a Stay Safe Partnership course","resource_type":"case-type","scope_key":null}},"type":"edit"},"privilege-level::administrator":{"key":{"identifier":"administrator","label":"Administrator","resource_type":"privilege-level","scope_key":null}},"privilege-level::advisor":{"key":{"identifier":"advisor","label":"Advisor","resource_type":"privilege-level","scope_key":null}},"privilege-level::staff-free-user":{"key":{"identifier":"staff-free-user","label":"Staff - free user","resource_type":"privilege-level","scope_key":null}},"privilege-level::system-administrator":{"key":{"identifier":"system-administrator","label":"System Administrator","resource_type":"privilege-level","scope_key":null}},"case-transition::case-type::book-a-stay-safe-partnership-course::close":{"allowed_privilege_level_keys":{"privilege-level::administrator":{"identifier":"administrator","label":"Administrator","resource_type":"privilege-level","scope_key":null},"privilege-level::advisor":{"identifier":"advisor","label":"Advisor","resource_type":"privilege-level","scope_key":null},"privilege-level::staff-free-user":{"identifier":"staff-free-user","label":"Staff - free user","resource_type":"privilege-level","scope_key":null},"privilege-level::system-administrator":{"identifier":"system-administrator","label":"System Administrator","resource_type":"privilege-level","scope_key":null}},"call_to_action":true,"call_to_action_style":"success","case_form_key":null,"from_status_keys":{"case-status::case-type::book-a-stay-safe-partnership-course::submitted":{"identifier":"submitted","label":"Submitted","resource_type":"case-status","scope_key":{"identifier":"book-a-stay-safe-partnership-course","label":"Book a Stay Safe Partnership course","resource_type":"case-type","scope_key":null}}},"key":{"identifier":"close","label":"Close","resource_type":"case-transition","scope_key":{"identifier":"book-a-stay-safe-partnership-course","label":"Book a Stay Safe Partnership course","resource_type":"case-type","scope_key":null}},"to_status_key":{"identifier":"closed","label":"Closed","resource_type":"case-status","scope_key":{"identifier":"book-a-stay-safe-partnership-course","label":"Book a Stay Safe Partnership course","resource_type":"case-type","scope_key":null}}},"rule::case-type::book-a-stay-safe-partnership-course::19219":{"actions":[{"key":{"identifier":"74787","label":"Action 74787","resource_type":"action","scope_key":null},"position":1,"email_template_key":{"identifier":"booking-request-confirmation","label":"Booking request received","resource_type":"alert-email-template","scope_key":{"identifier":"book-a-stay-safe-partnership-course","label":"Book a Stay Safe Partnership course","resource_type":"case-type","scope_key":null}},"recipient":{"key":{"identifier":"37487","label":"Recipient 37487","resource_type":"alert-recipient","scope_key":null},"email_field_key":{"identifier":"email","label":"Email","resource_type":"case-field","scope_key":null},"type":"email_field"},"type":"alert"}],"condition":null,"enabled":true,"key":{"identifier":"19219","label":"Send confirmation email","resource_type":"rule","scope_key":{"identifier":"book-a-stay-safe-partnership-course","label":"Book a Stay Safe Partnership course","resource_type":"case-type","scope_key":null}},"triggers":[{"key":{"identifier":"53788","label":"Trigger 53788","resource_type":"trigger","scope_key":null},"event_name":"case.created","type":"event"}]}}}}