{"form.json":"f4fcc37f1e93e15e5f0e0bb046c3ba21658e5db9","page-templates\/Customer_details_-_Street_Scene.json":"9ada9cd625bb084c531cc10c1d8f3242fd836c31","page-templates\/Fouling_details_(510).json":"f808c9cda1d73c132bce142ba2c19e849bb4ec4c","page-templates\/Service_location_-_Street_Scene.json":"fb505be4509a9381ea56040bdac13f04f9a5a831","structure\/pages.json":"cbc33bcb367d7c15476483b8a4f82730a42bbdcd","structure\/branching.json":"174d203d02ec8cbadd1e01dea54082c7e192b3f8","actions\/rules\/Form_submitted.json":"e6d405ecca7675acf87a5743f83739617fb68f66","actions\/templates\/Thank_you_for_reporting_a_dog_fouling_in_our_community_.json":"ba8826c2acf0ea9eb1b2f44a3d3d895c907d1c93","misc\/pdfs.json":"97d170e1550eee4afc0af065b78cda302a97674c","misc\/prefills.json":"1c74649edd30eedebd254aeceadc402e83d74782","misc\/placeholders.json":"d34c16c9c93e502169c4481501969a3b09c72bcb","misc\/logic_definitions.json":"97d170e1550eee4afc0af065b78cda302a97674c","misc\/logics\/Email.json":"a15c868f922d0752ba3627d7328243f1e7d58326","misc\/logics\/Phone.json":"cfe4e7182a4ed43488f75a5aa77a8fbe9a6e08f1","misc\/ic_inputs.json":"97d170e1550eee4afc0af065b78cda302a97674c","misc\/data-retention.json":"fa8b819d756eec4a4f185f5465ef79b349ea9ce4"}