{"title":"Report dog fouling\/request enforcement","instructions":"\n<p><strong>Key facts:<\/strong><\/p>\n\n<p>We take a hard line in relation to dog fouling and believe people should clear up after their dog. Where possible we will take enforcement action and fine people who fail to clear up after their dog(s) on district council owned land or adopted highways.<\/p>\n\n<p>Depending on the severity of the issue you report, we will either send out a crew to address it as soon as possible, or address it when our team is\u00a0next in the area, which is normally within\u00a07 days.<\/p>\n\n<p>You can also use this form to ask us to carry out enforcement action - for example if it is a repeated issue.<\/p>\n\n<p><strong>As part of this form, we will ask you for your email address. This is so we can keep you up to date on what we will do to resolve\/address your issue.\u00a0<\/strong><\/p>\n\n<p>Please fill in this form to report dog fouling on district council owned land or adopted highways. If the dog fouling is on private land, please contact the landowner.<\/p>\n","progressBar":"0","allowUnregistered":"1","resumeAtStart":"1","reCaptcha":"0","internalOnly":0,"metadata":{"id":"372","itemID":"510","creator":"Yelena Tomina","contributor":"","publisher":"Lichfield District Council","rights":"\u00a9 Copyright 2005 (updated 2018) Lichfield District Council","source":"","status":"V1.0 Public Consumption","coverage":"Alrewas, Armitage, Burntwood (town), Chorley, Clifton Campville Colton, Curborough, Drayton Bassett, Edingale, Elford, Elmhurst, Farewell, Fazeley, Fisherwick, Fradley, Hammerwich, Hamstall Ridware, Handsacre, Harlaston, Hints, Hopwas, Kings Bromley, Lichfield (city), Longdon, Mavesyn Ridware, Packington, Shenstone, Streethay, Swinfen, Thorpe Constantine, Wall, Weeford, Whittington, Wigginton, Lichfield District","created":1583712000,"modified":1583712000,"valid":null,"expired":null,"format":"text\/html","language":"en","subject":"Report dog fouling","description":"Report dog fouling"},"categories":[{"id":"3562","categoryType":"Navigation","itemID":510,"categoryID":"200128"}]}