{"id":353,"isFormSpecific":false,"version":{"metadata":{"id":929,"title":"Bin to be emptied","instructions":""},"sections":[{"name":"main","title":"main","showTitle":null,"hideInitially":null,"triggerQuestionName":null,"triggerQuestionSecondaryField":null,"triggerQuestionSection":null,"triggerOperator":null,"triggerAnswerValue":null,"isRepeatableQuestion":null,"repeatableQuestionSettings":[],"structure":"[{\"type\":\"question\",\"name\":\"qcc65cd529e4b18ba5d25599d3665284d3144d103\"},{\"type\":\"question\",\"name\":\"qfe5adfae42ea6cf467f0a382741a2e075450b3b7\"}]","questions":[{"name":"qcc65cd529e4b18ba5d25599d3665284d3144d103","text":"Property Address","guid":"7d7527893d7f786c9073e6a651a9c26181d9a661","settings":[{"name":"required","value":"true"}]},{"name":"qfe5adfae42ea6cf467f0a382741a2e075450b3b7","text":"Please select the bin:","guid":"Jadu\\XFormsPro\\Bundle\\StandardFormComponentBundle\\Component\\Checkboxes\\CheckboxesComponent","settings":[{"name":"required","value":"true"},{"name":"answers","value":"[{\"value\":\"general_rubbish\",\"text\":\"General Rubbish\",\"data\":\"\",\"internal\":false},{\"value\":\"recycling\",\"text\":\"Recycling\",\"data\":\"\",\"internal\":false},{\"value\":\"green_waste\",\"text\":\"Green Waste\",\"data\":\"\",\"internal\":false}]"}]}],"clauseType":null,"data":null}]}}