{"id":357,"isFormSpecific":false,"version":{"metadata":{"id":933,"title":"Bin request","instructions":""},"sections":[{"name":"main","title":"main","showTitle":null,"hideInitially":null,"triggerQuestionName":null,"triggerQuestionSecondaryField":null,"triggerQuestionSection":null,"triggerOperator":null,"triggerAnswerValue":null,"isRepeatableQuestion":null,"repeatableQuestionSettings":[],"structure":"[{\"type\":\"question\",\"name\":\"qcc65cd529e4b18ba5d25599d3665284d3144d103\"},{\"type\":\"question\",\"name\":\"qfe5adfae42ea6cf467f0a382741a2e075450b3b7\"},{\"type\":\"question\",\"name\":\"q24c8d89818423fe89488a1a13679dd7d6da7292f\"}]","questions":[{"name":"qcc65cd529e4b18ba5d25599d3665284d3144d103","text":"Property Address","guid":"7d7527893d7f786c9073e6a651a9c26181d9a661","settings":[{"name":"required","value":"true"}]},{"name":"qfe5adfae42ea6cf467f0a382741a2e075450b3b7","text":"What type of service do you require?","guid":"35af7c223e8fbb8346e66f3402cd1509c3b7fa71","settings":[{"name":"required","value":"true"},{"name":"answers","value":"[{\"value\":\"general_rubbish\",\"text\":\"General Rubbish\",\"data\":\"\",\"internal\":false},{\"value\":\"recycling\",\"text\":\"Recycling\",\"data\":\"\",\"internal\":false},{\"value\":\"green_waste\",\"text\":\"Green Waste\",\"data\":\"\",\"internal\":false}]"}]},{"name":"q24c8d89818423fe89488a1a13679dd7d6da7292f","text":"Occupancy Permit Number","guid":"7d7527893d7f786c9073e6a651a9c26181d9a661","settings":[{"name":"required","value":"true"},{"name":"help","value":"Only applies to new dwellings"}]}],"clauseType":null,"data":null}]}}