{"id":387,"isFormSpecific":true,"version":{"metadata":{"id":1039,"title":"Bin Request Details","instructions":""},"sections":[{"name":"main","title":"main","showTitle":null,"hideInitially":null,"triggerQuestionName":null,"triggerQuestionSecondaryField":null,"triggerQuestionSection":null,"triggerOperator":null,"triggerAnswerValue":null,"isRepeatableQuestion":null,"repeatableQuestionSettings":[],"structure":"[{\"type\":\"question\",\"name\":\"q1283e26b86b55971d91588c3a078a552d7f38569\"}]","questions":[{"name":"q1283e26b86b55971d91588c3a078a552d7f38569","text":"Would you like to:","guid":"Jadu\\XFormsPro\\Bundle\\StandardFormComponentBundle\\Component\\Checkboxes\\CheckboxesComponent","settings":[{"name":"required","value":"true"},{"name":"answers","value":"[{\"value\":\"report_a_missed_bin_collection\",\"text\":\"Report a missed bin collection\",\"data\":\"\",\"internal\":false},{\"value\":\"replace_a_damagedstolen_bin\",\"text\":\"Replace a damaged\/stolen bin\",\"data\":\"\",\"internal\":false},{\"value\":\"request_a_new_garbage_service\",\"text\":\"Request a new garbage service\",\"data\":\"\",\"internal\":false}]"}]}],"clauseType":null,"data":null}]}}