{"clauseStructure":[[{"clauseType":"Jadu\\XFormsPro\\Form\\Rules\\Clauses\\PageClauseType","data":"{\"page\":\"1255\",\"action\":\"not-visited\"}"},{"clauseType":"Jadu\\XFormsPro\\Form\\Rules\\Clauses\\PageClauseType","data":"{\"page\":\"1248\",\"action\":\"not-visited\"}"}]],"actions":[{"id":1749,"actionType":"Jadu\\XFormsPro\\Form\\Rules\\Actions\\CompletePage\\CompletePageActionType","template":1065,"inputs":[]},{"id":1750,"actionType":"Jadu\\XFormsPro\\Form\\Rules\\Actions\\Email\\EmailActionType","template":1064,"inputs":[]}],"title":"Form submitted","runTime":"on-submit","enabled":true}