{"form.json":"7d8cd085696fab89920dd39b749856306ba93eb7","page-templates\/Your_details.json":"62cfb8c71d89eff6d147948226ad7ad4c80fecf1","page-templates\/Vehicle_details.json":"99d7e890d7f48b0e34e357633866489b53fc11c9","page-templates\/Mechanical_Fitness_Test_Certificate.json":"ebc173f9f021c9a0f4ed483d654e0df9b87ad8a6","page-templates\/Proprietorship.json":"a83e91041b8a176c8678b107544a8524179eacc8","page-templates\/Declaration.json":"b572fe19aaad3c42c3289cc117b9540c2152206f","page-templates\/Manually_enter_address_for_proprietor_1.json":"da18a82d2173dcc537eb7a2e1198226f38736c59","structure\/pages.json":"5ae418dd999df7761024ec01275f08e1483f6327","structure\/branching.json":"4f85b4dc66b18cc328542b8b8e5ce64911858505","misc\/pdfs.json":"97d170e1550eee4afc0af065b78cda302a97674c","misc\/prefills.json":"97d170e1550eee4afc0af065b78cda302a97674c","misc\/placeholders.json":"97d170e1550eee4afc0af065b78cda302a97674c","misc\/logic_definitions.json":"97d170e1550eee4afc0af065b78cda302a97674c","misc\/logics\/Row_1_return.json":"29d5d2eb860292012c6d311c7b3fd04c3a23424a","misc\/logics\/Row_1_first_substring.json":"14b721c8dbcbbdacbb61dbecf89a43de2aeedede","misc\/logics\/Row_1_final_substring.json":"aa0705b9e33c487667f960fed843df1a17422a88","misc\/logics\/Row_2_return.json":"71277b0eec223a749d0107826182a3fcec8104ac","misc\/logics\/Row_2_first_substring.json":"5bf473b6fb182d0afd7ceff1d321e26b8721db5a","misc\/logics\/Row_2_final_substring.json":"c162a7dc680c7c01268e2aa132f6f63093c445aa","misc\/logics\/Row_3_return.json":"2578509b04495e077abe8c290098a23f6417cc5c","misc\/logics\/Row_3_first_substring.json":"a187021a33e1cce42303b26917b0579fb6d4672c","misc\/logics\/Row_3_final_substring.json":"853793f624c551e260c6499fc221f73b4cd06151","misc\/ic_inputs.json":"97d170e1550eee4afc0af065b78cda302a97674c","misc\/data-retention.json":"fa8b819d756eec4a4f185f5465ef79b349ea9ce4"}