{"title":"Apply for a new private hire or hackney carriage vehicle licence","instructions":"\n<p>Use this form to\u00a0apply for a new\u00a0vehicle licence. On the initial application your vehicle must be less than five years old.<\/p>\n\n<p>To renew your vehicle licence before it\u00a0expires,\u00a0please complete a renewal form.<\/p>\n\n<p>To\u00a0apply and pay for\u00a0a new\u00a0vehicle licence you will need the following:<\/p>\n\n<ul>\n<li>current Mechanical Fitness Test Certificate (Please upload a scanned or photographed copy of\u00a0the certificate -\u00a0make sure you have it saved on your computer before proceeding)<\/li>\n\t<li>email address<\/li>\n\t<li>credit\u00a0or debit card (1.88% charge for use of credit card)<\/li>\n<\/ul>\n<p>\u00a0<\/p>\n","progressBar":"0","allowUnregistered":"1","resumeAtStart":"0","reCaptcha":"0","internalOnly":0,"metadata":{"id":"646","itemID":"784","creator":"Vineethaa Thyagarajan","contributor":"","publisher":"Continuum SandBox","rights":"Continuum SandBox","source":"","status":"V1.0 Public Consumption","coverage":"UK","created":1569193200,"modified":1569193200,"valid":null,"expired":null,"format":"text\/html","language":"en","subject":"","description":"Apply for a new private hire or hackney carriage vehicle licence"},"categories":[{"id":"4874","categoryType":"Navigation","itemID":784,"categoryID":"200107"}]}