{"id":267,"isFormSpecific":true,"version":{"metadata":{"id":1034,"title":"Property address","instructions":""},"sections":[{"name":"main","title":"main","showTitle":false,"hideInitially":false,"triggerQuestionName":null,"triggerQuestionSection":null,"triggerOperator":null,"triggerAnswerValue":null,"isRepeatableQuestion":false,"repeatableQuestionSettings":[],"structure":"[{\"type\":\"question\",\"name\":\"q987ba59c76809b81c02d0d70d25f0470dba9cd80\"},{\"type\":\"question\",\"name\":\"qa652b4d9c6da8a41e5abb915d21bc24662acebec\"},{\"type\":\"question\",\"name\":\"qd15a1126f0173d9c4390ef6a431bbe424066e0a0\"},{\"type\":\"question\",\"name\":\"q7a2d18555ee8188f954514d854e8df6ff288f31c\"},{\"type\":\"section\",\"name\":\"s07858d6d9911c5770b37835c2f20064a70746180\"},{\"type\":\"question\",\"name\":\"qaca4c4980b23b9c6d5c2ee21bf8ea84671ecf193\"},{\"type\":\"section\",\"name\":\"sa9274288f9700ba98e7ebedc57f26d4066710a30\"},{\"type\":\"question\",\"name\":\"q1b276b44bc941a89b1f8b18cfb01753396b316eb\"},{\"type\":\"section\",\"name\":\"s5079cef9573c1891a56962ece3acf54b23d694f6\"},{\"type\":\"question\",\"name\":\"q19cbe8d4031becf13e106e4ed4fa43c595db1011\"}]","questions":[{"name":"q987ba59c76809b81c02d0d70d25f0470dba9cd80","text":"Enter the postcode of the property","guid":"dafc7be1f6e3057017f8b0a86d50373130ca5da0","number":1,"settings":[{"name":"required","value":"true"},{"name":"type","value":"5c49c7f90a0e3d59b0a8cf70326808ac4ed67804"}]},{"name":"qa652b4d9c6da8a41e5abb915d21bc24662acebec","text":"Is the address to which this form relates anyone's main dwelling?","guid":"76adf3309e62cdac1a38c983ba08cc2ca8519dbd","number":2,"settings":[{"name":"required","value":"true"},{"name":"default","value":"yes"},{"name":"answers","value":"[{\"value\":\"yes\",\"text\":\"Yes\",\"data\":\"\",\"internal\":false},{\"value\":\"no\",\"text\":\"No\",\"data\":\"\",\"internal\":false}]"}]},{"name":"qd15a1126f0173d9c4390ef6a431bbe424066e0a0","text":"How many adults over the age of 18 have their main residence at this dwelling?","guid":"7d7527893d7f786c9073e6a651a9c26181d9a661","number":3,"settings":[{"name":"validation","value":"2"},{"name":"answer_length","value":"3"},{"name":"required","value":"true"}]},{"name":"q7a2d18555ee8188f954514d854e8df6ff288f31c","text":"Owner Occupiers","guid":"7d71b3ba5a3ceb554862ccadb50244fbdb3a65c0","number":4,"settings":[{"name":"value","value":"<h2>Owner Occupiers:<\/h2>"}]},{"name":"qaca4c4980b23b9c6d5c2ee21bf8ea84671ecf193","text":"Tenants","guid":"7d71b3ba5a3ceb554862ccadb50244fbdb3a65c0","number":5,"settings":[{"name":"value","value":"<h2>Tenants:<\/h2>"}]},{"name":"q1b276b44bc941a89b1f8b18cfb01753396b316eb","text":"Other residents","guid":"7d71b3ba5a3ceb554862ccadb50244fbdb3a65c0","number":6,"settings":[{"name":"value","value":"<p>&nbsp;<\/p>\n\n<p>&nbsp;<\/p>\n\n<hr \/>\n<p>Enter the name of any other adult over the age of 18, resident in the property not named above and their relationship to you ( for example, spouse, partner, family member or lodger).<\/p>"}]},{"name":"q19cbe8d4031becf13e106e4ed4fa43c595db1011","text":"Other people","guid":"7d71b3ba5a3ceb554862ccadb50244fbdb3a65c0","number":7,"settings":[{"name":"value","value":"<p>&nbsp;<\/p>\n\n<hr \/>\n<p>If any of the people named above have previously lived at another address inSwindon where they were responsible for the Council Tax charge, please enter their details below. This will enable use to ensure that our records are amended for that property if appropriate.<\/p>"}]}],"clauseType":null,"data":null},{"name":"s07858d6d9911c5770b37835c2f20064a70746180","title":"Enter the names of all the adult owners resident in the property","showTitle":false,"hideInitially":false,"triggerQuestionName":null,"triggerQuestionSection":null,"triggerOperator":null,"triggerAnswerValue":null,"isRepeatableQuestion":true,"repeatableQuestionSettings":[{"name":"max-answer-count","value":"4"},{"name":"button_label","value":"Add occupant"}],"structure":"[{\"type\":\"question\",\"name\":\"q4abac5548fa7c66481d424d275e33ad3d8de923b\"},{\"type\":\"question\",\"name\":\"qe913472877d3f4cc67da2389b1cfa2ec6ea393cc\"},{\"type\":\"question\",\"name\":\"q41886703be635188588fa0334641d8641360b425\"},{\"type\":\"question\",\"name\":\"qf5ec51508243d65ad516ce4c70ef7ae8f95ca6d2\"},{\"type\":\"question\",\"name\":\"q6cf2a440acbd8120eac429a0a36e0691476f7338\"}]","questions":[{"name":"q4abac5548fa7c66481d424d275e33ad3d8de923b","text":"Title","guid":"18eeb80469e722d4f3513ee0c5b183da219c6975","number":1,"settings":[{"name":"required","value":"true"},{"name":"answers","value":"[{\"value\":\"mr\",\"text\":\"Mr\",\"data\":\"\",\"internal\":false},{\"value\":\"mrs\",\"text\":\"Mrs\",\"data\":\"\",\"internal\":false},{\"value\":\"ms\",\"text\":\"Ms\",\"data\":\"\",\"internal\":false},{\"value\":\"miss\",\"text\":\"Miss\",\"data\":\"\",\"internal\":false},{\"value\":\"dr\",\"text\":\"Dr\",\"data\":\"\",\"internal\":false}]"},{"name":"details-column-title","value":"Title"},{"name":"empty_option","value":"Please select"}]},{"name":"qe913472877d3f4cc67da2389b1cfa2ec6ea393cc","text":"Surname","guid":"7d7527893d7f786c9073e6a651a9c26181d9a661","number":2,"settings":[{"name":"required","value":"true"},{"name":"details-column-title","value":"Surname"}]},{"name":"q41886703be635188588fa0334641d8641360b425","text":"First name(s)","guid":"7d7527893d7f786c9073e6a651a9c26181d9a661","number":3,"settings":[{"name":"required","value":"true"},{"name":"details-column-title","value":"First name"}]},{"name":"qf5ec51508243d65ad516ce4c70ef7ae8f95ca6d2","text":"Completion date","guid":"51128cb652b0e7d12d391781cffde80d4e26ca8b","number":4,"settings":[{"name":"required","value":"true"},{"name":"details-column-title","value":"Completion date"}]},{"name":"q6cf2a440acbd8120eac429a0a36e0691476f7338","text":"Date moved in","guid":"51128cb652b0e7d12d391781cffde80d4e26ca8b","number":5,"settings":[{"name":"required","value":"true"},{"name":"details-column-title","value":"Date moved in"}]}],"clauseType":null,"data":null},{"name":"sa9274288f9700ba98e7ebedc57f26d4066710a30","title":"If the owner does not reside on the premises, enter the name of any tenants resident in the property","showTitle":false,"hideInitially":false,"triggerQuestionName":null,"triggerQuestionSection":null,"triggerOperator":null,"triggerAnswerValue":null,"isRepeatableQuestion":true,"repeatableQuestionSettings":[{"name":"button_label","value":"Add tenant"}],"structure":"[{\"type\":\"question\",\"name\":\"q72971e6d150a45fd1b6d3ac60b423ea4ab48f5c5\"},{\"type\":\"question\",\"name\":\"q37c3ace70257eb5441358d42f25306873202095a\"},{\"type\":\"question\",\"name\":\"qf8154a4a7f2534fdac8ec20358f33f96afc5a6b3\"},{\"type\":\"question\",\"name\":\"q2dcc6872ac929dfa4d022ef7771548feddd1dd62\"},{\"type\":\"question\",\"name\":\"q65d0c2839302472794399cb820ab7e56549d7b0b\"}]","questions":[{"name":"q72971e6d150a45fd1b6d3ac60b423ea4ab48f5c5","text":"Title","guid":"18eeb80469e722d4f3513ee0c5b183da219c6975","number":1,"settings":[{"name":"answers","value":"[{\"value\":\"mr\",\"text\":\"Mr\",\"data\":\"\",\"internal\":false},{\"value\":\"mrs\",\"text\":\"Mrs\",\"data\":\"\",\"internal\":false},{\"value\":\"ms\",\"text\":\"Ms\",\"data\":\"\",\"internal\":false},{\"value\":\"miss\",\"text\":\"Miss\",\"data\":\"\",\"internal\":false},{\"value\":\"dr\",\"text\":\"Dr\",\"data\":\"\",\"internal\":false}]"},{"name":"details-column-title","value":"Title"},{"name":"empty_option","value":"Please select"}]},{"name":"q37c3ace70257eb5441358d42f25306873202095a","text":"Surname","guid":"7d7527893d7f786c9073e6a651a9c26181d9a661","number":2,"settings":[{"name":"required","value":"true"},{"name":"details-column-title","value":"Surname"}]},{"name":"qf8154a4a7f2534fdac8ec20358f33f96afc5a6b3","text":"First Name(s)","guid":"7d7527893d7f786c9073e6a651a9c26181d9a661","number":3,"settings":[{"name":"required","value":"true"},{"name":"details-column-title","value":"First name"}]},{"name":"q2dcc6872ac929dfa4d022ef7771548feddd1dd62","text":"Tenancy start date","guid":"51128cb652b0e7d12d391781cffde80d4e26ca8b","number":4,"settings":[{"name":"required","value":"true"},{"name":"details-column-title","value":"Tenancy start date"},{"name":"accept_only_past_dates","value":"true"},{"name":"accept_only_past_dates_relative_value","value":""},{"name":"validation_message","value":"Must be a date in the past"}]},{"name":"q65d0c2839302472794399cb820ab7e56549d7b0b","text":"Date Moved in","guid":"51128cb652b0e7d12d391781cffde80d4e26ca8b","number":5,"settings":[{"name":"required","value":"true"},{"name":"details-column-title","value":"Date moved in"}]}],"clauseType":null,"data":null},{"name":"s5079cef9573c1891a56962ece3acf54b23d694f6","title":"Other residents","showTitle":false,"hideInitially":false,"triggerQuestionName":null,"triggerQuestionSection":null,"triggerOperator":null,"triggerAnswerValue":null,"isRepeatableQuestion":true,"repeatableQuestionSettings":[{"name":"button_label","value":"Add another person"}],"structure":"[{\"type\":\"question\",\"name\":\"qddbbd40fd36f77f6eb1d5955f814153bbad4c6f7\"},{\"type\":\"question\",\"name\":\"q9e1c4688615bf4e40e1256da0232e1465b474c3a\"},{\"type\":\"question\",\"name\":\"q17fc7e6d3c5f33566b0b54285e77e6ecfd7a217a\"},{\"type\":\"question\",\"name\":\"q9c99be1db323243d07784b223ca97306afb891a2\"}]","questions":[{"name":"qddbbd40fd36f77f6eb1d5955f814153bbad4c6f7","text":"Title","guid":"18eeb80469e722d4f3513ee0c5b183da219c6975","number":1,"settings":[{"name":"required","value":"true"},{"name":"answers","value":"[{\"value\":\"mr\",\"text\":\"Mr\",\"data\":\"\",\"internal\":false},{\"value\":\"mrs\",\"text\":\"Mrs\",\"data\":\"\",\"internal\":false},{\"value\":\"ms\",\"text\":\"Ms\",\"data\":\"\",\"internal\":false},{\"value\":\"miss\",\"text\":\"Miss\",\"data\":\"\",\"internal\":false},{\"value\":\"dr\",\"text\":\"Dr\",\"data\":\"\",\"internal\":false}]"},{"name":"details-column-title","value":"Title"},{"name":"empty_option","value":"Please select"}]},{"name":"q9e1c4688615bf4e40e1256da0232e1465b474c3a","text":"Surname","guid":"7d7527893d7f786c9073e6a651a9c26181d9a661","number":2,"settings":[{"name":"required","value":"true"},{"name":"details-column-title","value":"Surname"}]},{"name":"q17fc7e6d3c5f33566b0b54285e77e6ecfd7a217a","text":"First name(s)","guid":"7d7527893d7f786c9073e6a651a9c26181d9a661","number":3,"settings":[{"name":"required","value":"true"},{"name":"details-column-title","value":"First name"}]},{"name":"q9c99be1db323243d07784b223ca97306afb891a2","text":"Relationship to you","guid":"7d7527893d7f786c9073e6a651a9c26181d9a661","number":4,"settings":[{"name":"required","value":"true"},{"name":"details-column-title","value":"Relationship to you"}]}],"clauseType":null,"data":null},{"name":"s2d38ddecfbee53ad5e4aa1e93defb678874901fe","title":"Previous Swindon address","showTitle":false,"hideInitially":false,"triggerQuestionName":null,"triggerQuestionSection":null,"triggerOperator":null,"triggerAnswerValue":null,"isRepeatableQuestion":true,"repeatableQuestionSettings":[{"name":"button_label","value":"Add person"}],"structure":"[]","questions":[],"clauseType":null,"data":null}]}}