{"form.json":"cd1eafa81c8dbbab1f2d6b95ef0c08eae2da7396","page-templates\/What_is_the_problem_.json":"ae0c8f5ef83301c345be3613a86b8987496b81dc","page-templates\/Manhole.json":"8d13872a2ea8550edf688602f350f42a8504e731","page-templates\/Contact_Number.json":"acb374a092bb412f42cd8b1e030e113a5018f5fc","page-templates\/Drainage_and_flooding.json":"b3a307c9f5d9d333b711875235975db00e42780b","page-templates\/Spillages___Debris___Obstructions.json":"c3cafea2b8e6c147ed779049be888114e8ad0a10","page-templates\/Potholes.json":"ec33013318e119a2028279e3cb727b3a4a2f129d","page-templates\/Road_markings.json":"0f1ab405a0598807cd775745c91b7ed672e9251e","page-templates\/Signs_and_Posts.json":"82204a4db3a5b46b47ade17347159cc4474d829c","page-templates\/Hedges_and_trees_overhanging.json":"a61c1252f01f28b8ebb486932802a5b05741e032","page-templates\/Highway_damage_and_defects_(excluding_potholes).json":"9631a92126e89eccc83b4adda308fadc5b956fcd","page-templates\/Street_furniture.json":"c9e5af069da432374b0322693bc9c8a22a19a6ce","page-templates\/Street_lighting.json":"2398019fb7b67a196b0afe053b5b1eed4e4ae821","page-templates\/A-boards_and_frames.json":"cd97b5dd4a3da9ca9bb9bfae149671efbdc86b34","page-templates\/Contact_information.json":"03bf018dbf340ec25f41c5cd4d832851e2fb81fa","page-templates\/Contact_County_Council.json":"f2863ef724f212237e22f0ab03fb15c0f1c9638d","structure\/pages.json":"69156cc835ea40dd780beda8f4f1b477c1379129","structure\/branching.json":"9415f4d67607e12d8d61a8a4286a2957c300e1b9","misc\/pdfs.json":"97d170e1550eee4afc0af065b78cda302a97674c","misc\/prefills.json":"97d170e1550eee4afc0af065b78cda302a97674c","misc\/placeholders.json":"97d170e1550eee4afc0af065b78cda302a97674c","misc\/logic_definitions.json":"97d170e1550eee4afc0af065b78cda302a97674c","misc\/ic_inputs.json":"97d170e1550eee4afc0af065b78cda302a97674c","misc\/data-retention.json":"fa8b819d756eec4a4f185f5465ef79b349ea9ce4"}