{"title":"Report a highway problem","instructions":"","progressBar":"0","allowUnregistered":"1","resumeAtStart":"0","reCaptcha":"0","internalOnly":0,"metadata":{"id":"213","itemID":"351","creator":"James Kocherhans","contributor":"","publisher":"Sandbox 04","rights":"Sandbox 04","source":"","status":"V1.0 Public Consumption","coverage":"UK","created":1571698800,"modified":1571698800,"valid":null,"expired":null,"format":"text\/html","language":"en","subject":"potholes, faulty street lights, obstructions, flooding, overhanging trees and hedges, road markings, manhole covers, spillages, A-boards, blocked drain","description":"report a problem on the highway eg potholes, faulty street lights, obstructions, flooding, overhanging trees and hedges"},"categories":[{"id":"2951","categoryType":"Navigation","itemID":351,"categoryID":"200129"}]}