{"id":1517,"name":"NHS letter routing","type":"conditional","internalOnly":false,"formula":"","decimalPlaces":null,"inputs":[],"conditional":{"id":211,"else":{"type":"staticvalueclause","value":{"staticText":"continue"}},"statements":[{"conditions":[{"label":"If","type":"ifcondition","clauseA":{"type":"questionresponseclause","value":{"question":"{\"value\":\"1351-main-q4c96a78c2d538913669b7bc5d4423a78f024857f\",\"type\":\"label\"}"}},"clauseB":{"type":"staticvalueclause","value":{"staticText":"yes"}},"operator":"is equal to","conditions":[]},{"label":"And","type":"andcondition","clauseA":{"type":"questionresponseclause","value":{"question":"{\"value\":\"1351-s2563142edf76f6aebaf22003704ad9f313e8dde7-qb17384885fc527190937d8006546fc2a4afe333a\",\"type\":\"answer\"}"}},"clauseB":{"type":"staticvalueclause","value":{"staticText":"prescription"}},"operator":"contains","conditions":[]}],"return":{"type":"staticvalueclause","value":{"staticText":"TAWS"}}}]}}