{"id":1519,"name":"Routing table TAWS","type":"conditional","internalOnly":false,"formula":"","decimalPlaces":null,"inputs":[],"conditional":{"id":213,"else":{"type":"staticvalueclause","value":{"staticText":"continue"}},"statements":[{"conditions":[{"label":"If","type":"ifcondition","clauseA":{"type":"questionresponseclause","value":{"question":"{\"value\":\"1352-s93e6b50e3f740efb58ab628be36eed938cb75d5d-q792bb35916b3bb0d47fe04187c432dee6b7dfe20\",\"type\":\"answer\"}"}},"clauseB":{"type":"staticvalueclause","value":{"staticText":"70"}},"operator":"contains","conditions":[{"label":"Or","type":"orcondition","clauseA":{"type":"questionresponseclause","value":{"question":"{\"value\":\"1352-s93e6b50e3f740efb58ab628be36eed938cb75d5d-q792bb35916b3bb0d47fe04187c432dee6b7dfe20\",\"type\":\"answer\"}"}},"clauseB":{"type":"staticvalueclause","value":{"staticText":"pregnant"}},"operator":"is equal to"},{"label":"Or","type":"orcondition","clauseA":{"type":"questionresponseclause","value":{"question":"{\"value\":\"1352-s93e6b50e3f740efb58ab628be36eed938cb75d5d-q792bb35916b3bb0d47fe04187c432dee6b7dfe20\",\"type\":\"answer\"}"}},"clauseB":{"type":"staticvalueclause","value":{"staticText":"Instructed"}},"operator":"contains"},{"label":"Or","type":"orcondition","clauseA":{"type":"questionresponseclause","value":{"question":"{\"value\":\"1352-s93e6b50e3f740efb58ab628be36eed938cb75d5d-q792bb35916b3bb0d47fe04187c432dee6b7dfe20\",\"type\":\"answer\"}"}},"clauseB":{"type":"staticvalueclause","value":{"staticText":"housing"}},"operator":"contains"},{"label":"Or","type":"orcondition","clauseA":{"type":"questionresponseclause","value":{"question":"{\"value\":\"1352-s93e6b50e3f740efb58ab628be36eed938cb75d5d-q792bb35916b3bb0d47fe04187c432dee6b7dfe20\",\"type\":\"answer\"}"}},"clauseB":{"type":"staticvalueclause","value":{"staticText":"self-isolating"}},"operator":"contains"},{"label":"Or","type":"orcondition","clauseA":{"type":"questionresponseclause","value":{"question":"{\"value\":\"1352-s93e6b50e3f740efb58ab628be36eed938cb75d5d-q792bb35916b3bb0d47fe04187c432dee6b7dfe20\",\"type\":\"answer\"}"}},"clauseB":{"type":"staticvalueclause","value":{"staticText":"adult"}},"operator":"contains"}]},{"label":"And","type":"andcondition","clauseA":{"type":"questionresponseclause","value":{"question":"{\"value\":\"1352-s618c5e694f71c0f50a06fde7403341363013ccb7-q906a1faf064132a32b6dcbf29627f1dae11e16dd\",\"type\":\"answer\"}"}},"clauseB":{"type":"staticvalueclause","value":{"staticText":"emergency"}},"operator":"contains","conditions":[]},{"label":"And","type":"andcondition","clauseA":{"type":"questionresponseclause","value":{"question":"{\"value\":\"1352-s4217370b297396ab9451c3530f092d26f347cab9-q81333b975ce8868bb0d6b87c16b2586954224a73\",\"type\":\"answer\"}"}},"clauseB":{"type":"staticvalueclause","value":{"staticText":"no"}},"operator":"is equal to","conditions":[]}],"return":{"type":"staticvalueclause","value":{"staticText":"TAWS"}}}]}}