{"id":1518,"name":"Routing for ASC","type":"conditional","internalOnly":false,"formula":"","decimalPlaces":null,"inputs":[],"conditional":{"id":212,"else":{"type":"staticvalueclause","value":{"staticText":"Support"}},"statements":[{"conditions":[{"label":"If","type":"ifcondition","clauseA":{"type":"questionresponseclause","value":{"question":"{\"value\":\"1352-s93e6b50e3f740efb58ab628be36eed938cb75d5d-q792bb35916b3bb0d47fe04187c432dee6b7dfe20\",\"type\":\"answer\"}"}},"clauseB":{"type":"staticvalueclause","value":{"staticText":"Already receiving support from adult social care"}},"operator":"is equal to","conditions":[]},{"label":"And","type":"andcondition","clauseA":{"type":"questionresponseclause","value":{"question":"{\"value\":\"1351-s2563142edf76f6aebaf22003704ad9f313e8dde7-qb17384885fc527190937d8006546fc2a4afe333a\",\"type\":\"answer\"}"}},"clauseB":{"type":"staticvalueclause","value":{"staticText":"emergency"}},"operator":"contains","conditions":[]},{"label":"And","type":"andcondition","clauseA":{"type":"questionresponseclause","value":{"question":"{\"value\":\"1352-s4217370b297396ab9451c3530f092d26f347cab9-q81333b975ce8868bb0d6b87c16b2586954224a73\",\"type\":\"answer\"}"}},"clauseB":{"type":"staticvalueclause","value":{"staticText":"no"}},"operator":"is equal to","conditions":[]}],"return":{"type":"staticvalueclause","value":{"staticText":"TAWS"}}}]}}