{"id":1520,"name":"Routing table Wellbeing","type":"conditional","internalOnly":false,"formula":"","decimalPlaces":null,"inputs":[],"conditional":{"id":214,"else":{"type":"staticvalueclause","value":{"staticText":"Continue"}},"statements":[{"conditions":[{"label":"If","type":"ifcondition","clauseA":{"type":"questionresponseclause","value":{"question":"{\"value\":\"1352-s93e6b50e3f740efb58ab628be36eed938cb75d5d-q792bb35916b3bb0d47fe04187c432dee6b7dfe20\",\"type\":\"label\"}"}},"clauseB":{"type":"staticvalueclause","value":{"staticText":"70"}},"operator":"contains","conditions":[{"label":"Or","type":"orcondition","clauseA":{"type":"questionresponseclause","value":{"question":"{\"value\":\"1352-s93e6b50e3f740efb58ab628be36eed938cb75d5d-q792bb35916b3bb0d47fe04187c432dee6b7dfe20\",\"type\":\"answer\"}"}},"clauseB":{"type":"staticvalueclause","value":{"staticText":"pregnant"}},"operator":"is equal to"},{"label":"Or","type":"orcondition","clauseA":{"type":"questionresponseclause","value":{"question":"{\"value\":\"1352-s93e6b50e3f740efb58ab628be36eed938cb75d5d-q792bb35916b3bb0d47fe04187c432dee6b7dfe20\",\"type\":\"answer\"}"}},"clauseB":{"type":"staticvalueclause","value":{"staticText":"instructed"}},"operator":"contains"},{"label":"Or","type":"orcondition","clauseA":{"type":"questionresponseclause","value":{"question":"{\"value\":\"1352-s93e6b50e3f740efb58ab628be36eed938cb75d5d-q792bb35916b3bb0d47fe04187c432dee6b7dfe20\",\"type\":\"answer\"}"}},"clauseB":{"type":"staticvalueclause","value":{"staticText":"self-isolating"}},"operator":"contains"},{"label":"Or","type":"orcondition","clauseA":{"type":"questionresponseclause","value":{"question":"{\"value\":\"1352-s93e6b50e3f740efb58ab628be36eed938cb75d5d-q792bb35916b3bb0d47fe04187c432dee6b7dfe20\",\"type\":\"answer\"}"}},"clauseB":{"type":"staticvalueclause","value":{"staticText":"housing"}},"operator":"contains"}]},{"label":"And","type":"andcondition","clauseA":{"type":"questionresponseclause","value":{"question":"{\"value\":\"1352-s618c5e694f71c0f50a06fde7403341363013ccb7-q906a1faf064132a32b6dcbf29627f1dae11e16dd\",\"type\":\"answer\"}"}},"clauseB":{"type":"staticvalueclause","value":{"staticText":"medical_prescription_collection"}},"operator":"contains","conditions":[{"label":"Or","type":"orcondition","clauseA":{"type":"questionresponseclause","value":{"question":"{\"value\":\"1352-s618c5e694f71c0f50a06fde7403341363013ccb7-q906a1faf064132a32b6dcbf29627f1dae11e16dd\",\"type\":\"answer\"}"}},"clauseB":{"type":"staticvalueclause","value":{"staticText":"social_contact"}},"operator":"is equal to"}]}],"return":{"type":"staticvalueclause","value":{"staticText":"Wellbeing"}}}]}}