{"id":3,"name":"Priority","type":"conditional","internalOnly":false,"formula":"","decimalPlaces":null,"inputs":[],"conditional":{"id":1,"else":{"type":"staticvalueclause","value":{"staticText":"manual"}},"statements":[{"conditions":[{"label":"If","type":"ifcondition","clauseA":{"type":"questionresponseclause","value":{"question":"{\"value\":\"18-main-q42dbecc2a9898e4ab237d29f001d1e96e1673651\",\"type\":\"answer\"}"}},"clauseB":{"type":"staticvalueclause","value":{"staticText":"domiciliary_care"}},"operator":"is equal to","conditions":[{"label":"Or","type":"orcondition","clauseA":{"type":"questionresponseclause","value":{"question":"{\"value\":\"18-main-q42dbecc2a9898e4ab237d29f001d1e96e1673651\",\"type\":\"answer\"}"}},"clauseB":{"type":"staticvalueclause","value":{"staticText":"personal_assistant"}},"operator":"is equal to"},{"label":"Or","type":"orcondition","clauseA":{"type":"questionresponseclause","value":{"question":"{\"value\":\"18-main-q42dbecc2a9898e4ab237d29f001d1e96e1673651\",\"type\":\"answer\"}"}},"clauseB":{"type":"staticvalueclause","value":{"staticText":"shared_lives"}},"operator":"is equal to"},{"label":"Or","type":"orcondition","clauseA":{"type":"questionresponseclause","value":{"question":"{\"value\":\"18-main-q42dbecc2a9898e4ab237d29f001d1e96e1673651\",\"type\":\"answer\"}"}},"clauseB":{"type":"staticvalueclause","value":{"staticText":"supported_living"}},"operator":"is equal to"}]}],"return":{"type":"staticvalueclause","value":{"staticText":"h1"}}},{"conditions":[{"label":"Else If","type":"elseifcondition","clauseA":{"type":"questionresponseclause","value":{"question":"{\"value\":\"18-main-q42dbecc2a9898e4ab237d29f001d1e96e1673651\",\"type\":\"answer\"}"}},"clauseB":{"type":"staticvalueclause","value":{"staticText":"funeral_director"}},"operator":"is equal to","conditions":[{"label":"Or","type":"orcondition","clauseA":{"type":"questionresponseclause","value":{"question":"{\"value\":\"18-main-q42dbecc2a9898e4ab237d29f001d1e96e1673651\",\"type\":\"answer\"}"}},"clauseB":{"type":"staticvalueclause","value":{"staticText":"other_housing_provider"}},"operator":"is equal to"}]}],"return":{"type":"staticvalueclause","value":{"staticText":"m"}}}]}}