{"id":9,"name":"Suggested pack size - surgical face mask, eye protectors","type":"conditional","internalOnly":false,"formula":"","decimalPlaces":null,"inputs":[],"conditional":{"id":7,"else":{"type":"staticvalueclause","value":{"staticText":"manual"}},"statements":[{"conditions":[{"label":"If","type":"ifcondition","clauseA":{"type":"questionresponseclause","value":{"question":"{\"value\":\"18-main-q42dbecc2a9898e4ab237d29f001d1e96e1673651\",\"type\":\"answer\"}"}},"clauseB":{"type":"staticvalueclause","value":{"staticText":"domiciliary_care"}},"operator":"is equal to","conditions":[]},{"label":"And","type":"andcondition","clauseA":{"type":"logicclause","value":{"logic":4}},"clauseB":{"type":"staticvalueclause","value":{"staticText":"S"}},"operator":"is equal to","conditions":[]}],"return":{"type":"staticvalueclause","value":{"staticText":"100"}}},{"conditions":[{"label":"Else If","type":"elseifcondition","clauseA":{"type":"questionresponseclause","value":{"question":"{\"value\":\"18-main-q42dbecc2a9898e4ab237d29f001d1e96e1673651\",\"type\":\"answer\"}"}},"clauseB":{"type":"staticvalueclause","value":{"staticText":"domiciliary_care"}},"operator":"is equal to","conditions":[]},{"label":"And","type":"andcondition","clauseA":{"type":"logicclause","value":{"logic":4}},"clauseB":{"type":"staticvalueclause","value":{"staticText":"M"}},"operator":"is equal to","conditions":[]}],"return":{"type":"staticvalueclause","value":{"staticText":"500"}}},{"conditions":[{"label":"Else If","type":"elseifcondition","clauseA":{"type":"questionresponseclause","value":{"question":"{\"value\":\"18-main-q42dbecc2a9898e4ab237d29f001d1e96e1673651\",\"type\":\"answer\"}"}},"clauseB":{"type":"staticvalueclause","value":{"staticText":"domiciliary_care"}},"operator":"is equal to","conditions":[]},{"label":"And","type":"andcondition","clauseA":{"type":"logicclause","value":{"logic":4}},"clauseB":{"type":"staticvalueclause","value":{"staticText":"L"}},"operator":"is equal to","conditions":[]}],"return":{"type":"staticvalueclause","value":{"staticText":"1000"}}},{"conditions":[{"label":"Else If","type":"elseifcondition","clauseA":{"type":"questionresponseclause","value":{"question":"{\"value\":\"18-main-q42dbecc2a9898e4ab237d29f001d1e96e1673651\",\"type\":\"answer\"}"}},"clauseB":{"type":"staticvalueclause","value":{"staticText":"domiciliary_care"}},"operator":"is equal to","conditions":[]},{"label":"And","type":"andcondition","clauseA":{"type":"logicclause","value":{"logic":4}},"clauseB":{"type":"staticvalueclause","value":{"staticText":"XL"}},"operator":"is equal to","conditions":[]}],"return":{"type":"staticvalueclause","value":{"staticText":"2000"}}},{"conditions":[{"label":"Else If","type":"elseifcondition","clauseA":{"type":"questionresponseclause","value":{"question":"{\"value\":\"18-main-q42dbecc2a9898e4ab237d29f001d1e96e1673651\",\"type\":\"answer\"}"}},"clauseB":{"type":"staticvalueclause","value":{"staticText":"domiciliary_care"}},"operator":"is not equal to","conditions":[]},{"label":"And","type":"andcondition","clauseA":{"type":"logicclause","value":{"logic":4}},"clauseB":{"type":"staticvalueclause","value":{"staticText":"S"}},"operator":"is equal to","conditions":[]}],"return":{"type":"staticvalueclause","value":{"staticText":"50"}}},{"conditions":[{"label":"Else If","type":"elseifcondition","clauseA":{"type":"questionresponseclause","value":{"question":"{\"value\":\"18-main-q42dbecc2a9898e4ab237d29f001d1e96e1673651\",\"type\":\"answer\"}"}},"clauseB":{"type":"staticvalueclause","value":{"staticText":"domiciliary_care"}},"operator":"is not equal to","conditions":[]},{"label":"And","type":"andcondition","clauseA":{"type":"logicclause","value":{"logic":4}},"clauseB":{"type":"staticvalueclause","value":{"staticText":"M"}},"operator":"is equal to","conditions":[]}],"return":{"type":"staticvalueclause","value":{"staticText":"100"}}},{"conditions":[{"label":"Else If","type":"elseifcondition","clauseA":{"type":"questionresponseclause","value":{"question":"{\"value\":\"18-main-q42dbecc2a9898e4ab237d29f001d1e96e1673651\",\"type\":\"answer\"}"}},"clauseB":{"type":"staticvalueclause","value":{"staticText":"domiciliary_care"}},"operator":"is not equal to","conditions":[]},{"label":"And","type":"andcondition","clauseA":{"type":"logicclause","value":{"logic":4}},"clauseB":{"type":"staticvalueclause","value":{"staticText":"L"}},"operator":"is equal to","conditions":[]}],"return":{"type":"staticvalueclause","value":{"staticText":"200"}}}]}}