{"form.json":"b1c29f6b877c8466d56954b1c973c57c0fb92118","page-templates\/Hate_Crime___Incident_Details.json":"7b65bfa045022fa5587d2c67ede4b1c6811be5f1","page-templates\/About_the_Offenders.json":"0bfbadab61b1e390880b195ff25b0d4e435b98a6","page-templates\/Victim's_Personal_Details.json":"677b0d15e6926a1ed5cd77ba6815b23c5c7135d9","page-templates\/Monitoring_Information_(Victim___Witness).json":"68c692a9114ca159611cdeda9623892c23a48792","page-templates\/Contact_and_Information_Sharing.json":"a591cc34cd1a949af27feba05514287d12dd671b","structure\/pages.json":"8a002b676d0abe2287bf59c6911f299175f04b2b","structure\/branching.json":"80883e49c0f4ebcabb994e13fb04a05343fc5282","actions\/rules\/Form_Submitted.json":"3f840b94bf86363d8285f1027ecd22cde71c4bb3","actions\/templates\/Internal_Notification.json":"9a51e368f1f6127ba961f932703a3176bfbaf2fb","actions\/templates\/Completion_Content.json":"41ba14e7c3052c7e17e8fc7b944b736f628d0c23","misc\/pdfs.json":"97d170e1550eee4afc0af065b78cda302a97674c","misc\/prefills.json":"97d170e1550eee4afc0af065b78cda302a97674c","misc\/placeholders.json":"4b1040b770f5dddcc6d41f701a1d3428196aca60","misc\/logic_definitions.json":"97d170e1550eee4afc0af065b78cda302a97674c","misc\/logics\/Motivation_Scores.json":"224e0cf43ef40cc33c2d382d3d59214698f5f3c0","misc\/logics\/Affected_Score.json":"b0ab82fdf3ca9fe64e5fe75d479c2874d64bfa31","misc\/logics\/Who_Score.json":"58bba4a8937ae479ad716f6816e1e7088349da58","misc\/logics\/Risk_Assessment_Score.json":"68ed958e0a484c59cff555d5740efd9b42fb09c2","misc\/ic_inputs.json":"97d170e1550eee4afc0af065b78cda302a97674c","misc\/data-retention.json":"fa8b819d756eec4a4f185f5465ef79b349ea9ce4"}