{"title":"Report a Hate Crime or Incident","instructions":"\n<p>A hate incident is any that is seen by the victim or another person as being motivated by prejudice or hatred towards a person because of their cultural, ethnic, nation or racial origin, religion, sexual orientation, gender or gender identity, age, disability.\u00a0<\/p>\n\n<p>We\u00a0take hate crime very seriously and will record and investigate this offence even if you do not want to give your details. However, you must know that the investigation and ability to prosecute the offender(s) is severely limited if we cannot contact you. You can specify how you\u00a0would prefer to be\u00a0contacted and if\u00a0this would cause you any difficulties. We will not pass on your details without your consent and would ask you to consider giving your details confidentially.\u00a0<\/p>\n\n<p>Please use this form to report this type of behaviour.<\/p>\n\n<p>Any information you provide\u00a0will be treated as confidential. Private details are protected by the Data Protection Act.<\/p>\n","progressBar":"0","allowUnregistered":"1","resumeAtStart":"0","reCaptcha":"0","internalOnly":0,"metadata":{"id":"144","itemID":"282","creator":"Paul Johnson","contributor":"","publisher":"Sandbox 04","rights":"Sandbox 04","source":"","status":"V1.0 Public Consumption","coverage":"UK","created":1568934000,"modified":1568934000,"valid":null,"expired":null,"format":"text\/html","language":"en","subject":"","description":"A hate incident is any that is seen by the victim or another person as being motivated by prejudice or hatred towards a person because of their cultural, ethnic, nation or racial origin, religion, sexual orientation, gender or gender identity, age, disability."},"categories":[{"id":"2848","categoryType":"Navigation","itemID":282,"categoryID":"200129"}]}