{"form.json":"9e8777929cce8e13aa0d585d649220a7499ef141","page-templates\/Corona_support_-_Introduction.json":"8ccb0beb9db594ad8579154751e521c45590f126","page-templates\/Corona_support_-_Person_who_needs_help.json":"e2ff25b28c4d62b825f56ceccc8d9a50d57a3246","page-templates\/Corona_support_-_What_help_do_they_need.json":"133557e249189b468b89ee08ca6a4b85db67c825","page-templates\/Corona_support_-_What_help_is_needed_.json":"af3fbc8ceea6b11a30bf752429fefa41a626aef6","page-templates\/Corona_support_-_Who_we_share_their_information_with.json":"b2a7fcb305643ced1c8903a4803c2a6b69877bab","page-templates\/Corona_support_-_Who_we_share_your_information_with.json":"e147b69c88c8e1d2a246a725686613f4f60d4fae","page-templates\/Corona_support_-_Your_details.json":"5fe021f5ef7ecb424e3ba408a8f7f1b35b160629","structure\/pages.json":"7305ee08c461cf876457bb33bd3413f3e118db3f","structure\/branching.json":"84b30af8b34938630793ca52b96560abf45f64bb","actions\/rules\/Create_case_and_send_service_email.json":"de3f43c36f5976c13d87ccc8c093c4a0b9c8a931","actions\/rules\/Send_email_-_myself.json":"d4036801e088fd9b68bcabf7768ee46f8b1444fa","actions\/rules\/Send_email_-_someone_else_(other_person_doesn't_know).json":"57804195f9d7faf32cbfc2cc118ab919a5ff9605","actions\/rules\/Send_email_-_someone_else_(other_person_knows).json":"79f1a04897261284a72c3d6c74df680fc09ece98","actions\/templates\/Create_CXM_case.json":"7d22fdf369b19126a65e70301c5d61dff4ca411b","actions\/templates\/New_coronavirus_support_request.json":"fedaccc33b98ff1a335f941a732e1a19005d130d","actions\/templates\/Submission_email_-_myself.json":"3026e275645562d33801357ac5392a0550453a14","actions\/templates\/Submission_email_-_person_who_needs_help.json":"825b5ec5a2be448cc1c8d0118bf8cb7a5ecc70b2","actions\/templates\/Submission_email_-_someone_else.json":"61a0c4bd2a521b82343f16466f7f92e5b9937b10","misc\/pdfs.json":"97d170e1550eee4afc0af065b78cda302a97674c","misc\/prefills.json":"97d170e1550eee4afc0af065b78cda302a97674c","misc\/placeholders.json":"bc753f2bce8380ee6cf174be74a6585620452d6c","misc\/logic_definitions.json":"97d170e1550eee4afc0af065b78cda302a97674c","misc\/logics\/Address.json":"651e5ba0517a6e145c05e70d704b2385aa00ca2e","misc\/logics\/Communication_difficulties.json":"d43104aaffd100c7e17a3dee7caabd804724dc66","misc\/logics\/Help_needed.json":"b5947967550204d1ed8aae1e490e2d7de1323006","misc\/logics\/Reason_for_self-isolation.json":"30364318e7a024f0e8215ce1895b707a31445588","misc\/ic_inputs.json":"97d170e1550eee4afc0af065b78cda302a97674c","misc\/data-retention.json":"fa8b819d756eec4a4f185f5465ef79b349ea9ce4"}