{"title":"COVID-19 Community Assistance","instructions":"","progressBar":"0","allowUnregistered":"1","resumeAtStart":"0","reCaptcha":"0","internalOnly":0,"metadata":{"id":"333","itemID":"471","creator":"Molly Underwood","contributor":"","publisher":"Lincolnshire County Council","rights":"Copyright Lincolnshire County Council 2020","source":"","status":"V1.0 Public Consumption","coverage":"UK","created":1586818800,"modified":1586818800,"valid":null,"expired":null,"format":"text\/html","language":"en","subject":"","description":"Request support during the coronavirus pandemic"},"categories":[{"id":"3490","categoryType":"Navigation","itemID":471,"categoryID":"20126"},{"id":"3491","categoryType":"Navigation","itemID":471,"categoryID":"20234"}]}