{"id":932,"isFormSpecific":true,"version":{"metadata":{"id":2679,"title":"Grit bin details","instructions":""},"sections":[{"name":"main","title":"main","showTitle":false,"hideInitially":false,"triggerQuestionName":null,"triggerQuestionSecondaryField":null,"triggerQuestionSection":null,"triggerOperator":null,"triggerAnswerValue":null,"isRepeatableQuestion":false,"repeatableQuestionSettings":[],"structure":"[{\"type\":\"question\",\"name\":\"qfa740899bf8d4a39cdee13743bf4cda8a92a5d3c\"},{\"type\":\"question\",\"name\":\"q16d44626c3aa5a10fbfecc2356eb5ef3d2c7e98f\"},{\"type\":\"question\",\"name\":\"qbb78d279f50f49229e5c981337e277fd385ba317\"}]","questions":[{"name":"qfa740899bf8d4a39cdee13743bf4cda8a92a5d3c","text":"What is the problem?","guid":"18eeb80469e722d4f3513ee0c5b183da219c6975","number":1,"settings":[{"name":"answers","value":"[{\"value\":\"damage_to_a_grit_bin\",\"text\":\"Damage to a grit bin\",\"data\":\"\",\"internal\":false},{\"value\":\"empty_grit_bin\",\"text\":\"Empty grit bin\",\"data\":\"\",\"internal\":false},{\"value\":\"issue_with_the_location_of_existing_grit_bin\",\"text\":\"Issue with the location of existing grit bin\",\"data\":\"\",\"internal\":false},{\"value\":\"request_for_a_new_grit_bin\",\"text\":\"Request for a new grit bin\",\"data\":\"\",\"internal\":false},{\"value\":\"request_for_the_removal_of_grit_bin\",\"text\":\"Request for the removal of grit bin\",\"data\":\"\",\"internal\":false}]"},{"name":"empty_option","value":"-- Please select --"}]},{"name":"q16d44626c3aa5a10fbfecc2356eb5ef3d2c7e98f","text":"Describe the location of the grit bin","guid":"39c1d58d95f4fbb636ae61c4dccd9992ce707c24","number":1,"settings":[{"name":"help","value":"eg landmarks, house numbers, properties"},{"name":"rows","value":"4"},{"name":"cols","value":"80"}]},{"name":"qbb78d279f50f49229e5c981337e277fd385ba317","text":"Describe the issue and give any further relevant information?","guid":"39c1d58d95f4fbb636ae61c4dccd9992ce707c24","number":1,"settings":[{"name":"rows","value":"4"},{"name":"cols","value":"80"}]}],"clauseType":null,"data":null}]}}