{"id":815,"isFormSpecific":true,"version":{"metadata":{"id":2188,"title":"About the frequency (223) (508)","instructions":""},"sections":[{"name":"s4433ac74be018b7853a7f56a42beb392ec159c6b","title":"If other","showTitle":false,"hideInitially":true,"triggerQuestionName":"qcaaf7e978f6cd320ec65cffb944412a2723f0993","triggerQuestionSecondaryField":null,"triggerQuestionSection":"main","triggerOperator":"equal","triggerAnswerValue":"other","isRepeatableQuestion":false,"repeatableQuestionSettings":[],"structure":"[{\"type\":\"question\",\"name\":\"q028460e016aef404ec9bd7a673bd2c50509c1815\"}]","questions":[{"name":"q028460e016aef404ec9bd7a673bd2c50509c1815","text":"If other, please give details","guid":"7d7527893d7f786c9073e6a651a9c26181d9a661","settings":[{"name":"required","value":"true"}]}],"clauseType":null,"data":null},{"name":"s3c4fec941d07fac1ac341cec046614fa3fc3309d","title":"More information","showTitle":false,"hideInitially":true,"triggerQuestionName":"qcaaf7e978f6cd320ec65cffb944412a2723f0993","triggerQuestionSecondaryField":null,"triggerQuestionSection":"main","triggerOperator":"not equal","triggerAnswerValue":"its_only_happened_once","isRepeatableQuestion":false,"repeatableQuestionSettings":[],"structure":"[{\"type\":\"question\",\"name\":\"qb026a26aa5b26a6a0f0463d45c9eec8ab558fa4d\"},{\"type\":\"question\",\"name\":\"q571cb614b40edcd4ccd939ab09aaf9311323bb8c\"},{\"type\":\"question\",\"name\":\"q8fe6e8c48c27f66352a706b1c71e9cc126fdac46\"}]","questions":[{"name":"qb026a26aa5b26a6a0f0463d45c9eec8ab558fa4d","text":"What day(s) of the week does the noise normally happen?","guid":"7d7527893d7f786c9073e6a651a9c26181d9a661","settings":[{"name":"required","value":"true"}]},{"name":"q571cb614b40edcd4ccd939ab09aaf9311323bb8c","text":"What time(s) of day does the noise usually happen?","guid":"7d7527893d7f786c9073e6a651a9c26181d9a661","settings":[{"name":"required","value":"true"}]},{"name":"q8fe6e8c48c27f66352a706b1c71e9cc126fdac46","text":"Do you know what property\/location the noise is coming from making the noise?","guid":"18eeb80469e722d4f3513ee0c5b183da219c6975","settings":[{"name":"required","value":"true"},{"name":"answers","value":"[{\"value\":\"yes\",\"text\":\"Yes\",\"data\":\"\",\"internal\":false},{\"value\":\"no\",\"text\":\"No\",\"data\":\"\",\"internal\":false}]"},{"name":"empty_option","value":"Please select"}]}],"clauseType":null,"data":null},{"name":"s8b76c02589bbd7244640ca247eed3f2da768d305","title":"If yes","showTitle":false,"hideInitially":true,"triggerQuestionName":"q8fe6e8c48c27f66352a706b1c71e9cc126fdac46","triggerQuestionSecondaryField":null,"triggerQuestionSection":"s3c4fec941d07fac1ac341cec046614fa3fc3309d","triggerOperator":"equal","triggerAnswerValue":"yes","isRepeatableQuestion":false,"repeatableQuestionSettings":[],"structure":"[{\"type\":\"question\",\"name\":\"q9ea4d37af98d370f1219842f2c46059c2c63a468\"}]","questions":[{"name":"q9ea4d37af98d370f1219842f2c46059c2c63a468","text":"Address where issue is at","guid":"dafc7be1f6e3057017f8b0a86d50373130ca5da0","settings":[{"name":"required","value":"true"},{"name":"type","value":"5c49c7f90a0e3d59b0a8cf70326808ac4ed67804"}]}],"clauseType":null,"data":null},{"name":"s5773c043fc1dde01256236f166a09b63a44dd489","title":"if no","showTitle":false,"hideInitially":true,"triggerQuestionName":"q8fe6e8c48c27f66352a706b1c71e9cc126fdac46","triggerQuestionSecondaryField":null,"triggerQuestionSection":"s3c4fec941d07fac1ac341cec046614fa3fc3309d","triggerOperator":"equal","triggerAnswerValue":"no","isRepeatableQuestion":false,"repeatableQuestionSettings":[],"structure":"[{\"type\":\"question\",\"name\":\"q45632df0c1d4e7b347d84ae4b37d456972fa9b5c\"}]","questions":[{"name":"q45632df0c1d4e7b347d84ae4b37d456972fa9b5c","text":"Street where the issue is at","guid":"dafc7be1f6e3057017f8b0a86d50373130ca5da0","settings":[{"name":"required","value":"true"},{"name":"type","value":"d7037b836dd8425c9a2619429d821e818648822c"}]}],"clauseType":null,"data":null},{"name":"main","title":"main","showTitle":null,"hideInitially":null,"triggerQuestionName":null,"triggerQuestionSecondaryField":null,"triggerQuestionSection":null,"triggerOperator":null,"triggerAnswerValue":null,"isRepeatableQuestion":null,"repeatableQuestionSettings":[],"structure":"[{\"type\":\"question\",\"name\":\"qcaaf7e978f6cd320ec65cffb944412a2723f0993\"},{\"type\":\"section\",\"name\":\"s4433ac74be018b7853a7f56a42beb392ec159c6b\"},{\"type\":\"section\",\"name\":\"s3c4fec941d07fac1ac341cec046614fa3fc3309d\"},{\"type\":\"section\",\"name\":\"s8b76c02589bbd7244640ca247eed3f2da768d305\"},{\"type\":\"section\",\"name\":\"s5773c043fc1dde01256236f166a09b63a44dd489\"}]","questions":[{"name":"qcaaf7e978f6cd320ec65cffb944412a2723f0993","text":"How often does the noise happen?","guid":"18eeb80469e722d4f3513ee0c5b183da219c6975","settings":[{"name":"required","value":"true"},{"name":"answers","value":"[{\"value\":\"its_only_happened_once\",\"text\":\"It\u2019s only happened once\",\"data\":\"\",\"internal\":false},{\"value\":\"once_a_month\",\"text\":\"Once a month\",\"data\":\"\",\"internal\":false},{\"value\":\"a_few_times_a_month\",\"text\":\"A few times a month\",\"data\":\"\",\"internal\":false},{\"value\":\"every_weekend\",\"text\":\"Every weekend\",\"data\":\"\",\"internal\":false},{\"value\":\"once_a_week\",\"text\":\"Once a week\",\"data\":\"\",\"internal\":false},{\"value\":\"a_few_times_a_week\",\"text\":\"A few times a week\",\"data\":\"\",\"internal\":false},{\"value\":\"daily\",\"text\":\"Daily\",\"data\":\"\",\"internal\":false},{\"value\":\"other\",\"text\":\"Other\",\"data\":\"\",\"internal\":false}]"},{"name":"empty_option","value":"Please select"}]}],"clauseType":null,"data":null}]}}