{"id":816,"isFormSpecific":true,"version":{"metadata":{"id":2189,"title":"About the noise (223) (508)","instructions":""},"sections":[{"name":"se58a3e9db76b1d68aec2e2a4b08faccb3054daeb","title":"Alarm going off at the moment","showTitle":true,"hideInitially":true,"triggerQuestionName":"q65099c3be55c0cd0f934b46eda2372eb30baad75","triggerQuestionSecondaryField":null,"triggerQuestionSection":"main","triggerOperator":"equal","triggerAnswerValue":"alarm_going_off_at_the_moment","isRepeatableQuestion":false,"repeatableQuestionSettings":[],"structure":"[{\"type\":\"question\",\"name\":\"qdca3812b40d6b04b328efc9daa235002e5b65d71\"}]","questions":[{"name":"qdca3812b40d6b04b328efc9daa235002e5b65d71","text":"Alarm going off at the moment","guid":"Jadu\\XFormsPro\\Bundle\\StandardFormComponentBundle\\Component\\TextBlock\\TextBlockComponent","settings":[{"name":"value","value":"<p>If a persistent car, house or business alarm is going off at the moment, and you are reporting it during our response hours (Monday &ndash; Friday, 9am &ndash; 4pm), please call our team on xxxxxxxxxxx<\/p>\n\n<p>If you are reporting an alarm outside of working hours, please be aware that we do not provide an out of hours response service.<\/p>\n\n<p>If you still wish to report it (for example, it regularly goes off and is an ongoing issue), please select the appropriate drop down above (so if it&rsquo;s a house\/car alarm, choose &lsquo;neighbourhood noise&rsquo; or if it&rsquo;s a shop alarm, choose &lsquo;retail\/commercial noise&rsquo; etc) and continue filling in the form.<\/p>"}]}],"clauseType":null,"data":null},{"name":"s7a0bd7fe464c74de09ee0927991121202a66395f","title":"Neighbourhood noise","showTitle":true,"hideInitially":true,"triggerQuestionName":"q65099c3be55c0cd0f934b46eda2372eb30baad75","triggerQuestionSecondaryField":null,"triggerQuestionSection":"main","triggerOperator":"equal","triggerAnswerValue":"neighbourhood_noise_inc_dogs_and_alarms","isRepeatableQuestion":false,"repeatableQuestionSettings":[],"structure":"[{\"type\":\"question\",\"name\":\"q0d218e16ab3ca525fca0ca4d4f6636a9e8e17179\"},{\"type\":\"question\",\"name\":\"q9b4cee1eae93f556e3692b1db5c2cf78c8cd410a\"}]","questions":[{"name":"q0d218e16ab3ca525fca0ca4d4f6636a9e8e17179","text":"What type of neighbourhood noise complaint would you like to make?","guid":"18eeb80469e722d4f3513ee0c5b183da219c6975","settings":[{"name":"required","value":"true"},{"name":"answers","value":"[{\"value\":\"loud_music\",\"text\":\"Loud music\",\"data\":\"\",\"internal\":false},{\"value\":\"car_alarm\",\"text\":\"Car alarm\",\"data\":\"\",\"internal\":false},{\"value\":\"house_alarm\",\"text\":\"House alarm\",\"data\":\"\",\"internal\":false},{\"value\":\"shoutingscreaming\",\"text\":\"Shouting\/screaming\",\"data\":\"\",\"internal\":false},{\"value\":\"diy_at_unreasonable_hours\",\"text\":\"DIY at unreasonable hours\",\"data\":\"\",\"internal\":false},{\"value\":\"barking_dogs\",\"text\":\"Barking dogs\",\"data\":\"\",\"internal\":false},{\"value\":\"fireworks\",\"text\":\"Fireworks\",\"data\":\"\",\"internal\":false},{\"value\":\"shooting\",\"text\":\"Shooting\",\"data\":\"\",\"internal\":false},{\"value\":\"motorbikescars\",\"text\":\"Motorbikes\/cars\",\"data\":\"\",\"internal\":false},{\"value\":\"low_frequency_noise\",\"text\":\"Low frequency noise\",\"data\":\"\",\"internal\":false},{\"value\":\"other_petanimal_noise\",\"text\":\"Other pet\/animal noise\",\"data\":\"\",\"internal\":false},{\"value\":\"other\",\"text\":\"Other\",\"data\":\"\",\"internal\":false}]"},{"name":"empty_option","value":"Please select"}]},{"name":"q9b4cee1eae93f556e3692b1db5c2cf78c8cd410a","text":"If other, please give details","guid":"7d7527893d7f786c9073e6a651a9c26181d9a661","settings":[]}],"clauseType":null,"data":null},{"name":"s32b2809ab0b32a62f3aaf691438745bd0e9e3315","title":"Retail\/commercial noise","showTitle":true,"hideInitially":true,"triggerQuestionName":"q65099c3be55c0cd0f934b46eda2372eb30baad75","triggerQuestionSecondaryField":null,"triggerQuestionSection":"main","triggerOperator":"equal","triggerAnswerValue":"retailcommercial_noise_shopsrestaurantsbars","isRepeatableQuestion":false,"repeatableQuestionSettings":[],"structure":"[{\"type\":\"question\",\"name\":\"q32a6e9303789f22404540f99af6b63fcfa398c3e\"},{\"type\":\"question\",\"name\":\"q8f7a5390d5223ae5184551feb94797144ab60f18\"}]","questions":[{"name":"q32a6e9303789f22404540f99af6b63fcfa398c3e","text":"What type of retail\/commercial noise complaint would you like to make?","guid":"18eeb80469e722d4f3513ee0c5b183da219c6975","settings":[{"name":"required","value":"true"},{"name":"answers","value":"[{\"value\":\"entertainmentmusic_noise\",\"text\":\"Entertainment\/music noise\",\"data\":\"\",\"internal\":false},{\"value\":\"noisy_revelers\",\"text\":\"Noisy revelers\",\"data\":\"\",\"internal\":false},{\"value\":\"door_staff\",\"text\":\"Door staff\",\"data\":\"\",\"internal\":false},{\"value\":\"ventilation_systems\",\"text\":\"Ventilation systems\",\"data\":\"\",\"internal\":false},{\"value\":\"alarms\",\"text\":\"Alarms\",\"data\":\"\",\"internal\":false},{\"value\":\"other\",\"text\":\"Other\",\"data\":\"\",\"internal\":false}]"},{"name":"empty_option","value":"Please select"}]},{"name":"q8f7a5390d5223ae5184551feb94797144ab60f18","text":"If other, please give details","guid":"7d7527893d7f786c9073e6a651a9c26181d9a661","settings":[]}],"clauseType":null,"data":null},{"name":"sa9e5a774fc4aec3d5f3da219cca63795355942e9","title":"Industrial\/manufacturing noise","showTitle":true,"hideInitially":true,"triggerQuestionName":"q65099c3be55c0cd0f934b46eda2372eb30baad75","triggerQuestionSecondaryField":null,"triggerQuestionSection":"main","triggerOperator":"equal","triggerAnswerValue":"industrialmanufacturing_noise_factoriesprocessing_plants","isRepeatableQuestion":false,"repeatableQuestionSettings":[],"structure":"[{\"type\":\"question\",\"name\":\"q1114ea91efc3980723b9cbd72cf1ce80237afc49\"},{\"type\":\"question\",\"name\":\"q8c66dda6b76ee7bdf4709e6321cdce8db9eb1828\"}]","questions":[{"name":"q1114ea91efc3980723b9cbd72cf1ce80237afc49","text":"What type of industrial\/manufacturing noise complaint would you like to make?","guid":"18eeb80469e722d4f3513ee0c5b183da219c6975","settings":[{"name":"required","value":"true"},{"name":"answers","value":"[{\"value\":\"factory_including_machinery\",\"text\":\"Factory (including machinery)\",\"data\":\"\",\"internal\":false},{\"value\":\"construction\",\"text\":\"Construction\",\"data\":\"\",\"internal\":false},{\"value\":\"demolition\",\"text\":\"Demolition\",\"data\":\"\",\"internal\":false},{\"value\":\"alarms\",\"text\":\"Alarms\",\"data\":\"\",\"internal\":false},{\"value\":\"other\",\"text\":\"Other\",\"data\":\"\",\"internal\":false}]"},{"name":"empty_option","value":"Please select"}]},{"name":"q8c66dda6b76ee7bdf4709e6321cdce8db9eb1828","text":"If other, please give details","guid":"7d7527893d7f786c9073e6a651a9c26181d9a661","settings":[]}],"clauseType":null,"data":null},{"name":"main","title":"main","showTitle":null,"hideInitially":null,"triggerQuestionName":null,"triggerQuestionSecondaryField":null,"triggerQuestionSection":null,"triggerOperator":null,"triggerAnswerValue":null,"isRepeatableQuestion":null,"repeatableQuestionSettings":[],"structure":"[{\"type\":\"question\",\"name\":\"q65099c3be55c0cd0f934b46eda2372eb30baad75\"},{\"type\":\"section\",\"name\":\"se58a3e9db76b1d68aec2e2a4b08faccb3054daeb\"},{\"type\":\"section\",\"name\":\"s7a0bd7fe464c74de09ee0927991121202a66395f\"},{\"type\":\"section\",\"name\":\"s32b2809ab0b32a62f3aaf691438745bd0e9e3315\"},{\"type\":\"section\",\"name\":\"sa9e5a774fc4aec3d5f3da219cca63795355942e9\"}]","questions":[{"name":"q65099c3be55c0cd0f934b46eda2372eb30baad75","text":"What type of noise complaint would you like to make?","guid":"18eeb80469e722d4f3513ee0c5b183da219c6975","settings":[{"name":"required","value":"true"},{"name":"answers","value":"[{\"value\":\"alarm_going_off_at_the_moment\",\"text\":\"Alarm going off at the moment\",\"data\":\"\",\"internal\":false},{\"value\":\"neighbourhood_noise_inc_dogs_and_alarms\",\"text\":\"Neighbourhood noise (inc. dogs and alarms)\",\"data\":\"\",\"internal\":false},{\"value\":\"retailcommercial_noise_shopsrestaurantsbars\",\"text\":\"Retail\/commercial noise (shops\/restaurants\/bars)\",\"data\":\"\",\"internal\":false},{\"value\":\"industrialmanufacturing_noise_factoriesprocessing_plants\",\"text\":\"Industrial\/manufacturing noise (factories\/processing plants)\",\"data\":\"\",\"internal\":false}]"},{"name":"empty_option","value":"Please select"}]}],"clauseType":null,"data":null}]}}