{"id":813,"isFormSpecific":false,"version":{"metadata":{"id":2186,"title":"About resolving your noise complaint (217)","instructions":""},"sections":[{"name":"s21c7eb1f0ef986a11a194d845c3131d1b9b3aff6","title":"contact the noisemaker","showTitle":false,"hideInitially":true,"triggerQuestionName":"q9737ac4e4975dbeea90ab8a2b218fd6e58d81d8b","triggerQuestionSecondaryField":null,"triggerQuestionSection":"main","triggerOperator":"equal","triggerAnswerValue":"yes","isRepeatableQuestion":false,"repeatableQuestionSettings":[],"structure":"[{\"type\":\"question\",\"name\":\"q02c6864af72b815381bb14ecf5da02e25074be84\"}]","questions":[{"name":"q02c6864af72b815381bb14ecf5da02e25074be84","text":"When did you contact the noisemaker?","guid":"7d7527893d7f786c9073e6a651a9c26181d9a661","settings":[{"name":"validation","value":"17"},{"name":"required","value":"true"},{"name":"help","value":"Please provide as much detail as possible."}]}],"clauseType":null,"data":null},{"name":"main","title":"main","showTitle":null,"hideInitially":null,"triggerQuestionName":null,"triggerQuestionSecondaryField":null,"triggerQuestionSection":null,"triggerOperator":null,"triggerAnswerValue":null,"isRepeatableQuestion":null,"repeatableQuestionSettings":[],"structure":"[{\"type\":\"question\",\"name\":\"q9737ac4e4975dbeea90ab8a2b218fd6e58d81d8b\"},{\"type\":\"section\",\"name\":\"s21c7eb1f0ef986a11a194d845c3131d1b9b3aff6\"}]","questions":[{"name":"q9737ac4e4975dbeea90ab8a2b218fd6e58d81d8b","text":"Have you made contact with the noise maker to ask them to stop?","guid":"18eeb80469e722d4f3513ee0c5b183da219c6975","settings":[{"name":"required","value":"true"},{"name":"answers","value":"[{\"value\":\"yes\",\"text\":\"Yes\",\"data\":\"\",\"internal\":false},{\"value\":\"no\",\"text\":\"No\",\"data\":\"\",\"internal\":false}]"},{"name":"empty_option","value":"Please select"}]}],"clauseType":null,"data":null}]}}