{"id":818,"isFormSpecific":true,"version":{"metadata":{"id":2191,"title":"Alarm going off at the moment (223) (508)","instructions":"<p>If a persistent car, house or business alarm is going off at the moment, and you are reporting it during our response hours (Monday \u2013 Friday, 9am \u2013 4pm), please call our team on 01543 308725.<\/p>\n\n<p>If you are reporting an alarm outside of working hours, please be aware that we do not provide an out of hours response service.<\/p>\n\n<p>If you still wish to report it (for example, it regularly goes off and is an ongoing issue), please select the appropriate drop down above (so if it\u2019s a house\/car alarm, choose \u2018neighbourhood noise\u2019 or if it\u2019s a shop alarm, choose \u2018retail\/commercial noise\u2019 etc) and continue filling in the form.<\/p>\n\n<p><span class=\"snippet\"><style>\n.button--primary {\nvisibility: hidden;\n}\n<\/style><!-- rel:snippet --><\/span><\/p>"},"sections":[{"name":"main","title":"main","showTitle":null,"hideInitially":null,"triggerQuestionName":null,"triggerQuestionSecondaryField":null,"triggerQuestionSection":null,"triggerOperator":null,"triggerAnswerValue":null,"isRepeatableQuestion":null,"repeatableQuestionSettings":[],"structure":"[]","questions":[],"clauseType":null,"data":null}]}}