{"id":820,"isFormSpecific":true,"version":{"metadata":{"id":2193,"title":"If the noise has only occurred once (223) (508)","instructions":"<div>\n<p>If the noise has only occurred once, we are very sorry but we are unlikely to investigate it or take further action. Please monitor the noise and if it becomes a repeated\/ongoing issue, please contact us again to let us know.<\/p>\n\n<p><span class=\"snippet\"><style>\n.button--primary {\nvisibility: hidden;\n}\n<\/style><!-- rel:snippet --><\/span><\/p>\n<\/div>"},"sections":[{"name":"main","title":"main","showTitle":null,"hideInitially":null,"triggerQuestionName":null,"triggerQuestionSecondaryField":null,"triggerQuestionSection":null,"triggerOperator":null,"triggerAnswerValue":null,"isRepeatableQuestion":null,"repeatableQuestionSettings":[],"structure":"[]","questions":[],"clauseType":null,"data":null}]}}