{"id":821,"isFormSpecific":false,"version":{"metadata":{"id":2194,"title":"Logging your noise complaint (217)","instructions":"<p>Once you submit your form, we will send instructions on how to log the issue. You can either use a log sheet or download our NoiseApp to record the noise. The log sheets\/NoiseApp help us assess the scale of the issue and the impact on your life. If you do not complete the log sheets\/use the NoiseApp, it will hamper our ability to investigate your problem.<\/p>"},"sections":[{"name":"se7d14fe0de0934f53231099d0b7ea0178df4e4a3","title":"Noise app","showTitle":true,"hideInitially":true,"triggerQuestionName":"q62eb77b972c07afe091a35aba26dd3627e01efb8","triggerQuestionSecondaryField":null,"triggerQuestionSection":"main","triggerOperator":"equal","triggerAnswerValue":"i_will_download_the_noiseapp","isRepeatableQuestion":false,"repeatableQuestionSettings":[],"structure":"[{\"type\":\"question\",\"name\":\"q0e93d1914d5a7ba50e68cccccf2ed083cc3490ea\"}]","questions":[{"name":"q0e93d1914d5a7ba50e68cccccf2ed083cc3490ea","text":"Noise app","guid":"7d71b3ba5a3ceb554862ccadb50244fbdb3a65c0","settings":[{"name":"value","value":"<p>You have chosen to use the NoiseApp to record the noise issue. The NoiseApp can download onto your phone or tablet. The recordings you make using the NoiseApp are uploaded directly onto a secure site that our environmental health team log into after a two week period. Details of how to download and use the NoiseApp will be contained in the confirmation email you receive after submitting this form.<\/p>"}]}],"clauseType":null,"data":null},{"name":"scdeabb786f74a74c2967bfe6a91034a02e50c815","title":"Log sheets","showTitle":true,"hideInitially":true,"triggerQuestionName":"q62eb77b972c07afe091a35aba26dd3627e01efb8","triggerQuestionSecondaryField":null,"triggerQuestionSection":"main","triggerOperator":"equal","triggerAnswerValue":"i_will_use_the_log_sheet","isRepeatableQuestion":false,"repeatableQuestionSettings":[],"structure":"[{\"type\":\"question\",\"name\":\"qd4f1bfb596a3cadc817c66aab17bad83ecfa0917\"}]","questions":[{"name":"qd4f1bfb596a3cadc817c66aab17bad83ecfa0917","text":"Log sheets","guid":"7d71b3ba5a3ceb554862ccadb50244fbdb3a65c0","settings":[{"name":"value","value":"<div>\n<p>You have chosen to use log sheets to record the noise issue. It&rsquo;s very important you fill it out accurately as it will show us the extent of the problem and support any action we may take. The log sheets ask you to record:<\/p>\n\n<ul>\n\t<li>How often the noise occurs.<\/li>\n\t<li>How long the noise lasts.<\/li>\n\t<li>The time of day or night the noise occurs.<\/li>\n\t<li>How the noise disturbs you.<\/li>\n\t<li>Where the noise is coming from.<\/li>\n<\/ul>\n\n<p>A log sheet and details of how to fill it in will be contained in the confirmation email you receive after submitting this form.<\/p>\n<\/div>"}]}],"clauseType":null,"data":null},{"name":"main","title":"main","showTitle":null,"hideInitially":null,"triggerQuestionName":null,"triggerQuestionSecondaryField":null,"triggerQuestionSection":null,"triggerOperator":null,"triggerAnswerValue":null,"isRepeatableQuestion":null,"repeatableQuestionSettings":[],"structure":"[{\"type\":\"question\",\"name\":\"q62eb77b972c07afe091a35aba26dd3627e01efb8\"},{\"type\":\"section\",\"name\":\"se7d14fe0de0934f53231099d0b7ea0178df4e4a3\"},{\"type\":\"section\",\"name\":\"scdeabb786f74a74c2967bfe6a91034a02e50c815\"}]","questions":[{"name":"q62eb77b972c07afe091a35aba26dd3627e01efb8","text":"How would you like to log your problem?","guid":"18eeb80469e722d4f3513ee0c5b183da219c6975","settings":[{"name":"required","value":"true"},{"name":"answers","value":"[{\"value\":\"i_will_download_the_noiseapp\",\"text\":\"I will download the NoiseApp\",\"data\":\"\",\"internal\":false},{\"value\":\"i_will_use_the_log_sheet\",\"text\":\"I will use the log sheet\",\"data\":\"\",\"internal\":false}]"},{"name":"empty_option","value":"Please select"}]}],"clauseType":null,"data":null}]}}