{"id":822,"isFormSpecific":true,"version":{"metadata":{"id":2195,"title":"We are sorry (223) (508)","instructions":"<div>\n<p>We are sorry but we will only investigate noise complaints if they are affecting you at your home\/property.&nbsp;<\/p>\n\n<p><span class=\"snippet\"><style>\n.button--primary {\nvisibility: hidden;\n}\n<\/style><!-- rel:snippet --><\/span><\/p>\n<\/div>"},"sections":[{"name":"main","title":"main","showTitle":null,"hideInitially":null,"triggerQuestionName":null,"triggerQuestionSecondaryField":null,"triggerQuestionSection":null,"triggerOperator":null,"triggerAnswerValue":null,"isRepeatableQuestion":null,"repeatableQuestionSettings":[],"structure":"[]","questions":[],"clauseType":null,"data":null}]}}