{"clauseStructure":[[{"clauseType":"Jadu\\XFormsPro\\Form\\Rules\\Clauses\\ChannelClauseType","data":"{\"channel\":\"front-end\"}"}],[{"clauseType":"Jadu\\XFormsPro\\Form\\Rules\\Clauses\\PageClauseType","data":"{\"page\":\"1223\",\"action\":\"not-visited\"}"}]],"actions":[{"id":1713,"actionType":"Jadu\\XFormsPro\\Form\\Rules\\Actions\\CompletePage\\CompletePageActionType","template":1040,"inputs":[]},{"id":1714,"actionType":"Jadu\\XFormsPro\\Form\\Rules\\Actions\\Email\\EmailActionType","template":1039,"inputs":[]}],"title":"Web","runTime":"on-submit","enabled":true}