{"id":1150,"actionType":"Jadu\\XFormsPro\\Form\\Rules\\Actions\\CompletePage\\CompletePageActionType","title":"Completion","mappings":[{"field":"content","type":"static","value":"\n<h2>Thank you for completing this form<\/h2>\n\n<p><strong>Your web reference number is\u00a0{{0}}<\/strong><\/p>\n\n<p><font>WHAT HAPPENS NEXT:<\/font><br>\nThis form will be sent to our mailbox and will be reviewed by a registrar. Once the Medical Certificate from the Doctor is received as well, we will call you to verify the registration details over the telephone. Please allow up to 5 days for us to contact you as we may be very busy. \u00a0If the Coroner has been involved in the death, there may be an extra delay while we await their paperwork.<br>\nAfter the registration, a Green form (for the burial\/cremation to take place) will be issued and e-mailed directly to your Funeral Director<br>\nYou will be able to pay for death certificates by credit\/debit card over the phone at the time of registration. These are \u00a3xx.xx\u00a0each. These will be sent by post and the registrar will confirm current timescales.<\/p>\n\n<p><br><font>XXXXXXX\u00a0 \u2013 Registration Service<\/font><\/p>\n","secondaryValue":null,"label":"Content"}]}