{"id":1214,"actionType":"Jadu\\XFormsPro\\Form\\Rules\\Actions\\CompletePage\\CompletePageActionType","title":"Your HWRC booking details for site 2","mappings":[{"field":"content","type":"static","value":"\n<p>You've booked a date and time to visit site 2HWRC with 'other' waste (not green\/garden waste); please make a note of these details:<\/p>\n\n<ul>\n<li>Reference:<strong> {{0}}<\/strong>\n<\/li>\n\t<li>Location:<strong>\u00a0site 2HWRC, postcode XX12 3XX<\/strong>\n<\/li>\n\t<li>Vehicle:<strong> {{1}}<\/strong>\n<\/li>\n\t<li>Date and time:<strong> {{2}}<\/strong>\n<\/li>\n\t<li>Type of waste: <strong>'other' (not green\/garden waste)<\/strong>\n<\/li>\n<\/ul>\n<p>We'll send a copy of this information to you, if you've provided an email address.<\/p>\n\n<hr>\n<h2>Visiting the tip safely<\/h2>\n\n<p>Before you take your waste to the tip, for your own safety, please <strong>plan ahead<\/strong> to ensure:<\/p>\n\n<ul>\n<li>you arrive in the vehicle which matches the registration number used at time of booking<\/li>\n\t<li>you arrive on time, not early or late (you may not be allowed entry to the HWRC if you're arrive more than 10 minutes late)<\/li>\n\t<li>the amount of waste you want to recycle\/dispose of can be unloaded within 30\u00a0minutes<\/li>\n\t<li>you maintain social distancing measures at all times<\/li>\n\t<li>you wash your hands before and after your visit to the tip<\/li>\n<\/ul>\n","secondaryValue":null,"label":"Content"}]}