[{"pageID":"1254","sectionName":"main","questionName":"qd42ce1101d4342e31c9aa8b438db1e213eaebac4","questionSecondaryField":"","sourceType":"variable","sourceValue":"a57daf39a46f4e0062d06271b372c8e195977ff0","sourceSecondaryField":null},{"pageID":"1254","sectionName":"main","questionName":"qc2e91fd188ca8b9cad6bad268509ffd2d73ebdfd","questionSecondaryField":"","sourceType":"variable","sourceValue":"f2032940399e78947c863625cb1326567310e5b1","sourceSecondaryField":null},{"pageID":"1254","sectionName":"s6c8bc195cda084cbbc3af3d8315ca1d4f60c54f8","questionName":"q243ea49b5a2c517e895ff7e071ff5edaa8fd40ef","questionSecondaryField":"","sourceType":"variable","sourceValue":"55c7b79927bc4a011da91c6b69d1b085132def5e","sourceSecondaryField":null},{"pageID":"1254","sectionName":"s6c8bc195cda084cbbc3af3d8315ca1d4f60c54f8","questionName":"q24bc3209ae806cffab15af64ae803dba79f1cf29","questionSecondaryField":"","sourceType":"variable","sourceValue":"a51f75f842295797c320f63e990e72bbc67368cf","sourceSecondaryField":null},{"pageID":"1254","sectionName":"main","questionName":"qe7acd51982918ac015584fa77260fc8dc9feaee3","questionSecondaryField":"","sourceType":"variable","sourceValue":"570e97f69b2e66c8536da63466516add4774b0ef","sourceSecondaryField":null},{"pageID":"1254","sectionName":"main","questionName":"qe7acd51982918ac015584fa77260fc8dc9feaee3","questionSecondaryField":"data_1_0","sourceType":"variable","sourceValue":"13bb4271358dcb41630d1f0874e317ecef3b3cfc","sourceSecondaryField":null}]