{"id":918,"isFormSpecific":true,"version":{"metadata":{"id":2633,"title":"Request type","instructions":""},"sections":[{"name":"sefd30fcf03201428efe58c15754ef4e34b9643b2","title":"Reasons for request","showTitle":false,"hideInitially":true,"triggerQuestionName":"q8759796960a1e0fb854c67050a0edb05cb1c5a42","triggerQuestionSecondaryField":null,"triggerQuestionSection":"sc928af7c227eb6719e847ca52b1893d5a1e78063","triggerOperator":"equal","triggerAnswerValue":"other","isRepeatableQuestion":false,"repeatableQuestionSettings":[],"structure":"[{\"type\":\"question\",\"name\":\"q2d92280382b56b5a71bd48cf8a249ad71eae3883\"}]","questions":[{"name":"q2d92280382b56b5a71bd48cf8a249ad71eae3883","text":"Please enter reasons for request","guid":"39c1d58d95f4fbb636ae61c4dccd9992ce707c24","number":1,"settings":[{"name":"rows","value":"4"},{"name":"cols","value":"80"}]}],"clauseType":null,"data":null},{"name":"sc928af7c227eb6719e847ca52b1893d5a1e78063","title":"Request for help - new","showTitle":false,"hideInitially":true,"triggerQuestionName":"q46115ad7ca41d7eddf31d51c430f15b9c6bb41e8","triggerQuestionSecondaryField":null,"triggerQuestionSection":"main","triggerOperator":"equal","triggerAnswerValue":"new_request_for_assistance","isRepeatableQuestion":false,"repeatableQuestionSettings":[],"structure":"[{\"type\":\"question\",\"name\":\"q1adffadbe645db10b41897519ccfd02018a273a4\"},{\"type\":\"section\",\"name\":\"s835bd6c6f495d2d0f818393c9e9dc28c376a75a3\",\"elements\":[{\"type\":\"question\",\"name\":\"q1fa56c407d063dca552aa09015a8662f70037c4d\"}]},{\"type\":\"question\",\"name\":\"q8759796960a1e0fb854c67050a0edb05cb1c5a42\"},{\"type\":\"section\",\"name\":\"sefd30fcf03201428efe58c15754ef4e34b9643b2\",\"elements\":[{\"type\":\"question\",\"name\":\"q2d92280382b56b5a71bd48cf8a249ad71eae3883\"}]},{\"type\":\"question\",\"name\":\"q0f420410512959ec21dbeb490236d361721e24ae\"}]","questions":[{"name":"q1adffadbe645db10b41897519ccfd02018a273a4","text":"Are you asking for help at your own home?","guid":"18eeb80469e722d4f3513ee0c5b183da219c6975","number":1,"settings":[{"name":"answers","value":"[{\"value\":\"yes\",\"text\":\"Yes\",\"data\":\"\",\"internal\":false},{\"value\":\"no\",\"text\":\"No\",\"data\":\"\",\"internal\":false}]"},{"name":"empty_option","value":"-- Please select --"}]},{"name":"q8759796960a1e0fb854c67050a0edb05cb1c5a42","text":"Please enter reasons why help is required?","guid":"18eeb80469e722d4f3513ee0c5b183da219c6975","number":1,"settings":[{"name":"answers","value":"[{\"value\":\"elderly_disabled\",\"text\":\"Elderly \/ Disabled\",\"data\":\"\",\"internal\":false},{\"value\":\"medical_condition\",\"text\":\"Medical Condition\",\"data\":\"\",\"internal\":false},{\"value\":\"other\",\"text\":\"Other\",\"data\":\"\",\"internal\":false}]"},{"name":"empty_option","value":"-- Please select --"}]},{"name":"q0f420410512959ec21dbeb490236d361721e24ae","text":"Where will the bin \/ box be left?","guid":"7d7527893d7f786c9073e6a651a9c26181d9a661","number":1,"settings":[]}],"clauseType":null,"data":null},{"name":"main","title":"main","showTitle":false,"hideInitially":false,"triggerQuestionName":null,"triggerQuestionSecondaryField":null,"triggerQuestionSection":null,"triggerOperator":null,"triggerAnswerValue":null,"isRepeatableQuestion":false,"repeatableQuestionSettings":[],"structure":"[{\"type\":\"question\",\"name\":\"q46115ad7ca41d7eddf31d51c430f15b9c6bb41e8\"},{\"type\":\"section\",\"name\":\"sc928af7c227eb6719e847ca52b1893d5a1e78063\",\"elements\":[{\"type\":\"question\",\"name\":\"q1adffadbe645db10b41897519ccfd02018a273a4\"},{\"type\":\"section\",\"name\":\"s835bd6c6f495d2d0f818393c9e9dc28c376a75a3\",\"elements\":[{\"type\":\"question\",\"name\":\"q1fa56c407d063dca552aa09015a8662f70037c4d\"}]},{\"type\":\"question\",\"name\":\"q8759796960a1e0fb854c67050a0edb05cb1c5a42\"},{\"type\":\"section\",\"name\":\"sefd30fcf03201428efe58c15754ef4e34b9643b2\",\"elements\":[{\"type\":\"question\",\"name\":\"q2d92280382b56b5a71bd48cf8a249ad71eae3883\"}]},{\"type\":\"question\",\"name\":\"q0f420410512959ec21dbeb490236d361721e24ae\"}]},{\"type\":\"section\",\"name\":\"s0af03298e553c0c712c1154f8574570cdf0e398f\"}]","questions":[{"name":"q46115ad7ca41d7eddf31d51c430f15b9c6bb41e8","text":"Is this a new request or to cancel an existing arrangement?","guid":"18eeb80469e722d4f3513ee0c5b183da219c6975","number":1,"settings":[{"name":"answers","value":"[{\"value\":\"new_request_for_assistance\",\"text\":\"New request for assistance\",\"data\":\"\",\"internal\":false},{\"value\":\"cancel_an_existing_agreement\",\"text\":\"Cancel an existing agreement\",\"data\":\"\",\"internal\":false}]"},{"name":"empty_option","value":"-- Please select --"}]}],"clauseType":null,"data":null},{"name":"s04cbb2c877d89da65cdfaad457fd3664afdcd34a","title":"Where the service need to stop","showTitle":false,"hideInitially":true,"triggerQuestionName":"qddad0717aa6db29347d4378e25ecf710c7077111","triggerQuestionSecondaryField":null,"triggerQuestionSection":"s0af03298e553c0c712c1154f8574570cdf0e398f","triggerOperator":"equal","triggerAnswerValue":"no","isRepeatableQuestion":false,"repeatableQuestionSettings":[],"structure":"[{\"type\":\"question\",\"name\":\"qa7a7815838f8e1ba303924e5dff0cc8f008b3cb6\"}]","questions":[{"name":"qa7a7815838f8e1ba303924e5dff0cc8f008b3cb6","text":"Please tell us where the service need to stop","guid":"dafc7be1f6e3057017f8b0a86d50373130ca5da0","number":1,"settings":[{"name":"type","value":"6bbccfb62ee2f3e6cbe9de1e944d18d7201a0fe6"}]}],"clauseType":null,"data":null},{"name":"s835bd6c6f495d2d0f818393c9e9dc28c376a75a3","title":"Where is help required?","showTitle":false,"hideInitially":true,"triggerQuestionName":"q1adffadbe645db10b41897519ccfd02018a273a4","triggerQuestionSecondaryField":null,"triggerQuestionSection":"sc928af7c227eb6719e847ca52b1893d5a1e78063","triggerOperator":"equal","triggerAnswerValue":"no","isRepeatableQuestion":false,"repeatableQuestionSettings":[],"structure":"[{\"type\":\"question\",\"name\":\"q1fa56c407d063dca552aa09015a8662f70037c4d\"}]","questions":[{"name":"q1fa56c407d063dca552aa09015a8662f70037c4d","text":"Please tell us where the help is required?","guid":"dafc7be1f6e3057017f8b0a86d50373130ca5da0","number":1,"settings":[{"name":"type","value":"6bbccfb62ee2f3e6cbe9de1e944d18d7201a0fe6"}]}],"clauseType":null,"data":null},{"name":"s0af03298e553c0c712c1154f8574570cdf0e398f","title":"Request to cancel existing help","showTitle":false,"hideInitially":true,"triggerQuestionName":"q46115ad7ca41d7eddf31d51c430f15b9c6bb41e8","triggerQuestionSecondaryField":null,"triggerQuestionSection":"main","triggerOperator":"equal","triggerAnswerValue":"cancel_an_existing_agreement","isRepeatableQuestion":false,"repeatableQuestionSettings":[],"structure":"[{\"type\":\"question\",\"name\":\"qddad0717aa6db29347d4378e25ecf710c7077111\"},{\"type\":\"section\",\"name\":\"s04cbb2c877d89da65cdfaad457fd3664afdcd34a\",\"elements\":[{\"type\":\"question\",\"name\":\"qa7a7815838f8e1ba303924e5dff0cc8f008b3cb6\"}]},{\"type\":\"question\",\"name\":\"q4108dddcca02acbc28dd2536bc457fbe3c0e090d\"}]","questions":[{"name":"qddad0717aa6db29347d4378e25ecf710c7077111","text":"Are you asking to cancel assistance at your home?","guid":"18eeb80469e722d4f3513ee0c5b183da219c6975","number":1,"settings":[{"name":"answers","value":"[{\"value\":\"yes\",\"text\":\"Yes\",\"data\":\"\",\"internal\":false},{\"value\":\"no\",\"text\":\"No\",\"data\":\"\",\"internal\":false}]"},{"name":"empty_option","value":"-- Please select --"}]},{"name":"q4108dddcca02acbc28dd2536bc457fbe3c0e090d","text":"Please provide reasons for cancellation","guid":"39c1d58d95f4fbb636ae61c4dccd9992ce707c24","number":1,"settings":[{"name":"rows","value":"4"},{"name":"cols","value":"80"}]}],"clauseType":null,"data":null}]}}