{"form.json":"7d7035ee4a0af0f0d7ce05e570a69fdbd18ffefa","page-templates\/Tell_us_about_yourself.json":"d27cbb2ad48f28ec8ec74aa8798f3bda91e15900","page-templates\/Smoke_Occurrence_Location.json":"8a8ad86da585c806612bad0667ce93b7103dad71","page-templates\/Details_about_the_bonfire.json":"8b5cc9296f2a75ea3918a13ec1e3f0bb6796b824","structure\/pages.json":"dbd4c5474d44b416458142c81fe55a6ac4f3e805","structure\/branching.json":"d719501a1fe46172bc6a58521da8cda3cf5b5461","misc\/pdfs.json":"97d170e1550eee4afc0af065b78cda302a97674c","misc\/prefills.json":"97d170e1550eee4afc0af065b78cda302a97674c","misc\/placeholders.json":"97d170e1550eee4afc0af065b78cda302a97674c","misc\/logic_definitions.json":"97d170e1550eee4afc0af065b78cda302a97674c","misc\/ic_inputs.json":"97d170e1550eee4afc0af065b78cda302a97674c","misc\/data-retention.json":"fa8b819d756eec4a4f185f5465ef79b349ea9ce4"}