{"title":"Report a Smoke Problem","instructions":"\n<p>There are no restrictions against having bonfires at residential properties but there are laws when they become a nuisance.\u00a0<\/p>\n\n<p>A bonfire must occur frequently to be considered a nuisance so if the situation doesn't improve, report it to us providing evidence about the frequency of the bonfires, their duration, location and how the bonfire directly affects you.\u00a0<\/p>\n\n<p>It is\u00a0 an offence to burn household waste which creates dark smoke (this includes rubber, painted \/ treated wood, furniture, tyres and plastic).<\/p>\n","progressBar":"0","allowUnregistered":"1","resumeAtStart":"0","reCaptcha":"0","internalOnly":0,"metadata":{"id":"637","itemID":"775","creator":"Vineethaa Thyagarajan","contributor":"","publisher":"Continuum SandBox","rights":"Continuum SandBox","source":"","status":"V1.0 Public Consumption","coverage":"UK","created":1568934000,"modified":1568934000,"valid":null,"expired":null,"format":"text\/html","language":"en","subject":"","description":"Report a Smoke Problem"},"categories":[{"id":"4852","categoryType":"Navigation","itemID":775,"categoryID":"200075"}]}