[{"pageID":"Start","questionName":null,"sectionName":null,"questionPageID":null,"questionSecondaryField":null,"logicID":null,"ruleNumber":1,"conditionNumber":1,"conditionOptionID":null,"conditionOperator":null,"conditionLiteralValue":null,"conditionLiteralValueTwo":null,"goToPageID":"18","clauseType":null,"data":null},{"pageID":"18","questionName":null,"sectionName":null,"questionPageID":null,"questionSecondaryField":null,"logicID":null,"ruleNumber":1,"conditionNumber":1,"conditionOptionID":null,"conditionOperator":null,"conditionLiteralValue":null,"conditionLiteralValueTwo":null,"goToPageID":"19","clauseType":null,"data":null},{"pageID":"19","questionName":null,"sectionName":null,"questionPageID":null,"questionSecondaryField":null,"logicID":null,"ruleNumber":1,"conditionNumber":1,"conditionOptionID":null,"conditionOperator":null,"conditionLiteralValue":null,"conditionLiteralValueTwo":null,"goToPageID":"Confirmation","clauseType":null,"data":null}]