{"id":902,"isFormSpecific":false,"version":{"metadata":{"id":2394,"title":"About your organisation","instructions":""},"sections":[{"name":"main","title":"main","showTitle":null,"hideInitially":null,"triggerQuestionName":null,"triggerQuestionSecondaryField":null,"triggerQuestionSection":null,"triggerOperator":null,"triggerAnswerValue":null,"isRepeatableQuestion":null,"repeatableQuestionSettings":[],"structure":"[{\"type\":\"question\",\"name\":\"q98c8a83df4b1137b415eae5bdfac1dd9bf9a522a\"},{\"type\":\"question\",\"name\":\"q5bc886bf0ab80d728b7c00f77e77b6e518b44fe9\"},{\"type\":\"question\",\"name\":\"q819387efdd2e51b665567775e942e8590717ac07\"},{\"type\":\"question\",\"name\":\"qfd64f5decefb2fe0e9a7ae0778bfc5cf481a34a2\"},{\"type\":\"question\",\"name\":\"q3b4d833c1ee8bd5e1e9e50b1e320a64f980db0a6\"}]","questions":[{"name":"q98c8a83df4b1137b415eae5bdfac1dd9bf9a522a","text":"Organisation name","guid":"Jadu\\XFormsPro\\Bundle\\StandardFormComponentBundle\\Component\\TextField\\TextFieldComponent","settings":[{"name":"required","value":"true"}]},{"name":"q5bc886bf0ab80d728b7c00f77e77b6e518b44fe9","text":"Contact name","guid":"Jadu\\XFormsPro\\Bundle\\StandardFormComponentBundle\\Component\\TextField\\TextFieldComponent","settings":[{"name":"required","value":"true"},{"name":"help","value":"Who should we contact at your organisation?"}]},{"name":"q819387efdd2e51b665567775e942e8590717ac07","text":"Email address","guid":"Jadu\\XFormsPro\\Bundle\\StandardFormComponentBundle\\Component\\TextField\\TextFieldComponent","settings":[{"name":"required","value":"true"}]},{"name":"qfd64f5decefb2fe0e9a7ae0778bfc5cf481a34a2","text":"Phone number","guid":"Jadu\\XFormsPro\\Bundle\\StandardFormComponentBundle\\Component\\TextField\\TextFieldComponent","settings":[{"name":"validation","value":"7"},{"name":"required","value":"true"}]},{"name":"q3b4d833c1ee8bd5e1e9e50b1e320a64f980db0a6","text":"Your organisation's address","guid":"Jadu\\XFormsPro\\Bundle\\StandardFormComponentBundle\\Component\\IntegratedComponent\\IntegratedComponent","settings":[{"name":"required","value":"true"},{"name":"type","value":"Jadu\\XFormsPro\\Bundle\\StandardFormComponentBundle\\IntegratedComponent\\PostcodeLookup\\PostcodeLookupIntegratedComponent"}]}],"clauseType":null,"data":null}]}}