{"id":901,"isFormSpecific":true,"version":{"metadata":{"id":2393,"title":"About the support you can offer (589) (527)","instructions":""},"sections":[{"name":"s4dac29eb36bcd30841d3e681ab0b46d2a4ab060a","title":"Number of parking spaces","showTitle":false,"hideInitially":true,"triggerQuestionName":"qc47b8febe4001aa8d547ab4bbb35d69f124934fa","triggerQuestionSecondaryField":null,"triggerQuestionSection":"main","triggerOperator":"equal","triggerAnswerValue":"yes","isRepeatableQuestion":false,"repeatableQuestionSettings":[],"structure":"[{\"type\":\"question\",\"name\":\"q8192726d434a9e92ae46a5bb51fa685531d30649\"}]","questions":[{"name":"q8192726d434a9e92ae46a5bb51fa685531d30649","text":"How many parking spaces?","guid":"Jadu\\XFormsPro\\Bundle\\StandardFormComponentBundle\\Component\\TextField\\TextFieldComponent","settings":[{"name":"required","value":"true"}]}],"clauseType":null,"data":null},{"name":"sc473104a2edf262a70df6967af3071e000dd18d3","title":"Tell us about your kitchen or catering facilities","showTitle":false,"hideInitially":true,"triggerQuestionName":"q278760aa57bd66efa1692f563f607e9b75d1f340","triggerQuestionSecondaryField":null,"triggerQuestionSection":"main","triggerOperator":"equal","triggerAnswerValue":"yes","isRepeatableQuestion":false,"repeatableQuestionSettings":[],"structure":"[{\"type\":\"question\",\"name\":\"q447c7926738122a8ee73f59c75942062ef34e069\"}]","questions":[{"name":"q447c7926738122a8ee73f59c75942062ef34e069","text":"Briefly describe your kitchen or catering facilities","guid":"Jadu\\XFormsPro\\Bundle\\StandardFormComponentBundle\\Component\\TextArea\\TextAreaComponent","settings":[{"name":"required","value":"true"},{"name":"rows","value":"4"},{"name":"cols","value":"40"}]}],"clauseType":null,"data":null},{"name":"main","title":"main","showTitle":null,"hideInitially":null,"triggerQuestionName":null,"triggerQuestionSecondaryField":null,"triggerQuestionSection":null,"triggerOperator":null,"triggerAnswerValue":null,"isRepeatableQuestion":null,"repeatableQuestionSettings":[],"structure":"[{\"type\":\"question\",\"name\":\"qa17e2c61e144adc9a7eaede7a4561cd4e16abf57\"},{\"type\":\"question\",\"name\":\"qc2d9669b2184645ac64f187ac29460b3d376751d\"},{\"type\":\"question\",\"name\":\"q012a14e7d7a3e0103a9905455e9d520997bb9e94\"},{\"type\":\"question\",\"name\":\"qc47b8febe4001aa8d547ab4bbb35d69f124934fa\"},{\"type\":\"section\",\"name\":\"s4dac29eb36bcd30841d3e681ab0b46d2a4ab060a\"},{\"type\":\"question\",\"name\":\"q54185a2718ba9fd20af16b32d245fd034568d512\"},{\"type\":\"question\",\"name\":\"q278760aa57bd66efa1692f563f607e9b75d1f340\"},{\"type\":\"section\",\"name\":\"sc473104a2edf262a70df6967af3071e000dd18d3\"},{\"type\":\"question\",\"name\":\"q186bf29630238427dd4f90e2398b06c52882299e\"},{\"type\":\"question\",\"name\":\"q990f244614d5d23b93fe00cb26b5f849462436b2\"}]","questions":{"0":{"name":"qa17e2c61e144adc9a7eaede7a4561cd4e16abf57","text":"What support can your organisation offer?","guid":"Jadu\\XFormsPro\\Bundle\\StandardFormComponentBundle\\Component\\Checkboxes\\CheckboxesComponent","settings":[{"name":"required","value":"true"},{"name":"help","value":"Select all that apply"},{"name":"answers","value":"[{\"value\":\"food_or_supplies\",\"text\":\"Food or supplies\",\"data\":\"\",\"internal\":false},{\"value\":\"financial_support\",\"text\":\"Financial support\",\"data\":\"\",\"internal\":false},{\"value\":\"support_for_the_elderly\",\"text\":\"Support for the elderly\",\"data\":\"\",\"internal\":false},{\"value\":\"medical_support\",\"text\":\"Medical support\",\"data\":\"\",\"internal\":false}]"}]},"1":{"name":"qc2d9669b2184645ac64f187ac29460b3d376751d","text":"Briefly describe the services you offer","guid":"Jadu\\XFormsPro\\Bundle\\StandardFormComponentBundle\\Component\\TextArea\\TextAreaComponent","settings":[{"name":"required","value":"true"},{"name":"rows","value":"4"},{"name":"cols","value":"40"}]},"2":{"name":"q012a14e7d7a3e0103a9905455e9d520997bb9e94","text":"How many people can you assist?","guid":"Jadu\\XFormsPro\\Bundle\\StandardFormComponentBundle\\Component\\TextField\\TextFieldComponent","settings":[{"name":"required","value":"true"},{"name":"help","value":"An estimate is fine."}]},"3":{"name":"qc47b8febe4001aa8d547ab4bbb35d69f124934fa","text":"Do you have car parking on site?","guid":"Jadu\\XFormsPro\\Bundle\\StandardFormComponentBundle\\Component\\RadioButtons\\RadioButtonsComponent","settings":[{"name":"required","value":"true"},{"name":"answers","value":"[{\"value\":\"yes\",\"text\":\"Yes\",\"data\":\"\",\"internal\":false},{\"value\":\"no\",\"text\":\"No\",\"data\":\"\",\"internal\":false}]"}]},"5":{"name":"q54185a2718ba9fd20af16b32d245fd034568d512","text":"Do you have an accessible entrance?","guid":"Jadu\\XFormsPro\\Bundle\\StandardFormComponentBundle\\Component\\RadioButtons\\RadioButtonsComponent","settings":[{"name":"required","value":"true"},{"name":"answers","value":"[{\"value\":\"yes\",\"text\":\"Yes\",\"data\":\"\",\"internal\":false},{\"value\":\"no\",\"text\":\"No\",\"data\":\"\",\"internal\":false}]"}]},"6":{"name":"q278760aa57bd66efa1692f563f607e9b75d1f340","text":"Do you have kitchen or catering facilities?","guid":"Jadu\\XFormsPro\\Bundle\\StandardFormComponentBundle\\Component\\RadioButtons\\RadioButtonsComponent","settings":[{"name":"required","value":"true"},{"name":"answers","value":"[{\"value\":\"yes\",\"text\":\"Yes\",\"data\":\"\",\"internal\":false},{\"value\":\"no\",\"text\":\"No\",\"data\":\"\",\"internal\":false}]"}]},"8":{"name":"q186bf29630238427dd4f90e2398b06c52882299e","text":"Do you have any other facilities you would like to tell us about?","guid":"Jadu\\XFormsPro\\Bundle\\StandardFormComponentBundle\\Component\\TextArea\\TextAreaComponent","settings":[{"name":"rows","value":"4"},{"name":"cols","value":"40"}]},"9":{"name":"q990f244614d5d23b93fe00cb26b5f849462436b2","text":"Which areas of the district do you cover?","guid":"Jadu\\XFormsPro\\Bundle\\StandardFormComponentBundle\\Component\\Checkboxes\\CheckboxesComponent","settings":[{"name":"required","value":"true"},{"name":"help","value":"Select all that apply"},{"name":"answers","value":"[{\"value\":\"x_district\",\"text\":\"X District\",\"data\":\"\",\"internal\":false},{\"value\":\"xx_district\",\"text\":\"XX District\",\"data\":\"\",\"internal\":false},{\"value\":\"xxx_district\",\"text\":\"XXX District\",\"data\":\"\",\"internal\":false},{\"value\":\"rural_areas\",\"text\":\"Rural areas\",\"data\":\"\",\"internal\":false}]"}]}},"clauseType":null,"data":null}]}}