{"id":903,"isFormSpecific":true,"version":{"metadata":{"id":2395,"title":"Data sharing and privacy (589) (527)","instructions":""},"sections":[{"name":"main","title":"main","showTitle":null,"hideInitially":null,"triggerQuestionName":null,"triggerQuestionSecondaryField":null,"triggerQuestionSection":null,"triggerOperator":null,"triggerAnswerValue":null,"isRepeatableQuestion":null,"repeatableQuestionSettings":[],"structure":"[{\"type\":\"question\",\"name\":\"qe78f0351178dd5fe6a8c5abb0befde886b4cf4b1\"},{\"type\":\"question\",\"name\":\"qce7bd50e501e126b400f6c01ed92061cc82a455d\"}]","questions":[{"name":"qe78f0351178dd5fe6a8c5abb0befde886b4cf4b1","text":"Would you agree to share your client data to help us reach those in need?","guid":"Jadu\\XFormsPro\\Bundle\\StandardFormComponentBundle\\Component\\RadioButtons\\RadioButtonsComponent","settings":[{"name":"required","value":"true"},{"name":"answers","value":"[{\"value\":\"yes\",\"text\":\"Yes\",\"data\":\"\",\"internal\":false},{\"value\":\"no\",\"text\":\"No\",\"data\":\"\",\"internal\":false}]"}]},{"name":"qce7bd50e501e126b400f6c01ed92061cc82a455d","text":"Would you agree to share data on your volunteers to help us support those in need?","guid":"Jadu\\XFormsPro\\Bundle\\StandardFormComponentBundle\\Component\\RadioButtons\\RadioButtonsComponent","settings":[{"name":"required","value":"true"},{"name":"answers","value":"[{\"value\":\"yes\",\"text\":\"Yes\",\"data\":\"\",\"internal\":false},{\"value\":\"no\",\"text\":\"No\",\"data\":\"\",\"internal\":false}]"}]}],"clauseType":null,"data":null}]}}