{"form.json":"297c1aa8ed668d8ec80dade60e67668b1033a045","page-templates\/Provide_Information.json":"797a246775e962348deeecfbaa177e12b4fe9f7e","structure\/pages.json":"72347cefcbef22d5d79431fb605754ead69a8e0e","structure\/branching.json":"b1b5101ea89c133fe333ae80c7f6acee341c7881","misc\/pdfs.json":"97d170e1550eee4afc0af065b78cda302a97674c","misc\/prefills.json":"97d170e1550eee4afc0af065b78cda302a97674c","misc\/placeholders.json":"97d170e1550eee4afc0af065b78cda302a97674c","misc\/logic_definitions.json":"97d170e1550eee4afc0af065b78cda302a97674c","misc\/ic_inputs.json":"97d170e1550eee4afc0af065b78cda302a97674c","misc\/data-retention.json":"fa8b819d756eec4a4f185f5465ef79b349ea9ce4"}