{"title":"Provide Information (Subject Access Request)","instructions":"","progressBar":"0","allowUnregistered":"1","resumeAtStart":"0","reCaptcha":"0","internalOnly":0,"metadata":{"id":"170","itemID":"308","creator":"Paul Johnson","contributor":"","publisher":"Sandbox 04","rights":"Sandbox 04","source":"","status":"V1.0 Public Consumption","coverage":"UK","created":1569970800,"modified":1569970800,"valid":null,"expired":null,"format":"text\/html","language":"en","subject":"","description":"Provide information to close subject access request"},"categories":[{"id":"2881","categoryType":"Navigation","itemID":308,"categoryID":"200129"}]}