{"id":389,"isFormSpecific":true,"version":{"metadata":{"id":1041,"title":"Animal Details","instructions":""},"sections":[{"name":"main","title":"main","showTitle":null,"hideInitially":null,"triggerQuestionName":null,"triggerQuestionSecondaryField":null,"triggerQuestionSection":null,"triggerOperator":null,"triggerAnswerValue":null,"isRepeatableQuestion":null,"repeatableQuestionSettings":[],"structure":"[{\"type\":\"question\",\"name\":\"qf01857f12c2251101086231318f1b373c4535062\"},{\"type\":\"question\",\"name\":\"q1d95fd8895ece2cdb8763897c19504720ef1b3fb\"},{\"type\":\"question\",\"name\":\"q1d6ba1d1f80842d0e0629c8e21e8c0a5446a95ca\"},{\"type\":\"question\",\"name\":\"qd600f903967e41372007d6ceb027a0d14e02863c\"},{\"type\":\"question\",\"name\":\"q68dd24a2b79a2c43f65fcd1b7528cba70bd2245c\"},{\"type\":\"question\",\"name\":\"q3d978dbade68b5eb266c9587905759e86f87f29e\"},{\"type\":\"question\",\"name\":\"qecf43394053d732deaa6503f1e9264207dbca4f9\"},{\"type\":\"question\",\"name\":\"q16b4fce18e1157413a7b956969b6a6cbe899cd19\"}]","questions":[{"name":"qf01857f12c2251101086231318f1b373c4535062","text":"Animal Name","guid":"7d7527893d7f786c9073e6a651a9c26181d9a661","settings":[{"name":"required","value":"true"}]},{"name":"q1d95fd8895ece2cdb8763897c19504720ef1b3fb","text":"Animal Type","guid":"18eeb80469e722d4f3513ee0c5b183da219c6975","settings":[{"name":"required","value":"true"},{"name":"answers","value":"[{\"value\":\"dog\",\"text\":\"Dog\",\"data\":\"\",\"internal\":false},{\"value\":\"cat\",\"text\":\"Cat\",\"data\":\"\",\"internal\":false}]"},{"name":"empty_option","value":"Please select..."}]},{"name":"q1d6ba1d1f80842d0e0629c8e21e8c0a5446a95ca","text":"Animal Gender","guid":"18eeb80469e722d4f3513ee0c5b183da219c6975","settings":[{"name":"required","value":"true"},{"name":"answers","value":"[{\"value\":\"male\",\"text\":\"Male\",\"data\":\"\",\"internal\":false},{\"value\":\"female\",\"text\":\"Female\",\"data\":\"\",\"internal\":false}]"},{"name":"empty_option","value":"Please select..."}]},{"name":"qd600f903967e41372007d6ceb027a0d14e02863c","text":"Breed (if known)","guid":"7d7527893d7f786c9073e6a651a9c26181d9a661","settings":[]},{"name":"q68dd24a2b79a2c43f65fcd1b7528cba70bd2245c","text":"Reference Number \/Tag Number","guid":"7d7527893d7f786c9073e6a651a9c26181d9a661","settings":[]},{"name":"q3d978dbade68b5eb266c9587905759e86f87f29e","text":"Microchip Number","guid":"7d7527893d7f786c9073e6a651a9c26181d9a661","settings":[]},{"name":"qecf43394053d732deaa6503f1e9264207dbca4f9","text":"Where was the animal previously located?","guid":"7d7527893d7f786c9073e6a651a9c26181d9a661","settings":[{"name":"required","value":"true"}]},{"name":"q16b4fce18e1157413a7b956969b6a6cbe899cd19","text":"Where is your animal currently kept?","guid":"7d7527893d7f786c9073e6a651a9c26181d9a661","settings":[{"name":"required","value":"true"}]}],"clauseType":null,"data":null}]}}