{"id":375,"isFormSpecific":true,"version":{"metadata":{"id":1034,"title":"About the dumped rubbish","instructions":""},"sections":[{"name":"main","title":"main","showTitle":null,"hideInitially":null,"triggerQuestionName":null,"triggerQuestionSecondaryField":null,"triggerQuestionSection":null,"triggerOperator":null,"triggerAnswerValue":null,"isRepeatableQuestion":null,"repeatableQuestionSettings":[],"structure":"[{\"type\":\"question\",\"name\":\"q8582306deb4dcad4cdb88cb8e05f260ecb9c0155\"},{\"type\":\"question\",\"name\":\"q65de3b61c5f3dcfdbddd9dc2616d4690dd48ffd7\"}]","questions":[{"name":"q8582306deb4dcad4cdb88cb8e05f260ecb9c0155","text":"Location of the dumped rubbish","guid":"Jadu\\XFormsPro\\Bundle\\StandardFormComponentBundle\\Component\\TextField\\TextFieldComponent","settings":[{"name":"required","value":"true"}]},{"name":"q65de3b61c5f3dcfdbddd9dc2616d4690dd48ffd7","text":"Description of the dumped rubbish","guid":"Jadu\\XFormsPro\\Bundle\\StandardFormComponentBundle\\Component\\TextArea\\TextAreaComponent","settings":[{"name":"required","value":"true"},{"name":"rows","value":"4"},{"name":"cols","value":"40"}]}],"clauseType":null,"data":null}]}}