{"id":381,"isFormSpecific":false,"version":{"metadata":{"id":996,"title":"Health Compliant","instructions":""},"sections":[{"name":"main","title":"main","showTitle":null,"hideInitially":null,"triggerQuestionName":null,"triggerQuestionSecondaryField":null,"triggerQuestionSection":null,"triggerOperator":null,"triggerAnswerValue":null,"isRepeatableQuestion":null,"repeatableQuestionSettings":[],"structure":"[{\"type\":\"question\",\"name\":\"qc900e2121ec50ad4777a656c767a911ae9c4a78c\"},{\"type\":\"question\",\"name\":\"qfb06cce0f5d2b3d1d2f531e9395cf20f461ec813\"},{\"type\":\"question\",\"name\":\"qc5e6371f7458331175c34f7c2262798a872ed5f6\"},{\"type\":\"question\",\"name\":\"q002109b1c7e13ccdb1a4ff799732bdeedc1539f9\"},{\"type\":\"question\",\"name\":\"q6d8bcdb910ab7016de0893222e98874aa6e50ab4\"}]","questions":[{"name":"qc900e2121ec50ad4777a656c767a911ae9c4a78c","text":"Complaint type","guid":"Jadu\\XFormsPro\\Bundle\\StandardFormComponentBundle\\Component\\Dropdown\\DropdownComponent","settings":[{"name":"required","value":"true"},{"name":"answers","value":"[{\"value\":\"asbestos\",\"text\":\"Asbestos\",\"data\":\"\",\"internal\":false},{\"value\":\"infectious_diseases\",\"text\":\"Infectious Diseases\",\"data\":\"\",\"internal\":false},{\"value\":\"noise\",\"text\":\"Noise\",\"data\":\"\",\"internal\":false},{\"value\":\"odour\",\"text\":\"Odour\",\"data\":\"\",\"internal\":false},{\"value\":\"pests\",\"text\":\"Pests\",\"data\":\"\",\"internal\":false},{\"value\":\"public_swimming_pools_and_spas\",\"text\":\"Public Swimming Pools and Spas\",\"data\":\"\",\"internal\":false},{\"value\":\"septic_systems\",\"text\":\"Septic Systems\",\"data\":\"\",\"internal\":false},{\"value\":\"tobacco\",\"text\":\"Tobacco\",\"data\":\"\",\"internal\":false}]"},{"name":"empty_option","value":"Please select..."}]},{"name":"qfb06cce0f5d2b3d1d2f531e9395cf20f461ec813","text":"Property Address \/ Location","guid":"Jadu\\XFormsPro\\Bundle\\StandardFormComponentBundle\\Component\\TextField\\TextFieldComponent","settings":[{"name":"required","value":"true"}]},{"name":"qc5e6371f7458331175c34f7c2262798a872ed5f6","text":"Description","guid":"Jadu\\XFormsPro\\Bundle\\StandardFormComponentBundle\\Component\\TextArea\\TextAreaComponent","settings":[{"name":"required","value":"true"},{"name":"help","value":"Please provide as many details as possible, such as date, time, etc."},{"name":"rows","value":"4"},{"name":"cols","value":"40"}]},{"name":"q002109b1c7e13ccdb1a4ff799732bdeedc1539f9","text":"When does the issue occur?","guid":"7d7527893d7f786c9073e6a651a9c26181d9a661","settings":[]},{"name":"q6d8bcdb910ab7016de0893222e98874aa6e50ab4","text":"What impacts, if any, has this had on your health?","guid":"7d7527893d7f786c9073e6a651a9c26181d9a661","settings":[]}],"clauseType":null,"data":null}]}}