{"id":11,"actionType":"Jadu\\XFormsPro\\Form\\Rules\\Actions\\CompletePage\\CompletePageActionType","title":"Completion screen","mappings":[{"field":"content","type":"static","value":"\n<p>Thanks for completing this form. We aim to contact you by the end of the next working day.<\/p>\n\n<p>If you are submitting this form at the weekend or public holiday and have less than 1 or 2 days supply of PPE please contact <a data-auth=\"NotApplicable\" href=\"mailto:EmergencyPlanning@birmingham.gov.uk?subject=Emergency%20PPE%20request\" rel=\"noopener noreferrer\" target=\"_blank\">EmergencyPlanning@xxx.gov.uk<\/a><\/p>\n","secondaryValue":null,"label":"Content"}]}