[{"pageID":"515","questionName":null,"sectionName":null,"questionPageID":null,"questionSecondaryField":null,"logicID":null,"ruleNumber":1,"conditionNumber":1,"conditionOptionID":null,"conditionOperator":null,"conditionLiteralValue":null,"conditionLiteralValueTwo":null,"goToPageID":"Confirmation","clauseType":null,"data":null},{"pageID":"517","questionName":null,"sectionName":null,"questionPageID":null,"questionSecondaryField":null,"logicID":null,"ruleNumber":1,"conditionNumber":1,"conditionOptionID":null,"conditionOperator":null,"conditionLiteralValue":null,"conditionLiteralValueTwo":null,"goToPageID":"Confirmation","clauseType":null,"data":null},{"pageID":"518","questionName":null,"sectionName":null,"questionPageID":null,"questionSecondaryField":null,"logicID":null,"ruleNumber":1,"conditionNumber":1,"conditionOptionID":null,"conditionOperator":null,"conditionLiteralValue":null,"conditionLiteralValueTwo":null,"goToPageID":"Confirmation","clauseType":null,"data":null},{"pageID":"519","questionName":null,"sectionName":null,"questionPageID":null,"questionSecondaryField":null,"logicID":null,"ruleNumber":1,"conditionNumber":1,"conditionOptionID":null,"conditionOperator":null,"conditionLiteralValue":null,"conditionLiteralValueTwo":null,"goToPageID":"Confirmation","clauseType":null,"data":null},{"pageID":"515","questionName":"q1283e26b86b55971d91588c3a078a552d7f38569","sectionName":"main","questionPageID":"515","questionSecondaryField":null,"logicID":null,"ruleNumber":2,"conditionNumber":1,"conditionOptionID":null,"conditionOperator":"selection contains","conditionLiteralValue":"[\"request_a_new_garbage_service\"]","conditionLiteralValueTwo":null,"goToPageID":"519","clauseType":null,"data":null},{"pageID":"515","questionName":"q1283e26b86b55971d91588c3a078a552d7f38569","sectionName":"main","questionPageID":"515","questionSecondaryField":null,"logicID":null,"ruleNumber":3,"conditionNumber":1,"conditionOptionID":null,"conditionOperator":"selection contains","conditionLiteralValue":"[\"replace_a_damagedstolen_bin\"]","conditionLiteralValueTwo":null,"goToPageID":"518","clauseType":null,"data":null},{"pageID":"515","questionName":"q1283e26b86b55971d91588c3a078a552d7f38569","sectionName":"main","questionPageID":"515","questionSecondaryField":null,"logicID":null,"ruleNumber":4,"conditionNumber":1,"conditionOptionID":null,"conditionOperator":"selection contains","conditionLiteralValue":"[\"report_a_missed_bin_collection\"]","conditionLiteralValueTwo":null,"goToPageID":"517","clauseType":null,"data":null},{"pageID":"Start","questionName":null,"sectionName":null,"questionPageID":null,"questionSecondaryField":null,"logicID":null,"ruleNumber":1,"conditionNumber":1,"conditionOptionID":null,"conditionOperator":null,"conditionLiteralValue":null,"conditionLiteralValueTwo":null,"goToPageID":"529","clauseType":null,"data":null},{"pageID":"529","questionName":null,"sectionName":null,"questionPageID":null,"questionSecondaryField":null,"logicID":null,"ruleNumber":1,"conditionNumber":1,"conditionOptionID":null,"conditionOperator":null,"conditionLiteralValue":null,"conditionLiteralValueTwo":null,"goToPageID":"515","clauseType":null,"data":null}]