{"form.json":"feeb96eb257b38a6ed2f038a6518bc1dc840f02b","page-templates\/CBG_Business_details_(529).json":"989ba829faba59ffabef8e78ed6181c9dd806434","page-templates\/CBG_Instructions_(529).json":"d4e653499d705eedcdb6a4385a600c123bed612b","page-templates\/CBG_Liable_person_details_(529).json":"d6785a6ffd3576a9ed6847272bc300705ffa8fb4","page-templates\/CBG_Payment_method_(529).json":"ca08101aad2f6f6cef7eaa4550356013892facdb","page-templates\/_Dead_end.json":"2c85a0039025a15a73b01be01c4a94d02c5180e7","structure\/pages.json":"e8f7de6b08ce9627fdb6b274579c8146b480b480","structure\/branching.json":"468e93bc677455577e99161f32f26e51609bcd1e","misc\/pdfs.json":"97d170e1550eee4afc0af065b78cda302a97674c","misc\/prefills.json":"97d170e1550eee4afc0af065b78cda302a97674c","misc\/placeholders.json":"97d170e1550eee4afc0af065b78cda302a97674c","misc\/logic_definitions.json":"97d170e1550eee4afc0af065b78cda302a97674c","misc\/ic_inputs.json":"97d170e1550eee4afc0af065b78cda302a97674c","misc\/data-retention.json":"fa8b819d756eec4a4f185f5465ef79b349ea9ce4"}