{"title":"Coronavirus business grant","instructions":"","progressBar":"1","allowUnregistered":"1","resumeAtStart":"1","reCaptcha":"0","internalOnly":0,"metadata":{"id":"391","itemID":"529","creator":"Web Services","contributor":"","publisher":"City of York Council","rights":"Copyright 2020, City of York Council","source":"","status":"V1.0 Public Consumption","coverage":"York, North Yorkshire, England, United Kingdom","created":1585695600,"modified":1585695600,"valid":null,"expired":null,"format":"text\/html","language":"en","subject":"business Grant, Small business grant, Business Rates, benefits, Virus, outbreak, Coronavirus, novel, Infectious, diseases, PHE, public health, protection, difficulty breathing, cough, 14 days, 111, GP, COVID-19, lockdown, isolate, self-isolation, cocooning, SBGF,  Small Business Grant Fund, Retail, Hospitality and Leisure Grant, RHLG,  Expanded Retail Discount, ERD,  Small Business Rates Relief, SBRR, Rural Rates Relief, RRR,","description":"Apply for a Small Business Grant to support your business in relation to COVID-19 coronavirus."},"categories":[{"id":"3625","categoryType":"Navigation","itemID":529,"categoryID":"200128"}]}