{"id":1266,"actionType":"Jadu\\XFormsPro\\Form\\Rules\\Actions\\CXM\\CreatePersonActionType","title":"Create person","mappings":[{"field":"title","type":"static","value":"","secondaryValue":null,"label":"Title"},{"field":"forename","type":"answer","value":"2032-main-q7f18991def86f49144a03c9b2a12205afced7b5f","secondaryValue":null,"label":"Forename"},{"field":"middle_names","type":"static","value":"","secondaryValue":null,"label":"Middle names"},{"field":"surname","type":"answer","value":"2032-main-q99d64edaf2f9ce17e2773dbca095414606d94acf","secondaryValue":null,"label":"Surname"},{"field":"email","type":"answer","value":"2032-main-qeb228d314c7cc3e2b0d05d7a5faf6465acf8d2c0","secondaryValue":null,"label":"Email"},{"field":"telephone_primary","type":"answer","value":"2032-main-q9d920b976b6e09a154c2c3f47f490ce3324bec67","secondaryValue":null,"label":"Primary telephone"},{"field":"telephone_secondary","type":"static","value":"","secondaryValue":null,"label":"Secondary telephone"},{"field":"address_reference","type":"answer","value":"2032-main-qe1752f5fc94d449c9ceb3304318cf033bdb571aa","secondaryValue":"uprn","label":"Address"}]}