{"id":1265,"actionType":"Jadu\\XFormsPro\\Form\\Rules\\Actions\\CXM\\CreateCaseActionType","title":"Create case","mappings":[{"field":"runAsSignedInUser","type":"static","value":"","secondaryValue":null,"label":"Run as signed in user"},{"field":"person","type":"static","value":"[xfp_deferred]","secondaryValue":null,"label":"Person"},{"field":"do-you-need-help-or-are-you-offering-to-help-out","type":"answer","value":"2030-main-q4d913394e5dc8b2c4a968d890aa08a5f6f7312b9","secondaryValue":null,"label":"Do you need help or are you offering to help?"},{"field":"how-do-you-know-the-person","type":"answer","value":"2037-main-q503d300824e71b4221b75948e3788e95d90df163","secondaryValue":null,"label":"How do you know the person?"},{"field":"specify-how-you-know-the-person","type":"answer","value":"2037-s5f03b1e3c2e784dba40d4643d2835d6d6ba851fb-q1cf59411fce21216a29ee8099080933304805690","secondaryValue":null,"label":"Specify how you know the person"},{"field":"what-is-their-full-name","type":"answer","value":"2037-main-q38da16cee66c02a3c8cf5457759e00d6cfdc1cd9","secondaryValue":null,"label":"What is their full name?"},{"field":"contact-address","type":"answer","value":"2037-main-q83deb2893933b9395b57dc403d42a4d59fd11c5b","secondaryValue":"retraced","label":"Contact address"},{"field":"address-of-person-you-are-reporting-on-behalf-of-manual","type":"answer","value":"2037-s6e89753a923a0ecf793879156b5a017ac63ca5e1-q5f09e4750f4580c4947a36ddb02a7d7076c17ce7","secondaryValue":null,"label":"Address of person you are reporting on behalf of (manual)"},{"field":"customer-email-address","type":"answer","value":"2037-main-q9bd48f3c5c6a1135b49b32c758faa828b01af9ed","secondaryValue":null,"label":"Customer email address"},{"field":"telephone-number-of-individual","type":"answer","value":"2037-main-q513e46e1a0f8f03517b4de8e6f67502781395619","secondaryValue":null,"label":"Telephone number of Individual"},{"field":"first-name","type":"answer","value":"2032-main-q7f18991def86f49144a03c9b2a12205afced7b5f","secondaryValue":null,"label":"First Name"},{"field":"last-name","type":"answer","value":"2032-main-q99d64edaf2f9ce17e2773dbca095414606d94acf","secondaryValue":null,"label":"Last Name"},{"field":"address","type":"answer","value":"2032-main-qe1752f5fc94d449c9ceb3304318cf033bdb571aa","secondaryValue":"uprn","label":"Address"},{"field":"address-manual-block","type":"answer","value":"2032-s944f30cb26f858f29b3acf4e4b571f8858c43c92-q6a543925291d70121c8c94d6fe25839b443b8222","secondaryValue":null,"label":"Address (Manual Block)"},{"field":"email-address","type":"answer","value":"2032-main-qeb228d314c7cc3e2b0d05d7a5faf6465acf8d2c0","secondaryValue":null,"label":"Email address"},{"field":"telephone-number","type":"answer","value":"2032-main-q9d920b976b6e09a154c2c3f47f490ce3324bec67","secondaryValue":null,"label":"Telephone number"},{"field":"what-are-you-able-to-help-with","type":"answer","value":"2034-main-q536a8ddd48969f902d401225a64690346d277c9a","secondaryValue":null,"label":"What are you able to help with?"},{"field":"provide-information-on-the-help-you-need","type":"answer","value":"2033-main-q8956ffe114d739f85edd54029496a1a38f529d12","secondaryValue":null,"label":"Provide information on the help you need"},{"field":"caseType","type":"static","value":"covid-19-community-form-1","secondaryValue":null,"label":"Case Type"}]}