{"id":1267,"actionType":"Jadu\\XFormsPro\\Form\\Rules\\Actions\\Email\\EmailActionType","title":"Email confirmation","mappings":[{"field":"template-to","type":"static","value":"{{0}}","secondaryValue":null,"label":"To"},{"field":"template-from","type":"static","value":"noreply@jadu.co.uk","secondaryValue":null,"label":"From"},{"field":"template-subject","type":"static","value":"COVID-19 community assistance form","secondaryValue":null,"label":"Subject"},{"field":"format","type":"static","value":"HTML","secondaryValue":null,"label":"Format"},{"field":"content","type":"static","value":"\n<p>Thank you for submitting the COVID-19 community assistance form. Your case reference number is\u00a0{{0}}.<\/p>\n\n<p>An officer will review your enquiry and deal with it appropriately.<\/p>\n","secondaryValue":null,"label":"Content"},{"field":"contentPlain","type":"static","value":"","secondaryValue":null,"label":"Content"},{"field":"attachmentType","type":"static","value":"None","secondaryValue":null,"label":"Attachment"},{"field":"attachmentFormat","type":"static","value":"PDF","secondaryValue":null,"label":"Attachment format"},{"field":"attachmentContent","type":"static","value":"","secondaryValue":null,"label":"Attachment content"},{"field":"attachmentPlain","type":"static","value":"","secondaryValue":null,"label":"Attachment content"}]}