[{"contentIdentifier":"1020_content","contentType":"ActionTemplateMapping","field":"0","type":"variable","value":"Jadu\\XFormsPro\\Bundle\\StandardFormComponentBundle\\VariableDefinition\\UserFormIdentifierDefinition","secondaryValue":null},{"contentIdentifier":"1019_template-to","contentType":"ActionTemplateMapping","field":"0","type":"logic","value":"1460","secondaryValue":null},{"contentIdentifier":"1019_content","contentType":"ActionTemplateMapping","field":"0","type":"variable","value":"Jadu\\XFormsPro\\Bundle\\StandardFormComponentBundle\\VariableDefinition\\UserFormIdentifierDefinition","secondaryValue":null}]