{"id":910,"isFormSpecific":false,"version":{"metadata":{"id":2409,"title":"_Dead end","instructions":"<p><span class=\"snippet\"><style type=\"text\/css\">\n.button--next,\n.button--primary,\n.xfpprimary {\nvisibility: hidden;\n}\n<\/style>\n<!-- rel:snippet --><\/span>Unfortunatly, due to your responses you're unable to continue this form.<\/p>\n\n<p>To complete this form, you must agree to the statements.<\/p>"},"sections":[{"name":"main","title":"main","showTitle":null,"hideInitially":null,"triggerQuestionName":null,"triggerQuestionSecondaryField":null,"triggerQuestionSection":null,"triggerOperator":null,"triggerAnswerValue":null,"isRepeatableQuestion":null,"repeatableQuestionSettings":[],"structure":"[]","questions":[],"clauseType":null,"data":null}]}}