{"id":908,"isFormSpecific":true,"version":{"metadata":{"id":2407,"title":"CBG Liable person details (529)","instructions":"<p>Please provide details of the liable party or the person completing the form if not liable.<\/p>"},"sections":[{"name":"main","title":"main","showTitle":null,"hideInitially":null,"triggerQuestionName":null,"triggerQuestionSecondaryField":null,"triggerQuestionSection":null,"triggerOperator":null,"triggerAnswerValue":null,"isRepeatableQuestion":null,"repeatableQuestionSettings":[],"structure":"[{\"type\":\"question\",\"name\":\"qec105cf6dcf37df9fb44b07cb85969e12ea9cc44\"},{\"type\":\"question\",\"name\":\"q62ebc071ea06fe28bf0b2d4d1a10909799c8c90c\"},{\"type\":\"question\",\"name\":\"q06b3ace0f70a7231e044835b81320ad8415693a3\"},{\"type\":\"question\",\"name\":\"q192849852c65db16e726e6a833c16b1480a2fbc9\"},{\"type\":\"question\",\"name\":\"q33ef4b5ed0d496ffed02afa5c41f0c5e9e8eecd1\"},{\"type\":\"question\",\"name\":\"q2a5b6c218a68c327716f80e1bca139c37a4d8c00\"},{\"type\":\"question\",\"name\":\"qe1d7c6a67ee3bdbe33a0a16680052c0af0bd6b41\"},{\"type\":\"question\",\"name\":\"q042a607514ebb032ba398f3a97d8bb6e45815b33\"},{\"type\":\"question\",\"name\":\"q4e91d783dc7068d2bd6c418a3224fdf45957241a\"}]","questions":[{"name":"qec105cf6dcf37df9fb44b07cb85969e12ea9cc44","text":"Title","guid":"Jadu\\XFormsPro\\Bundle\\StandardFormComponentBundle\\Component\\TextField\\TextFieldComponent","settings":[{"name":"required","value":"true"}]},{"name":"q62ebc071ea06fe28bf0b2d4d1a10909799c8c90c","text":"Forename","guid":"Jadu\\XFormsPro\\Bundle\\StandardFormComponentBundle\\Component\\TextField\\TextFieldComponent","settings":[{"name":"required","value":"true"}]},{"name":"q06b3ace0f70a7231e044835b81320ad8415693a3","text":"Middle names","guid":"Jadu\\XFormsPro\\Bundle\\StandardFormComponentBundle\\Component\\TextField\\TextFieldComponent","settings":[]},{"name":"q192849852c65db16e726e6a833c16b1480a2fbc9","text":"Surname","guid":"Jadu\\XFormsPro\\Bundle\\StandardFormComponentBundle\\Component\\TextField\\TextFieldComponent","settings":[{"name":"required","value":"true"}]},{"name":"q33ef4b5ed0d496ffed02afa5c41f0c5e9e8eecd1","text":"Contact telephone number","guid":"Jadu\\XFormsPro\\Bundle\\StandardFormComponentBundle\\Component\\TextField\\TextFieldComponent","settings":[{"name":"validation","value":"7"},{"name":"required","value":"true"}]},{"name":"q2a5b6c218a68c327716f80e1bca139c37a4d8c00","text":"Contact email address","guid":"Jadu\\XFormsPro\\Bundle\\StandardFormComponentBundle\\Component\\TextField\\TextFieldComponent","settings":[{"name":"validation","value":"4"},{"name":"required","value":"true"}]},{"name":"qe1d7c6a67ee3bdbe33a0a16680052c0af0bd6b41","text":"Date of Birth","guid":"Jadu\\XFormsPro\\Bundle\\StandardFormComponentBundle\\Component\\Date\\DateComponent","settings":[{"name":"accept_only_past_dates","value":"true"},{"name":"accept_only_past_dates_relative_value","value":""}]},{"name":"q042a607514ebb032ba398f3a97d8bb6e45815b33","text":"Correspondence address","guid":"Jadu\\XFormsPro\\Bundle\\StandardFormComponentBundle\\Component\\TextArea\\TextAreaComponent","settings":[{"name":"required","value":"true"},{"name":"rows","value":"4"},{"name":"cols","value":"40"}]},{"name":"q4e91d783dc7068d2bd6c418a3224fdf45957241a","text":"Correspondence Postcode","guid":"Jadu\\XFormsPro\\Bundle\\StandardFormComponentBundle\\Component\\TextField\\TextFieldComponent","settings":[{"name":"validation","value":"6"},{"name":"required","value":"true"}]}],"clauseType":null,"data":null}]}}