{"id":906,"isFormSpecific":true,"version":{"metadata":{"id":2405,"title":"CBG Business details (529)","instructions":""},"sections":[{"name":"s465995a0201147e11dde43b2bf18bce1843fb9d5","title":"Registered Number","showTitle":false,"hideInitially":true,"triggerQuestionName":"qd36d9a63ab8fee17ec8ac8a0293bf5cb5b7f0ba8","triggerQuestionSecondaryField":null,"triggerQuestionSection":"main","triggerOperator":"equal","triggerAnswerValue":"yes","isRepeatableQuestion":false,"repeatableQuestionSettings":[],"structure":"[{\"type\":\"question\",\"name\":\"qfdc2313b5a3c8f3b8635ed23fb393494785423c5\"}]","questions":[{"name":"qfdc2313b5a3c8f3b8635ed23fb393494785423c5","text":"Registered Company\/Society\/Charity Number","guid":"Jadu\\XFormsPro\\Bundle\\StandardFormComponentBundle\\Component\\TextField\\TextFieldComponent","settings":[{"name":"required","value":"true"}]}],"clauseType":null,"data":null},{"name":"s8b315744ac7ba39be58fe9ab89cbd39ddbfac750","title":"VAT","showTitle":false,"hideInitially":true,"triggerQuestionName":"q27551ce604120fe9d2c45053bd4083cda9285475","triggerQuestionSecondaryField":null,"triggerQuestionSection":"main","triggerOperator":"equal","triggerAnswerValue":"yes","isRepeatableQuestion":false,"repeatableQuestionSettings":[],"structure":"[{\"type\":\"question\",\"name\":\"q9dde331d612ccb3822fc6da06fbf5de595824064\"}]","questions":[{"name":"q9dde331d612ccb3822fc6da06fbf5de595824064","text":"VAT Registration Number","guid":"Jadu\\XFormsPro\\Bundle\\StandardFormComponentBundle\\Component\\TextField\\TextFieldComponent","settings":[]}],"clauseType":null,"data":null},{"name":"s162c197ed5b06e4e80513eb29eee58e01bb50c62","title":"Used for personal use","showTitle":false,"hideInitially":true,"triggerQuestionName":"q946c31e57598553fc87c2f8989ec96c014aa8815","triggerQuestionSecondaryField":null,"triggerQuestionSection":"main","triggerOperator":"equal","triggerAnswerValue":"yes","isRepeatableQuestion":false,"repeatableQuestionSettings":[],"structure":"[{\"type\":\"question\",\"name\":\"q213ddccb28d67e3476a333c75c2dd91dd39a18cd\"}]","questions":[{"name":"q213ddccb28d67e3476a333c75c2dd91dd39a18cd","text":"Used for personal use","guid":"Jadu\\XFormsPro\\Bundle\\StandardFormComponentBundle\\Component\\TextBlock\\TextBlockComponent","settings":[{"name":"value","value":"<p>This grant is not designed for hereditaments for personal use. Your application will not be accepted.<\/p>"}]}],"clauseType":null,"data":null},{"name":"s3051255bed01a46b62cc6ab871e5ff09aa862aa4","title":"Liquidation","showTitle":false,"hideInitially":true,"triggerQuestionName":"qff036a06e663a2aa58771a2dbdcfc1153cb67ec9","triggerQuestionSecondaryField":null,"triggerQuestionSection":"main","triggerOperator":"equal","triggerAnswerValue":"yes","isRepeatableQuestion":false,"repeatableQuestionSettings":[],"structure":"[{\"type\":\"question\",\"name\":\"qd91ba2e3d5165c7f34d58cf3c5c136c050787340\"}]","questions":[{"name":"qd91ba2e3d5165c7f34d58cf3c5c136c050787340","text":"From what date was the business dissolved or put into liquidation?","guid":"Jadu\\XFormsPro\\Bundle\\StandardFormComponentBundle\\Component\\Date\\DateComponent","settings":[{"name":"required","value":"true"},{"name":"accept_only_past_dates","value":"true"},{"name":"accept_only_past_dates_relative_value","value":""},{"name":"accept_only_dates_in_range","value":"true"},{"name":"accept_only_dates_in_range_start","value":"2020-03-11"},{"name":"accept_only_dates_in_range_end","value":"2021-01-01"},{"name":"validation_message","value":"Date must be in the past. Businesses that were dissolved or put into liquidation before 11 March 2020 are not entitled to this grant."}]}],"clauseType":null,"data":null},{"name":"main","title":"main","showTitle":null,"hideInitially":null,"triggerQuestionName":null,"triggerQuestionSecondaryField":null,"triggerQuestionSection":null,"triggerOperator":null,"triggerAnswerValue":null,"isRepeatableQuestion":null,"repeatableQuestionSettings":[],"structure":"[{\"type\":\"question\",\"name\":\"q36950bc97222f35a494f9b23acb1019bfc81e1fb\"},{\"type\":\"question\",\"name\":\"q7428769ed17cce46443290cbd4c0cd3b69827ea7\"},{\"type\":\"question\",\"name\":\"qd36d9a63ab8fee17ec8ac8a0293bf5cb5b7f0ba8\"},{\"type\":\"section\",\"name\":\"s465995a0201147e11dde43b2bf18bce1843fb9d5\"},{\"type\":\"question\",\"name\":\"q3ef1a5b976512b6c6af84463101e1f0e88df532f\"},{\"type\":\"question\",\"name\":\"q27551ce604120fe9d2c45053bd4083cda9285475\"},{\"type\":\"section\",\"name\":\"s8b315744ac7ba39be58fe9ab89cbd39ddbfac750\"},{\"type\":\"question\",\"name\":\"q9c57c109d9eae47519b69093f1aaebf463372229\"},{\"type\":\"question\",\"name\":\"q3f95004f15bebe84bc15413649040b800c0c50ee\"},{\"type\":\"question\",\"name\":\"q6813fba14a3d9a4855591fe5738792571c419950\"},{\"type\":\"question\",\"name\":\"qdbb56af4d32c8be207b4d9e79958781d352807b5\"},{\"type\":\"question\",\"name\":\"q946c31e57598553fc87c2f8989ec96c014aa8815\"},{\"type\":\"section\",\"name\":\"s162c197ed5b06e4e80513eb29eee58e01bb50c62\"},{\"type\":\"question\",\"name\":\"qff036a06e663a2aa58771a2dbdcfc1153cb67ec9\"},{\"type\":\"section\",\"name\":\"s3051255bed01a46b62cc6ab871e5ff09aa862aa4\"}]","questions":{"0":{"name":"q36950bc97222f35a494f9b23acb1019bfc81e1fb","text":"Payment reference number","guid":"Jadu\\XFormsPro\\Bundle\\StandardFormComponentBundle\\Component\\TextField\\TextFieldComponent","settings":[]},"1":{"name":"q7428769ed17cce46443290cbd4c0cd3b69827ea7","text":"Full company\/sole trader\/partner\/organisation names (please state the name as per the official registration for the company such as how it appears with Companies House\/CASCs register\/CICs register\/Mutuals Public Register\/Charity Commission)","guid":"Jadu\\XFormsPro\\Bundle\\StandardFormComponentBundle\\Component\\TextField\\TextFieldComponent","settings":[{"name":"required","value":"true"}]},"2":{"name":"qd36d9a63ab8fee17ec8ac8a0293bf5cb5b7f0ba8","text":"Are you a registered company, society or charity","guid":"Jadu\\XFormsPro\\Bundle\\StandardFormComponentBundle\\Component\\Dropdown\\DropdownComponent","settings":[{"name":"required","value":"true"},{"name":"answers","value":"[{\"value\":\"yes\",\"text\":\"Yes\",\"data\":\"\",\"internal\":false},{\"value\":\"no\",\"text\":\"No\",\"data\":\"\",\"internal\":false}]"},{"name":"empty_option","value":"Please select"}]},"4":{"name":"q3ef1a5b976512b6c6af84463101e1f0e88df532f","text":"Type of business","guid":"Jadu\\XFormsPro\\Bundle\\StandardFormComponentBundle\\Component\\TextField\\TextFieldComponent","settings":[]},"5":{"name":"q27551ce604120fe9d2c45053bd4083cda9285475","text":"Are you VAT registered","guid":"Jadu\\XFormsPro\\Bundle\\StandardFormComponentBundle\\Component\\Dropdown\\DropdownComponent","settings":[{"name":"required","value":"true"},{"name":"answers","value":"[{\"value\":\"yes\",\"text\":\"Yes\",\"data\":\"\",\"internal\":false},{\"value\":\"no\",\"text\":\"No\",\"data\":\"\",\"internal\":false}]"},{"name":"empty_option","value":"Please select"}]},"7":{"name":"q9c57c109d9eae47519b69093f1aaebf463372229","text":"Full address of property where the grant is sought","guid":"Jadu\\XFormsPro\\Bundle\\StandardFormComponentBundle\\Component\\TextArea\\TextAreaComponent","settings":[{"name":"required","value":"true"},{"name":"rows","value":"4"},{"name":"cols","value":"40"}]},"8":{"name":"q3f95004f15bebe84bc15413649040b800c0c50ee","text":"Postcode of property where grant is sought","guid":"Jadu\\XFormsPro\\Bundle\\StandardFormComponentBundle\\Component\\TextField\\TextFieldComponent","settings":[{"name":"validation","value":"6"},{"name":"required","value":"true"}]},"9":{"name":"q6813fba14a3d9a4855591fe5738792571c419950","text":"Rateable value of the property where the grant is sought (if known)","guid":"Jadu\\XFormsPro\\Bundle\\StandardFormComponentBundle\\Component\\TextField\\TextFieldComponent","settings":[{"name":"help","value":"If your rateable value is \u00a351,000 or more, you are not eligible for this grant."}]},"10":{"name":"qdbb56af4d32c8be207b4d9e79958781d352807b5","text":"From what date have you been in occupation at of the property?","guid":"Jadu\\XFormsPro\\Bundle\\StandardFormComponentBundle\\Component\\Date\\DateComponent","settings":[{"name":"required","value":"true"},{"name":"help","value":"Occupations beginning after 11 March 2020 will not accepted"}]},"11":{"name":"q946c31e57598553fc87c2f8989ec96c014aa8815","text":"Is the property used for personal use?","guid":"Jadu\\XFormsPro\\Bundle\\StandardFormComponentBundle\\Component\\Dropdown\\DropdownComponent","settings":[{"name":"required","value":"true"},{"name":"help","value":"Examples of where there may be personal use include private stables and loose boxes, beach huts and moorings, car parks and parking spaces."},{"name":"answers","value":"[{\"value\":\"yes\",\"text\":\"Yes\",\"data\":\"\",\"internal\":false},{\"value\":\"no\",\"text\":\"No\",\"data\":\"\",\"internal\":false}]"},{"name":"empty_option","value":"Please select"}]},"13":{"name":"qff036a06e663a2aa58771a2dbdcfc1153cb67ec9","text":"Is the business or dissolved or in liquidation","guid":"Jadu\\XFormsPro\\Bundle\\StandardFormComponentBundle\\Component\\Dropdown\\DropdownComponent","settings":[{"name":"required","value":"true"},{"name":"answers","value":"[{\"value\":\"yes\",\"text\":\"Yes\",\"data\":\"\",\"internal\":false},{\"value\":\"no\",\"text\":\"No\",\"data\":\"\",\"internal\":false}]"},{"name":"empty_option","value":"Please select"}]}},"clauseType":null,"data":null}]}}