{"id":1499,"name":"Anonymous or named","type":"conditional","internalOnly":false,"formula":"","decimalPlaces":null,"inputs":[],"conditional":{"id":207,"else":{"type":"staticvalueclause","value":{"staticText":"Anonymous"}},"statements":[{"conditions":[{"label":"If","type":"ifcondition","clauseA":{"type":"questionresponseclause","value":{"question":"{\"value\":\"1315-main-q170fccaf31fecc74b54dcaec413f31b2c3fed475\",\"type\":\"answer\"}"}},"clauseB":{"type":"staticvalueclause","value":{"staticText":"yes"}},"operator":"is equal to","conditions":[]}],"return":{"type":"logicclause","value":{"logic":1501}}}]}}