{"id":930,"isFormSpecific":true,"version":{"metadata":{"id":2452,"title":"NHS letter received (535)","instructions":""},"sections":[{"name":"s2563142edf76f6aebaf22003704ad9f313e8dde7","title":"What help is needed","showTitle":false,"hideInitially":true,"triggerQuestionName":"q4c96a78c2d538913669b7bc5d4423a78f024857f","triggerQuestionSecondaryField":null,"triggerQuestionSection":"main","triggerOperator":"equal","triggerAnswerValue":"yes","isRepeatableQuestion":false,"repeatableQuestionSettings":[],"structure":"[{\"type\":\"question\",\"name\":\"qb17384885fc527190937d8006546fc2a4afe333a\"}]","questions":[{"name":"qb17384885fc527190937d8006546fc2a4afe333a","text":"What do you need help with","guid":"Jadu\\XFormsPro\\Bundle\\StandardFormComponentBundle\\Component\\Dropdown\\DropdownComponent","settings":[{"name":"required","value":"true"},{"name":"answers","value":"[{\"value\":\"emergency_food_supplies\",\"text\":\"Emergency food supplies\",\"data\":\"\",\"internal\":false},{\"value\":\"emergency_household_essential\",\"text\":\"Emergency household essential\",\"data\":\"\",\"internal\":false},{\"value\":\"medical_prescription_collection\",\"text\":\"Prescription collection\",\"data\":\"\",\"internal\":false},{\"value\":\"social_contact\",\"text\":\"Social contact\",\"data\":\"\",\"internal\":false},{\"value\":\"other\",\"text\":\"Other\",\"data\":\"\",\"internal\":false}]"},{"name":"empty_option","value":"Please select"}]}],"clauseType":null,"data":null},{"name":"main","title":"main","showTitle":null,"hideInitially":null,"triggerQuestionName":null,"triggerQuestionSecondaryField":null,"triggerQuestionSection":null,"triggerOperator":null,"triggerAnswerValue":null,"isRepeatableQuestion":null,"repeatableQuestionSettings":[],"structure":"[{\"type\":\"question\",\"name\":\"q4c96a78c2d538913669b7bc5d4423a78f024857f\"},{\"type\":\"section\",\"name\":\"s2563142edf76f6aebaf22003704ad9f313e8dde7\"},{\"type\":\"question\",\"name\":\"qf209030207872a1d14fed0cbad648f4a74d469fd\"},{\"type\":\"question\",\"name\":\"q2000633e074d1f0f676dbd15a9c81e7967c09cd2\"}]","questions":{"0":{"name":"q4c96a78c2d538913669b7bc5d4423a78f024857f","text":"Is the recipient classified as clinically extremely vulnerable according to the NHS? (You will have received a letter or message from your doctor)","guid":"Jadu\\XFormsPro\\Bundle\\StandardFormComponentBundle\\Component\\RadioButtons\\RadioButtonsComponent","settings":[{"name":"required","value":"true"},{"name":"default","value":"no"},{"name":"answers","value":"[{\"value\":\"yes\",\"text\":\"Yes\",\"data\":\"\",\"internal\":false},{\"value\":\"no\",\"text\":\"No\",\"data\":\"\",\"internal\":false}]"}]},"2":{"name":"qf209030207872a1d14fed0cbad648f4a74d469fd","text":"Is there any other important information we should know about the recipient?","guid":"Jadu\\XFormsPro\\Bundle\\StandardFormComponentBundle\\Component\\TextArea\\TextAreaComponent","settings":[{"name":"rows","value":"4"},{"name":"cols","value":"40"}]},"3":{"name":"q2000633e074d1f0f676dbd15a9c81e7967c09cd2","text":"Channel","guid":"Jadu\\XFormsPro\\Bundle\\StandardFormComponentBundle\\Component\\HiddenField\\HiddenFieldComponent","settings":[{"name":"value","value":"."}]}},"clauseType":null,"data":null}]}}