{"id":931,"isFormSpecific":false,"version":{"metadata":{"id":2453,"title":"Other support available","instructions":""},"sections":[{"name":"s1f9333ed137768e264a10c93d70e20a98dfb4143","title":"Yes","showTitle":false,"hideInitially":true,"triggerQuestionName":"q6ce6df316aea952f6a6299eca931abd96d92675e","triggerQuestionSecondaryField":null,"triggerQuestionSection":"main","triggerOperator":"equal","triggerAnswerValue":"yes","isRepeatableQuestion":false,"repeatableQuestionSettings":[],"structure":"[{\"type\":\"question\",\"name\":\"q6b04fc2f79c7bba9cb225e73a1225c7b3f049d52\"},{\"type\":\"section\",\"name\":\"sc444734f8b258978d51e46a387cafe8b81775225\"}]","questions":[{"name":"q6b04fc2f79c7bba9cb225e73a1225c7b3f049d52","text":"Nature of support network","guid":"Jadu\\XFormsPro\\Bundle\\StandardFormComponentBundle\\Component\\RadioButtons\\RadioButtonsComponent","settings":[{"name":"required","value":"true"},{"name":"answers","value":"[{\"value\":\"someone_who_lives_with_you\",\"text\":\"Someone who lives with you\",\"data\":\"\",\"internal\":false},{\"value\":\"family\",\"text\":\"Family\",\"data\":\"\",\"internal\":false},{\"value\":\"neighbour\",\"text\":\"Neighbour\",\"data\":\"\",\"internal\":false},{\"value\":\"friend\",\"text\":\"Friend\",\"data\":\"\",\"internal\":false},{\"value\":\"other_group\",\"text\":\"Other group\",\"data\":\"\",\"internal\":false}]"}]}],"clauseType":null,"data":null},{"name":"sc444734f8b258978d51e46a387cafe8b81775225","title":"Other group","showTitle":false,"hideInitially":true,"triggerQuestionName":"q6b04fc2f79c7bba9cb225e73a1225c7b3f049d52","triggerQuestionSecondaryField":null,"triggerQuestionSection":"s1f9333ed137768e264a10c93d70e20a98dfb4143","triggerOperator":"equal","triggerAnswerValue":"other_group","isRepeatableQuestion":false,"repeatableQuestionSettings":[],"structure":"[{\"type\":\"question\",\"name\":\"qf0a48195e31c3cbf94e6f2c937d3190968470822\"}]","questions":[{"name":"qf0a48195e31c3cbf94e6f2c937d3190968470822","text":"Other please specify","guid":"Jadu\\XFormsPro\\Bundle\\StandardFormComponentBundle\\Component\\TextField\\TextFieldComponent","settings":[{"name":"required","value":"true"}]}],"clauseType":null,"data":null},{"name":"main","title":"main","showTitle":null,"hideInitially":null,"triggerQuestionName":null,"triggerQuestionSecondaryField":null,"triggerQuestionSection":null,"triggerOperator":null,"triggerAnswerValue":null,"isRepeatableQuestion":null,"repeatableQuestionSettings":[],"structure":"[{\"type\":\"question\",\"name\":\"q6ce6df316aea952f6a6299eca931abd96d92675e\"},{\"type\":\"section\",\"name\":\"s1f9333ed137768e264a10c93d70e20a98dfb4143\"},{\"type\":\"question\",\"name\":\"q2c80b71c3e0c5cb87898a638d47eade915ad3a4e\"}]","questions":{"0":{"name":"q6ce6df316aea952f6a6299eca931abd96d92675e","text":"Does the recipient have a support network of family, friends or neighbours who could help you with your current need?","guid":"Jadu\\XFormsPro\\Bundle\\StandardFormComponentBundle\\Component\\RadioButtons\\RadioButtonsComponent","settings":[{"name":"required","value":"true"},{"name":"answers","value":"[{\"value\":\"yes\",\"text\":\"Yes\",\"data\":\"\",\"internal\":false},{\"value\":\"no\",\"text\":\"No\",\"data\":\"\",\"internal\":false}]"}]},"2":{"name":"q2c80b71c3e0c5cb87898a638d47eade915ad3a4e","text":"Anything else we need to know about the support network?","guid":"Jadu\\XFormsPro\\Bundle\\StandardFormComponentBundle\\Component\\TextArea\\TextAreaComponent","settings":[{"name":"rows","value":"4"},{"name":"cols","value":"40"}]}},"clauseType":null,"data":null}]}}