{"id":932,"isFormSpecific":false,"version":{"metadata":{"id":2454,"title":"Recipient Details","instructions":""},"sections":[{"name":"s93e6b50e3f740efb58ab628be36eed938cb75d5d","title":"Not shielded","showTitle":false,"hideInitially":false,"triggerQuestionName":null,"triggerQuestionSecondaryField":null,"triggerQuestionSection":null,"triggerOperator":null,"triggerAnswerValue":null,"isRepeatableQuestion":false,"repeatableQuestionSettings":[],"structure":"[{\"type\":\"question\",\"name\":\"q792bb35916b3bb0d47fe04187c432dee6b7dfe20\"},{\"type\":\"section\",\"name\":\"s0a715ee8b77e5115292767c7c7bf9bce1df168ba\"}]","questions":[{"name":"q792bb35916b3bb0d47fe04187c432dee6b7dfe20","text":"Do any of the following apply?","guid":"Jadu\\XFormsPro\\Bundle\\StandardFormComponentBundle\\Component\\RadioButtons\\RadioButtonsComponent","settings":[{"name":"required","value":"true"},{"name":"answers","value":"[{\"value\":\"over_70\",\"text\":\"Over 70\",\"data\":\"\",\"internal\":false},{\"value\":\"pregnant\",\"text\":\"Pregnant\",\"data\":\"\",\"internal\":false},{\"value\":\"instructed_to_get_a_flu_jab_as_an_adult_each_year_on_medical_grounds\",\"text\":\"Instructed to get a flu jab as an adult each year on medical grounds\",\"data\":\"\",\"internal\":false},{\"value\":\"already_receiving_support_from_adult_social_care\",\"text\":\"Already receiving support from adult social care\",\"data\":\"\",\"internal\":false},{\"value\":\"someone_in_the_household_is_already_receiving_support_from_childrens_social_care\",\"text\":\"Someone in the household is already receiving support from children\u2019s social care (Birmingham's Children Trust)\",\"data\":\"\",\"internal\":false},{\"value\":\"tenant_of_supported_housing\",\"text\":\"Tenant of supported housing\",\"data\":\"\",\"internal\":false},{\"value\":\"self-isolating_due_to_illness\",\"text\":\"Self-isolating due to illness\",\"data\":\"\",\"internal\":false},{\"value\":\"self-isolating_due_to_an_underlying_health_issue\",\"text\":\"Self-isolating due to an underlying health issue\",\"data\":\"\",\"internal\":false},{\"value\":\"other\",\"text\":\"Other\",\"data\":\"\",\"internal\":false}]"}]}],"clauseType":null,"data":null},{"name":"s618c5e694f71c0f50a06fde7403341363013ccb7","title":"What is the request?","showTitle":false,"hideInitially":false,"triggerQuestionName":null,"triggerQuestionSecondaryField":null,"triggerQuestionSection":null,"triggerOperator":null,"triggerAnswerValue":null,"isRepeatableQuestion":false,"repeatableQuestionSettings":[],"structure":"[{\"type\":\"question\",\"name\":\"q906a1faf064132a32b6dcbf29627f1dae11e16dd\"}]","questions":[{"name":"q906a1faf064132a32b6dcbf29627f1dae11e16dd","text":"What do you need help with","guid":"Jadu\\XFormsPro\\Bundle\\StandardFormComponentBundle\\Component\\Dropdown\\DropdownComponent","settings":[{"name":"required","value":"true"},{"name":"answers","value":"[{\"value\":\"emergency_food_supplies\",\"text\":\"Emergency food supplies\",\"data\":\"\",\"internal\":false},{\"value\":\"emergency_household_essentials\",\"text\":\"Emergency household essentials\",\"data\":\"\",\"internal\":false},{\"value\":\"medical_prescription_collection\",\"text\":\"Prescription collection\",\"data\":\"\",\"internal\":false},{\"value\":\"social_contact\",\"text\":\"Social Contact\",\"data\":\"\",\"internal\":false},{\"value\":\"other\",\"text\":\"Other\",\"data\":\"\",\"internal\":false}]"},{"name":"empty_option","value":"Please select"}]}],"clauseType":null,"data":null},{"name":"s4217370b297396ab9451c3530f092d26f347cab9","title":"is there help available ?","showTitle":false,"hideInitially":true,"triggerQuestionName":"q906a1faf064132a32b6dcbf29627f1dae11e16dd","triggerQuestionSecondaryField":null,"triggerQuestionSection":"s618c5e694f71c0f50a06fde7403341363013ccb7","triggerOperator":"contains","triggerAnswerValue":"emergency","isRepeatableQuestion":false,"repeatableQuestionSettings":[],"structure":"[{\"type\":\"question\",\"name\":\"q81333b975ce8868bb0d6b87c16b2586954224a73\"}]","questions":[{"name":"q81333b975ce8868bb0d6b87c16b2586954224a73","text":"Do you have someone who is able to help you","guid":"Jadu\\XFormsPro\\Bundle\\StandardFormComponentBundle\\Component\\RadioButtons\\RadioButtonsComponent","settings":[{"name":"required","value":"true"},{"name":"answers","value":"[{\"value\":\"yes\",\"text\":\"Yes\",\"data\":\"\",\"internal\":false},{\"value\":\"no\",\"text\":\"No\",\"data\":\"\",\"internal\":false}]"}]}],"clauseType":null,"data":null},{"name":"s0a715ee8b77e5115292767c7c7bf9bce1df168ba","title":"Other","showTitle":false,"hideInitially":true,"triggerQuestionName":"q792bb35916b3bb0d47fe04187c432dee6b7dfe20","triggerQuestionSecondaryField":null,"triggerQuestionSection":"s93e6b50e3f740efb58ab628be36eed938cb75d5d","triggerOperator":"equal","triggerAnswerValue":"other","isRepeatableQuestion":false,"repeatableQuestionSettings":[],"structure":"[{\"type\":\"question\",\"name\":\"q5ab0fa912cd28fd7b5ce842355c4cce2cea2c184\"}]","questions":[{"name":"q5ab0fa912cd28fd7b5ce842355c4cce2cea2c184","text":"Other please specify","guid":"Jadu\\XFormsPro\\Bundle\\StandardFormComponentBundle\\Component\\TextField\\TextFieldComponent","settings":[{"name":"required","value":"true"}]}],"clauseType":null,"data":null},{"name":"main","title":"main","showTitle":null,"hideInitially":null,"triggerQuestionName":null,"triggerQuestionSecondaryField":null,"triggerQuestionSection":null,"triggerOperator":null,"triggerAnswerValue":null,"isRepeatableQuestion":null,"repeatableQuestionSettings":[],"structure":"[{\"type\":\"section\",\"name\":\"s93e6b50e3f740efb58ab628be36eed938cb75d5d\"},{\"type\":\"section\",\"name\":\"s618c5e694f71c0f50a06fde7403341363013ccb7\"},{\"type\":\"section\",\"name\":\"s4217370b297396ab9451c3530f092d26f347cab9\"},{\"type\":\"question\",\"name\":\"q2000633e074d1f0f676dbd15a9c81e7967c09cd2\"}]","questions":{"3":{"name":"q2000633e074d1f0f676dbd15a9c81e7967c09cd2","text":"Channel","guid":"Jadu\\XFormsPro\\Bundle\\StandardFormComponentBundle\\Component\\HiddenField\\HiddenFieldComponent","settings":[{"name":"value","value":"."}]}},"clauseType":null,"data":null}]}}