{"id":933,"isFormSpecific":false,"version":{"metadata":{"id":2455,"title":"Unable to complete online","instructions":"<p>&nbsp;<\/p>\n\n<p>&nbsp;<\/p>\n<style type=\"text\/css\">.button--primary{ visibility:hidden;}\n<\/style>"},"sections":[{"name":"main","title":"main","showTitle":null,"hideInitially":null,"triggerQuestionName":null,"triggerQuestionSecondaryField":null,"triggerQuestionSection":null,"triggerOperator":null,"triggerAnswerValue":null,"isRepeatableQuestion":null,"repeatableQuestionSettings":[],"structure":"[]","questions":[],"clauseType":null,"data":null}]}}