{"id":934,"isFormSpecific":false,"version":{"metadata":{"id":2456,"title":"What help is needed","instructions":""},"sections":[{"name":"s5b6c72d8d6936225a9d2e3c6053cc83027409652","title":"I require support","showTitle":false,"hideInitially":true,"triggerQuestionName":"q7e908fe051d64cfb09a63360400aeaf0b609bd40","triggerQuestionSecondaryField":null,"triggerQuestionSection":"main","triggerOperator":"equal","triggerAnswerValue":"i_require_support","isRepeatableQuestion":false,"repeatableQuestionSettings":[],"structure":"[{\"type\":\"question\",\"name\":\"qd19a792bd0785bef8dfba9711d6d6336b1178644\"},{\"type\":\"question\",\"name\":\"qd77cfaa8e7b27e87c1ef38ff44fe617d0dfeb615\"},{\"type\":\"section\",\"name\":\"s1ab1408ec39e2fc306e9f17653ef08c1e0b00e40\",\"elements\":[{\"type\":\"question\",\"name\":\"q8a137af3b39c3d37de8f66ff75d5d50883e1dd2c\"}]},{\"type\":\"section\",\"name\":\"s8fa67d6a07bac6bf221d1cbb5b06f097ae664fda\",\"elements\":[{\"type\":\"question\",\"name\":\"q675c915b62a48f73b8ba8b0cf85c2a0e58aef20f\"}]},{\"type\":\"question\",\"name\":\"qf91c33271ed5e27e1ddbfb8a6b664cbdd9dc5039\"},{\"type\":\"question\",\"name\":\"q411e4be31d1bb6ac458002d722b6bb02bdc7e06a\"},{\"type\":\"question\",\"name\":\"q53c3ef87e1d30e6113f724096d818a0a10b5fa95\"},{\"type\":\"question\",\"name\":\"q80b3667d6997b9935855a5e9cb74d66176f4cb62\"},{\"type\":\"section\",\"name\":\"s18e774bbd393bd74ae5fc5c80864061040e03632\",\"elements\":[{\"type\":\"question\",\"name\":\"qafce279cafef0705a94da66bd609ce202a557003\"}]},{\"type\":\"question\",\"name\":\"qc23ef4f3824f7d92d025d09437ac6a62ed82a7c2\"}]","questions":{"0":{"name":"qd19a792bd0785bef8dfba9711d6d6336b1178644","text":"Support type","guid":"Jadu\\XFormsPro\\Bundle\\StandardFormComponentBundle\\Component\\HiddenField\\HiddenFieldComponent","settings":[{"name":"value","value":"0"}]},"1":{"name":"qd77cfaa8e7b27e87c1ef38ff44fe617d0dfeb615","text":"What support do you require?","guid":"Jadu\\XFormsPro\\Bundle\\StandardFormComponentBundle\\Component\\Checkboxes\\CheckboxesComponent","settings":[{"name":"required","value":"true"},{"name":"answers","value":"[{\"value\":\"emergency_food_supplies\",\"text\":\"Emergency food supplies\",\"data\":\"\",\"internal\":false},{\"value\":\"emergency_household_essentials\",\"text\":\"Emergency household essentials\",\"data\":\"\",\"internal\":false},{\"value\":\"medical_prescription_collection\",\"text\":\"Medical \/ Prescription collection\",\"data\":\"\",\"internal\":false},{\"value\":\"social_contact\",\"text\":\"Social contact\",\"data\":\"\",\"internal\":false},{\"value\":\"other\",\"text\":\"Other\",\"data\":\"\",\"internal\":false}]"}]},"4":{"name":"qf91c33271ed5e27e1ddbfb8a6b664cbdd9dc5039","text":"How many adults (aged 16 or over) are living in the household?","guid":"Jadu\\XFormsPro\\Bundle\\StandardFormComponentBundle\\Component\\TextField\\TextFieldComponent","settings":[{"name":"validation","value":"3"},{"name":"required","value":"true"}]},"5":{"name":"q411e4be31d1bb6ac458002d722b6bb02bdc7e06a","text":"How many children (aged 1-16) are living in the household?","guid":"Jadu\\XFormsPro\\Bundle\\StandardFormComponentBundle\\Component\\TextField\\TextFieldComponent","settings":[{"name":"validation","value":"3"},{"name":"required","value":"true"}]},"6":{"name":"q53c3ef87e1d30e6113f724096d818a0a10b5fa95","text":"How many infants (under 1) are living in the household?","guid":"Jadu\\XFormsPro\\Bundle\\StandardFormComponentBundle\\Component\\TextField\\TextFieldComponent","settings":[{"name":"validation","value":"3"},{"name":"required","value":"true"}]},"7":{"name":"q80b3667d6997b9935855a5e9cb74d66176f4cb62","text":"Do any of the following dietary requirements or allergies need to be catered for?","guid":"Jadu\\XFormsPro\\Bundle\\StandardFormComponentBundle\\Component\\Checkboxes\\CheckboxesComponent","settings":[{"name":"required","value":"true"},{"name":"answers","value":"[{\"value\":\"vegetarian\",\"text\":\"Vegetarian\",\"data\":\"\",\"internal\":false},{\"value\":\"vegan\",\"text\":\"Vegan\",\"data\":\"\",\"internal\":false},{\"value\":\"nut_allergy\",\"text\":\"Nut allergy\",\"data\":\"\",\"internal\":false},{\"value\":\"gluten_intolerance_celiac\",\"text\":\"Gluten intolerance \/ celiac\",\"data\":\"\",\"internal\":false},{\"value\":\"lactose_intolerance\",\"text\":\"Lactose intolerance\",\"data\":\"\",\"internal\":false},{\"value\":\"egg_allergy\",\"text\":\"Egg allergy\",\"data\":\"\",\"internal\":false},{\"value\":\"halal\",\"text\":\"Halal\",\"data\":\"\",\"internal\":false},{\"value\":\"other\",\"text\":\"Other\",\"data\":\"\",\"internal\":false}]"}]},"9":{"name":"qc23ef4f3824f7d92d025d09437ac6a62ed82a7c2","text":"Is there anything else we need to be aware of? Either about your situation or for delivering any package.","guid":"Jadu\\XFormsPro\\Bundle\\StandardFormComponentBundle\\Component\\TextArea\\TextAreaComponent","settings":[{"name":"rows","value":"4"},{"name":"cols","value":"40"}]}},"clauseType":null,"data":null},{"name":"s1ab1408ec39e2fc306e9f17653ef08c1e0b00e40","title":"Medical","showTitle":false,"hideInitially":true,"triggerQuestionName":"qd77cfaa8e7b27e87c1ef38ff44fe617d0dfeb615","triggerQuestionSecondaryField":null,"triggerQuestionSection":"s5b6c72d8d6936225a9d2e3c6053cc83027409652","triggerOperator":"selection contains","triggerAnswerValue":"[\"medical_prescription_collection\"]","isRepeatableQuestion":false,"repeatableQuestionSettings":[],"structure":"[{\"type\":\"question\",\"name\":\"q8a137af3b39c3d37de8f66ff75d5d50883e1dd2c\"}]","questions":[{"name":"q8a137af3b39c3d37de8f66ff75d5d50883e1dd2c","text":"Please provide further details regarding your medical need or prescription","guid":"Jadu\\XFormsPro\\Bundle\\StandardFormComponentBundle\\Component\\TextArea\\TextAreaComponent","settings":[{"name":"required","value":"true"},{"name":"rows","value":"4"},{"name":"cols","value":"40"}]}],"clauseType":null,"data":null},{"name":"s8fa67d6a07bac6bf221d1cbb5b06f097ae664fda","title":"Other 1","showTitle":false,"hideInitially":true,"triggerQuestionName":"qd77cfaa8e7b27e87c1ef38ff44fe617d0dfeb615","triggerQuestionSecondaryField":null,"triggerQuestionSection":"s5b6c72d8d6936225a9d2e3c6053cc83027409652","triggerOperator":"selection contains","triggerAnswerValue":"[\"other\"]","isRepeatableQuestion":false,"repeatableQuestionSettings":[],"structure":"[{\"type\":\"question\",\"name\":\"q675c915b62a48f73b8ba8b0cf85c2a0e58aef20f\"}]","questions":[{"name":"q675c915b62a48f73b8ba8b0cf85c2a0e58aef20f","text":"Other support required","guid":"Jadu\\XFormsPro\\Bundle\\StandardFormComponentBundle\\Component\\TextField\\TextFieldComponent","settings":[{"name":"required","value":"true"}]}],"clauseType":null,"data":null},{"name":"s18e774bbd393bd74ae5fc5c80864061040e03632","title":"Other 2","showTitle":false,"hideInitially":true,"triggerQuestionName":"q80b3667d6997b9935855a5e9cb74d66176f4cb62","triggerQuestionSecondaryField":null,"triggerQuestionSection":"s5b6c72d8d6936225a9d2e3c6053cc83027409652","triggerOperator":"selection contains","triggerAnswerValue":"[\"other\"]","isRepeatableQuestion":false,"repeatableQuestionSettings":[],"structure":"[{\"type\":\"question\",\"name\":\"qafce279cafef0705a94da66bd609ce202a557003\"}]","questions":[{"name":"qafce279cafef0705a94da66bd609ce202a557003","text":"Other dietary requirements or allergies","guid":"Jadu\\XFormsPro\\Bundle\\StandardFormComponentBundle\\Component\\TextField\\TextFieldComponent","settings":[{"name":"required","value":"true"}]}],"clauseType":null,"data":null},{"name":"main","title":"main","showTitle":null,"hideInitially":null,"triggerQuestionName":null,"triggerQuestionSecondaryField":null,"triggerQuestionSection":null,"triggerOperator":null,"triggerAnswerValue":null,"isRepeatableQuestion":null,"repeatableQuestionSettings":[],"structure":"[{\"type\":\"question\",\"name\":\"q7e908fe051d64cfb09a63360400aeaf0b609bd40\"},{\"type\":\"section\",\"name\":\"s5b6c72d8d6936225a9d2e3c6053cc83027409652\"}]","questions":[{"name":"q7e908fe051d64cfb09a63360400aeaf0b609bd40","text":"Do you require support?","guid":"Jadu\\XFormsPro\\Bundle\\StandardFormComponentBundle\\Component\\RadioButtons\\RadioButtonsComponent","settings":[{"name":"required","value":"true"},{"name":"answers","value":"[{\"value\":\"i_require_support\",\"text\":\"I require support\",\"data\":\"\",\"internal\":false},{\"value\":\"i_no_longer_require_support_and_wish_to_cancel_the_service\",\"text\":\"I no longer require support and wish to cancel the service\",\"data\":\"\",\"internal\":false}]"}]}],"clauseType":null,"data":null}]}}