{"id":935,"isFormSpecific":false,"version":{"metadata":{"id":2457,"title":"Who needs support","instructions":""},"sections":[{"name":"sbf3ab3374538a0e1cf3b584a900949328f1917bc","title":"Someone else","showTitle":false,"hideInitially":true,"triggerQuestionName":"qfa93159d81e21d5f1ae48ebfdb66b097f09e1075","triggerQuestionSecondaryField":null,"triggerQuestionSection":"main","triggerOperator":"equal","triggerAnswerValue":"someone_else","isRepeatableQuestion":false,"repeatableQuestionSettings":[],"structure":"[{\"type\":\"question\",\"name\":\"q22346943b93be09546ed75b9fb40056197f08f12\"},{\"type\":\"section\",\"name\":\"s50473e2f9422f415fe6c2e688d95ac7d749fdba3\"},{\"type\":\"question\",\"name\":\"q5f4ca5d0dddda5b4fc21e0e751d144441f753787\"},{\"type\":\"question\",\"name\":\"q98292fea25bfe4fc6baa14e908bfac8514cd3992\"},{\"type\":\"question\",\"name\":\"qb059f14c502ab44853b3d2263d5437142e979eeb\"}]","questions":{"0":{"name":"q22346943b93be09546ed75b9fb40056197f08f12","text":"What is your relationship to the person you are making the referral for?","guid":"Jadu\\XFormsPro\\Bundle\\StandardFormComponentBundle\\Component\\RadioButtons\\RadioButtonsComponent","settings":[{"name":"required","value":"true"},{"name":"answers","value":"[{\"value\":\"relative\",\"text\":\"Relative\",\"data\":\"\",\"internal\":false},{\"value\":\"friend\",\"text\":\"Friend\",\"data\":\"\",\"internal\":false},{\"value\":\"carer\",\"text\":\"Carer\",\"data\":\"\",\"internal\":false},{\"value\":\"neighbour\",\"text\":\"Neighbour\",\"data\":\"\",\"internal\":false},{\"value\":\"nhs_staff\",\"text\":\"NHS staff\",\"data\":\"\",\"internal\":false},{\"value\":\"communityvoluntary_organisation_member\",\"text\":\"Community\/Voluntary organisation member\",\"data\":\"\",\"internal\":false},{\"value\":\"other\",\"text\":\"Other\",\"data\":\"\",\"internal\":false}]"}]},"2":{"name":"q5f4ca5d0dddda5b4fc21e0e751d144441f753787","text":"Name of referrer","guid":"Jadu\\XFormsPro\\Bundle\\StandardFormComponentBundle\\Component\\TextField\\TextFieldComponent","settings":[{"name":"required","value":"true"}]},"3":{"name":"q98292fea25bfe4fc6baa14e908bfac8514cd3992","text":"Telephone of referrer","guid":"Jadu\\XFormsPro\\Bundle\\StandardFormComponentBundle\\Component\\TextField\\TextFieldComponent","settings":[{"name":"validation","value":"7"},{"name":"required","value":"true"}]},"4":{"name":"qb059f14c502ab44853b3d2263d5437142e979eeb","text":"Email of referrer","guid":"Jadu\\XFormsPro\\Bundle\\StandardFormComponentBundle\\Component\\TextField\\TextFieldComponent","settings":[{"name":"validation","value":"4"}]}},"clauseType":null,"data":null},{"name":"s5a7cb57befd9670d37cd8bf317c0e5157164097b","title":"Manual address entry 1","showTitle":false,"hideInitially":true,"triggerQuestionName":"q33654cba4c88be98b99282e80fbf5aa7f297d8ef","triggerQuestionSecondaryField":"data_1_0","triggerQuestionSection":"main","triggerOperator":"equal","triggerAnswerValue":"0","isRepeatableQuestion":false,"repeatableQuestionSettings":[],"structure":"[{\"type\":\"question\",\"name\":\"q085235e5a1da42f44d88b2f211d501a7872305cd\"}]","questions":[{"name":"q085235e5a1da42f44d88b2f211d501a7872305cd","text":"Enter your address manually","guid":"Jadu\\XFormsPro\\Bundle\\StandardFormComponentBundle\\Component\\TextArea\\TextAreaComponent","settings":[{"name":"required","value":"true"},{"name":"rows","value":"4"},{"name":"cols","value":"40"}]}],"clauseType":null,"data":null},{"name":"s2dd0e2b10ca5a3e7bf2c16ae41f25ca9dbfc9c52","title":"Essential items flag","showTitle":false,"hideInitially":false,"triggerQuestionName":null,"triggerQuestionSecondaryField":null,"triggerQuestionSection":null,"triggerOperator":null,"triggerAnswerValue":null,"isRepeatableQuestion":false,"repeatableQuestionSettings":[],"structure":"[{\"type\":\"question\",\"name\":\"q60e299dd17b8cf58294aa5c524d90633dc3cf018\"}]","questions":[{"name":"q60e299dd17b8cf58294aa5c524d90633dc3cf018","text":"Is the above address where the essential items need to be delivered to?","guid":"Jadu\\XFormsPro\\Bundle\\StandardFormComponentBundle\\Component\\RadioButtons\\RadioButtonsComponent","settings":[{"name":"required","value":"true"},{"name":"answers","value":"[{\"value\":\"yes\",\"text\":\"Yes\",\"data\":\"\",\"internal\":false},{\"value\":\"no\",\"text\":\"No\",\"data\":\"\",\"internal\":false}]"}]}],"clauseType":null,"data":null},{"name":"sf6a76b5fa0cedb50cfb72ef1100d3a066ae380a4","title":"Delivery address","showTitle":false,"hideInitially":true,"triggerQuestionName":"q60e299dd17b8cf58294aa5c524d90633dc3cf018","triggerQuestionSecondaryField":null,"triggerQuestionSection":"s2dd0e2b10ca5a3e7bf2c16ae41f25ca9dbfc9c52","triggerOperator":"equal","triggerAnswerValue":"no","isRepeatableQuestion":false,"repeatableQuestionSettings":[],"structure":"[{\"type\":\"section\",\"name\":\"scc37423f958603dcdaddbcaefec9c79a72702cee\"},{\"type\":\"question\",\"name\":\"q67f0dfdbb3aae2a2dbd21295e9f0091a61e8eb7d\"}]","questions":{"1":{"name":"q67f0dfdbb3aae2a2dbd21295e9f0091a61e8eb7d","text":"Delivery address","guid":"Jadu\\XFormsPro\\Bundle\\StandardFormComponentBundle\\Component\\IntegratedComponent\\IntegratedComponent","settings":[{"name":"required","value":"true"},{"name":"type","value":"5c49c7f90a0e3d59b0a8cf70326808ac4ed67804"}]}},"clauseType":null,"data":null},{"name":"s50473e2f9422f415fe6c2e688d95ac7d749fdba3","title":"Other","showTitle":false,"hideInitially":true,"triggerQuestionName":"q22346943b93be09546ed75b9fb40056197f08f12","triggerQuestionSecondaryField":null,"triggerQuestionSection":"sbf3ab3374538a0e1cf3b584a900949328f1917bc","triggerOperator":"equal","triggerAnswerValue":"other","isRepeatableQuestion":false,"repeatableQuestionSettings":[],"structure":"[{\"type\":\"question\",\"name\":\"q9102f7ff8d98c43ed027f7400703ac7c3ad67dd3\"}]","questions":[{"name":"q9102f7ff8d98c43ed027f7400703ac7c3ad67dd3","text":"Please state the nature of relationship","guid":"Jadu\\XFormsPro\\Bundle\\StandardFormComponentBundle\\Component\\TextField\\TextFieldComponent","settings":[{"name":"required","value":"true"}]}],"clauseType":null,"data":null},{"name":"scc37423f958603dcdaddbcaefec9c79a72702cee","title":"Manual address entry 2","showTitle":false,"hideInitially":true,"triggerQuestionName":"q67f0dfdbb3aae2a2dbd21295e9f0091a61e8eb7d","triggerQuestionSecondaryField":"data_1_0","triggerQuestionSection":"sf6a76b5fa0cedb50cfb72ef1100d3a066ae380a4","triggerOperator":"equal","triggerAnswerValue":"0","isRepeatableQuestion":false,"repeatableQuestionSettings":[],"structure":"[{\"type\":\"question\",\"name\":\"q39ae13fff9f4cce3a113a835fd0e7b394218de90\"}]","questions":[{"name":"q39ae13fff9f4cce3a113a835fd0e7b394218de90","text":"Enter your address manually","guid":"Jadu\\XFormsPro\\Bundle\\StandardFormComponentBundle\\Component\\TextArea\\TextAreaComponent","settings":[{"name":"required","value":"true"},{"name":"rows","value":"4"},{"name":"cols","value":"40"}]}],"clauseType":null,"data":null},{"name":"main","title":"main","showTitle":null,"hideInitially":null,"triggerQuestionName":null,"triggerQuestionSecondaryField":null,"triggerQuestionSection":null,"triggerOperator":null,"triggerAnswerValue":null,"isRepeatableQuestion":null,"repeatableQuestionSettings":[],"structure":"[{\"type\":\"question\",\"name\":\"qd8708bc6bdfa9826b4f7adde3d939a803efd4896\"},{\"type\":\"question\",\"name\":\"qfa93159d81e21d5f1ae48ebfdb66b097f09e1075\"},{\"type\":\"section\",\"name\":\"sbf3ab3374538a0e1cf3b584a900949328f1917bc\"},{\"type\":\"question\",\"name\":\"q4e2e4c966b456eb6264572cb54d4cb3ff444e4ae\"},{\"type\":\"question\",\"name\":\"q07e16525e03ef40398450a09c3be9ed8b2e865e8\"},{\"type\":\"question\",\"name\":\"qf40e705bae5a5ed85d338ceaa383376ba9f2f7d0\"},{\"type\":\"question\",\"name\":\"q9b0c4d37c62afdf352f605e43c5131564ea85069\"},{\"type\":\"question\",\"name\":\"qa6f5ef9281c746ee034b7fc8b085351caac70b10\"},{\"type\":\"question\",\"name\":\"q33654cba4c88be98b99282e80fbf5aa7f297d8ef\"},{\"type\":\"section\",\"name\":\"s5a7cb57befd9670d37cd8bf317c0e5157164097b\"},{\"type\":\"section\",\"name\":\"s2dd0e2b10ca5a3e7bf2c16ae41f25ca9dbfc9c52\"},{\"type\":\"section\",\"name\":\"sf6a76b5fa0cedb50cfb72ef1100d3a066ae380a4\"},{\"type\":\"question\",\"name\":\"qf9d9280de223f2e47ce030d6e8af7cfb89e80dcd\"},{\"type\":\"question\",\"name\":\"q6687081099d331562eeafba06dbf8c3a1b3c8fab\"},{\"type\":\"question\",\"name\":\"qf8ad0a91aafb4165577f0be1cd6a5c16e005196f\"}]","questions":{"0":{"name":"qd8708bc6bdfa9826b4f7adde3d939a803efd4896","text":"Essential items flag","guid":"Jadu\\XFormsPro\\Bundle\\StandardFormComponentBundle\\Component\\HiddenField\\HiddenFieldComponent","settings":[{"name":"value","value":"0"}]},"1":{"name":"qfa93159d81e21d5f1ae48ebfdb66b097f09e1075","text":"Who are you requesting support for?","guid":"Jadu\\XFormsPro\\Bundle\\StandardFormComponentBundle\\Component\\RadioButtons\\RadioButtonsComponent","settings":[{"name":"required","value":"true"},{"name":"default","value":"myself"},{"name":"answers","value":"[{\"value\":\"myself\",\"text\":\"Myself\",\"data\":\"\",\"internal\":false},{\"value\":\"someone_else\",\"text\":\"Someone else\",\"data\":\"\",\"internal\":false}]"}]},"3":{"name":"q4e2e4c966b456eb6264572cb54d4cb3ff444e4ae","text":"Message","guid":"Jadu\\XFormsPro\\Bundle\\StandardFormComponentBundle\\Component\\TextBlock\\TextBlockComponent","settings":[{"name":"value","value":"<h4>Recipient details<\/h4>"}]},"4":{"name":"q07e16525e03ef40398450a09c3be9ed8b2e865e8","text":"First name","guid":"Jadu\\XFormsPro\\Bundle\\StandardFormComponentBundle\\Component\\TextField\\TextFieldComponent","settings":[{"name":"required","value":"true"}]},"5":{"name":"qf40e705bae5a5ed85d338ceaa383376ba9f2f7d0","text":"Last name","guid":"Jadu\\XFormsPro\\Bundle\\StandardFormComponentBundle\\Component\\TextField\\TextFieldComponent","settings":[{"name":"required","value":"true"}]},"6":{"name":"q9b0c4d37c62afdf352f605e43c5131564ea85069","text":"Date of birth (to help us better understand their need)","guid":"Jadu\\XFormsPro\\Bundle\\StandardFormComponentBundle\\Component\\Date\\DateComponent","settings":[]},"7":{"name":"qa6f5ef9281c746ee034b7fc8b085351caac70b10","text":"NHS number (if known \u2013 you can find it on a recent letter from your doctor)","guid":"Jadu\\XFormsPro\\Bundle\\StandardFormComponentBundle\\Component\\TextField\\TextFieldComponent","settings":[]},"8":{"name":"q33654cba4c88be98b99282e80fbf5aa7f297d8ef","text":"Recipient address","guid":"Jadu\\XFormsPro\\Bundle\\StandardFormComponentBundle\\Component\\IntegratedComponent\\IntegratedComponent","settings":[{"name":"required","value":"true"},{"name":"type","value":"5c49c7f90a0e3d59b0a8cf70326808ac4ed67804"}]},"12":{"name":"qf9d9280de223f2e47ce030d6e8af7cfb89e80dcd","text":"Phone number","guid":"Jadu\\XFormsPro\\Bundle\\StandardFormComponentBundle\\Component\\TextField\\TextFieldComponent","settings":[{"name":"validation","value":"7"},{"name":"required","value":"true"}]},"13":{"name":"q6687081099d331562eeafba06dbf8c3a1b3c8fab","text":"Alternative phone number","guid":"Jadu\\XFormsPro\\Bundle\\StandardFormComponentBundle\\Component\\TextField\\TextFieldComponent","settings":[{"name":"validation","value":"7"}]},"14":{"name":"qf8ad0a91aafb4165577f0be1cd6a5c16e005196f","text":"Email","guid":"Jadu\\XFormsPro\\Bundle\\StandardFormComponentBundle\\Component\\TextField\\TextFieldComponent","settings":[{"name":"validation","value":"4"}]}},"clauseType":null,"data":null}]}}