[{"contentIdentifier":"471_content","contentType":"ActionTemplateMapping","field":"0","type":"variable","value":"c347f337d25a7206fa8d27d9ddc3eec350002c79","secondaryValue":null},{"contentIdentifier":"481_template-subject","contentType":"ActionTemplateMapping","field":"0","type":"variable","value":"c347f337d25a7206fa8d27d9ddc3eec350002c79","secondaryValue":null},{"contentIdentifier":"481_content","contentType":"ActionTemplateMapping","field":"0","type":"variable","value":"cc6e461d77679169e25353042fff9ba6aa9a6c5a_fe_visible_value","secondaryValue":null}]