{"id":163,"isFormSpecific":false,"version":{"metadata":{"id":398,"title":"Inquiry Details","instructions":""},"sections":[{"name":"main","title":"main","showTitle":null,"hideInitially":null,"triggerQuestionName":null,"triggerQuestionSecondaryField":null,"triggerQuestionSection":null,"triggerOperator":null,"triggerAnswerValue":null,"isRepeatableQuestion":null,"repeatableQuestionSettings":[],"structure":"[{\"type\":\"question\",\"name\":\"qad6e8d0e8d168ae44581702f775b4eec7d279065\"},{\"type\":\"question\",\"name\":\"q0593022191fb676dffc2fe9e8bfb10c12831041f\"},{\"type\":\"question\",\"name\":\"q2826c96cd8ba8ee64bb08f1fc45635001c8dfa86\"},{\"type\":\"question\",\"name\":\"q778b9c15218aa807f0168981a35116da87acb357\"},{\"type\":\"question\",\"name\":\"qfeb449271102ca15316240aec25d8b70c634153a\"},{\"type\":\"question\",\"name\":\"q5a125e7a4ce5fde611d288efe9112848cf4754b0\"},{\"type\":\"question\",\"name\":\"q54754204aef1adf7e687fcab130dc14f5f2ecbcf\"}]","questions":[{"name":"qad6e8d0e8d168ae44581702f775b4eec7d279065","text":"First Name","guid":"Jadu\\XFormsPro\\Bundle\\StandardFormComponentBundle\\Component\\TextField\\TextFieldComponent","settings":[{"name":"required","value":"true"},{"name":"placeholder","value":"Input First Name"}]},{"name":"q0593022191fb676dffc2fe9e8bfb10c12831041f","text":"Last Name","guid":"Jadu\\XFormsPro\\Bundle\\StandardFormComponentBundle\\Component\\TextField\\TextFieldComponent","settings":[{"name":"required","value":"true"},{"name":"placeholder","value":"Input Last Name"}]},{"name":"q2826c96cd8ba8ee64bb08f1fc45635001c8dfa86","text":"Email","guid":"Jadu\\XFormsPro\\Bundle\\StandardFormComponentBundle\\Component\\TextField\\TextFieldComponent","settings":[{"name":"required","value":"true"},{"name":"placeholder","value":"Input Email Address"}]},{"name":"q778b9c15218aa807f0168981a35116da87acb357","text":"Phone Number","guid":"Jadu\\XFormsPro\\Bundle\\StandardFormComponentBundle\\Component\\TextField\\TextFieldComponent","settings":[{"name":"required","value":"true"},{"name":"placeholder","value":"Input Phone Number"}]},{"name":"qfeb449271102ca15316240aec25d8b70c634153a","text":"Preferred Contact Method","guid":"Jadu\\XFormsPro\\Bundle\\StandardFormComponentBundle\\Component\\RadioButtons\\RadioButtonsComponent","settings":[{"name":"required","value":"true"},{"name":"answers","value":"[{\"value\":\"email\",\"text\":\"Email\",\"data\":\"\",\"internal\":false},{\"value\":\"phone_number\",\"text\":\"Phone Number\",\"data\":\"\",\"internal\":false}]"}]},{"name":"q5a125e7a4ce5fde611d288efe9112848cf4754b0","text":"Select Role","guid":"Jadu\\XFormsPro\\Bundle\\StandardFormComponentBundle\\Component\\RadioButtons\\RadioButtonsComponent","settings":[{"name":"required","value":"true"},{"name":"answers","value":"[{\"value\":\"student\",\"text\":\"Student\",\"data\":\"\",\"internal\":false},{\"value\":\"staff\",\"text\":\"Staff\",\"data\":\"\",\"internal\":false},{\"value\":\"faculty\",\"text\":\"Faculty\",\"data\":\"\",\"internal\":false},{\"value\":\"parent\",\"text\":\"Parent\",\"data\":\"\",\"internal\":false}]"}]},{"name":"q54754204aef1adf7e687fcab130dc14f5f2ecbcf","text":"Question or Concern","guid":"Jadu\\XFormsPro\\Bundle\\StandardFormComponentBundle\\Component\\TextArea\\TextAreaComponent","settings":[{"name":"required","value":"true"},{"name":"rows","value":"4"},{"name":"cols","value":"40"}]}],"clauseType":null,"data":null}]}}