{"form.json":"c44b2eb8728e205c6749ec9ff1bb05a164a6652d","page-templates\/Result_page_-_EH.json":"e0c3171ef5a64fdb93135654534234cdaf707467","page-templates\/About_your_reque-_1.json":"92ef41776a87a7d5732c77a171b54fab5e6a60c2","page-templates\/Book_your_appointment_-3.json":"621537bde60898c61010527643313b541786b058","page-templates\/Your_business_address_-_2.json":"85d406cccf4bbc72b46fe4bbe5dd7f2793c20285","structure\/pages.json":"07c3e317139b41f1b040a6b4f859e42524402ac2","structure\/branching.json":"0bbbc36dcbabcc8c126aa94157cad609133040a9","actions\/rules\/Case_was_not_created.json":"14f7c287753e2baf87ecc15bc1e8ab92f36ada88","actions\/rules\/Form_completed.json":"6172ae782a0c69335911679e5e3da336fcfe39ab","actions\/templates\/Case_was_not_created.json":"3c6655ea9c0228a25205e42023863f63c105658d","actions\/templates\/Thank_you_email.json":"8805b6ccdf26de908ee5a24156bd35c09365c573","actions\/templates\/Thank_you_for_booking_a_food_business_advice_consultation.json":"8e2485604510112d355abab8f22e23e72d59c0a1","actions\/templates\/Update_booking_with_case_details.json":"e19f053ab6840e367c925e3c2bb7cd3cf568eec2","misc\/pdfs.json":"97d170e1550eee4afc0af065b78cda302a97674c","misc\/prefills.json":"97d170e1550eee4afc0af065b78cda302a97674c","misc\/placeholders.json":"b815cf8d65c83db4010b71483045304dd8dabcf1","misc\/logic_definitions.json":"97d170e1550eee4afc0af065b78cda302a97674c","misc\/logics\/Address.json":"b635cd7316f22c35bbbd8e116a980043f95cd938","misc\/logics\/1_Date.json":"c1b773fdae0804fd1cddfbcb5f6582e92f36222f","misc\/logics\/2_-_with_space.json":"cd65b3a30cba7089249687c8999f3f9aeb07c168","misc\/logics\/3_-_First_logic_to_pull_out_space.json":"f40b10384157e401e13ed2039dd6e11a8bc18900","misc\/logics\/4_-_Final_logic_to_pull_out_space.json":"46df24a3333e041ea6dd7c6b14171d5f921ab904","misc\/logics\/5_-_Start_time_separated_from_date.json":"f77f9a3fabe4a8d994fb5e0e2b6bec1c5b948696","misc\/logics\/6_-_End_time_separated_from_date.json":"bc28eed7206fe4fdb59dd6856ebea01a41a180fb","misc\/logics\/7_-_Everything_put_together.json":"00efd0b63d03ebb67eed8506250ec75202052924","misc\/ic_inputs.json":"97d170e1550eee4afc0af065b78cda302a97674c","misc\/data-retention.json":"fa8b819d756eec4a4f185f5465ef79b349ea9ce4"}