{"title":"Food safety advice booking form","instructions":"\n<p>If you are a local food related business or are planning to set up a food related business in XXXX District, we offer free thirty-minute phone consultations to provide food safety advice. During the consultations we can offer advice on how to register, what issue to consider, what documentation you need in place and what things you need to think about.<\/p>\n\n<p>If you need advice on food labelling, weights and measures or food composition, please contact Trading standards team.<\/p>\n\n<p>Another great source of advice is the Food Standards Agency website. Here you can access advice on a wide range of topics - from contamination and traceability, through to temperature monitoring and vacuum packing. <a href=\"https:\/\/www.food.gov.uk\/food-safety\">Visit the Food Standards Agency website<\/a>.<\/p>\n\n<h2>When are appointments available?<\/h2>\n\n<p>Our duty officers are on hand to provide food business advice between 2pm and 4.30pm, Monday to Friday and you can book a half hour slot through this form, either on the hour or half past the hour. Appointments are offered on a first-come, first-served basis, so if slots are not available it is because they are already booked by another local business. Please book the next available and convenient slot.<\/p>\n\n<p><strong>Please use this form to book a telephone consultation with our food business team. As part of this form, we will ask you for your email address and telephone number. This is so we can contact you in regards to your request. <\/strong><\/p>\n","progressBar":"0","allowUnregistered":"1","resumeAtStart":"1","reCaptcha":"0","internalOnly":0,"metadata":{"id":"369","itemID":"507","creator":"Yelena Tomina CRM","contributor":"","publisher":"Lichfield District Council","rights":"\u00a9 Copyright 2005 (updated 2018) Lichfield District Council","source":"","status":"V1.0 Public Consumption","coverage":"Alrewas, Armitage, Burntwood (town), Chorley, Clifton Campville Colton, Curborough, Drayton Bassett, Edingale, Elford, Elmhurst, Farewell, Fazeley, Fisherwick, Fradley, Hammerwich, Hamstall Ridware, Handsacre, Harlaston, Hints, Hopwas, Kings Bromley, Lichfield (city), Longdon, Mavesyn Ridware, Packington, Shenstone, Streethay, Swinfen, Thorpe Constantine, Wall, Weeford, Whittington, Wigginton, Lichfield District","created":1583452800,"modified":1583452800,"valid":null,"expired":null,"format":"text\/html","language":"en","subject":"Food business advice booking form","description":"Food business advice booking form"},"categories":[{"id":"3555","categoryType":"Navigation","itemID":507,"categoryID":"200128"}]}