{"id":393,"isFormSpecific":false,"version":{"metadata":{"id":1001,"title":"Terms and Conditions","instructions":""},"sections":[{"name":"main","title":"main","showTitle":false,"hideInitially":false,"triggerQuestionName":null,"triggerQuestionSecondaryField":null,"triggerQuestionSection":null,"triggerOperator":null,"triggerAnswerValue":null,"isRepeatableQuestion":false,"repeatableQuestionSettings":[],"structure":"[{\"type\":\"question\",\"name\":\"q19f4d7ba793227d9555d7caf7c96ec5cc89981bc\"},{\"type\":\"question\",\"name\":\"qdf99eb9f77eeb4a9296ad2008a87dd98fca95fca\"}]","questions":[{"name":"q19f4d7ba793227d9555d7caf7c96ec5cc89981bc","text":"I accept the terms and conditions","guid":"35af7c223e8fbb8346e66f3402cd1509c3b7fa71","number":1,"settings":[{"name":"required","value":"true"},{"name":"answers","value":"[{\"value\":\"yes\",\"text\":\"Yes\",\"data\":\"\",\"internal\":false}]"}]},{"name":"qdf99eb9f77eeb4a9296ad2008a87dd98fca95fca","text":"Source of contact","guid":"18eeb80469e722d4f3513ee0c5b183da219c6975","number":2,"settings":[{"name":"internal_only","value":"true"},{"name":"answers","value":"[{\"value\":\"email\",\"text\":\"Email\",\"data\":\"\",\"internal\":false},{\"value\":\"in_person\",\"text\":\"In person\",\"data\":\"\",\"internal\":false},{\"value\":\"phone\",\"text\":\"Phone\",\"data\":\"\",\"internal\":false},{\"value\":\"post\",\"text\":\"Post\",\"data\":\"\",\"internal\":false}]"},{"name":"empty_option","value":"-- Please select --"}]}],"clauseType":null,"data":null}]}}