{"id":759,"isFormSpecific":false,"version":{"metadata":{"id":2131,"title":"Corona support - Person who needs help","instructions":""},"sections":[{"name":"main","title":"main","showTitle":null,"hideInitially":null,"triggerQuestionName":null,"triggerQuestionSecondaryField":null,"triggerQuestionSection":null,"triggerOperator":null,"triggerAnswerValue":null,"isRepeatableQuestion":null,"repeatableQuestionSettings":[],"structure":"[{\"type\":\"question\",\"name\":\"q3ea4a65cec7f68d9a31da684974c16d14ff910b6\"},{\"type\":\"question\",\"name\":\"qc0b680380b42d2994f513b32d3cbe62b0813a3bd\"},{\"type\":\"question\",\"name\":\"qcc22e77375878514bf44bde1921bfa628e2add06\"},{\"type\":\"question\",\"name\":\"q4ce0fd67e4483f99f1198d326d8ce49e947341a8\"},{\"type\":\"question\",\"name\":\"q870076121ea0b2adcced02c7f82458e12f408f32\"},{\"type\":\"question\",\"name\":\"qfe1a6fc6ff40d84539958cca9f6658b8c2659662\"}]","questions":[{"name":"q3ea4a65cec7f68d9a31da684974c16d14ff910b6","text":"Full name","guid":"Jadu\\XFormsPro\\Bundle\\StandardFormComponentBundle\\Component\\TextField\\TextFieldComponent","settings":[{"name":"required","value":"true"}]},{"name":"qc0b680380b42d2994f513b32d3cbe62b0813a3bd","text":"Address","guid":"Jadu\\XFormsPro\\Bundle\\StandardFormComponentBundle\\Component\\TextArea\\TextAreaComponent","settings":[{"name":"required","value":"true"},{"name":"rows","value":"4"},{"name":"cols","value":"40"}]},{"name":"qcc22e77375878514bf44bde1921bfa628e2add06","text":"Email","guid":"Jadu\\XFormsPro\\Bundle\\StandardFormComponentBundle\\Component\\TextField\\TextFieldComponent","settings":[{"name":"validation","value":"4"},{"name":"confirmation_field","value":"Confirm email"}]},{"name":"q4ce0fd67e4483f99f1198d326d8ce49e947341a8","text":"Telephone","guid":"Jadu\\XFormsPro\\Bundle\\StandardFormComponentBundle\\Component\\TextField\\TextFieldComponent","settings":[{"name":"validation","value":"7"}]},{"name":"q870076121ea0b2adcced02c7f82458e12f408f32","text":"Do they know you've contacted us on their behalf?","guid":"Jadu\\XFormsPro\\Bundle\\StandardFormComponentBundle\\Component\\RadioButtons\\RadioButtonsComponent","settings":[{"name":"required","value":"true"},{"name":"answers","value":"[{\"value\":\"yes\",\"text\":\"Yes\",\"data\":\"\",\"internal\":false},{\"value\":\"no\",\"text\":\"No\",\"data\":\"\",\"internal\":false}]"}]},{"name":"qfe1a6fc6ff40d84539958cca9f6658b8c2659662","text":"Please let us know if they have any communication difficulties that we need to be aware of","guid":"Jadu\\XFormsPro\\Bundle\\StandardFormComponentBundle\\Component\\TextArea\\TextAreaComponent","settings":[{"name":"rows","value":"4"},{"name":"cols","value":"40"}]}],"clauseType":null,"data":null}]}}