{"id":758,"isFormSpecific":false,"version":{"metadata":{"id":2130,"title":"Corona support - Introduction","instructions":""},"sections":[{"name":"main","title":"main","showTitle":null,"hideInitially":null,"triggerQuestionName":null,"triggerQuestionSecondaryField":null,"triggerQuestionSection":null,"triggerOperator":null,"triggerAnswerValue":null,"isRepeatableQuestion":null,"repeatableQuestionSettings":[],"structure":"[{\"type\":\"question\",\"name\":\"q73134be041db13f08b9ac8c4780a6aac7712c56e\"}]","questions":[{"name":"q73134be041db13f08b9ac8c4780a6aac7712c56e","text":"Intro","guid":"Jadu\\XFormsPro\\Bundle\\StandardFormComponentBundle\\Component\\TextBlock\\TextBlockComponent","settings":[{"name":"value","value":"<p>If you cannot leave home due to coronavirus you are not alone. Each neighbourhood has come together to set up a group of people to help those who are not able to leave their home.<br \/>\nIf you need some help, and no-one locally can support you, let us know and we will link you up with them. Whether you need help with shopping, picking up a prescription, walking your dog, or you want a friendly chat, fill in the form below and your local group will find a volunteer for you. You can also contact us if you know of someone in this situation who needs a helping hand.&nbsp;<\/p>\n\n<p>You will hear back from us within X days.<\/p>"}]}],"clauseType":null,"data":null}]}}