{"id":764,"isFormSpecific":false,"version":{"metadata":{"id":2136,"title":"Corona support - Your details","instructions":""},"sections":[{"name":"s02aeb9dd50f1b94b9d8485ca558e9ce5e416cfca","title":"Address not found","showTitle":false,"hideInitially":true,"triggerQuestionName":"qa2af26b233077f3c9fc3cf3a21bce6748e1e9b86","triggerQuestionSecondaryField":"data_1_0","triggerQuestionSection":"main","triggerOperator":"equal","triggerAnswerValue":"0","isRepeatableQuestion":false,"repeatableQuestionSettings":[],"structure":"[{\"type\":\"question\",\"name\":\"q7f6a5451c2cf596bfb7fb9141eeebebae3d5ae97\"}]","questions":[{"name":"q7f6a5451c2cf596bfb7fb9141eeebebae3d5ae97","text":"Enter your address","guid":"Jadu\\XFormsPro\\Bundle\\StandardFormComponentBundle\\Component\\TextArea\\TextAreaComponent","settings":[{"name":"required","value":"true"},{"name":"rows","value":"4"},{"name":"cols","value":"40"}]}],"clauseType":null,"data":null},{"name":"sad2c004eb19d7ef3022ab7895178f3da3bb729c7","title":"Myself","showTitle":false,"hideInitially":true,"triggerQuestionName":"qb5c769b4669273bb06e9e18d496652948688440d","triggerQuestionSecondaryField":null,"triggerQuestionSection":"main","triggerOperator":"equal","triggerAnswerValue":"myself","isRepeatableQuestion":false,"repeatableQuestionSettings":[],"structure":"[{\"type\":\"question\",\"name\":\"q8cd0aea09279d6c710b7a22932dbbcca54db60fa\"}]","questions":[{"name":"q8cd0aea09279d6c710b7a22932dbbcca54db60fa","text":"Please let us know if you have any communication difficulties that we need to be aware of","guid":"Jadu\\XFormsPro\\Bundle\\StandardFormComponentBundle\\Component\\TextArea\\TextAreaComponent","settings":[{"name":"help","value":"For example, a hearing impairment, or prefer to speak in a different language"},{"name":"rows","value":"4"},{"name":"cols","value":"40"}]}],"clauseType":null,"data":null},{"name":"main","title":"main","showTitle":null,"hideInitially":null,"triggerQuestionName":null,"triggerQuestionSecondaryField":null,"triggerQuestionSection":null,"triggerOperator":null,"triggerAnswerValue":null,"isRepeatableQuestion":null,"repeatableQuestionSettings":[],"structure":"[{\"type\":\"question\",\"name\":\"qfdb44956dae40ed1e632e148d14a27a093dec6ec\"},{\"type\":\"question\",\"name\":\"q00894c70d29451a1f578b6167971e8fc4efbe652\"},{\"type\":\"question\",\"name\":\"qa2af26b233077f3c9fc3cf3a21bce6748e1e9b86\"},{\"type\":\"section\",\"name\":\"s02aeb9dd50f1b94b9d8485ca558e9ce5e416cfca\"},{\"type\":\"question\",\"name\":\"q681525e5696d1c05415301883ed561d76d6b96a2\"},{\"type\":\"question\",\"name\":\"q47050b9c5ee5f16ed55655fff8339bd3dc7b83ca\"},{\"type\":\"question\",\"name\":\"qb5c769b4669273bb06e9e18d496652948688440d\"},{\"type\":\"section\",\"name\":\"sad2c004eb19d7ef3022ab7895178f3da3bb729c7\"}]","questions":{"0":{"name":"qfdb44956dae40ed1e632e148d14a27a093dec6ec","text":"Privacy notice","guid":"Jadu\\XFormsPro\\Bundle\\StandardFormComponentBundle\\Component\\TextBlock\\TextBlockComponent","settings":[{"name":"value","value":"<p>To find out how we use your data, <a href=\"https:\/\/www.lincolnshire.gov.uk\/privacy\" target=\"_blank\">read our privacy notice (opens in new window)<\/a>.<\/p>"}]},"1":{"name":"q00894c70d29451a1f578b6167971e8fc4efbe652","text":"Full name","guid":"Jadu\\XFormsPro\\Bundle\\StandardFormComponentBundle\\Component\\TextField\\TextFieldComponent","settings":[{"name":"required","value":"true"}]},"2":{"name":"qa2af26b233077f3c9fc3cf3a21bce6748e1e9b86","text":"Address","guid":"Jadu\\XFormsPro\\Bundle\\StandardFormComponentBundle\\Component\\IntegratedComponent\\IntegratedComponent","settings":[{"name":"required","value":"true"},{"name":"type","value":"5c49c7f90a0e3d59b0a8cf70326808ac4ed67804"}]},"4":{"name":"q681525e5696d1c05415301883ed561d76d6b96a2","text":"Email","guid":"Jadu\\XFormsPro\\Bundle\\StandardFormComponentBundle\\Component\\TextField\\TextFieldComponent","settings":[{"name":"validation","value":"4"},{"name":"confirmation_field","value":"Confirm email"}]},"5":{"name":"q47050b9c5ee5f16ed55655fff8339bd3dc7b83ca","text":"Telephone","guid":"Jadu\\XFormsPro\\Bundle\\StandardFormComponentBundle\\Component\\TextField\\TextFieldComponent","settings":[{"name":"validation","value":"7"}]},"6":{"name":"qb5c769b4669273bb06e9e18d496652948688440d","text":"Are you asking for help for yourself or someone else?","guid":"Jadu\\XFormsPro\\Bundle\\StandardFormComponentBundle\\Component\\RadioButtons\\RadioButtonsComponent","settings":[{"name":"required","value":"true"},{"name":"answers","value":"[{\"value\":\"myself\",\"text\":\"Myself\",\"data\":\"\",\"internal\":false},{\"value\":\"someone_else\",\"text\":\"Someone else\",\"data\":\"\",\"internal\":false}]"}]}},"clauseType":null,"data":null}]}}