{"id":762,"isFormSpecific":false,"version":{"metadata":{"id":2134,"title":"Corona support - Who we share their information with","instructions":""},"sections":[{"name":"main","title":"main","showTitle":null,"hideInitially":null,"triggerQuestionName":null,"triggerQuestionSecondaryField":null,"triggerQuestionSection":null,"triggerOperator":null,"triggerAnswerValue":null,"isRepeatableQuestion":null,"repeatableQuestionSettings":[],"structure":"[{\"type\":\"question\",\"name\":\"q873f51b5eb002ec3262efe8237974bbbf5cf2be8\"},{\"type\":\"question\",\"name\":\"qca638c12346efff372f511b79a6384d624a7fabe\"}]","questions":[{"name":"q873f51b5eb002ec3262efe8237974bbbf5cf2be8","text":"Who we share info with","guid":"Jadu\\XFormsPro\\Bundle\\StandardFormComponentBundle\\Component\\TextBlock\\TextBlockComponent","settings":[{"name":"value","value":"<p>We will share this&nbsp;information with local organisations to link the person needing support&nbsp;with a community group for the purpose of finding them&nbsp;support. We will hold onto this&nbsp;information until the current coronavirus situation is resolved and the support network is no longer required. &nbsp;&nbsp;<\/p>\n\n<p>We will endeavour to match their&nbsp;needs to a local volunteer or organisation but will be prioritising those in urgent need of food and prescription collection.<br \/>\n&nbsp;<\/p>"}]},{"name":"qca638c12346efff372f511b79a6384d624a7fabe","text":"Do you agree to the above","guid":"Jadu\\XFormsPro\\Bundle\\StandardFormComponentBundle\\Component\\RadioButtons\\RadioButtonsComponent","settings":[{"name":"required","value":"true"},{"name":"answers","value":"[{\"value\":\"i_agree\",\"text\":\"I agree\",\"data\":\"\",\"internal\":false}]"}]}],"clauseType":null,"data":null}]}}