{"id":761,"isFormSpecific":false,"version":{"metadata":{"id":2133,"title":"Corona support - What help is needed?","instructions":""},"sections":[{"name":"main","title":"main","showTitle":null,"hideInitially":null,"triggerQuestionName":null,"triggerQuestionSecondaryField":null,"triggerQuestionSection":null,"triggerOperator":null,"triggerAnswerValue":null,"isRepeatableQuestion":null,"repeatableQuestionSettings":[],"structure":"[{\"type\":\"question\",\"name\":\"q9cc32cecedc5cacbfc76f2cbc534d9d085d03bba\"},{\"type\":\"question\",\"name\":\"q20cb71cccb223b04c396c8b18ec4dff96df5af7b\"},{\"type\":\"question\",\"name\":\"q0b5cfbe654aebacf96084602835802747365e86f\"}]","questions":[{"name":"q9cc32cecedc5cacbfc76f2cbc534d9d085d03bba","text":"What help do you need?","guid":"Jadu\\XFormsPro\\Bundle\\StandardFormComponentBundle\\Component\\Checkboxes\\CheckboxesComponent","settings":[{"name":"required","value":"true"},{"name":"answers","value":"[{\"value\":\"urgent_food_deliveries\",\"text\":\"Urgent food deliveries\",\"data\":\"\",\"internal\":false},{\"value\":\"non_urgent_food_deliveries\",\"text\":\"Non urgent food deliveries\",\"data\":\"\",\"internal\":false},{\"value\":\"prescription_collection\",\"text\":\"Prescription collection\",\"data\":\"\",\"internal\":false},{\"value\":\"dog_walking\",\"text\":\"Dog walking\",\"data\":\"\",\"internal\":false},{\"value\":\"help_to_get_online_for_things_like_online_shopping\",\"text\":\"Help to get online for things like online shopping\",\"data\":\"\",\"internal\":false},{\"value\":\"a_friendly_chat\",\"text\":\"A friendly chat\",\"data\":\"\",\"internal\":false},{\"value\":\"collecting_and_delivering_post_and_packages\",\"text\":\"Collecting and delivering post and packages\",\"data\":\"\",\"internal\":false}]"}]},{"name":"q20cb71cccb223b04c396c8b18ec4dff96df5af7b","text":"Is there anything else you need help with?","guid":"Jadu\\XFormsPro\\Bundle\\StandardFormComponentBundle\\Component\\TextArea\\TextAreaComponent","settings":[{"name":"rows","value":"4"},{"name":"cols","value":"40"}]},{"name":"q0b5cfbe654aebacf96084602835802747365e86f","text":"What is your reason for self-isolating?","guid":"Jadu\\XFormsPro\\Bundle\\StandardFormComponentBundle\\Component\\Checkboxes\\CheckboxesComponent","settings":[{"name":"required","value":"true"},{"name":"answers","value":"[{\"value\":\"i_am_over_70_years_old\",\"text\":\"I am over 70 years old\",\"data\":\"\",\"internal\":false},{\"value\":\"i_have_an_underlying_health_condition\",\"text\":\"I have an underlying health condition\",\"data\":\"\",\"internal\":false},{\"value\":\"i_have_symptoms_of_coronavirus\",\"text\":\"I have symptoms of coronavirus\",\"data\":\"\",\"internal\":false},{\"value\":\"someone_in_my_household_has_symptoms_of_coronavirus\",\"text\":\"Someone in my household has symptoms of coronavirus\",\"data\":\"\",\"internal\":false}]"}]}],"clauseType":null,"data":null}]}}