{"id":763,"isFormSpecific":false,"version":{"metadata":{"id":2135,"title":"Corona support - Who we share your information with","instructions":""},"sections":[{"name":"main","title":"main","showTitle":null,"hideInitially":null,"triggerQuestionName":null,"triggerQuestionSecondaryField":null,"triggerQuestionSection":null,"triggerOperator":null,"triggerAnswerValue":null,"isRepeatableQuestion":null,"repeatableQuestionSettings":[],"structure":"[{\"type\":\"question\",\"name\":\"q873f51b5eb002ec3262efe8237974bbbf5cf2be8\"},{\"type\":\"question\",\"name\":\"q547808dad8caa084357a41d435bd34505aaa0e46\"}]","questions":[{"name":"q873f51b5eb002ec3262efe8237974bbbf5cf2be8","text":"Who we share info with","guid":"Jadu\\XFormsPro\\Bundle\\StandardFormComponentBundle\\Component\\TextBlock\\TextBlockComponent","settings":[{"name":"value","value":"<p>We will share your information with local organisations to link you with a community group for the purpose of finding you support.<\/p>\n\n<p>We will keep your information until the current coronavirus situation is resolved and the support network is no longer required. &nbsp;&nbsp;<\/p>\n\n<p>We will try to match your needs to a local volunteer or organisation. We wiill be prioritising those in urgent need of food and prescription collection.<br \/>\n&nbsp;<\/p>"}]},{"name":"q547808dad8caa084357a41d435bd34505aaa0e46","text":"Do you agree to the above","guid":"Jadu\\XFormsPro\\Bundle\\StandardFormComponentBundle\\Component\\RadioButtons\\RadioButtonsComponent","settings":[{"name":"required","value":"true"},{"name":"answers","value":"[{\"value\":\"i_agree\",\"text\":\"I agree\",\"data\":\"\",\"internal\":false}]"}]}],"clauseType":null,"data":null}]}}