{"title":"Council Tax enquiry form","instructions":"","progressBar":"0","allowUnregistered":"1","resumeAtStart":"0","reCaptcha":"0","internalOnly":0,"metadata":{"id":"528","itemID":"666","creator":"John Nield","contributor":"","publisher":"Swindon Borough Council","rights":"Copyright 2015 Swindon Borough Council","source":"","status":"V1.0 Public Consumption","coverage":"Swindon, UK, Worldwide","created":1542585600,"modified":1542585600,"valid":null,"expired":null,"format":"text\/html","language":"en","subject":"","description":"Council Tax enquiry form"},"categories":[{"id":"7349","categoryType":"Navigation","itemID":666,"categoryID":"20000"},{"id":"7350","categoryType":"Navigation","itemID":666,"categoryID":"20020"}]}