{"title":"Appeal a repair recharge","instructions":"","progressBar":"0","allowUnregistered":"1","resumeAtStart":"0","reCaptcha":"0","internalOnly":0,"metadata":{"id":"631","itemID":"769","creator":"James Kocherhans","contributor":"","publisher":"Continuum SandBox","rights":"Continuum SandBox","source":"","status":"V1.0 Public Consumption","coverage":"UK","created":1568847600,"modified":1568847600,"valid":null,"expired":null,"format":"text\/html","language":"en","subject":"","description":"Appeal a repair recharge"},"categories":[{"id":"4840","categoryType":"Navigation","itemID":769,"categoryID":"100011"}]}