[{"pageID":"Start","questionName":null,"sectionName":null,"questionPageID":null,"questionSecondaryField":null,"logicID":null,"ruleNumber":1,"conditionNumber":1,"conditionOptionID":null,"conditionOperator":null,"conditionLiteralValue":null,"conditionLiteralValueTwo":null,"goToPageID":"639","clauseType":null,"data":null},{"pageID":"639","questionName":null,"sectionName":null,"questionPageID":null,"questionSecondaryField":null,"logicID":null,"ruleNumber":1,"conditionNumber":1,"conditionOptionID":null,"conditionOperator":null,"conditionLiteralValue":null,"conditionLiteralValueTwo":null,"goToPageID":"648","clauseType":null,"data":null},{"pageID":"640","questionName":null,"sectionName":null,"questionPageID":null,"questionSecondaryField":null,"logicID":null,"ruleNumber":1,"conditionNumber":1,"conditionOptionID":null,"conditionOperator":null,"conditionLiteralValue":null,"conditionLiteralValueTwo":null,"goToPageID":"648","clauseType":null,"data":null},{"pageID":"641","questionName":null,"sectionName":null,"questionPageID":null,"questionSecondaryField":null,"logicID":null,"ruleNumber":1,"conditionNumber":1,"conditionOptionID":null,"conditionOperator":null,"conditionLiteralValue":null,"conditionLiteralValueTwo":null,"goToPageID":"648","clauseType":null,"data":null},{"pageID":"640","questionName":"q6d4f88080c8ab0b05ee33bbcfe2d1b6bbca9c70d","sectionName":"s0c50160cd94c3fe9232ebf8a26179d3de41214d1","questionPageID":"640","questionSecondaryField":null,"logicID":null,"ruleNumber":2,"conditionNumber":1,"conditionOptionID":null,"conditionOperator":"equal","conditionLiteralValue":"yes","conditionLiteralValueTwo":null,"goToPageID":"641","clauseType":null,"data":null},{"pageID":"642","questionName":null,"sectionName":null,"questionPageID":null,"questionSecondaryField":null,"logicID":null,"ruleNumber":1,"conditionNumber":1,"conditionOptionID":null,"conditionOperator":null,"conditionLiteralValue":null,"conditionLiteralValueTwo":null,"goToPageID":"648","clauseType":null,"data":null},{"pageID":"643","questionName":null,"sectionName":null,"questionPageID":null,"questionSecondaryField":null,"logicID":null,"ruleNumber":1,"conditionNumber":1,"conditionOptionID":null,"conditionOperator":null,"conditionLiteralValue":null,"conditionLiteralValueTwo":null,"goToPageID":"648","clauseType":null,"data":null},{"pageID":"642","questionName":"qf76b7f49608a8ed76a9a365afa0270f67c211b89","sectionName":"main","questionPageID":"642","questionSecondaryField":null,"logicID":null,"ruleNumber":2,"conditionNumber":1,"conditionOptionID":null,"conditionOperator":"equal","conditionLiteralValue":"yes","conditionLiteralValueTwo":null,"goToPageID":"643","clauseType":null,"data":null},{"pageID":"644","questionName":null,"sectionName":null,"questionPageID":null,"questionSecondaryField":null,"logicID":null,"ruleNumber":1,"conditionNumber":1,"conditionOptionID":null,"conditionOperator":null,"conditionLiteralValue":null,"conditionLiteralValueTwo":null,"goToPageID":"648","clauseType":null,"data":null},{"pageID":"645","questionName":null,"sectionName":null,"questionPageID":null,"questionSecondaryField":null,"logicID":null,"ruleNumber":1,"conditionNumber":1,"conditionOptionID":null,"conditionOperator":null,"conditionLiteralValue":null,"conditionLiteralValueTwo":null,"goToPageID":"648","clauseType":null,"data":null},{"pageID":"644","questionName":"q04ea3e2c26e6c28e42ced72c86812a869675982f","sectionName":"main","questionPageID":"644","questionSecondaryField":null,"logicID":null,"ruleNumber":2,"conditionNumber":1,"conditionOptionID":null,"conditionOperator":"equal","conditionLiteralValue":"yes","conditionLiteralValueTwo":null,"goToPageID":"645","clauseType":null,"data":null},{"pageID":"646","questionName":null,"sectionName":null,"questionPageID":null,"questionSecondaryField":null,"logicID":null,"ruleNumber":1,"conditionNumber":1,"conditionOptionID":null,"conditionOperator":null,"conditionLiteralValue":null,"conditionLiteralValueTwo":null,"goToPageID":"648","clauseType":null,"data":null},{"pageID":"647","questionName":null,"sectionName":null,"questionPageID":null,"questionSecondaryField":null,"logicID":null,"ruleNumber":1,"conditionNumber":1,"conditionOptionID":null,"conditionOperator":null,"conditionLiteralValue":null,"conditionLiteralValueTwo":null,"goToPageID":"648","clauseType":null,"data":null},{"pageID":"646","questionName":"q558326ca1d86a1cd40066f2e59dd8b4473105623","sectionName":"s5307eed329dc759dad35b12e5b4ada2e32054bf5","questionPageID":"646","questionSecondaryField":null,"logicID":null,"ruleNumber":2,"conditionNumber":1,"conditionOptionID":null,"conditionOperator":"equal","conditionLiteralValue":"yes","conditionLiteralValueTwo":null,"goToPageID":"647","clauseType":null,"data":null},{"pageID":"648","questionName":null,"sectionName":null,"questionPageID":null,"questionSecondaryField":null,"logicID":null,"ruleNumber":1,"conditionNumber":1,"conditionOptionID":null,"conditionOperator":null,"conditionLiteralValue":null,"conditionLiteralValueTwo":null,"goToPageID":"Confirmation","clauseType":null,"data":null},{"pageID":"649","questionName":null,"sectionName":null,"questionPageID":null,"questionSecondaryField":null,"logicID":null,"ruleNumber":1,"conditionNumber":1,"conditionOptionID":null,"conditionOperator":null,"conditionLiteralValue":null,"conditionLiteralValueTwo":null,"goToPageID":"648","clauseType":null,"data":null},{"pageID":"650","questionName":null,"sectionName":null,"questionPageID":null,"questionSecondaryField":null,"logicID":null,"ruleNumber":1,"conditionNumber":1,"conditionOptionID":null,"conditionOperator":null,"conditionLiteralValue":null,"conditionLiteralValueTwo":null,"goToPageID":"648","clauseType":null,"data":null},{"pageID":"651","questionName":null,"sectionName":null,"questionPageID":null,"questionSecondaryField":null,"logicID":null,"ruleNumber":1,"conditionNumber":1,"conditionOptionID":null,"conditionOperator":null,"conditionLiteralValue":null,"conditionLiteralValueTwo":null,"goToPageID":"648","clauseType":null,"data":null},{"pageID":"652","questionName":null,"sectionName":null,"questionPageID":null,"questionSecondaryField":null,"logicID":null,"ruleNumber":1,"conditionNumber":1,"conditionOptionID":null,"conditionOperator":null,"conditionLiteralValue":null,"conditionLiteralValueTwo":null,"goToPageID":"648","clauseType":null,"data":null},{"pageID":"653","questionName":null,"sectionName":null,"questionPageID":null,"questionSecondaryField":null,"logicID":null,"ruleNumber":1,"conditionNumber":1,"conditionOptionID":null,"conditionOperator":null,"conditionLiteralValue":null,"conditionLiteralValueTwo":null,"goToPageID":"648","clauseType":null,"data":null},{"pageID":"654","questionName":null,"sectionName":null,"questionPageID":null,"questionSecondaryField":null,"logicID":null,"ruleNumber":1,"conditionNumber":1,"conditionOptionID":null,"conditionOperator":null,"conditionLiteralValue":null,"conditionLiteralValueTwo":null,"goToPageID":"648","clauseType":null,"data":null},{"pageID":"655","questionName":null,"sectionName":null,"questionPageID":null,"questionSecondaryField":null,"logicID":null,"ruleNumber":1,"conditionNumber":1,"conditionOptionID":null,"conditionOperator":null,"conditionLiteralValue":null,"conditionLiteralValueTwo":null,"goToPageID":"648","clauseType":null,"data":null},{"pageID":"656","questionName":null,"sectionName":null,"questionPageID":null,"questionSecondaryField":null,"logicID":null,"ruleNumber":1,"conditionNumber":1,"conditionOptionID":null,"conditionOperator":null,"conditionLiteralValue":null,"conditionLiteralValueTwo":null,"goToPageID":"648","clauseType":null,"data":null},{"pageID":"639","questionName":"q7ec9f01640fed370d66a6988215c955ef2c780ae","sectionName":"main","questionPageID":"639","questionSecondaryField":null,"logicID":null,"ruleNumber":2,"conditionNumber":1,"conditionOptionID":null,"conditionOperator":"equal","conditionLiteralValue":"road_signpost-illuminated","conditionLiteralValueTwo":null,"goToPageID":"656","clauseType":null,"data":null},{"pageID":"639","questionName":"q7ec9f01640fed370d66a6988215c955ef2c780ae","sectionName":"main","questionPageID":"639","questionSecondaryField":null,"logicID":null,"ruleNumber":3,"conditionNumber":1,"conditionOptionID":null,"conditionOperator":"equal","conditionLiteralValue":"a-board_frames","conditionLiteralValueTwo":null,"goToPageID":"655","clauseType":null,"data":null},{"pageID":"639","questionName":"q7ec9f01640fed370d66a6988215c955ef2c780ae","sectionName":"main","questionPageID":"639","questionSecondaryField":null,"logicID":null,"ruleNumber":4,"conditionNumber":1,"conditionOptionID":null,"conditionOperator":"equal","conditionLiteralValue":"street_lighting","conditionLiteralValueTwo":null,"goToPageID":"654","clauseType":null,"data":null},{"pageID":"639","questionName":"q7ec9f01640fed370d66a6988215c955ef2c780ae","sectionName":"main","questionPageID":"639","questionSecondaryField":null,"logicID":null,"ruleNumber":5,"conditionNumber":1,"conditionOptionID":null,"conditionOperator":"equal","conditionLiteralValue":"street_furniture_bollards_benches_etc","conditionLiteralValueTwo":null,"goToPageID":"653","clauseType":null,"data":null},{"pageID":"639","questionName":"q7ec9f01640fed370d66a6988215c955ef2c780ae","sectionName":"main","questionPageID":"639","questionSecondaryField":null,"logicID":null,"ruleNumber":6,"conditionNumber":1,"conditionOptionID":null,"conditionOperator":"equal","conditionLiteralValue":"damage_defects_excluding_potholes","conditionLiteralValueTwo":null,"goToPageID":"652","clauseType":null,"data":null},{"pageID":"639","questionName":"q7ec9f01640fed370d66a6988215c955ef2c780ae","sectionName":"main","questionPageID":"639","questionSecondaryField":null,"logicID":null,"ruleNumber":7,"conditionNumber":1,"conditionOptionID":null,"conditionOperator":"equal","conditionLiteralValue":"hedges_and_trees_overhanging","conditionLiteralValueTwo":null,"goToPageID":"651","clauseType":null,"data":null},{"pageID":"639","questionName":"q7ec9f01640fed370d66a6988215c955ef2c780ae","sectionName":"main","questionPageID":"639","questionSecondaryField":null,"logicID":null,"ruleNumber":8,"conditionNumber":1,"conditionOptionID":null,"conditionOperator":"equal","conditionLiteralValue":"road_signpost-non_illuminated","conditionLiteralValueTwo":null,"goToPageID":"650","clauseType":null,"data":null},{"pageID":"639","questionName":"q7ec9f01640fed370d66a6988215c955ef2c780ae","sectionName":"main","questionPageID":"639","questionSecondaryField":null,"logicID":null,"ruleNumber":9,"conditionNumber":1,"conditionOptionID":null,"conditionOperator":"equal","conditionLiteralValue":"road_markings-missingworn","conditionLiteralValueTwo":null,"goToPageID":"649","clauseType":null,"data":null},{"pageID":"639","questionName":"q7ec9f01640fed370d66a6988215c955ef2c780ae","sectionName":"main","questionPageID":"639","questionSecondaryField":null,"logicID":null,"ruleNumber":10,"conditionNumber":1,"conditionOptionID":null,"conditionOperator":"equal","conditionLiteralValue":"potholes","conditionLiteralValueTwo":null,"goToPageID":"646","clauseType":null,"data":null},{"pageID":"639","questionName":"q7ec9f01640fed370d66a6988215c955ef2c780ae","sectionName":"main","questionPageID":"639","questionSecondaryField":null,"logicID":null,"ruleNumber":11,"conditionNumber":1,"conditionOptionID":null,"conditionOperator":"equal","conditionLiteralValue":"obstructions_spillages_and_mud","conditionLiteralValueTwo":null,"goToPageID":"644","clauseType":null,"data":null},{"pageID":"639","questionName":"q7ec9f01640fed370d66a6988215c955ef2c780ae","sectionName":"main","questionPageID":"639","questionSecondaryField":null,"logicID":null,"ruleNumber":12,"conditionNumber":1,"conditionOptionID":null,"conditionOperator":"equal","conditionLiteralValue":"drainage_and_flooding","conditionLiteralValueTwo":null,"goToPageID":"642","clauseType":null,"data":null},{"pageID":"639","questionName":"q7ec9f01640fed370d66a6988215c955ef2c780ae","sectionName":"main","questionPageID":"639","questionSecondaryField":null,"logicID":null,"ruleNumber":13,"conditionNumber":1,"conditionOptionID":null,"conditionOperator":"equal","conditionLiteralValue":"manhole_cover","conditionLiteralValueTwo":null,"goToPageID":"640","clauseType":null,"data":null}]