[{"id":639,"templateID":472,"metadata":{"id":1189,"title":"What is the problem?","instructions":""}},{"id":640,"templateID":473,"metadata":{"id":1191,"title":"Manhole","instructions":""}},{"id":641,"templateID":474,"metadata":{"id":1193,"title":"Contact Number","instructions":""}},{"id":642,"templateID":475,"metadata":{"id":1195,"title":"Drainage and flooding","instructions":""}},{"id":643,"templateID":474,"metadata":{"id":1196,"title":"Contact Number - Drainage","instructions":""}},{"id":644,"templateID":476,"metadata":{"id":1198,"title":"Spillages \/ Debris \/ Obstructions","instructions":""}},{"id":645,"templateID":474,"metadata":{"id":1199,"title":"Contact Number - Spillages","instructions":""}},{"id":646,"templateID":477,"metadata":{"id":1201,"title":"Potholes","instructions":""}},{"id":647,"templateID":474,"metadata":{"id":1202,"title":"Contact Number - Potholes","instructions":""}},{"id":648,"templateID":485,"metadata":{"id":1212,"title":"Contact information","instructions":""}},{"id":649,"templateID":478,"metadata":{"id":1213,"title":"Road markings","instructions":""}},{"id":650,"templateID":479,"metadata":{"id":1214,"title":"Signs and Posts","instructions":""}},{"id":651,"templateID":480,"metadata":{"id":1215,"title":"Hedges and trees overhanging","instructions":""}},{"id":652,"templateID":481,"metadata":{"id":1216,"title":"Highway damage and defects (excluding potholes)","instructions":""}},{"id":653,"templateID":482,"metadata":{"id":1217,"title":"Street furniture","instructions":""}},{"id":654,"templateID":483,"metadata":{"id":1218,"title":"Street lighting","instructions":""}},{"id":655,"templateID":484,"metadata":{"id":1219,"title":"A-boards and frames","instructions":""}},{"id":656,"templateID":486,"metadata":{"id":1222,"title":"Contact County Council","instructions":"<p>We are sorry but we are not able to respond to his request. Please\u00a0report\u00a0this\u00a0to...<\/p>"}}]