[{"id":1191,"templateID":806,"metadata":{"id":2168,"title":"About your report","instructions":""}},{"id":1192,"templateID":805,"metadata":{"id":2169,"title":"About the waste","instructions":""}},{"id":1193,"templateID":807,"metadata":{"id":2170,"title":"Result page","instructions":"\n<div>\n<p>We are sorry but we can only investigate reports of accumulation of waste if they are posing a nuisance\/health and safety risk.\u00a0<\/p>\n<\/div>\n\n<p><span class=\"snippet\"><style>\n.button--primary {\nvisibility: hidden;\n}\n<\/style>\n<!-- rel:snippet --><\/span><\/p>\n"}},{"id":1194,"templateID":802,"metadata":{"id":2171,"title":"About resolving your report","instructions":""}},{"id":1195,"templateID":804,"metadata":{"id":2172,"title":"About the property owner\/occupier","instructions":""}},{"id":1196,"templateID":808,"metadata":{"id":2173,"title":"Your details","instructions":""}},{"id":1197,"templateID":807,"metadata":{"id":2174,"title":"We are sorry but we cannot process your report unless we know your address","instructions":"\n<p>We are sorry but we cannot process your report unless we know your address. This is because we need to know that the issue is affecting you at your home or business address in Lichfield District.<\/p>\n\n<p>Please click on the previous button and return to the previous page and select your address from the dropdown list.<\/p>\n\n<p>Thank you.<\/p>\n\n<p><span class=\"snippet\"><style>\n.button--primary {\nvisibility: hidden;\n}\n<\/style>\n<!-- rel:snippet --><\/span><\/p>\n"}},{"id":1198,"templateID":807,"metadata":{"id":2175,"title":"We are sorry but we cannot process your report unless we know address","instructions":"\n<p>We are sorry but we cannot process your report unless we know address \/ location where the issue is comming from. Pleas click on the previous button and return to the previous page and select address\u00a0from the dropdown list.<\/p>\n\n<p>Thank you.<\/p>\n\n<p><span class=\"snippet\"><style>\n.button--primary {\nvisibility: hidden;\n}\n<\/style>\n<!-- rel:snippet --><\/span><\/p>\n"}}]