{"id":843,"isFormSpecific":true,"version":{"metadata":{"id":2256,"title":"About the frequency - 6 (227) (512)","instructions":""},"sections":[{"name":"sb1387686e8944b98a0363ecf8f204488b0a5e3d3","title":"if other - 6","showTitle":false,"hideInitially":true,"triggerQuestionName":"q7f34fe16323304e882e0f092b7553144ff0d01ed","triggerQuestionSecondaryField":null,"triggerQuestionSection":"main","triggerOperator":"equal","triggerAnswerValue":"other","isRepeatableQuestion":false,"repeatableQuestionSettings":[],"structure":"[{\"type\":\"question\",\"name\":\"qbe7db977bef632520270565d3ad2f304c90173d8\"}]","questions":[{"name":"qbe7db977bef632520270565d3ad2f304c90173d8","text":"If other, please give details","guid":"7d7527893d7f786c9073e6a651a9c26181d9a661","settings":[{"name":"required","value":"true"}]}],"clauseType":null,"data":null},{"name":"sfcb33898063bdf1b8c2c1c031f58d17f9d4f96a3","title":"it\u2019s only happened once","showTitle":false,"hideInitially":true,"triggerQuestionName":"q7f34fe16323304e882e0f092b7553144ff0d01ed","triggerQuestionSecondaryField":null,"triggerQuestionSection":"main","triggerOperator":"equal","triggerAnswerValue":"its_only_happened_once","isRepeatableQuestion":false,"repeatableQuestionSettings":[],"structure":"[{\"type\":\"question\",\"name\":\"qba8dc93587db3effa1e77ffc7ef234454861d577\"}]","questions":[{"name":"qba8dc93587db3effa1e77ffc7ef234454861d577","text":"it\u2019s only happened once","guid":"Jadu\\XFormsPro\\Bundle\\StandardFormComponentBundle\\Component\\TextBlock\\TextBlockComponent","settings":[{"name":"value","value":"<div>\n<p>If the smoke you are reporting is not poisonous\/dangerous (black smoke), is not from a chimney in a smoke controlled zone, and has only happened once, we are very unlikely to investigate it or take further action, however you can still report it and we will send you log sheets so you can monitor it ongoing.<\/p>\n\n<p><strong>About bonfires <\/strong>People can have bonfires in their home garden, provided they do not burn items that can cause air pollution or harm people&rsquo;s health, such as household waste, including plastics or any treated materials, such as painted wood (often times this would result in black smoke). It is however illegal to have a bonfire at a trade premises, or to take trade waste to a residential premises to burn (with some specific exemptions). This is because doing so means the business is failing to dispose of its waste appropriately and we will investigate it, even if it has only happened once.<\/p>\n\n<p>If the smoke is black\/you are worried it potentially harmful\/poisonous or trade waste is being burned, please call our team on xxxx xxxx xxxx during working hours (Monday to Friday, 9am &ndash; 4pm) so we can investigate immediately. We do not operate an out of hours service, so if you are reporting the issue outside of working hours, please continue to report it to us using this form.<\/p>\n\n<p>Where a bonfire is not an outright offence (burning trade waste or plastics), it must happen frequently for it to be considered a nuisance. If a bonfire is a nuisance we can issue an abatement notice. If someone does not comply, they can be fined up to &pound;5,000.<\/p>\n<\/div>"}]}],"clauseType":null,"data":null},{"name":"sb2d238360824e216bb2da9e2538e7124290ddfe6","title":"if yes - 6","showTitle":false,"hideInitially":true,"triggerQuestionName":"q644c42a050858e146fc7f032abfaf3ef2d3d024c","triggerQuestionSecondaryField":null,"triggerQuestionSection":"main","triggerOperator":"equal","triggerAnswerValue":"yes","isRepeatableQuestion":false,"repeatableQuestionSettings":[],"structure":"[{\"type\":\"question\",\"name\":\"qb837a4cace853766c5e27dc00130e31993feb803\"}]","questions":[{"name":"qb837a4cace853766c5e27dc00130e31993feb803","text":"Address","guid":"dafc7be1f6e3057017f8b0a86d50373130ca5da0","settings":[{"name":"required","value":"true"},{"name":"help","value":"where the smoke coming from"},{"name":"type","value":"5c49c7f90a0e3d59b0a8cf70326808ac4ed67804"}]}],"clauseType":null,"data":null},{"name":"s2dca8b3e47f0ab5cda729882effd9438f8f6a650","title":"if no","showTitle":false,"hideInitially":true,"triggerQuestionName":"q644c42a050858e146fc7f032abfaf3ef2d3d024c","triggerQuestionSecondaryField":null,"triggerQuestionSection":"main","triggerOperator":"equal","triggerAnswerValue":"no","isRepeatableQuestion":false,"repeatableQuestionSettings":[],"structure":"[{\"type\":\"question\",\"name\":\"q434879e884021a0dc94511c0dac2044f40f3c06a\"}]","questions":[{"name":"q434879e884021a0dc94511c0dac2044f40f3c06a","text":"Street","guid":"dafc7be1f6e3057017f8b0a86d50373130ca5da0","settings":[{"name":"required","value":"true"},{"name":"help","value":"where the smoke coming from"},{"name":"type","value":"d7037b836dd8425c9a2619429d821e818648822c"}]}],"clauseType":null,"data":null},{"name":"main","title":"main","showTitle":null,"hideInitially":null,"triggerQuestionName":null,"triggerQuestionSecondaryField":null,"triggerQuestionSection":null,"triggerOperator":null,"triggerAnswerValue":null,"isRepeatableQuestion":null,"repeatableQuestionSettings":[],"structure":"[{\"type\":\"question\",\"name\":\"q7f34fe16323304e882e0f092b7553144ff0d01ed\"},{\"type\":\"section\",\"name\":\"sb1387686e8944b98a0363ecf8f204488b0a5e3d3\"},{\"type\":\"section\",\"name\":\"sfcb33898063bdf1b8c2c1c031f58d17f9d4f96a3\"},{\"type\":\"question\",\"name\":\"q625c0c2fcd4b2009688a158a510ffe081f8f5118\"},{\"type\":\"question\",\"name\":\"qa4ba342e8d48470a111b38c245dc2d2b403b4572\"},{\"type\":\"question\",\"name\":\"q644c42a050858e146fc7f032abfaf3ef2d3d024c\"},{\"type\":\"section\",\"name\":\"sb2d238360824e216bb2da9e2538e7124290ddfe6\"},{\"type\":\"section\",\"name\":\"s2dca8b3e47f0ab5cda729882effd9438f8f6a650\"}]","questions":{"0":{"name":"q7f34fe16323304e882e0f092b7553144ff0d01ed","text":"How often does the smoke happen?","guid":"18eeb80469e722d4f3513ee0c5b183da219c6975","settings":[{"name":"required","value":"true"},{"name":"answers","value":"[{\"value\":\"its_only_happened_once\",\"text\":\"It\u2019s only happened once\",\"data\":\"\",\"internal\":false},{\"value\":\"once_a_month\",\"text\":\"Once a month\",\"data\":\"\",\"internal\":false},{\"value\":\"a_few_times_a_month\",\"text\":\"A few times a month\",\"data\":\"\",\"internal\":false},{\"value\":\"every_weekend\",\"text\":\"Every weekend\",\"data\":\"\",\"internal\":false},{\"value\":\"once_a_week\",\"text\":\"Once a week\",\"data\":\"\",\"internal\":false},{\"value\":\"a_few_times_a_week\",\"text\":\"A few times a week\",\"data\":\"\",\"internal\":false},{\"value\":\"daily\",\"text\":\"Daily\",\"data\":\"\",\"internal\":false},{\"value\":\"other\",\"text\":\"Other\",\"data\":\"\",\"internal\":false}]"},{"name":"empty_option","value":"Please select"}]},"3":{"name":"q625c0c2fcd4b2009688a158a510ffe081f8f5118","text":"What day(s) of the week does the smoke normally happen?","guid":"7d7527893d7f786c9073e6a651a9c26181d9a661","settings":[{"name":"required","value":"true"}]},"4":{"name":"qa4ba342e8d48470a111b38c245dc2d2b403b4572","text":"What time(s) of day does the smoke usually happen?","guid":"7d7527893d7f786c9073e6a651a9c26181d9a661","settings":[{"name":"required","value":"true"}]},"5":{"name":"q644c42a050858e146fc7f032abfaf3ef2d3d024c","text":"Do you know the address of the property the smoke is coming from?","guid":"18eeb80469e722d4f3513ee0c5b183da219c6975","settings":[{"name":"required","value":"true"},{"name":"answers","value":"[{\"value\":\"yes\",\"text\":\"Yes\",\"data\":\"\",\"internal\":false},{\"value\":\"no\",\"text\":\"No\",\"data\":\"\",\"internal\":false}]"},{"name":"empty_option","value":"Please select"}]}},"clauseType":null,"data":null}]}}