{"id":844,"isFormSpecific":true,"version":{"metadata":{"id":2257,"title":"About the smoke (227) (512)","instructions":""},"sections":[{"name":"sb0099600ac72a953b86cb1d5f1b51e3a3f174bac","title":"green","showTitle":false,"hideInitially":true,"triggerQuestionName":"q037bec7d03f6a5353a37a97c1e076d074eea4270","triggerQuestionSecondaryField":null,"triggerQuestionSection":"main","triggerOperator":"not equal","triggerAnswerValue":"a_chimney","isRepeatableQuestion":false,"repeatableQuestionSettings":[],"structure":"[{\"type\":\"question\",\"name\":\"q2ef66f8cad50a88acf6da8012bd08d38dbb8700b\"},{\"type\":\"question\",\"name\":\"qf0fe7edac079e1d8f5e2b95bf1dfd6930b50d5cf\"}]","questions":[{"name":"q2ef66f8cad50a88acf6da8012bd08d38dbb8700b","text":"What type of property\/land is the smoke coming from?","guid":"18eeb80469e722d4f3513ee0c5b183da219c6975","settings":[{"name":"required","value":"true"},{"name":"answers","value":"[{\"value\":\"housegarden\",\"text\":\"House\/garden\",\"data\":\"\",\"internal\":false},{\"value\":\"factoryindustrial_premises\",\"text\":\"Factory\/industrial premises\",\"data\":\"\",\"internal\":false},{\"value\":\"shoprestaurantcommercial_premises\",\"text\":\"Shop\/restaurant\/commercial premises\",\"data\":\"\",\"internal\":false},{\"value\":\"farmland\",\"text\":\"Farmland\",\"data\":\"\",\"internal\":false},{\"value\":\"parkland\",\"text\":\"Parkland\",\"data\":\"\",\"internal\":false},{\"value\":\"disusedwaste_land\",\"text\":\"Disused\/waste land\",\"data\":\"\",\"internal\":false}]"},{"name":"empty_option","value":"Please select"}]},{"name":"qf0fe7edac079e1d8f5e2b95bf1dfd6930b50d5cf","text":"Do you know what kind of items are being burned?","guid":"18eeb80469e722d4f3513ee0c5b183da219c6975","settings":[{"name":"required","value":"true"},{"name":"answers","value":"[{\"value\":\"yes\",\"text\":\"Yes\",\"data\":\"\",\"internal\":false},{\"value\":\"no\",\"text\":\"No\",\"data\":\"\",\"internal\":false}]"},{"name":"empty_option","value":"Please select"}]}],"clauseType":null,"data":null},{"name":"sdadb3da22d2f06391aca944e5fcad5dfe9a5e294","title":"if yes","showTitle":false,"hideInitially":true,"triggerQuestionName":"qf0fe7edac079e1d8f5e2b95bf1dfd6930b50d5cf","triggerQuestionSecondaryField":null,"triggerQuestionSection":"sb0099600ac72a953b86cb1d5f1b51e3a3f174bac","triggerOperator":"equal","triggerAnswerValue":"yes","isRepeatableQuestion":false,"repeatableQuestionSettings":[],"structure":"[{\"type\":\"question\",\"name\":\"q98e0b9cea726d5a5a18592ca344c0332c28f0a03\"}]","questions":[{"name":"q98e0b9cea726d5a5a18592ca344c0332c28f0a03","text":"If yes, please give details","guid":"39c1d58d95f4fbb636ae61c4dccd9992ce707c24","settings":[{"name":"required","value":"true"},{"name":"rows","value":"2"},{"name":"cols","value":"40"}]}],"clauseType":null,"data":null},{"name":"main","title":"main","showTitle":null,"hideInitially":null,"triggerQuestionName":null,"triggerQuestionSecondaryField":null,"triggerQuestionSection":null,"triggerOperator":null,"triggerAnswerValue":null,"isRepeatableQuestion":null,"repeatableQuestionSettings":[],"structure":"[{\"type\":\"question\",\"name\":\"q037bec7d03f6a5353a37a97c1e076d074eea4270\"},{\"type\":\"section\",\"name\":\"sb0099600ac72a953b86cb1d5f1b51e3a3f174bac\"},{\"type\":\"section\",\"name\":\"sdadb3da22d2f06391aca944e5fcad5dfe9a5e294\"}]","questions":[{"name":"q037bec7d03f6a5353a37a97c1e076d074eea4270","text":"Where is the smoke coming from?","guid":"18eeb80469e722d4f3513ee0c5b183da219c6975","settings":[{"name":"required","value":"true"},{"name":"answers","value":"[{\"value\":\"a_chimney\",\"text\":\"A chimney\",\"data\":\"\",\"internal\":false},{\"value\":\"a_bonfire\",\"text\":\"A bonfire\",\"data\":\"\",\"internal\":false},{\"value\":\"a_barbecues\",\"text\":\"A barbecues\",\"data\":\"\",\"internal\":false},{\"value\":\"an_outdoor_chiminea\",\"text\":\"An outdoor chiminea\",\"data\":\"\",\"internal\":false},{\"value\":\"outdoor_fireplaces\",\"text\":\"Outdoor fireplaces\",\"data\":\"\",\"internal\":false},{\"value\":\"outdoor_pizza_ovens\",\"text\":\"Outdoor pizza ovens\",\"data\":\"\",\"internal\":false},{\"value\":\"im_not_sure\",\"text\":\"I'm not sure\",\"data\":\"\",\"internal\":false}]"},{"name":"empty_option","value":"Please select"}]}],"clauseType":null,"data":null}]}}