{"id":842,"isFormSpecific":true,"version":{"metadata":{"id":2255,"title":"About the frequency (smoke controlled zone chimney complaint) (227) (512)","instructions":""},"sections":[{"name":"s11e704e6ae2995602e24dd7ea020cb2edb3ad817","title":"if other","showTitle":false,"hideInitially":true,"triggerQuestionName":"q7a92c7f9d8916f8548507114e502652bc2f97cb1","triggerQuestionSecondaryField":null,"triggerQuestionSection":"main","triggerOperator":"equal","triggerAnswerValue":"other","isRepeatableQuestion":false,"repeatableQuestionSettings":[],"structure":"[{\"type\":\"question\",\"name\":\"q6a4eb91bf64233894236a89b88ebe30f7ada87ea\"}]","questions":[{"name":"q6a4eb91bf64233894236a89b88ebe30f7ada87ea","text":"If other, please give details","guid":"7d7527893d7f786c9073e6a651a9c26181d9a661","settings":[{"name":"required","value":"true"}]}],"clauseType":null,"data":null},{"name":"s0bd9f54b13912326521bfbfbe5fc55c28085c1d3","title":"if yes","showTitle":false,"hideInitially":true,"triggerQuestionName":"q6fb90813d92a0790b07dae366051c4db24f850aa","triggerQuestionSecondaryField":null,"triggerQuestionSection":"main","triggerOperator":"equal","triggerAnswerValue":"yes","isRepeatableQuestion":false,"repeatableQuestionSettings":[],"structure":"[{\"type\":\"question\",\"name\":\"q9561741dc79f762333ffde56c1f0d330c93c187d\"}]","questions":[{"name":"q9561741dc79f762333ffde56c1f0d330c93c187d","text":"Address","guid":"dafc7be1f6e3057017f8b0a86d50373130ca5da0","settings":[{"name":"required","value":"true"},{"name":"help","value":"where the smoke coming from"},{"name":"type","value":"5c49c7f90a0e3d59b0a8cf70326808ac4ed67804"}]}],"clauseType":null,"data":null},{"name":"s7e9865cd321ff040ac6c7eacf8f464db43a4d8c6","title":"if no","showTitle":false,"hideInitially":true,"triggerQuestionName":"q6fb90813d92a0790b07dae366051c4db24f850aa","triggerQuestionSecondaryField":null,"triggerQuestionSection":"main","triggerOperator":"equal","triggerAnswerValue":"no","isRepeatableQuestion":false,"repeatableQuestionSettings":[],"structure":"[{\"type\":\"question\",\"name\":\"q993607067b7a68f7254ddf183bc1b2891a5a0595\"}]","questions":[{"name":"q993607067b7a68f7254ddf183bc1b2891a5a0595","text":"Street","guid":"dafc7be1f6e3057017f8b0a86d50373130ca5da0","settings":[{"name":"required","value":"true"},{"name":"help","value":"where the smoke coming from"},{"name":"type","value":"d7037b836dd8425c9a2619429d821e818648822c"}]}],"clauseType":null,"data":null},{"name":"main","title":"main","showTitle":null,"hideInitially":null,"triggerQuestionName":null,"triggerQuestionSecondaryField":null,"triggerQuestionSection":null,"triggerOperator":null,"triggerAnswerValue":null,"isRepeatableQuestion":null,"repeatableQuestionSettings":[],"structure":"[{\"type\":\"question\",\"name\":\"q7a92c7f9d8916f8548507114e502652bc2f97cb1\"},{\"type\":\"section\",\"name\":\"s11e704e6ae2995602e24dd7ea020cb2edb3ad817\"},{\"type\":\"question\",\"name\":\"qb8f6845651009c7ced5da248c1d2d4b0d73680dc\"},{\"type\":\"question\",\"name\":\"qed6724ae6217bfa463f2d3073990fef1d0759599\"},{\"type\":\"question\",\"name\":\"q8a090efce1ddabae21955b7d2c4f940bd24c4576\"},{\"type\":\"question\",\"name\":\"q6fb90813d92a0790b07dae366051c4db24f850aa\"},{\"type\":\"section\",\"name\":\"s0bd9f54b13912326521bfbfbe5fc55c28085c1d3\"},{\"type\":\"section\",\"name\":\"s7e9865cd321ff040ac6c7eacf8f464db43a4d8c6\"}]","questions":{"0":{"name":"q7a92c7f9d8916f8548507114e502652bc2f97cb1","text":"How often does the smoke happen?","guid":"18eeb80469e722d4f3513ee0c5b183da219c6975","settings":[{"name":"required","value":"true"},{"name":"answers","value":"[{\"value\":\"its_only_happened_once\",\"text\":\"It\u2019s only happened once\",\"data\":\"\",\"internal\":false},{\"value\":\"once_a_month\",\"text\":\"Once a month\",\"data\":\"\",\"internal\":false},{\"value\":\"a_few_times_a_month\",\"text\":\"A few times a month\",\"data\":\"\",\"internal\":false},{\"value\":\"every_weekend\",\"text\":\"Every weekend\",\"data\":\"\",\"internal\":false},{\"value\":\"once_a_week\",\"text\":\"Once a week\",\"data\":\"\",\"internal\":false},{\"value\":\"a_few_times_a_week\",\"text\":\"A few times a week\",\"data\":\"\",\"internal\":false},{\"value\":\"daily\",\"text\":\"Daily\",\"data\":\"\",\"internal\":false},{\"value\":\"other\",\"text\":\"Other\",\"data\":\"\",\"internal\":false}]"},{"name":"empty_option","value":"Please select"}]},"2":{"name":"qb8f6845651009c7ced5da248c1d2d4b0d73680dc","text":"How long does the smoke last for?","guid":"7d7527893d7f786c9073e6a651a9c26181d9a661","settings":[{"name":"required","value":"true"}]},"3":{"name":"qed6724ae6217bfa463f2d3073990fef1d0759599","text":"What day(s) of the week does the smoke normally happen?","guid":"7d7527893d7f786c9073e6a651a9c26181d9a661","settings":[]},"4":{"name":"q8a090efce1ddabae21955b7d2c4f940bd24c4576","text":"What time(s) of day does the smoke usually happen?","guid":"7d7527893d7f786c9073e6a651a9c26181d9a661","settings":[]},"5":{"name":"q6fb90813d92a0790b07dae366051c4db24f850aa","text":"Do you know the address of the property the smoke is coming from?","guid":"18eeb80469e722d4f3513ee0c5b183da219c6975","settings":[{"name":"required","value":"true"},{"name":"answers","value":"[{\"value\":\"yes\",\"text\":\"Yes\",\"data\":\"\",\"internal\":false},{\"value\":\"no\",\"text\":\"No\",\"data\":\"\",\"internal\":false}]"},{"name":"empty_option","value":"Please select"}]}},"clauseType":null,"data":null}]}}