{"id":845,"isFormSpecific":true,"version":{"metadata":{"id":2258,"title":"Is it dangerous? - 1 (227) (512)","instructions":""},"sections":[{"name":"main","title":"main","showTitle":null,"hideInitially":null,"triggerQuestionName":null,"triggerQuestionSecondaryField":null,"triggerQuestionSection":null,"triggerOperator":null,"triggerAnswerValue":null,"isRepeatableQuestion":null,"repeatableQuestionSettings":[],"structure":"[{\"type\":\"question\",\"name\":\"q0f96aa50bc2068a6e4b43f2d1397905d5f35bff5\"}]","questions":[{"name":"q0f96aa50bc2068a6e4b43f2d1397905d5f35bff5","text":"Is the smoke\/fire is likely to cause an immediate threat to people\u2019s lives, road users or land\/property?","guid":"18eeb80469e722d4f3513ee0c5b183da219c6975","settings":[{"name":"required","value":"true"},{"name":"answers","value":"[{\"value\":\"yes\",\"text\":\"Yes\",\"data\":\"\",\"internal\":false},{\"value\":\"no\",\"text\":\"No\",\"data\":\"\",\"internal\":false}]"},{"name":"empty_option","value":"Please select"}]}],"clauseType":null,"data":null}]}}