{"id":846,"isFormSpecific":true,"version":{"metadata":{"id":2259,"title":"Is it potentially harmful (227) (512)","instructions":""},"sections":[{"name":"sc50aad22a0487666e698c23a9c5de189b2a8d993","title":"Yes","showTitle":false,"hideInitially":true,"triggerQuestionName":"qb4784347dde104b4ac761b573f22ff7025f5635d","triggerQuestionSecondaryField":null,"triggerQuestionSection":"main","triggerOperator":"equal","triggerAnswerValue":"yes","isRepeatableQuestion":false,"repeatableQuestionSettings":[],"structure":"[{\"type\":\"question\",\"name\":\"q9b1931e97b4d0c027f7563476ac6c1523d37aea6\"}]","questions":[{"name":"q9b1931e97b4d0c027f7563476ac6c1523d37aea6","text":"If the smoke is black or you are worried it potentially harmful","guid":"7d71b3ba5a3ceb554862ccadb50244fbdb3a65c0","settings":[{"name":"value","value":"<div>\n<p>If the smoke is black or you are worried it potentially harmful\/poisonous and needs investigating immediately, please call our team on 01543 308725 during working hours (Monday to Friday, 9am &ndash; 4pm). We do not operate an out of hours service, so if you are reporting the issue outside of working hours, please continue to report it to us using this form.<\/p>\n\n<p><strong>If the smoke\/fire is likely to cause an immediate threat to people&rsquo;s lives, road users or land\/property always dial 999 and speak to the fire service. <\/strong><\/p>\n<\/div>"}]}],"clauseType":null,"data":null},{"name":"main","title":"main","showTitle":null,"hideInitially":null,"triggerQuestionName":null,"triggerQuestionSecondaryField":null,"triggerQuestionSection":null,"triggerOperator":null,"triggerAnswerValue":null,"isRepeatableQuestion":null,"repeatableQuestionSettings":[],"structure":"[{\"type\":\"question\",\"name\":\"qb4784347dde104b4ac761b573f22ff7025f5635d\"},{\"type\":\"section\",\"name\":\"sc50aad22a0487666e698c23a9c5de189b2a8d993\"}]","questions":[{"name":"qb4784347dde104b4ac761b573f22ff7025f5635d","text":"Is the smoke black or potentially harmful\/poisonous and needs investigating immediately?","guid":"18eeb80469e722d4f3513ee0c5b183da219c6975","settings":[{"name":"required","value":"true"},{"name":"answers","value":"[{\"value\":\"yes\",\"text\":\"Yes\",\"data\":\"\",\"internal\":false},{\"value\":\"no\",\"text\":\"No\",\"data\":\"\",\"internal\":false}]"},{"name":"empty_option","value":"Please select"}]}],"clauseType":null,"data":null}]}}