{"id":847,"isFormSpecific":true,"version":{"metadata":{"id":2260,"title":"Logging your complaint - smoke (227) (512)","instructions":"<p>In order to process your complaint, we need you to complete a log sheet to record the dates, times and details of the smoke. It\u2019s very important you fill out the log sheet accurately as it will show us the extent of the problem and support any action we may take. The log sheets ask you to record:<\/p>\n\n<ul>\n\t<li>How often the smoke occurs.<\/li>\n\t<li>How long the smoke lasts.<\/li>\n\t<li>The time of day or night the smoke occurs.<\/li>\n\t<li>How the smoke affects you.<\/li>\n\t<li>Where the smoke is coming from.<\/li>\n\t<li>Taking photographs of the smoke\/burning items (provided it is safe to do so) is also very helpful evidence and can help us to take action.<\/li>\n<\/ul>"},"sections":[{"name":"main","title":"main","showTitle":null,"hideInitially":null,"triggerQuestionName":null,"triggerQuestionSecondaryField":null,"triggerQuestionSection":null,"triggerOperator":null,"triggerAnswerValue":null,"isRepeatableQuestion":null,"repeatableQuestionSettings":[],"structure":"[{\"type\":\"question\",\"name\":\"q0508e84b85679518ded3a8cb9d9bbe771c431ecc\"}]","questions":[{"name":"q0508e84b85679518ded3a8cb9d9bbe771c431ecc","text":"Are you willing to complete a log sheet\/record the smoke?","guid":"18eeb80469e722d4f3513ee0c5b183da219c6975","settings":[{"name":"answers","value":"[{\"value\":\"yes\",\"text\":\"Yes\",\"data\":\"\",\"internal\":false},{\"value\":\"no\",\"text\":\"No\",\"data\":\"\",\"internal\":false}]"},{"name":"empty_option","value":"Please select"}]}],"clauseType":null,"data":null}]}}