{"id":848,"isFormSpecific":true,"version":{"metadata":{"id":2261,"title":"Smoke controlled zones (227) (512)","instructions":"<p>We will investigate reports of smoke from chimneys in smoke controlled areas. Please be aware however that outdoor barbecues, outdoor chimineas, outdoor fireplaces, outdoor pizza ovens and bonfires (<a href=\"https:\/\/www.gov.uk\/garden-bonfires-rules\">that follow the rules<\/a>) <strong>are permitted<\/strong> in smoke controlled zones, and we will only investigate reports of these if the smoke from them is causing a nuisance<\/p>\n\n<p>People may also burn smokeless fuels or burn fuel on an authorised appliance within a smoke controlled zone. Where necessary kindling may be used as a starter. If kindling is used, please be aware that some smoke may be visible from chimneys for a short period of normally less than \u00bd an hour until the kindling burns through and the fire or stove gets up to operating temperature.<\/p>"},"sections":[{"name":"main","title":"main","showTitle":null,"hideInitially":null,"triggerQuestionName":null,"triggerQuestionSecondaryField":null,"triggerQuestionSection":null,"triggerOperator":null,"triggerAnswerValue":null,"isRepeatableQuestion":null,"repeatableQuestionSettings":[],"structure":"[{\"type\":\"question\",\"name\":\"q1abb5dfb6417f29a878248f118b8d98686102283\"}]","questions":[{"name":"q1abb5dfb6417f29a878248f118b8d98686102283","text":"Is the smoke from a chimney in a smoke controlled zone?","guid":"18eeb80469e722d4f3513ee0c5b183da219c6975","settings":[{"name":"required","value":"true"},{"name":"answers","value":"[{\"value\":\"yes\",\"text\":\"Yes\",\"data\":\"\",\"internal\":false},{\"value\":\"no\",\"text\":\"No\",\"data\":\"\",\"internal\":false}]"},{"name":"empty_option","value":"Please select"}]}],"clauseType":null,"data":null}]}}