{"id":310,"isFormSpecific":true,"version":{"metadata":{"id":769,"title":"Contact Details (Subject Access Request)","instructions":""},"sections":[{"name":"main","title":"main","showTitle":false,"hideInitially":false,"triggerQuestionName":null,"triggerQuestionSecondaryField":null,"triggerQuestionSection":null,"triggerOperator":null,"triggerAnswerValue":null,"isRepeatableQuestion":false,"repeatableQuestionSettings":[],"structure":"[{\"type\":\"question\",\"name\":\"qa86dd6e171b0ed7343d9611724a820b231417100\"},{\"type\":\"question\",\"name\":\"q3aa71dc2f5a2eb94a71e1e3be935ddeb13d5bd4a\"},{\"type\":\"question\",\"name\":\"qd486ee15808f9c1f0277b8023c584be56d1401b3\"},{\"type\":\"question\",\"name\":\"q9f4e591699ce3918529ac1a1936f9a7f6f931b86\"},{\"type\":\"question\",\"name\":\"q9e9af125cade37b76eade83636b539aee636cf94\"}]","questions":[{"name":"qa86dd6e171b0ed7343d9611724a820b231417100","text":"First Name","guid":"7d7527893d7f786c9073e6a651a9c26181d9a661","number":1,"settings":[{"name":"required","value":"true"}]},{"name":"q3aa71dc2f5a2eb94a71e1e3be935ddeb13d5bd4a","text":"Last Name","guid":"7d7527893d7f786c9073e6a651a9c26181d9a661","number":1,"settings":[]},{"name":"qd486ee15808f9c1f0277b8023c584be56d1401b3","text":"Agent Email Address","guid":"7d7527893d7f786c9073e6a651a9c26181d9a661","number":1,"settings":[{"name":"validation","value":"4"},{"name":"required","value":"true"},{"name":"confirmation_field","value":"Confirm Email"}]},{"name":"q9e9af125cade37b76eade83636b539aee636cf94","text":"Agent Name","guid":"7d7527893d7f786c9073e6a651a9c26181d9a661","number":1,"settings":[{"name":"required","value":"true"}]},{"name":"q9f4e591699ce3918529ac1a1936f9a7f6f931b86","text":"Agent Telephone Number","guid":"7d7527893d7f786c9073e6a651a9c26181d9a661","number":1,"settings":[{"name":"validation","value":"7"},{"name":"required","value":"true"}]}],"clauseType":null,"data":null}]}}