{"id":311,"isFormSpecific":true,"version":{"metadata":{"id":770,"title":"Proofs (Subject Access Request)","instructions":""},"sections":[{"name":"main","title":"main","showTitle":false,"hideInitially":false,"triggerQuestionName":null,"triggerQuestionSecondaryField":null,"triggerQuestionSection":null,"triggerOperator":null,"triggerAnswerValue":null,"isRepeatableQuestion":false,"repeatableQuestionSettings":[],"structure":"[{\"type\":\"question\",\"name\":\"qf57f31a3e34d8c51303e9683cf67cae4f1c2181b\"},{\"type\":\"question\",\"name\":\"q4cf71ee4aac2e1ef043525ed01edefb419e8a587\"}]","questions":[{"name":"qf57f31a3e34d8c51303e9683cf67cae4f1c2181b","text":"Identification Proof","guid":"9aca8a0e8fed454c7df8d60bf87b8f3ba70e844e","number":1,"settings":[{"name":"required","value":"true"},{"name":"help","value":"Please upload any Word document, pdf or image necessary to support your enquiry."}]},{"name":"q4cf71ee4aac2e1ef043525ed01edefb419e8a587","text":"Signed Authorisation Form","guid":"9aca8a0e8fed454c7df8d60bf87b8f3ba70e844e","number":1,"settings":[{"name":"required","value":"true"},{"name":"help","value":"Please upload any Word document, pdf or image necessary to support your enquiry."}]}],"clauseType":null,"data":null}]}}