{"id":309,"isFormSpecific":true,"version":{"metadata":{"id":768,"title":"Request Details","instructions":""},"sections":[{"name":"main","title":"main","showTitle":false,"hideInitially":false,"triggerQuestionName":null,"triggerQuestionSecondaryField":null,"triggerQuestionSection":null,"triggerOperator":null,"triggerAnswerValue":null,"isRepeatableQuestion":false,"repeatableQuestionSettings":[],"structure":"[{\"type\":\"question\",\"name\":\"q916518e420dc4011e3c53f9d8cc607d57b8406ee\"},{\"type\":\"question\",\"name\":\"qd58a59ecf24209101828a7d00a994c1db5830e15\"}]","questions":[{"name":"q916518e420dc4011e3c53f9d8cc607d57b8406ee","text":"Please choose the category that most closely matches the subject of your request","guid":"18eeb80469e722d4f3513ee0c5b183da219c6975","number":1,"settings":[{"name":"required","value":"true"},{"name":"answers","value":"[{\"value\":\"communications\",\"text\":\"Communications\",\"data\":\"\",\"internal\":false},{\"value\":\"community_safety\",\"text\":\"Community Safety\",\"data\":\"\",\"internal\":false},{\"value\":\"customer_services\",\"text\":\"Customer Services\",\"data\":\"\",\"internal\":false},{\"value\":\"council_finances\",\"text\":\"Council Finances\",\"data\":\"\",\"internal\":false},{\"value\":\"council_and_democracy\",\"text\":\"Council and Democracy\",\"data\":\"\",\"internal\":false},{\"value\":\"contracts_and_procurement\",\"text\":\"Contracts and procurement\",\"data\":\"\",\"internal\":false},{\"value\":\"education\",\"text\":\"Education\",\"data\":\"\",\"internal\":false},{\"value\":\"elections\",\"text\":\"Elections\",\"data\":\"\",\"internal\":false},{\"value\":\"enforcement\",\"text\":\"Enforcement\",\"data\":\"\",\"internal\":false},{\"value\":\"environmental_protection_and_community_safety\",\"text\":\"Environmental Protection and Community Safety\",\"data\":\"\",\"internal\":false},{\"value\":\"facilities_management\",\"text\":\"Facilities Management\",\"data\":\"\",\"internal\":false},{\"value\":\"health_and_safety\",\"text\":\"Health and Safety\",\"data\":\"\",\"internal\":false},{\"value\":\"highways_and_street_scene\",\"text\":\"Highways and Street scene\",\"data\":\"\",\"internal\":false},{\"value\":\"housing_including_homelessness\",\"text\":\"Housing (including homelessness)\",\"data\":\"\",\"internal\":false},{\"value\":\"human_resources\",\"text\":\"Human Resources\",\"data\":\"\",\"internal\":false},{\"value\":\"ict_and_business_support\",\"text\":\"ICT and Business Support\",\"data\":\"\",\"internal\":false},{\"value\":\"information_governance\",\"text\":\"Information Governance\",\"data\":\"\",\"internal\":false},{\"value\":\"legal\",\"text\":\"Legal\",\"data\":\"\",\"internal\":false},{\"value\":\"leisure_centres\",\"text\":\"Leisure Centres\",\"data\":\"\",\"internal\":false},{\"value\":\"libraires\",\"text\":\"Libraires\",\"data\":\"\",\"internal\":false},{\"value\":\"licensing\",\"text\":\"Licensing\",\"data\":\"\",\"internal\":false},{\"value\":\"organisation_and_staff\",\"text\":\"Organisation and Staff\",\"data\":\"\",\"internal\":false},{\"value\":\"parking\",\"text\":\"Parking\",\"data\":\"\",\"internal\":false},{\"value\":\"registration_citizenship_services\",\"text\":\"Registration Citizenship Services\",\"data\":\"\",\"internal\":false},{\"value\":\"revenues_and_benefits\",\"text\":\"Revenues and Benefits\",\"data\":\"\",\"internal\":false},{\"value\":\"parks_and_open_spaces\",\"text\":\"Parks and Open Spaces\",\"data\":\"\",\"internal\":false},{\"value\":\"planning_and_building_control\",\"text\":\"Planning and Building Control\",\"data\":\"\",\"internal\":false},{\"value\":\"public_health\",\"text\":\"Public Health\",\"data\":\"\",\"internal\":false},{\"value\":\"risk_and_insurance\",\"text\":\"Risk and Insurance\",\"data\":\"\",\"internal\":false},{\"value\":\"social_services-adults\",\"text\":\"Social Services - Adults\",\"data\":\"\",\"internal\":false},{\"value\":\"social_services-children\",\"text\":\"Social Services - Children\",\"data\":\"\",\"internal\":false},{\"value\":\"traffic_and_transport\",\"text\":\"Traffic and Transport\",\"data\":\"\",\"internal\":false},{\"value\":\"waste_and_recycling\",\"text\":\"Waste and Recycling\",\"data\":\"\",\"internal\":false},{\"value\":\"other\",\"text\":\"Other\",\"data\":\"\",\"internal\":false}]"},{"name":"empty_option","value":"Please select"}]},{"name":"qd58a59ecf24209101828a7d00a994c1db5830e15","text":"Please provide a description of your enquiry","guid":"39c1d58d95f4fbb636ae61c4dccd9992ce707c24","number":1,"settings":[{"name":"required","value":"true"},{"name":"help","value":"Please be as specific as possible to avoid us needing to contact you for further clarification about what you require."},{"name":"rows","value":"4"},{"name":"cols","value":"40"}]}],"clauseType":null,"data":null}]}}