{"id":383,"isFormSpecific":true,"version":{"metadata":{"id":1035,"title":"Food Complaint","instructions":""},"sections":[{"name":"main","title":"main","showTitle":null,"hideInitially":null,"triggerQuestionName":null,"triggerQuestionSecondaryField":null,"triggerQuestionSection":null,"triggerOperator":null,"triggerAnswerValue":null,"isRepeatableQuestion":null,"repeatableQuestionSettings":[],"structure":"[{\"type\":\"question\",\"name\":\"qb668d338b3a59531ffeba87d2e19b20fce0fd6e0\"},{\"type\":\"question\",\"name\":\"q7708ca423829862d6c8cd4812157bbf3723d1ae3\"},{\"type\":\"question\",\"name\":\"qea050b2acb59de9acf7ff4a6ee4109d619805607\"}]","questions":[{"name":"qb668d338b3a59531ffeba87d2e19b20fce0fd6e0","text":"Name of premises","guid":"Jadu\\XFormsPro\\Bundle\\StandardFormComponentBundle\\Component\\TextField\\TextFieldComponent","settings":[]},{"name":"q7708ca423829862d6c8cd4812157bbf3723d1ae3","text":"Location of premises","guid":"Jadu\\XFormsPro\\Bundle\\StandardFormComponentBundle\\Component\\TextField\\TextFieldComponent","settings":[{"name":"required","value":"true"}]},{"name":"qea050b2acb59de9acf7ff4a6ee4109d619805607","text":"Description","guid":"Jadu\\XFormsPro\\Bundle\\StandardFormComponentBundle\\Component\\TextArea\\TextAreaComponent","settings":[{"name":"required","value":"true"},{"name":"help","value":"Please provide as many details as possible, such as date, time, etc."},{"name":"rows","value":"4"},{"name":"cols","value":"40"}]}],"clauseType":null,"data":null}]}}