{"form.json":"7f7eeb14363507deaa858bc4f8eb173e89eb6fe9","page-templates\/Request_type.json":"442adf272ecc3eec0cd9ddeee53452e2e50cae0e","page-templates\/Your_details.json":"62cfb8c71d89eff6d147948226ad7ad4c80fecf1","structure\/pages.json":"3d371b426b495d6234f7e411bd38ca65ed5580c3","structure\/branching.json":"fcc655d7b766f6e9552fa5e4341567b77e5e603b","misc\/pdfs.json":"97d170e1550eee4afc0af065b78cda302a97674c","misc\/prefills.json":"97d170e1550eee4afc0af065b78cda302a97674c","misc\/placeholders.json":"97d170e1550eee4afc0af065b78cda302a97674c","misc\/logic_definitions.json":"97d170e1550eee4afc0af065b78cda302a97674c","misc\/ic_inputs.json":"97d170e1550eee4afc0af065b78cda302a97674c","misc\/data-retention.json":"fa8b819d756eec4a4f185f5465ef79b349ea9ce4"}