{"title":"Help with putting out your bins","instructions":"","progressBar":"0","allowUnregistered":"1","resumeAtStart":"0","reCaptcha":"0","internalOnly":0,"metadata":{"id":"644","itemID":"782","creator":"Vineethaa Thyagarajan","contributor":"","publisher":"Continuum SandBox","rights":"Continuum SandBox","source":"","status":"V1.0 Public Consumption","coverage":"UK","created":1569193200,"modified":1569193200,"valid":null,"expired":null,"format":"text\/html","language":"en","subject":"","description":"Help with putting out your bins"},"categories":[{"id":"4872","categoryType":"Navigation","itemID":782,"categoryID":"854"}]}