{"import_id":null,"import_version":1,"imported_resource":{"alertEmailTemplate_keys":[],"auto_assign_users":true,"case_limits":{"primary-address":null},"case_type_group_key":null,"default":false,"form_keys":{"case-form::case-type::job-shortlist::new-job-shortlist":{"identifier":"new-job-shortlist","label":"New Job Shortlist","resource_type":"case-form","scope_key":{"identifier":"job-shortlist","label":"Job Shortlist","resource_type":"case-type","scope_key":null}},"case-form::case-type::job-shortlist::edit-job-shortlist":{"identifier":"edit-job-shortlist","label":"Edit Job Shortlist","resource_type":"case-form","scope_key":{"identifier":"job-shortlist","label":"Job Shortlist","resource_type":"case-type","scope_key":null}},"case-form::case-type::job-shortlist::shortlisting-decision":{"identifier":"shortlisting-decision","label":"Shortlisting Decision","resource_type":"case-form","scope_key":{"identifier":"job-shortlist","label":"Job Shortlist","resource_type":"case-type","scope_key":null}},"case-form::case-type::job-shortlist::final-rejection":{"identifier":"final-rejection","label":"Final Rejection","resource_type":"case-form","scope_key":{"identifier":"job-shortlist","label":"Job Shortlist","resource_type":"case-type","scope_key":null}},"case-form::case-type::job-shortlist::final-shortlist":{"identifier":"final-shortlist","label":"Final Shortlist","resource_type":"case-form","scope_key":{"identifier":"job-shortlist","label":"Job Shortlist","resource_type":"case-type","scope_key":null}},"case-form::case-type::job-shortlist::under-review":{"identifier":"under-review","label":"Under Review","resource_type":"case-form","scope_key":{"identifier":"job-shortlist","label":"Job Shortlist","resource_type":"case-type","scope_key":null}}},"key":{"identifier":"job-shortlist","label":"Job Shortlist","resource_type":"case-type","scope_key":null},"personal_data_redaction":false,"reference_format":"JSL%'06d","rule_keys":{"rule::case-type::job-shortlist::6822":{"identifier":"6822","label":"Assign to HR for Review","resource_type":"rule","scope_key":{"identifier":"job-shortlist","label":"Job Shortlist","resource_type":"case-type","scope_key":null}},"rule::case-type::job-shortlist::6823":{"identifier":"6823","label":"Assign to Manager(s)","resource_type":"rule","scope_key":{"identifier":"job-shortlist","label":"Job Shortlist","resource_type":"case-type","scope_key":null}}},"status_keys":{"case-status::case-type::job-shortlist::pending":{"identifier":"pending","label":"Pending","resource_type":"case-status","scope_key":{"identifier":"job-shortlist","label":"Job Shortlist","resource_type":"case-type","scope_key":null}},"case-status::case-type::job-shortlist::under-review":{"identifier":"under-review","label":"Under Review","resource_type":"case-status","scope_key":{"identifier":"job-shortlist","label":"Job Shortlist","resource_type":"case-type","scope_key":null}},"case-status::case-type::job-shortlist::shortlisted":{"identifier":"shortlisted","label":"Shortlisted","resource_type":"case-status","scope_key":{"identifier":"job-shortlist","label":"Job Shortlist","resource_type":"case-type","scope_key":null}},"case-status::case-type::job-shortlist::rejected":{"identifier":"rejected","label":"Rejected","resource_type":"case-status","scope_key":{"identifier":"job-shortlist","label":"Job Shortlist","resource_type":"case-type","scope_key":null}},"case-status::case-type::job-shortlist::review-by-hr":{"identifier":"review-by-hr","label":"Review by HR","resource_type":"case-status","scope_key":{"identifier":"job-shortlist","label":"Job Shortlist","resource_type":"case-type","scope_key":null}},"case-status::case-type::job-shortlist::shortlisted-final":{"identifier":"shortlisted-final","label":"Shortlisted (Final)","resource_type":"case-status","scope_key":{"identifier":"job-shortlist","label":"Job Shortlist","resource_type":"case-type","scope_key":null}},"case-status::case-type::job-shortlist::rejected-final":{"identifier":"rejected-final","label":"Rejected (Final)","resource_type":"case-status","scope_key":{"identifier":"job-shortlist","label":"Job Shortlist","resource_type":"case-type","scope_key":null}}},"transition_keys":{"case-transition::case-type::job-shortlist::assign-to-manager-s":{"identifier":"assign-to-manager-s","label":"Assign to Manager(s)","resource_type":"case-transition","scope_key":{"identifier":"job-shortlist","label":"Job Shortlist","resource_type":"case-type","scope_key":null}},"case-transition::case-type::job-shortlist::add-to-shortlist":{"identifier":"add-to-shortlist","label":"Add to Shortlist","resource_type":"case-transition","scope_key":{"identifier":"job-shortlist","label":"Job Shortlist","resource_type":"case-type","scope_key":null}},"case-transition::case-type::job-shortlist::reject":{"identifier":"reject","label":"Reject","resource_type":"case-transition","scope_key":{"identifier":"job-shortlist","label":"Job Shortlist","resource_type":"case-type","scope_key":null}},"case-transition::case-type::job-shortlist::assign-to-hr":{"identifier":"assign-to-hr","label":"Assign to HR","resource_type":"case-transition","scope_key":{"identifier":"job-shortlist","label":"Job Shortlist","resource_type":"case-type","scope_key":null}},"case-transition::case-type::job-shortlist::final-shortlist":{"identifier":"final-shortlist","label":"Final Shortlist","resource_type":"case-transition","scope_key":{"identifier":"job-shortlist","label":"Job Shortlist","resource_type":"case-type","scope_key":null}},"case-transition::case-type::job-shortlist::final-rejection":{"identifier":"final-rejection","label":"Final Rejection","resource_type":"case-transition","scope_key":{"identifier":"job-shortlist","label":"Job Shortlist","resource_type":"case-type","scope_key":null}}}},"mappings":{"items":[]},"resources":{"items":{"case-status::case-type::job-shortlist::pending":{"key":{"identifier":"pending","label":"Pending","resource_type":"case-status","scope_key":{"identifier":"job-shortlist","label":"Job Shortlist","resource_type":"case-type","scope_key":null}},"label_colour":"ffc8ad","label_font_colour":"7f3306","type":"initial"},"case-status::case-type::job-shortlist::under-review":{"key":{"identifier":"under-review","label":"Under Review","resource_type":"case-status","scope_key":{"identifier":"job-shortlist","label":"Job Shortlist","resource_type":"case-type","scope_key":null}},"label_colour":"ffdfb2","label_font_colour":"7d4900","type":"normal"},"case-status::case-type::job-shortlist::shortlisted":{"key":{"identifier":"shortlisted","label":"Shortlisted","resource_type":"case-status","scope_key":{"identifier":"job-shortlist","label":"Job Shortlist","resource_type":"case-type","scope_key":null}},"label_colour":"008850","label_font_colour":"ffffff","type":"normal"},"case-status::case-type::job-shortlist::rejected":{"key":{"identifier":"rejected","label":"Rejected","resource_type":"case-status","scope_key":{"identifier":"job-shortlist","label":"Job Shortlist","resource_type":"case-type","scope_key":null}},"label_colour":"de2a01","label_font_colour":"ffffff","type":"normal"},"case-status::case-type::job-shortlist::review-by-hr":{"key":{"identifier":"review-by-hr","label":"Review by HR","resource_type":"case-status","scope_key":{"identifier":"job-shortlist","label":"Job Shortlist","resource_type":"case-type","scope_key":null}},"label_colour":"5b4f00","label_font_colour":"fcea7c","type":"normal"},"case-status::case-type::job-shortlist::shortlisted-final":{"key":{"identifier":"shortlisted-final","label":"Shortlisted (Final)","resource_type":"case-status","scope_key":{"identifier":"job-shortlist","label":"Job Shortlist","resource_type":"case-type","scope_key":null}},"label_colour":"008850","label_font_colour":"ffffff","type":"final"},"case-status::case-type::job-shortlist::rejected-final":{"key":{"identifier":"rejected-final","label":"Rejected (Final)","resource_type":"case-status","scope_key":{"identifier":"job-shortlist","label":"Job Shortlist","resource_type":"case-type","scope_key":null}},"label_colour":"de2a01","label_font_colour":"ffffff","type":"final"},"case-field::job_role":{"allowed_privilege_level_keys":[],"allowed_to_all_privilege_levels":true,"encrypted":false,"redactable":false,"key":{"identifier":"job_role","label":"Job Role","resource_type":"case-field","scope_key":null},"position":0,"type":"text"},"case-field::job_reference":{"allowed_privilege_level_keys":[],"allowed_to_all_privilege_levels":true,"encrypted":false,"redactable":false,"key":{"identifier":"job_reference","label":"Job Reference","resource_type":"case-field","scope_key":null},"position":0,"type":"text"},"case-field::qualifications":{"allowed_privilege_level_keys":[],"allowed_to_all_privilege_levels":true,"encrypted":false,"redactable":false,"key":{"identifier":"qualifications","label":"Qualifications","resource_type":"case-field","scope_key":null},"position":0,"type":"textarea"},"case-field::memberships":{"allowed_privilege_level_keys":[],"allowed_to_all_privilege_levels":true,"encrypted":false,"redactable":false,"key":{"identifier":"memberships","label":"Memberships","resource_type":"case-field","scope_key":null},"position":0,"type":"textarea"},"case-field::employer":{"allowed_privilege_level_keys":[],"allowed_to_all_privilege_levels":true,"encrypted":false,"redactable":false,"key":{"identifier":"employer","label":"Employer","resource_type":"case-field","scope_key":null},"position":0,"type":"textarea"},"case-field::previous_employment":{"allowed_privilege_level_keys":[],"allowed_to_all_privilege_levels":true,"encrypted":false,"redactable":false,"key":{"identifier":"previous_employment","label":"Previous Employment","resource_type":"case-field","scope_key":null},"position":0,"type":"textarea"},"case-field::experience":{"allowed_privilege_level_keys":[],"allowed_to_all_privilege_levels":true,"encrypted":false,"redactable":false,"key":{"identifier":"experience","label":"Experience","resource_type":"case-field","scope_key":null},"position":0,"type":"textarea"},"case-field::knowledge_and_skills":{"allowed_privilege_level_keys":[],"allowed_to_all_privilege_levels":true,"encrypted":false,"redactable":false,"key":{"identifier":"knowledge_and_skills","label":"Knowledge and Skills","resource_type":"case-field","scope_key":null},"position":0,"type":"textarea"},"case-field::education":{"allowed_privilege_level_keys":[],"allowed_to_all_privilege_levels":true,"encrypted":false,"redactable":false,"key":{"identifier":"education","label":"Education","resource_type":"case-field","scope_key":null},"position":0,"type":"textarea"},"case-field::additional_factors":{"allowed_privilege_level_keys":[],"allowed_to_all_privilege_levels":true,"encrypted":false,"redactable":false,"key":{"identifier":"additional_factors","label":"Additional Factors","resource_type":"case-field","scope_key":null},"position":0,"type":"textarea"},"case-field::linked_application":{"allowed_privilege_level_keys":[],"allowed_to_all_privilege_levels":true,"encrypted":false,"redactable":false,"key":{"identifier":"linked_application","label":"Linked Application","resource_type":"case-field","scope_key":null},"position":0,"type":"textarea"},"case-field::criminal_records_bureau":{"allowed_privilege_level_keys":[],"allowed_to_all_privilege_levels":true,"encrypted":false,"redactable":false,"key":{"identifier":"criminal_records_bureau","label":"Criminal Records Bureau","resource_type":"case-field","scope_key":null},"position":0,"type":"textarea"},"case-field::driving_license":{"allowed_privilege_level_keys":[],"allowed_to_all_privilege_levels":true,"encrypted":false,"redactable":false,"key":{"identifier":"driving_license","label":"Driving License","resource_type":"case-field","scope_key":null},"position":0,"type":"textarea"},"case-field::disabled":{"allowed_privilege_level_keys":[],"allowed_to_all_privilege_levels":true,"encrypted":false,"redactable":false,"key":{"identifier":"disabled","label":"Disabled","resource_type":"case-field","scope_key":null},"position":0,"type":"text"},"case-form::case-type::job-shortlist::new-job-shortlist":{"external_redirects":[],"fields":[{"key":{"identifier":"job-role","label":"Job Role","resource_type":"case-form-field","scope_key":{"identifier":"new-job-shortlist","label":"New Job Shortlist","resource_type":"case-form","scope_key":{"identifier":"job-shortlist","label":"Job Shortlist","resource_type":"case-type","scope_key":null}}},"position":0,"requirement":{"key":{"identifier":"45925","label":"Expression 45925","resource_type":"expression","scope_key":null},"type":"false_expression"},"visibility":null,"field_key":{"identifier":"job_role","label":"Job Role","resource_type":"case-field","scope_key":null},"type":"case_field"},{"key":{"identifier":"job-reference","label":"Job Reference","resource_type":"case-form-field","scope_key":{"identifier":"new-job-shortlist","label":"New Job Shortlist","resource_type":"case-form","scope_key":{"identifier":"job-shortlist","label":"Job Shortlist","resource_type":"case-type","scope_key":null}}},"position":1,"requirement":{"key":{"identifier":"45926","label":"Expression 45926","resource_type":"expression","scope_key":null},"type":"false_expression"},"visibility":null,"field_key":{"identifier":"job_reference","label":"Job Reference","resource_type":"case-field","scope_key":null},"type":"case_field"},{"key":{"identifier":"qualifications","label":"Qualifications","resource_type":"case-form-field","scope_key":{"identifier":"new-job-shortlist","label":"New Job Shortlist","resource_type":"case-form","scope_key":{"identifier":"job-shortlist","label":"Job Shortlist","resource_type":"case-type","scope_key":null}}},"position":2,"requirement":{"key":{"identifier":"45927","label":"Expression 45927","resource_type":"expression","scope_key":null},"type":"false_expression"},"visibility":null,"field_key":{"identifier":"qualifications","label":"Qualifications","resource_type":"case-field","scope_key":null},"type":"case_field"},{"key":{"identifier":"memberships","label":"Memberships","resource_type":"case-form-field","scope_key":{"identifier":"new-job-shortlist","label":"New Job Shortlist","resource_type":"case-form","scope_key":{"identifier":"job-shortlist","label":"Job Shortlist","resource_type":"case-type","scope_key":null}}},"position":3,"requirement":{"key":{"identifier":"45928","label":"Expression 45928","resource_type":"expression","scope_key":null},"type":"false_expression"},"visibility":null,"field_key":{"identifier":"memberships","label":"Memberships","resource_type":"case-field","scope_key":null},"type":"case_field"},{"key":{"identifier":"employer","label":"Employer","resource_type":"case-form-field","scope_key":{"identifier":"new-job-shortlist","label":"New Job Shortlist","resource_type":"case-form","scope_key":{"identifier":"job-shortlist","label":"Job Shortlist","resource_type":"case-type","scope_key":null}}},"position":4,"requirement":{"key":{"identifier":"45929","label":"Expression 45929","resource_type":"expression","scope_key":null},"type":"false_expression"},"visibility":null,"field_key":{"identifier":"employer","label":"Employer","resource_type":"case-field","scope_key":null},"type":"case_field"},{"key":{"identifier":"previous-employment","label":"Previous Employment","resource_type":"case-form-field","scope_key":{"identifier":"new-job-shortlist","label":"New Job Shortlist","resource_type":"case-form","scope_key":{"identifier":"job-shortlist","label":"Job Shortlist","resource_type":"case-type","scope_key":null}}},"position":5,"requirement":{"key":{"identifier":"45930","label":"Expression 45930","resource_type":"expression","scope_key":null},"type":"false_expression"},"visibility":null,"field_key":{"identifier":"previous_employment","label":"Previous Employment","resource_type":"case-field","scope_key":null},"type":"case_field"},{"key":{"identifier":"experience","label":"Experience","resource_type":"case-form-field","scope_key":{"identifier":"new-job-shortlist","label":"New Job Shortlist","resource_type":"case-form","scope_key":{"identifier":"job-shortlist","label":"Job Shortlist","resource_type":"case-type","scope_key":null}}},"position":6,"requirement":{"key":{"identifier":"45931","label":"Expression 45931","resource_type":"expression","scope_key":null},"type":"false_expression"},"visibility":null,"field_key":{"identifier":"experience","label":"Experience","resource_type":"case-field","scope_key":null},"type":"case_field"},{"key":{"identifier":"knowledge-and-skills","label":"Knowledge and Skills","resource_type":"case-form-field","scope_key":{"identifier":"new-job-shortlist","label":"New Job Shortlist","resource_type":"case-form","scope_key":{"identifier":"job-shortlist","label":"Job Shortlist","resource_type":"case-type","scope_key":null}}},"position":7,"requirement":{"key":{"identifier":"45932","label":"Expression 45932","resource_type":"expression","scope_key":null},"type":"false_expression"},"visibility":null,"field_key":{"identifier":"knowledge_and_skills","label":"Knowledge and Skills","resource_type":"case-field","scope_key":null},"type":"case_field"},{"key":{"identifier":"education","label":"Education","resource_type":"case-form-field","scope_key":{"identifier":"new-job-shortlist","label":"New Job Shortlist","resource_type":"case-form","scope_key":{"identifier":"job-shortlist","label":"Job Shortlist","resource_type":"case-type","scope_key":null}}},"position":8,"requirement":{"key":{"identifier":"45933","label":"Expression 45933","resource_type":"expression","scope_key":null},"type":"false_expression"},"visibility":null,"field_key":{"identifier":"education","label":"Education","resource_type":"case-field","scope_key":null},"type":"case_field"},{"key":{"identifier":"additional-factors","label":"Additional Factors","resource_type":"case-form-field","scope_key":{"identifier":"new-job-shortlist","label":"New Job Shortlist","resource_type":"case-form","scope_key":{"identifier":"job-shortlist","label":"Job Shortlist","resource_type":"case-type","scope_key":null}}},"position":9,"requirement":{"key":{"identifier":"45934","label":"Expression 45934","resource_type":"expression","scope_key":null},"type":"false_expression"},"visibility":null,"field_key":{"identifier":"additional_factors","label":"Additional Factors","resource_type":"case-field","scope_key":null},"type":"case_field"},{"key":{"identifier":"linked-application","label":"Linked Application","resource_type":"case-form-field","scope_key":{"identifier":"new-job-shortlist","label":"New Job Shortlist","resource_type":"case-form","scope_key":{"identifier":"job-shortlist","label":"Job Shortlist","resource_type":"case-type","scope_key":null}}},"position":10,"requirement":{"key":{"identifier":"45935","label":"Expression 45935","resource_type":"expression","scope_key":null},"type":"false_expression"},"visibility":null,"field_key":{"identifier":"linked_application","label":"Linked Application","resource_type":"case-field","scope_key":null},"type":"case_field"},{"key":{"identifier":"criminal-records-bureau","label":"Criminal Records Bureau","resource_type":"case-form-field","scope_key":{"identifier":"new-job-shortlist","label":"New Job Shortlist","resource_type":"case-form","scope_key":{"identifier":"job-shortlist","label":"Job Shortlist","resource_type":"case-type","scope_key":null}}},"position":11,"requirement":{"key":{"identifier":"45936","label":"Expression 45936","resource_type":"expression","scope_key":null},"type":"false_expression"},"visibility":null,"field_key":{"identifier":"criminal_records_bureau","label":"Criminal Records Bureau","resource_type":"case-field","scope_key":null},"type":"case_field"},{"key":{"identifier":"driving-license","label":"Driving License","resource_type":"case-form-field","scope_key":{"identifier":"new-job-shortlist","label":"New Job Shortlist","resource_type":"case-form","scope_key":{"identifier":"job-shortlist","label":"Job Shortlist","resource_type":"case-type","scope_key":null}}},"position":12,"requirement":{"key":{"identifier":"45937","label":"Expression 45937","resource_type":"expression","scope_key":null},"type":"false_expression"},"visibility":null,"field_key":{"identifier":"driving_license","label":"Driving License","resource_type":"case-field","scope_key":null},"type":"case_field"},{"key":{"identifier":"disabled","label":"Disabled","resource_type":"case-form-field","scope_key":{"identifier":"new-job-shortlist","label":"New Job Shortlist","resource_type":"case-form","scope_key":{"identifier":"job-shortlist","label":"Job Shortlist","resource_type":"case-type","scope_key":null}}},"position":13,"requirement":{"key":{"identifier":"45938","label":"Expression 45938","resource_type":"expression","scope_key":null},"type":"false_expression"},"visibility":null,"field_key":{"identifier":"disabled","label":"Disabled","resource_type":"case-field","scope_key":null},"type":"case_field"}],"key":{"identifier":"new-job-shortlist","label":"New Job Shortlist","resource_type":"case-form","scope_key":{"identifier":"job-shortlist","label":"Job Shortlist","resource_type":"case-type","scope_key":null}},"type":"create"},"case-form::case-type::job-shortlist::edit-job-shortlist":{"external_redirects":[],"fields":[],"key":{"identifier":"edit-job-shortlist","label":"Edit Job Shortlist","resource_type":"case-form","scope_key":{"identifier":"job-shortlist","label":"Job Shortlist","resource_type":"case-type","scope_key":null}},"type":"edit"},"choice::case-field::shortlisted::yes":{"key":{"identifier":"yes","label":"Shortlist","resource_type":"choice","scope_key":{"identifier":"shortlisted","label":"Shortlisted","resource_type":"case-field","scope_key":null}}},"choice::case-field::shortlisted::no":{"key":{"identifier":"no","label":"Reject","resource_type":"choice","scope_key":{"identifier":"shortlisted","label":"Shortlisted","resource_type":"case-field","scope_key":null}}},"case-field::shortlisted":{"allowed_privilege_level_keys":[],"allowed_to_all_privilege_levels":true,"encrypted":false,"redactable":false,"key":{"identifier":"shortlisted","label":"Shortlisted","resource_type":"case-field","scope_key":null},"position":0,"choice_keys":{"choice::case-field::shortlisted::yes":{"identifier":"yes","label":"Shortlist","resource_type":"choice","scope_key":{"identifier":"shortlisted","label":"Shortlisted","resource_type":"case-field","scope_key":null}},"choice::case-field::shortlisted::no":{"identifier":"no","label":"Reject","resource_type":"choice","scope_key":{"identifier":"shortlisted","label":"Shortlisted","resource_type":"case-field","scope_key":null}}},"default_choice_keys":[],"expanded":false,"multiple":false,"type":"choice"},"case-form::case-type::job-shortlist::shortlisting-decision":{"external_redirects":[],"fields":[{"key":{"identifier":"shortlisted","label":"Shortlisted","resource_type":"case-form-field","scope_key":{"identifier":"shortlisting-decision","label":"Shortlisting Decision","resource_type":"case-form","scope_key":{"identifier":"job-shortlist","label":"Job Shortlist","resource_type":"case-type","scope_key":null}}},"position":0,"requirement":null,"visibility":null,"field_key":{"identifier":"shortlisted","label":"Shortlisted","resource_type":"case-field","scope_key":null},"type":"case_field"}],"key":{"identifier":"shortlisting-decision","label":"Shortlisting Decision","resource_type":"case-form","scope_key":{"identifier":"job-shortlist","label":"Job Shortlist","resource_type":"case-type","scope_key":null}},"type":"normal"},"case-form::case-type::job-shortlist::final-rejection":{"external_redirects":[],"fields":[],"key":{"identifier":"final-rejection","label":"Final Rejection","resource_type":"case-form","scope_key":{"identifier":"job-shortlist","label":"Job Shortlist","resource_type":"case-type","scope_key":null}},"type":"normal"},"case-form::case-type::job-shortlist::final-shortlist":{"external_redirects":[],"fields":[],"key":{"identifier":"final-shortlist","label":"Final Shortlist","resource_type":"case-form","scope_key":{"identifier":"job-shortlist","label":"Job Shortlist","resource_type":"case-type","scope_key":null}},"type":"normal"},"case-form::case-type::job-shortlist::under-review":{"external_redirects":[],"fields":[],"key":{"identifier":"under-review","label":"Under Review","resource_type":"case-form","scope_key":{"identifier":"job-shortlist","label":"Job Shortlist","resource_type":"case-type","scope_key":null}},"type":"normal"},"privilege-level::super":{"key":{"identifier":"super","label":"Jadu Administrator","resource_type":"privilege-level","scope_key":null}},"privilege-level::administrator":{"key":{"identifier":"administrator","label":"Administrator","resource_type":"privilege-level","scope_key":null}},"privilege-level::advisor":{"key":{"identifier":"advisor","label":"Advisor","resource_type":"privilege-level","scope_key":null}},"case-transition::case-type::job-shortlist::assign-to-manager-s":{"allowed_privilege_level_keys":{"privilege-level::super":{"identifier":"super","label":"Jadu Administrator","resource_type":"privilege-level","scope_key":null},"privilege-level::administrator":{"identifier":"administrator","label":"Administrator","resource_type":"privilege-level","scope_key":null},"privilege-level::advisor":{"identifier":"advisor","label":"Advisor","resource_type":"privilege-level","scope_key":null}},"call_to_action":false,"call_to_action_style":"default","case_form_key":{"identifier":"under-review","label":"Under Review","resource_type":"case-form","scope_key":{"identifier":"job-shortlist","label":"Job Shortlist","resource_type":"case-type","scope_key":null}},"from_status_keys":{"case-status::case-type::job-shortlist::pending":{"identifier":"pending","label":"Pending","resource_type":"case-status","scope_key":{"identifier":"job-shortlist","label":"Job Shortlist","resource_type":"case-type","scope_key":null}}},"key":{"identifier":"assign-to-manager-s","label":"Assign to Manager(s)","resource_type":"case-transition","scope_key":{"identifier":"job-shortlist","label":"Job Shortlist","resource_type":"case-type","scope_key":null}},"to_status_key":{"identifier":"under-review","label":"Under Review","resource_type":"case-status","scope_key":{"identifier":"job-shortlist","label":"Job Shortlist","resource_type":"case-type","scope_key":null}}},"privilege-level::staff-free-user":{"key":{"identifier":"staff-free-user","label":"Staff - free user","resource_type":"privilege-level","scope_key":null}},"case-transition::case-type::job-shortlist::add-to-shortlist":{"allowed_privilege_level_keys":{"privilege-level::super":{"identifier":"super","label":"Jadu Administrator","resource_type":"privilege-level","scope_key":null},"privilege-level::administrator":{"identifier":"administrator","label":"Administrator","resource_type":"privilege-level","scope_key":null},"privilege-level::advisor":{"identifier":"advisor","label":"Advisor","resource_type":"privilege-level","scope_key":null},"privilege-level::staff-free-user":{"identifier":"staff-free-user","label":"Staff - free user","resource_type":"privilege-level","scope_key":null}},"call_to_action":true,"call_to_action_style":"success","case_form_key":{"identifier":"shortlisting-decision","label":"Shortlisting Decision","resource_type":"case-form","scope_key":{"identifier":"job-shortlist","label":"Job Shortlist","resource_type":"case-type","scope_key":null}},"from_status_keys":{"case-status::case-type::job-shortlist::under-review":{"identifier":"under-review","label":"Under Review","resource_type":"case-status","scope_key":{"identifier":"job-shortlist","label":"Job Shortlist","resource_type":"case-type","scope_key":null}}},"key":{"identifier":"add-to-shortlist","label":"Add to Shortlist","resource_type":"case-transition","scope_key":{"identifier":"job-shortlist","label":"Job Shortlist","resource_type":"case-type","scope_key":null}},"to_status_key":{"identifier":"shortlisted","label":"Shortlisted","resource_type":"case-status","scope_key":{"identifier":"job-shortlist","label":"Job Shortlist","resource_type":"case-type","scope_key":null}}},"case-transition::case-type::job-shortlist::reject":{"allowed_privilege_level_keys":{"privilege-level::super":{"identifier":"super","label":"Jadu Administrator","resource_type":"privilege-level","scope_key":null},"privilege-level::administrator":{"identifier":"administrator","label":"Administrator","resource_type":"privilege-level","scope_key":null},"privilege-level::advisor":{"identifier":"advisor","label":"Advisor","resource_type":"privilege-level","scope_key":null},"privilege-level::staff-free-user":{"identifier":"staff-free-user","label":"Staff - free user","resource_type":"privilege-level","scope_key":null}},"call_to_action":true,"call_to_action_style":"danger","case_form_key":{"identifier":"shortlisting-decision","label":"Shortlisting Decision","resource_type":"case-form","scope_key":{"identifier":"job-shortlist","label":"Job Shortlist","resource_type":"case-type","scope_key":null}},"from_status_keys":{"case-status::case-type::job-shortlist::under-review":{"identifier":"under-review","label":"Under Review","resource_type":"case-status","scope_key":{"identifier":"job-shortlist","label":"Job Shortlist","resource_type":"case-type","scope_key":null}}},"key":{"identifier":"reject","label":"Reject","resource_type":"case-transition","scope_key":{"identifier":"job-shortlist","label":"Job Shortlist","resource_type":"case-type","scope_key":null}},"to_status_key":{"identifier":"rejected","label":"Rejected","resource_type":"case-status","scope_key":{"identifier":"job-shortlist","label":"Job Shortlist","resource_type":"case-type","scope_key":null}}},"case-transition::case-type::job-shortlist::assign-to-hr":{"allowed_privilege_level_keys":{"privilege-level::super":{"identifier":"super","label":"Jadu Administrator","resource_type":"privilege-level","scope_key":null},"privilege-level::administrator":{"identifier":"administrator","label":"Administrator","resource_type":"privilege-level","scope_key":null},"privilege-level::advisor":{"identifier":"advisor","label":"Advisor","resource_type":"privilege-level","scope_key":null}},"call_to_action":false,"call_to_action_style":"default","case_form_key":null,"from_status_keys":{"case-status::case-type::job-shortlist::shortlisted":{"identifier":"shortlisted","label":"Shortlisted","resource_type":"case-status","scope_key":{"identifier":"job-shortlist","label":"Job Shortlist","resource_type":"case-type","scope_key":null}},"case-status::case-type::job-shortlist::rejected":{"identifier":"rejected","label":"Rejected","resource_type":"case-status","scope_key":{"identifier":"job-shortlist","label":"Job Shortlist","resource_type":"case-type","scope_key":null}}},"key":{"identifier":"assign-to-hr","label":"Assign to HR","resource_type":"case-transition","scope_key":{"identifier":"job-shortlist","label":"Job Shortlist","resource_type":"case-type","scope_key":null}},"to_status_key":{"identifier":"review-by-hr","label":"Review by HR","resource_type":"case-status","scope_key":{"identifier":"job-shortlist","label":"Job Shortlist","resource_type":"case-type","scope_key":null}}},"privilege-level::system-administrator":{"key":{"identifier":"system-administrator","label":"System Administrator","resource_type":"privilege-level","scope_key":null}},"case-transition::case-type::job-shortlist::final-shortlist":{"allowed_privilege_level_keys":{"privilege-level::administrator":{"identifier":"administrator","label":"Administrator","resource_type":"privilege-level","scope_key":null},"privilege-level::advisor":{"identifier":"advisor","label":"Advisor","resource_type":"privilege-level","scope_key":null},"privilege-level::system-administrator":{"identifier":"system-administrator","label":"System Administrator","resource_type":"privilege-level","scope_key":null}},"call_to_action":true,"call_to_action_style":"success","case_form_key":{"identifier":"final-shortlist","label":"Final Shortlist","resource_type":"case-form","scope_key":{"identifier":"job-shortlist","label":"Job Shortlist","resource_type":"case-type","scope_key":null}},"from_status_keys":{"case-status::case-type::job-shortlist::review-by-hr":{"identifier":"review-by-hr","label":"Review by HR","resource_type":"case-status","scope_key":{"identifier":"job-shortlist","label":"Job Shortlist","resource_type":"case-type","scope_key":null}}},"key":{"identifier":"final-shortlist","label":"Final Shortlist","resource_type":"case-transition","scope_key":{"identifier":"job-shortlist","label":"Job Shortlist","resource_type":"case-type","scope_key":null}},"to_status_key":{"identifier":"shortlisted-final","label":"Shortlisted (Final)","resource_type":"case-status","scope_key":{"identifier":"job-shortlist","label":"Job Shortlist","resource_type":"case-type","scope_key":null}}},"case-transition::case-type::job-shortlist::final-rejection":{"allowed_privilege_level_keys":{"privilege-level::super":{"identifier":"super","label":"Jadu Administrator","resource_type":"privilege-level","scope_key":null},"privilege-level::administrator":{"identifier":"administrator","label":"Administrator","resource_type":"privilege-level","scope_key":null},"privilege-level::advisor":{"identifier":"advisor","label":"Advisor","resource_type":"privilege-level","scope_key":null}},"call_to_action":true,"call_to_action_style":"danger","case_form_key":{"identifier":"final-rejection","label":"Final Rejection","resource_type":"case-form","scope_key":{"identifier":"job-shortlist","label":"Job Shortlist","resource_type":"case-type","scope_key":null}},"from_status_keys":{"case-status::case-type::job-shortlist::review-by-hr":{"identifier":"review-by-hr","label":"Review by HR","resource_type":"case-status","scope_key":{"identifier":"job-shortlist","label":"Job Shortlist","resource_type":"case-type","scope_key":null}}},"key":{"identifier":"final-rejection","label":"Final Rejection","resource_type":"case-transition","scope_key":{"identifier":"job-shortlist","label":"Job Shortlist","resource_type":"case-type","scope_key":null}},"to_status_key":{"identifier":"rejected-final","label":"Rejected (Final)","resource_type":"case-status","scope_key":{"identifier":"job-shortlist","label":"Job Shortlist","resource_type":"case-type","scope_key":null}}},"rule::case-type::job-shortlist::6822":{"actions":[{"key":{"identifier":"21326","label":"Action 21326","resource_type":"action","scope_key":null},"position":1,"transition_key":{"identifier":"assign-to-hr","label":"Assign to HR","resource_type":"case-transition","scope_key":{"identifier":"job-shortlist","label":"Job Shortlist","resource_type":"case-type","scope_key":null}},"type":"transition"}],"condition":null,"enabled":true,"key":{"identifier":"6822","label":"Assign to HR for Review","resource_type":"rule","scope_key":{"identifier":"job-shortlist","label":"Job Shortlist","resource_type":"case-type","scope_key":null}},"triggers":[{"key":{"identifier":"17573","label":"Trigger 17573","resource_type":"trigger","scope_key":null},"transition_key":{"identifier":"add-to-shortlist","label":"Add to Shortlist","resource_type":"case-transition","scope_key":{"identifier":"job-shortlist","label":"Job Shortlist","resource_type":"case-type","scope_key":null}},"type":"transition"},{"key":{"identifier":"17574","label":"Trigger 17574","resource_type":"trigger","scope_key":null},"transition_key":{"identifier":"reject","label":"Reject","resource_type":"case-transition","scope_key":{"identifier":"job-shortlist","label":"Job Shortlist","resource_type":"case-type","scope_key":null}},"type":"transition"}]},"rule::case-type::job-shortlist::6823":{"actions":[{"key":{"identifier":"21327","label":"Action 21327","resource_type":"action","scope_key":null},"position":1,"transition_key":{"identifier":"assign-to-manager-s","label":"Assign to Manager(s)","resource_type":"case-transition","scope_key":{"identifier":"job-shortlist","label":"Job Shortlist","resource_type":"case-type","scope_key":null}},"type":"transition"}],"condition":null,"enabled":true,"key":{"identifier":"6823","label":"Assign to Manager(s)","resource_type":"rule","scope_key":{"identifier":"job-shortlist","label":"Job Shortlist","resource_type":"case-type","scope_key":null}},"triggers":[{"key":{"identifier":"17575","label":"Trigger 17575","resource_type":"trigger","scope_key":null},"event_name":"case.membership.added","type":"event"}]}}}}