{"import_id":null,"import_version":1,"imported_resource":{"alertEmailTemplate_keys":{"alert-email-template::case-type::job-application::interview-invitation":{"identifier":"interview-invitation","label":"Interview Invitation","resource_type":"alert-email-template","scope_key":{"identifier":"job-application","label":"Job Application","resource_type":"case-type","scope_key":null}},"alert-email-template::case-type::job-application::rejection-notification":{"identifier":"rejection-notification","label":"Rejection Notification","resource_type":"alert-email-template","scope_key":{"identifier":"job-application","label":"Job Application","resource_type":"case-type","scope_key":null}}},"auto_assign_users":false,"case_limits":{"primary-address":null},"case_type_group_key":null,"default":false,"form_keys":{"case-form::case-type::job-application::new-job-application":{"identifier":"new-job-application","label":"New Job Application","resource_type":"case-form","scope_key":{"identifier":"job-application","label":"Job Application","resource_type":"case-type","scope_key":null}},"case-form::case-type::job-application::edit-job-application":{"identifier":"edit-job-application","label":"Edit Job Application","resource_type":"case-form","scope_key":{"identifier":"job-application","label":"Job Application","resource_type":"case-type","scope_key":null}},"case-form::case-type::job-application::interview":{"identifier":"interview","label":"Interview","resource_type":"case-form","scope_key":{"identifier":"job-application","label":"Job Application","resource_type":"case-type","scope_key":null}},"case-form::case-type::job-application::job-offer":{"identifier":"job-offer","label":"Job Offer","resource_type":"case-form","scope_key":{"identifier":"job-application","label":"Job Application","resource_type":"case-type","scope_key":null}},"case-form::case-type::job-application::feedback-contact":{"identifier":"feedback-contact","label":"Feedback Contact","resource_type":"case-form","scope_key":{"identifier":"job-application","label":"Job Application","resource_type":"case-type","scope_key":null}}},"key":{"identifier":"job-application","label":"Job Application","resource_type":"case-type","scope_key":null},"personal_data_redaction":false,"reference_format":"JAP%'06d","rule_keys":{"rule::case-type::job-application::6819":{"identifier":"6819","label":"Under Review","resource_type":"rule","scope_key":{"identifier":"job-application","label":"Job Application","resource_type":"case-type","scope_key":null}},"rule::case-type::job-application::6820":{"identifier":"6820","label":"Interview Offer","resource_type":"rule","scope_key":{"identifier":"job-application","label":"Job Application","resource_type":"case-type","scope_key":null}},"rule::case-type::job-application::6821":{"identifier":"6821","label":"Rejection Correspondence","resource_type":"rule","scope_key":{"identifier":"job-application","label":"Job Application","resource_type":"case-type","scope_key":null}}},"status_keys":{"case-status::case-type::job-application::pending":{"identifier":"pending","label":"Pending","resource_type":"case-status","scope_key":{"identifier":"job-application","label":"Job Application","resource_type":"case-type","scope_key":null}},"case-status::case-type::job-application::under-review":{"identifier":"under-review","label":"Under Review","resource_type":"case-status","scope_key":{"identifier":"job-application","label":"Job Application","resource_type":"case-type","scope_key":null}},"case-status::case-type::job-application::additional-information-needed":{"identifier":"additional-information-needed","label":"Additional Information Needed","resource_type":"case-status","scope_key":{"identifier":"job-application","label":"Job Application","resource_type":"case-type","scope_key":null}},"case-status::case-type::job-application::shortlisted":{"identifier":"shortlisted","label":"Shortlisted","resource_type":"case-status","scope_key":{"identifier":"job-application","label":"Job Application","resource_type":"case-type","scope_key":null}},"case-status::case-type::job-application::rejected":{"identifier":"rejected","label":"Rejected","resource_type":"case-status","scope_key":{"identifier":"job-application","label":"Job Application","resource_type":"case-type","scope_key":null}},"case-status::case-type::job-application::assessment":{"identifier":"assessment","label":"Assessment","resource_type":"case-status","scope_key":{"identifier":"job-application","label":"Job Application","resource_type":"case-type","scope_key":null}},"case-status::case-type::job-application::interview-offered":{"identifier":"interview-offered","label":"Interview Offered","resource_type":"case-status","scope_key":{"identifier":"job-application","label":"Job Application","resource_type":"case-type","scope_key":null}},"case-status::case-type::job-application::reschedule":{"identifier":"reschedule","label":"Reschedule","resource_type":"case-status","scope_key":{"identifier":"job-application","label":"Job Application","resource_type":"case-type","scope_key":null}},"case-status::case-type::job-application::interview-accepted":{"identifier":"interview-accepted","label":"Interview Accepted","resource_type":"case-status","scope_key":{"identifier":"job-application","label":"Job Application","resource_type":"case-type","scope_key":null}},"case-status::case-type::job-application::conditional-offer":{"identifier":"conditional-offer","label":"Conditional Offer","resource_type":"case-status","scope_key":{"identifier":"job-application","label":"Job Application","resource_type":"case-type","scope_key":null}},"case-status::case-type::job-application::references":{"identifier":"references","label":"References \/ Medical","resource_type":"case-status","scope_key":{"identifier":"job-application","label":"Job Application","resource_type":"case-type","scope_key":null}},"case-status::case-type::job-application::offer-accepted":{"identifier":"offer-accepted","label":"Offer Accepted","resource_type":"case-status","scope_key":{"identifier":"job-application","label":"Job Application","resource_type":"case-type","scope_key":null}},"case-status::case-type::job-application::offer-declined":{"identifier":"offer-declined","label":"Offer Declined","resource_type":"case-status","scope_key":{"identifier":"job-application","label":"Job Application","resource_type":"case-type","scope_key":null}},"case-status::case-type::job-application::interview-declined":{"identifier":"interview-declined","label":"Interview Declined","resource_type":"case-status","scope_key":{"identifier":"job-application","label":"Job Application","resource_type":"case-type","scope_key":null}},"case-status::case-type::job-application::assessment-declined":{"identifier":"assessment-declined","label":"Assessment Declined","resource_type":"case-status","scope_key":{"identifier":"job-application","label":"Job Application","resource_type":"case-type","scope_key":null}},"case-status::case-type::job-application::interview-not-required":{"identifier":"interview-not-required","label":"Interview Not Required","resource_type":"case-status","scope_key":{"identifier":"job-application","label":"Job Application","resource_type":"case-type","scope_key":null}}},"transition_keys":{"case-transition::case-type::job-application::under-review":{"identifier":"under-review","label":"Under Review","resource_type":"case-transition","scope_key":{"identifier":"job-application","label":"Job Application","resource_type":"case-type","scope_key":null}},"case-transition::case-type::job-application::shortlisted":{"identifier":"shortlisted","label":"Shortlisted","resource_type":"case-transition","scope_key":{"identifier":"job-application","label":"Job Application","resource_type":"case-type","scope_key":null}},"case-transition::case-type::job-application::rejected":{"identifier":"rejected","label":"Rejected","resource_type":"case-transition","scope_key":{"identifier":"job-application","label":"Job Application","resource_type":"case-type","scope_key":null}},"case-transition::case-type::job-application::arrange-interview":{"identifier":"arrange-interview","label":"Arrange Interview","resource_type":"case-transition","scope_key":{"identifier":"job-application","label":"Job Application","resource_type":"case-type","scope_key":null}},"case-transition::case-type::job-application::rescheduled-interview":{"identifier":"rescheduled-interview","label":"Rescheduled Interview","resource_type":"case-transition","scope_key":{"identifier":"job-application","label":"Job Application","resource_type":"case-type","scope_key":null}},"case-transition::case-type::job-application::interview-declined":{"identifier":"interview-declined","label":"Interview Declined","resource_type":"case-transition","scope_key":{"identifier":"job-application","label":"Job Application","resource_type":"case-type","scope_key":null}},"case-transition::case-type::job-application::attendance-confirmed":{"identifier":"attendance-confirmed","label":"Attendance Confirmed","resource_type":"case-transition","scope_key":{"identifier":"job-application","label":"Job Application","resource_type":"case-type","scope_key":null}},"case-transition::case-type::job-application::make-offer":{"identifier":"make-offer","label":"Make Offer","resource_type":"case-transition","scope_key":{"identifier":"job-application","label":"Job Application","resource_type":"case-type","scope_key":null}},"case-transition::case-type::job-application::request-references-medical":{"identifier":"request-references-medical","label":"Request References \/ Medical","resource_type":"case-transition","scope_key":{"identifier":"job-application","label":"Job Application","resource_type":"case-type","scope_key":null}},"case-transition::case-type::job-application::offer-accepted":{"identifier":"offer-accepted","label":"Satisfactory References Received","resource_type":"case-transition","scope_key":{"identifier":"job-application","label":"Job Application","resource_type":"case-type","scope_key":null}},"case-transition::case-type::job-application::offer-declined":{"identifier":"offer-declined","label":"Offer Declined","resource_type":"case-transition","scope_key":{"identifier":"job-application","label":"Job Application","resource_type":"case-type","scope_key":null}},"case-transition::case-type::job-application::separate-assessment-required":{"identifier":"separate-assessment-required","label":"Separate Assessment Required","resource_type":"case-transition","scope_key":{"identifier":"job-application","label":"Job Application","resource_type":"case-type","scope_key":null}},"case-transition::case-type::job-application::rejected-correspond":{"identifier":"rejected-correspond","label":"Rejected (Correspond)","resource_type":"case-transition","scope_key":{"identifier":"job-application","label":"Job Application","resource_type":"case-type","scope_key":null}},"case-transition::case-type::job-application::assessment-declined":{"identifier":"assessment-declined","label":"Assessment Declined","resource_type":"case-transition","scope_key":{"identifier":"job-application","label":"Job Application","resource_type":"case-type","scope_key":null}},"case-transition::case-type::job-application::interview-not-required":{"identifier":"interview-not-required","label":"Interview Not Required","resource_type":"case-transition","scope_key":{"identifier":"job-application","label":"Job Application","resource_type":"case-type","scope_key":null}}}},"mappings":{"items":[]},"resources":{"items":{"case-status::case-type::job-application::pending":{"key":{"identifier":"pending","label":"Pending","resource_type":"case-status","scope_key":{"identifier":"job-application","label":"Job Application","resource_type":"case-type","scope_key":null}},"label_colour":"ffc8ad","label_font_colour":"7f3306","type":"initial"},"case-status::case-type::job-application::under-review":{"key":{"identifier":"under-review","label":"Under Review","resource_type":"case-status","scope_key":{"identifier":"job-application","label":"Job Application","resource_type":"case-type","scope_key":null}},"label_colour":"ffdfb2","label_font_colour":"7d4900","type":"normal"},"case-status::case-type::job-application::additional-information-needed":{"key":{"identifier":"additional-information-needed","label":"Additional Information Needed","resource_type":"case-status","scope_key":{"identifier":"job-application","label":"Job Application","resource_type":"case-type","scope_key":null}},"label_colour":"f890b2","label_font_colour":"5d2b3c","type":"normal"},"case-status::case-type::job-application::shortlisted":{"key":{"identifier":"shortlisted","label":"Shortlisted","resource_type":"case-status","scope_key":{"identifier":"job-application","label":"Job Application","resource_type":"case-type","scope_key":null}},"label_colour":"008850","label_font_colour":"ffffff","type":"normal"},"case-status::case-type::job-application::rejected":{"key":{"identifier":"rejected","label":"Rejected","resource_type":"case-status","scope_key":{"identifier":"job-application","label":"Job Application","resource_type":"case-type","scope_key":null}},"label_colour":"de2a01","label_font_colour":"ffffff","type":"final"},"case-status::case-type::job-application::assessment":{"key":{"identifier":"assessment","label":"Assessment","resource_type":"case-status","scope_key":{"identifier":"job-application","label":"Job Application","resource_type":"case-type","scope_key":null}},"label_colour":"2670e7","label_font_colour":"ffffff","type":"normal"},"case-status::case-type::job-application::interview-offered":{"key":{"identifier":"interview-offered","label":"Interview Offered","resource_type":"case-status","scope_key":{"identifier":"job-application","label":"Job Application","resource_type":"case-type","scope_key":null}},"label_colour":"5b4f00","label_font_colour":"fcea7c","type":"normal"},"case-status::case-type::job-application::reschedule":{"key":{"identifier":"reschedule","label":"Reschedule","resource_type":"case-status","scope_key":{"identifier":"job-application","label":"Job Application","resource_type":"case-type","scope_key":null}},"label_colour":"b1f0d2","label_font_colour":"0a5534","type":"normal"},"case-status::case-type::job-application::interview-accepted":{"key":{"identifier":"interview-accepted","label":"Interview Accepted","resource_type":"case-status","scope_key":{"identifier":"job-application","label":"Job Application","resource_type":"case-type","scope_key":null}},"label_colour":"a0ddc0","label_font_colour":"015531","type":"normal"},"case-status::case-type::job-application::conditional-offer":{"key":{"identifier":"conditional-offer","label":"Conditional Offer","resource_type":"case-status","scope_key":{"identifier":"job-application","label":"Job Application","resource_type":"case-type","scope_key":null}},"label_colour":"38d790","label_font_colour":"05472a","type":"normal"},"case-status::case-type::job-application::references":{"key":{"identifier":"references","label":"References \/ Medical","resource_type":"case-status","scope_key":{"identifier":"job-application","label":"Job Application","resource_type":"case-type","scope_key":null}},"label_colour":"7d3cff","label_font_colour":"ffffff","type":"normal"},"case-status::case-type::job-application::offer-accepted":{"key":{"identifier":"offer-accepted","label":"Offer Accepted","resource_type":"case-status","scope_key":{"identifier":"job-application","label":"Job Application","resource_type":"case-type","scope_key":null}},"label_colour":"008850","label_font_colour":"ffffff","type":"final"},"case-status::case-type::job-application::offer-declined":{"key":{"identifier":"offer-declined","label":"Offer Declined","resource_type":"case-status","scope_key":{"identifier":"job-application","label":"Job Application","resource_type":"case-type","scope_key":null}},"label_colour":"de2a01","label_font_colour":"ffffff","type":"final"},"case-status::case-type::job-application::interview-declined":{"key":{"identifier":"interview-declined","label":"Interview Declined","resource_type":"case-status","scope_key":{"identifier":"job-application","label":"Job Application","resource_type":"case-type","scope_key":null}},"label_colour":"de2a01","label_font_colour":"ffffff","type":"final"},"case-status::case-type::job-application::assessment-declined":{"key":{"identifier":"assessment-declined","label":"Assessment Declined","resource_type":"case-status","scope_key":{"identifier":"job-application","label":"Job Application","resource_type":"case-type","scope_key":null}},"label_colour":"de2a01","label_font_colour":"ffffff","type":"final"},"case-status::case-type::job-application::interview-not-required":{"key":{"identifier":"interview-not-required","label":"Interview Not Required","resource_type":"case-status","scope_key":{"identifier":"job-application","label":"Job Application","resource_type":"case-type","scope_key":null}},"label_colour":"5b4f00","label_font_colour":"fcea7c","type":"normal"},"case-field::name":{"allowed_privilege_level_keys":[],"allowed_to_all_privilege_levels":true,"encrypted":false,"redactable":false,"key":{"identifier":"name","label":"Name","resource_type":"case-field","scope_key":null},"position":0,"type":"text"},"case-field::job_role":{"allowed_privilege_level_keys":[],"allowed_to_all_privilege_levels":true,"encrypted":false,"redactable":false,"key":{"identifier":"job_role","label":"Job Role","resource_type":"case-field","scope_key":null},"position":0,"type":"text"},"case-field::interview_time":{"allowed_privilege_level_keys":[],"allowed_to_all_privilege_levels":true,"encrypted":false,"redactable":false,"key":{"identifier":"interview_time","label":"Interview Time","resource_type":"case-field","scope_key":null},"position":0,"type":"datetime"},"case-field::location":{"allowed_privilege_level_keys":[],"allowed_to_all_privilege_levels":true,"encrypted":false,"redactable":false,"key":{"identifier":"location","label":"Location","resource_type":"case-field","scope_key":null},"position":0,"type":"text"},"case-field::interview_details":{"allowed_privilege_level_keys":[],"allowed_to_all_privilege_levels":true,"encrypted":false,"redactable":false,"key":{"identifier":"interview_details","label":"Interview Details","resource_type":"case-field","scope_key":null},"position":0,"type":"textarea"},"case-field::interview_panel":{"allowed_privilege_level_keys":[],"allowed_to_all_privilege_levels":true,"encrypted":false,"redactable":false,"key":{"identifier":"interview_panel","label":"Interview Panel","resource_type":"case-field","scope_key":null},"position":0,"type":"textarea"},"alert-email-template::case-type::job-application::interview-invitation":{"date_definition_keys":[],"field_keys":{"case-field::name":{"identifier":"name","label":"Name","resource_type":"case-field","scope_key":null},"case-field::job_role":{"identifier":"job_role","label":"Job Role","resource_type":"case-field","scope_key":null},"case-field::interview_time":{"identifier":"interview_time","label":"Interview Time","resource_type":"case-field","scope_key":null},"case-field::location":{"identifier":"location","label":"Location","resource_type":"case-field","scope_key":null},"case-field::interview_details":{"identifier":"interview_details","label":"Interview Details","resource_type":"case-field","scope_key":null},"case-field::interview_panel":{"identifier":"interview_panel","label":"Interview Panel","resource_type":"case-field","scope_key":null}},"html_body":"<p>Dear&nbsp;<!--cxm-snippet-->{{ case.values.name.value }}<!--\/cxm-snippet--><\/p><p>Re: Application for the role of&nbsp;<!--cxm-snippet-->{{ case.values.job_role.value }}<!--\/cxm-snippet--><\/p><p>Following your application for the above post, you are invited to attend an Interview at <!--cxm-snippet-->{{ case.values.interview_time.value|date(\"d-m-Y h:ia\") }}<!--\/cxm-snippet-->&nbsp;at the <!--cxm-snippet-->{{ case.values.location.value }}<!--\/cxm-snippet-->.<\/p><p>Please report to the reception on arrival.<\/p><p>The Interview will comprise of:<\/p><p><!--cxm-snippet-->{{ case.values.interview_details.value }}<!--\/cxm-snippet--><\/p><p>The interview will be with:<\/p><p><!--cxm-snippet-->{{ case.values.interview_panel.value }}<!--\/cxm-snippet--><\/p><p>During your interview you will be asked to produce evidence of any qualifications stated on your application form.<\/p><p>Please contact us if you have any special access requirements.<\/p>","key":{"identifier":"interview-invitation","label":"Interview Invitation","resource_type":"alert-email-template","scope_key":{"identifier":"job-application","label":"Job Application","resource_type":"case-type","scope_key":null}},"subject":"Invitation to Interview"},"case-field::contact_for_feedback":{"allowed_privilege_level_keys":[],"allowed_to_all_privilege_levels":true,"encrypted":false,"redactable":false,"key":{"identifier":"contact_for_feedback","label":"Contact for Feedback","resource_type":"case-field","scope_key":null},"position":0,"type":"text"},"alert-email-template::case-type::job-application::rejection-notification":{"date_definition_keys":[],"field_keys":{"case-field::job_role":{"identifier":"job_role","label":"Job Role","resource_type":"case-field","scope_key":null},"case-field::contact_for_feedback":{"identifier":"contact_for_feedback","label":"Contact for Feedback","resource_type":"case-field","scope_key":null}},"html_body":"<p>Further to your recent interview for the post of <!--cxm-snippet-->{{ case.values.job_role.value }}<!--\/cxm-snippet-->, I am sorry to inform you that on this occasion you have not been successful.<\/p><p>I would like to thank you for taking the time out to attend, for the interest that you have shown, and hope this will not deter you from applying for any future vacancies we may advertise.<\/p><p>If you would like feedback on your interview, please contact&nbsp;<!--cxm-snippet-->{{ case.values.contact_for_feedback.value }}<!--\/cxm-snippet-->.<\/p><p><span style=\"font-size:12.0pt;line-height:120%;mso-bidi-font-family:Arial;\r\ncolor:#262626;mso-ansi-language:EN-US;mso-fareast-language:EN-GB\" lang=\"EN-US\"><o:p><\/o:p><\/span><\/p>","key":{"identifier":"rejection-notification","label":"Rejection Notification","resource_type":"alert-email-template","scope_key":{"identifier":"job-application","label":"Job Application","resource_type":"case-type","scope_key":null}},"subject":"Your Recent Job Application"},"case-field::job_reference":{"allowed_privilege_level_keys":[],"allowed_to_all_privilege_levels":true,"encrypted":false,"redactable":false,"key":{"identifier":"job_reference","label":"Job Reference","resource_type":"case-field","scope_key":null},"position":0,"type":"text"},"case-field::application_reference":{"allowed_privilege_level_keys":[],"allowed_to_all_privilege_levels":true,"encrypted":false,"redactable":false,"key":{"identifier":"application_reference","label":"Application Reference","resource_type":"case-field","scope_key":null},"position":0,"type":"text"},"case-field::telephone_number":{"allowed_privilege_level_keys":[],"allowed_to_all_privilege_levels":true,"encrypted":false,"redactable":false,"key":{"identifier":"telephone_number","label":"Telephone Number","resource_type":"case-field","scope_key":null},"position":0,"type":"telephone"},"case-field::email":{"allowed_privilege_level_keys":[],"allowed_to_all_privilege_levels":true,"encrypted":false,"redactable":false,"key":{"identifier":"email","label":"Email","resource_type":"case-field","scope_key":null},"position":0,"type":"email"},"case-field::qualifications":{"allowed_privilege_level_keys":[],"allowed_to_all_privilege_levels":true,"encrypted":false,"redactable":false,"key":{"identifier":"qualifications","label":"Qualifications","resource_type":"case-field","scope_key":null},"position":0,"type":"textarea"},"case-field::memberships":{"allowed_privilege_level_keys":[],"allowed_to_all_privilege_levels":true,"encrypted":false,"redactable":false,"key":{"identifier":"memberships","label":"Memberships","resource_type":"case-field","scope_key":null},"position":0,"type":"textarea"},"case-field::employer":{"allowed_privilege_level_keys":[],"allowed_to_all_privilege_levels":true,"encrypted":false,"redactable":false,"key":{"identifier":"employer","label":"Employer","resource_type":"case-field","scope_key":null},"position":0,"type":"textarea"},"case-field::previous_employment":{"allowed_privilege_level_keys":[],"allowed_to_all_privilege_levels":true,"encrypted":false,"redactable":false,"key":{"identifier":"previous_employment","label":"Previous Employment","resource_type":"case-field","scope_key":null},"position":0,"type":"textarea"},"case-field::driving_license":{"allowed_privilege_level_keys":[],"allowed_to_all_privilege_levels":true,"encrypted":false,"redactable":false,"key":{"identifier":"driving_license","label":"Driving License","resource_type":"case-field","scope_key":null},"position":0,"type":"textarea"},"case-field::experience":{"allowed_privilege_level_keys":[],"allowed_to_all_privilege_levels":true,"encrypted":false,"redactable":false,"key":{"identifier":"experience","label":"Experience","resource_type":"case-field","scope_key":null},"position":0,"type":"textarea"},"case-field::knowledge_and_skills":{"allowed_privilege_level_keys":[],"allowed_to_all_privilege_levels":true,"encrypted":false,"redactable":false,"key":{"identifier":"knowledge_and_skills","label":"Knowledge and Skills","resource_type":"case-field","scope_key":null},"position":0,"type":"textarea"},"case-field::education":{"allowed_privilege_level_keys":[],"allowed_to_all_privilege_levels":true,"encrypted":false,"redactable":false,"key":{"identifier":"education","label":"Education","resource_type":"case-field","scope_key":null},"position":0,"type":"textarea"},"case-field::additional_factors":{"allowed_privilege_level_keys":[],"allowed_to_all_privilege_levels":true,"encrypted":false,"redactable":false,"key":{"identifier":"additional_factors","label":"Additional Factors","resource_type":"case-field","scope_key":null},"position":0,"type":"textarea"},"case-field::reference_1":{"allowed_privilege_level_keys":[],"allowed_to_all_privilege_levels":true,"encrypted":false,"redactable":false,"key":{"identifier":"reference_1","label":"Reference 1","resource_type":"case-field","scope_key":null},"position":0,"type":"textarea"},"case-field::reference_2":{"allowed_privilege_level_keys":[],"allowed_to_all_privilege_levels":true,"encrypted":false,"redactable":false,"key":{"identifier":"reference_2","label":"Reference 2","resource_type":"case-field","scope_key":null},"position":0,"type":"textarea"},"case-field::criminal_records_bureau":{"allowed_privilege_level_keys":[],"allowed_to_all_privilege_levels":true,"encrypted":false,"redactable":false,"key":{"identifier":"criminal_records_bureau","label":"Criminal Records Bureau","resource_type":"case-field","scope_key":null},"position":0,"type":"textarea"},"case-field::gender":{"allowed_privilege_level_keys":[],"allowed_to_all_privilege_levels":true,"encrypted":false,"redactable":false,"key":{"identifier":"gender","label":"Gender","resource_type":"case-field","scope_key":null},"position":0,"type":"text"},"case-field::date_of_birth":{"allowed_privilege_level_keys":[],"allowed_to_all_privilege_levels":true,"encrypted":false,"redactable":false,"key":{"identifier":"date_of_birth","label":"Date of Birth","resource_type":"case-field","scope_key":null},"position":0,"type":"date"},"case-field::disabled":{"allowed_privilege_level_keys":[],"allowed_to_all_privilege_levels":true,"encrypted":false,"redactable":false,"key":{"identifier":"disabled","label":"Disabled","resource_type":"case-field","scope_key":null},"position":0,"type":"text"},"case-field::disability_details":{"allowed_privilege_level_keys":[],"allowed_to_all_privilege_levels":true,"encrypted":false,"redactable":false,"key":{"identifier":"disability_details","label":"Disability Details","resource_type":"case-field","scope_key":null},"position":0,"type":"textarea"},"case-field::special_arrangements":{"allowed_privilege_level_keys":[],"allowed_to_all_privilege_levels":true,"encrypted":false,"redactable":false,"key":{"identifier":"special_arrangements","label":"Special Arrangements","resource_type":"case-field","scope_key":null},"position":0,"type":"textarea"},"case-field::ethnic_origin":{"allowed_privilege_level_keys":[],"allowed_to_all_privilege_levels":true,"encrypted":false,"redactable":false,"key":{"identifier":"ethnic_origin","label":"Ethnic Origin","resource_type":"case-field","scope_key":null},"position":0,"type":"text"},"case-field::other_ethnic_origin":{"allowed_privilege_level_keys":[],"allowed_to_all_privilege_levels":true,"encrypted":false,"redactable":false,"key":{"identifier":"other_ethnic_origin","label":"Other Ethnic Origin","resource_type":"case-field","scope_key":null},"position":0,"type":"text"},"case-field::disclosure_details":{"allowed_privilege_level_keys":[],"allowed_to_all_privilege_levels":true,"encrypted":false,"redactable":false,"key":{"identifier":"disclosure_details","label":"Disclosure Details","resource_type":"case-field","scope_key":null},"position":0,"type":"textarea"},"case-field::original_form_reference":{"allowed_privilege_level_keys":[],"allowed_to_all_privilege_levels":true,"encrypted":false,"redactable":false,"key":{"identifier":"original_form_reference","label":"Original Form Reference","resource_type":"case-field","scope_key":null},"position":0,"type":"text"},"case-form::case-type::job-application::new-job-application":{"external_redirects":[],"fields":[{"key":{"identifier":"job-reference","label":"Job Reference","resource_type":"case-form-field","scope_key":{"identifier":"new-job-application","label":"New Job Application","resource_type":"case-form","scope_key":{"identifier":"job-application","label":"Job Application","resource_type":"case-type","scope_key":null}}},"position":0,"requirement":{"key":{"identifier":"45895","label":"Expression 45895","resource_type":"expression","scope_key":null},"type":"false_expression"},"visibility":null,"field_key":{"identifier":"job_reference","label":"Job Reference","resource_type":"case-field","scope_key":null},"type":"case_field"},{"key":{"identifier":"job-role","label":"Job Role","resource_type":"case-form-field","scope_key":{"identifier":"new-job-application","label":"New Job Application","resource_type":"case-form","scope_key":{"identifier":"job-application","label":"Job Application","resource_type":"case-type","scope_key":null}}},"position":1,"requirement":{"key":{"identifier":"45896","label":"Expression 45896","resource_type":"expression","scope_key":null},"type":"false_expression"},"visibility":null,"field_key":{"identifier":"job_role","label":"Job Role","resource_type":"case-field","scope_key":null},"type":"case_field"},{"key":{"identifier":"application-reference","label":"Application Reference","resource_type":"case-form-field","scope_key":{"identifier":"new-job-application","label":"New Job Application","resource_type":"case-form","scope_key":{"identifier":"job-application","label":"Job Application","resource_type":"case-type","scope_key":null}}},"position":2,"requirement":{"key":{"identifier":"45897","label":"Expression 45897","resource_type":"expression","scope_key":null},"type":"false_expression"},"visibility":null,"field_key":{"identifier":"application_reference","label":"Application Reference","resource_type":"case-field","scope_key":null},"type":"case_field"},{"key":{"identifier":"person","label":"Person","resource_type":"case-form-field","scope_key":{"identifier":"new-job-application","label":"New Job Application","resource_type":"case-form","scope_key":{"identifier":"job-application","label":"Job Application","resource_type":"case-type","scope_key":null}}},"position":3,"requirement":{"key":{"identifier":"45898","label":"Expression 45898","resource_type":"expression","scope_key":null},"type":"false_expression"},"visibility":null,"relationship_type":"primary-person","type":"case_person_relationship"},{"key":{"identifier":"name","label":"Name","resource_type":"case-form-field","scope_key":{"identifier":"new-job-application","label":"New Job Application","resource_type":"case-form","scope_key":{"identifier":"job-application","label":"Job Application","resource_type":"case-type","scope_key":null}}},"position":4,"requirement":{"key":{"identifier":"45899","label":"Expression 45899","resource_type":"expression","scope_key":null},"type":"false_expression"},"visibility":null,"field_key":{"identifier":"name","label":"Name","resource_type":"case-field","scope_key":null},"type":"case_field"},{"key":{"identifier":"address","label":"Address","resource_type":"case-form-field","scope_key":{"identifier":"new-job-application","label":"New Job Application","resource_type":"case-form","scope_key":{"identifier":"job-application","label":"Job Application","resource_type":"case-type","scope_key":null}}},"position":5,"requirement":{"key":{"identifier":"45900","label":"Expression 45900","resource_type":"expression","scope_key":null},"type":"false_expression"},"visibility":null,"address_type":"property","relationship_type":"primary-address","type":"case_address_relationship"},{"key":{"identifier":"telephone-number","label":"Telephone Number","resource_type":"case-form-field","scope_key":{"identifier":"new-job-application","label":"New Job Application","resource_type":"case-form","scope_key":{"identifier":"job-application","label":"Job Application","resource_type":"case-type","scope_key":null}}},"position":6,"requirement":{"key":{"identifier":"45901","label":"Expression 45901","resource_type":"expression","scope_key":null},"type":"false_expression"},"visibility":null,"field_key":{"identifier":"telephone_number","label":"Telephone Number","resource_type":"case-field","scope_key":null},"type":"case_field"},{"key":{"identifier":"email","label":"Email","resource_type":"case-form-field","scope_key":{"identifier":"new-job-application","label":"New Job Application","resource_type":"case-form","scope_key":{"identifier":"job-application","label":"Job Application","resource_type":"case-type","scope_key":null}}},"position":7,"requirement":{"key":{"identifier":"45902","label":"Expression 45902","resource_type":"expression","scope_key":null},"type":"false_expression"},"visibility":null,"field_key":{"identifier":"email","label":"Email","resource_type":"case-field","scope_key":null},"type":"case_field"},{"key":{"identifier":"qualifications","label":"Qualifications","resource_type":"case-form-field","scope_key":{"identifier":"new-job-application","label":"New Job Application","resource_type":"case-form","scope_key":{"identifier":"job-application","label":"Job Application","resource_type":"case-type","scope_key":null}}},"position":8,"requirement":{"key":{"identifier":"45903","label":"Expression 45903","resource_type":"expression","scope_key":null},"type":"false_expression"},"visibility":null,"field_key":{"identifier":"qualifications","label":"Qualifications","resource_type":"case-field","scope_key":null},"type":"case_field"},{"key":{"identifier":"memberships","label":"Memberships","resource_type":"case-form-field","scope_key":{"identifier":"new-job-application","label":"New Job Application","resource_type":"case-form","scope_key":{"identifier":"job-application","label":"Job Application","resource_type":"case-type","scope_key":null}}},"position":9,"requirement":{"key":{"identifier":"45904","label":"Expression 45904","resource_type":"expression","scope_key":null},"type":"false_expression"},"visibility":null,"field_key":{"identifier":"memberships","label":"Memberships","resource_type":"case-field","scope_key":null},"type":"case_field"},{"key":{"identifier":"employer","label":"Employer","resource_type":"case-form-field","scope_key":{"identifier":"new-job-application","label":"New Job Application","resource_type":"case-form","scope_key":{"identifier":"job-application","label":"Job Application","resource_type":"case-type","scope_key":null}}},"position":10,"requirement":{"key":{"identifier":"45905","label":"Expression 45905","resource_type":"expression","scope_key":null},"type":"false_expression"},"visibility":null,"field_key":{"identifier":"employer","label":"Employer","resource_type":"case-field","scope_key":null},"type":"case_field"},{"key":{"identifier":"previous-employment","label":"Previous Employment","resource_type":"case-form-field","scope_key":{"identifier":"new-job-application","label":"New Job Application","resource_type":"case-form","scope_key":{"identifier":"job-application","label":"Job Application","resource_type":"case-type","scope_key":null}}},"position":11,"requirement":{"key":{"identifier":"45906","label":"Expression 45906","resource_type":"expression","scope_key":null},"type":"false_expression"},"visibility":null,"field_key":{"identifier":"previous_employment","label":"Previous Employment","resource_type":"case-field","scope_key":null},"type":"case_field"},{"key":{"identifier":"driving-license","label":"Driving License","resource_type":"case-form-field","scope_key":{"identifier":"new-job-application","label":"New Job Application","resource_type":"case-form","scope_key":{"identifier":"job-application","label":"Job Application","resource_type":"case-type","scope_key":null}}},"position":12,"requirement":{"key":{"identifier":"45907","label":"Expression 45907","resource_type":"expression","scope_key":null},"type":"false_expression"},"visibility":null,"field_key":{"identifier":"driving_license","label":"Driving License","resource_type":"case-field","scope_key":null},"type":"case_field"},{"key":{"identifier":"experience","label":"Experience","resource_type":"case-form-field","scope_key":{"identifier":"new-job-application","label":"New Job Application","resource_type":"case-form","scope_key":{"identifier":"job-application","label":"Job Application","resource_type":"case-type","scope_key":null}}},"position":13,"requirement":{"key":{"identifier":"45908","label":"Expression 45908","resource_type":"expression","scope_key":null},"type":"false_expression"},"visibility":null,"field_key":{"identifier":"experience","label":"Experience","resource_type":"case-field","scope_key":null},"type":"case_field"},{"key":{"identifier":"knowledge-and-skills","label":"Knowledge and Skills","resource_type":"case-form-field","scope_key":{"identifier":"new-job-application","label":"New Job Application","resource_type":"case-form","scope_key":{"identifier":"job-application","label":"Job Application","resource_type":"case-type","scope_key":null}}},"position":14,"requirement":{"key":{"identifier":"45909","label":"Expression 45909","resource_type":"expression","scope_key":null},"type":"false_expression"},"visibility":null,"field_key":{"identifier":"knowledge_and_skills","label":"Knowledge and Skills","resource_type":"case-field","scope_key":null},"type":"case_field"},{"key":{"identifier":"education","label":"Education","resource_type":"case-form-field","scope_key":{"identifier":"new-job-application","label":"New Job Application","resource_type":"case-form","scope_key":{"identifier":"job-application","label":"Job Application","resource_type":"case-type","scope_key":null}}},"position":15,"requirement":{"key":{"identifier":"45910","label":"Expression 45910","resource_type":"expression","scope_key":null},"type":"false_expression"},"visibility":null,"field_key":{"identifier":"education","label":"Education","resource_type":"case-field","scope_key":null},"type":"case_field"},{"key":{"identifier":"additional-factors","label":"Additional Factors","resource_type":"case-form-field","scope_key":{"identifier":"new-job-application","label":"New Job Application","resource_type":"case-form","scope_key":{"identifier":"job-application","label":"Job Application","resource_type":"case-type","scope_key":null}}},"position":16,"requirement":{"key":{"identifier":"45911","label":"Expression 45911","resource_type":"expression","scope_key":null},"type":"false_expression"},"visibility":null,"field_key":{"identifier":"additional_factors","label":"Additional Factors","resource_type":"case-field","scope_key":null},"type":"case_field"},{"key":{"identifier":"reference-1","label":"Reference 1","resource_type":"case-form-field","scope_key":{"identifier":"new-job-application","label":"New Job Application","resource_type":"case-form","scope_key":{"identifier":"job-application","label":"Job Application","resource_type":"case-type","scope_key":null}}},"position":17,"requirement":{"key":{"identifier":"45912","label":"Expression 45912","resource_type":"expression","scope_key":null},"type":"false_expression"},"visibility":null,"field_key":{"identifier":"reference_1","label":"Reference 1","resource_type":"case-field","scope_key":null},"type":"case_field"},{"key":{"identifier":"reference-2","label":"Reference 2","resource_type":"case-form-field","scope_key":{"identifier":"new-job-application","label":"New Job Application","resource_type":"case-form","scope_key":{"identifier":"job-application","label":"Job Application","resource_type":"case-type","scope_key":null}}},"position":18,"requirement":{"key":{"identifier":"45913","label":"Expression 45913","resource_type":"expression","scope_key":null},"type":"false_expression"},"visibility":null,"field_key":{"identifier":"reference_2","label":"Reference 2","resource_type":"case-field","scope_key":null},"type":"case_field"},{"key":{"identifier":"criminal-records-bureau","label":"Criminal Records Bureau","resource_type":"case-form-field","scope_key":{"identifier":"new-job-application","label":"New Job Application","resource_type":"case-form","scope_key":{"identifier":"job-application","label":"Job Application","resource_type":"case-type","scope_key":null}}},"position":19,"requirement":{"key":{"identifier":"45914","label":"Expression 45914","resource_type":"expression","scope_key":null},"type":"false_expression"},"visibility":null,"field_key":{"identifier":"criminal_records_bureau","label":"Criminal Records Bureau","resource_type":"case-field","scope_key":null},"type":"case_field"},{"key":{"identifier":"gender","label":"Gender","resource_type":"case-form-field","scope_key":{"identifier":"new-job-application","label":"New Job Application","resource_type":"case-form","scope_key":{"identifier":"job-application","label":"Job Application","resource_type":"case-type","scope_key":null}}},"position":20,"requirement":{"key":{"identifier":"45915","label":"Expression 45915","resource_type":"expression","scope_key":null},"type":"false_expression"},"visibility":null,"field_key":{"identifier":"gender","label":"Gender","resource_type":"case-field","scope_key":null},"type":"case_field"},{"key":{"identifier":"date-of-birth","label":"Date of Birth","resource_type":"case-form-field","scope_key":{"identifier":"new-job-application","label":"New Job Application","resource_type":"case-form","scope_key":{"identifier":"job-application","label":"Job Application","resource_type":"case-type","scope_key":null}}},"position":21,"requirement":{"key":{"identifier":"45916","label":"Expression 45916","resource_type":"expression","scope_key":null},"type":"false_expression"},"visibility":null,"field_key":{"identifier":"date_of_birth","label":"Date of Birth","resource_type":"case-field","scope_key":null},"type":"case_field"},{"key":{"identifier":"disabled","label":"Disabled","resource_type":"case-form-field","scope_key":{"identifier":"new-job-application","label":"New Job Application","resource_type":"case-form","scope_key":{"identifier":"job-application","label":"Job Application","resource_type":"case-type","scope_key":null}}},"position":22,"requirement":{"key":{"identifier":"45917","label":"Expression 45917","resource_type":"expression","scope_key":null},"type":"false_expression"},"visibility":null,"field_key":{"identifier":"disabled","label":"Disabled","resource_type":"case-field","scope_key":null},"type":"case_field"},{"key":{"identifier":"disability-details","label":"Disability Details","resource_type":"case-form-field","scope_key":{"identifier":"new-job-application","label":"New Job Application","resource_type":"case-form","scope_key":{"identifier":"job-application","label":"Job Application","resource_type":"case-type","scope_key":null}}},"position":23,"requirement":{"key":{"identifier":"45918","label":"Expression 45918","resource_type":"expression","scope_key":null},"type":"false_expression"},"visibility":null,"field_key":{"identifier":"disability_details","label":"Disability Details","resource_type":"case-field","scope_key":null},"type":"case_field"},{"key":{"identifier":"special-arrangements","label":"Special Arrangements","resource_type":"case-form-field","scope_key":{"identifier":"new-job-application","label":"New Job Application","resource_type":"case-form","scope_key":{"identifier":"job-application","label":"Job Application","resource_type":"case-type","scope_key":null}}},"position":24,"requirement":{"key":{"identifier":"45919","label":"Expression 45919","resource_type":"expression","scope_key":null},"type":"false_expression"},"visibility":null,"field_key":{"identifier":"special_arrangements","label":"Special Arrangements","resource_type":"case-field","scope_key":null},"type":"case_field"},{"key":{"identifier":"ethnic-origin","label":"Ethnic Origin","resource_type":"case-form-field","scope_key":{"identifier":"new-job-application","label":"New Job Application","resource_type":"case-form","scope_key":{"identifier":"job-application","label":"Job Application","resource_type":"case-type","scope_key":null}}},"position":25,"requirement":{"key":{"identifier":"45920","label":"Expression 45920","resource_type":"expression","scope_key":null},"type":"false_expression"},"visibility":null,"field_key":{"identifier":"ethnic_origin","label":"Ethnic Origin","resource_type":"case-field","scope_key":null},"type":"case_field"},{"key":{"identifier":"other-ethnic-origin","label":"Other Ethnic Origin","resource_type":"case-form-field","scope_key":{"identifier":"new-job-application","label":"New Job Application","resource_type":"case-form","scope_key":{"identifier":"job-application","label":"Job Application","resource_type":"case-type","scope_key":null}}},"position":26,"requirement":{"key":{"identifier":"45921","label":"Expression 45921","resource_type":"expression","scope_key":null},"type":"false_expression"},"visibility":null,"field_key":{"identifier":"other_ethnic_origin","label":"Other Ethnic Origin","resource_type":"case-field","scope_key":null},"type":"case_field"},{"key":{"identifier":"disclosure-details","label":"Disclosure Details","resource_type":"case-form-field","scope_key":{"identifier":"new-job-application","label":"New Job Application","resource_type":"case-form","scope_key":{"identifier":"job-application","label":"Job Application","resource_type":"case-type","scope_key":null}}},"position":27,"requirement":{"key":{"identifier":"45922","label":"Expression 45922","resource_type":"expression","scope_key":null},"type":"false_expression"},"visibility":null,"field_key":{"identifier":"disclosure_details","label":"Disclosure Details","resource_type":"case-field","scope_key":null},"type":"case_field"},{"key":{"identifier":"original-form-reference","label":"Original Form Reference","resource_type":"case-form-field","scope_key":{"identifier":"new-job-application","label":"New Job Application","resource_type":"case-form","scope_key":{"identifier":"job-application","label":"Job Application","resource_type":"case-type","scope_key":null}}},"position":28,"requirement":{"key":{"identifier":"45923","label":"Expression 45923","resource_type":"expression","scope_key":null},"type":"false_expression"},"visibility":null,"field_key":{"identifier":"original_form_reference","label":"Original Form Reference","resource_type":"case-field","scope_key":null},"type":"case_field"}],"key":{"identifier":"new-job-application","label":"New Job Application","resource_type":"case-form","scope_key":{"identifier":"job-application","label":"Job Application","resource_type":"case-type","scope_key":null}},"type":"create"},"case-form::case-type::job-application::edit-job-application":{"external_redirects":[],"fields":[],"key":{"identifier":"edit-job-application","label":"Edit Job Application","resource_type":"case-form","scope_key":{"identifier":"job-application","label":"Job Application","resource_type":"case-type","scope_key":null}},"type":"edit"},"case-form::case-type::job-application::interview":{"external_redirects":[],"fields":[{"key":{"identifier":"interview-time","label":"Interview Time","resource_type":"case-form-field","scope_key":{"identifier":"interview","label":"Interview","resource_type":"case-form","scope_key":{"identifier":"job-application","label":"Job Application","resource_type":"case-type","scope_key":null}}},"position":0,"requirement":null,"visibility":null,"field_key":{"identifier":"interview_time","label":"Interview Time","resource_type":"case-field","scope_key":null},"type":"case_field"},{"key":{"identifier":"location","label":"Location","resource_type":"case-form-field","scope_key":{"identifier":"interview","label":"Interview","resource_type":"case-form","scope_key":{"identifier":"job-application","label":"Job Application","resource_type":"case-type","scope_key":null}}},"position":1,"requirement":null,"visibility":null,"field_key":{"identifier":"location","label":"Location","resource_type":"case-field","scope_key":null},"type":"case_field"},{"key":{"identifier":"interview-details","label":"Interview Details","resource_type":"case-form-field","scope_key":{"identifier":"interview","label":"Interview","resource_type":"case-form","scope_key":{"identifier":"job-application","label":"Job Application","resource_type":"case-type","scope_key":null}}},"position":2,"requirement":null,"visibility":null,"field_key":{"identifier":"interview_details","label":"Interview Details","resource_type":"case-field","scope_key":null},"type":"case_field"},{"key":{"identifier":"interview-panel","label":"Interview Panel","resource_type":"case-form-field","scope_key":{"identifier":"interview","label":"Interview","resource_type":"case-form","scope_key":{"identifier":"job-application","label":"Job Application","resource_type":"case-type","scope_key":null}}},"position":3,"requirement":null,"visibility":null,"field_key":{"identifier":"interview_panel","label":"Interview Panel","resource_type":"case-field","scope_key":null},"type":"case_field"}],"key":{"identifier":"interview","label":"Interview","resource_type":"case-form","scope_key":{"identifier":"job-application","label":"Job Application","resource_type":"case-type","scope_key":null}},"type":"normal"},"case-field::starting_salary":{"allowed_privilege_level_keys":[],"allowed_to_all_privilege_levels":true,"encrypted":false,"redactable":false,"key":{"identifier":"starting_salary","label":"Starting Salary","resource_type":"case-field","scope_key":null},"position":0,"type":"text"},"case-field::salary_grading":{"allowed_privilege_level_keys":[],"allowed_to_all_privilege_levels":true,"encrypted":false,"redactable":false,"key":{"identifier":"salary_grading","label":"Salary Grading","resource_type":"case-field","scope_key":null},"position":0,"type":"text"},"case-field::date_job_offered":{"allowed_privilege_level_keys":[],"allowed_to_all_privilege_levels":true,"encrypted":false,"redactable":false,"key":{"identifier":"date_job_offered","label":"Date Job Offered","resource_type":"case-field","scope_key":null},"position":0,"type":"date"},"case-form::case-type::job-application::job-offer":{"external_redirects":[],"fields":[{"key":{"identifier":"starting-salary","label":"Starting Salary","resource_type":"case-form-field","scope_key":{"identifier":"job-offer","label":"Job Offer","resource_type":"case-form","scope_key":{"identifier":"job-application","label":"Job Application","resource_type":"case-type","scope_key":null}}},"position":0,"requirement":null,"visibility":null,"field_key":{"identifier":"starting_salary","label":"Starting Salary","resource_type":"case-field","scope_key":null},"type":"case_field"},{"key":{"identifier":"salary-grading","label":"Salary Grading","resource_type":"case-form-field","scope_key":{"identifier":"job-offer","label":"Job Offer","resource_type":"case-form","scope_key":{"identifier":"job-application","label":"Job Application","resource_type":"case-type","scope_key":null}}},"position":1,"requirement":null,"visibility":null,"field_key":{"identifier":"salary_grading","label":"Salary Grading","resource_type":"case-field","scope_key":null},"type":"case_field"},{"key":{"identifier":"date-job-offered","label":"Date Job Offered","resource_type":"case-form-field","scope_key":{"identifier":"job-offer","label":"Job Offer","resource_type":"case-form","scope_key":{"identifier":"job-application","label":"Job Application","resource_type":"case-type","scope_key":null}}},"position":2,"requirement":{"key":{"identifier":"45924","label":"Expression 45924","resource_type":"expression","scope_key":null},"type":"true_expression"},"visibility":null,"field_key":{"identifier":"date_job_offered","label":"Date Job Offered","resource_type":"case-field","scope_key":null},"type":"case_field"}],"key":{"identifier":"job-offer","label":"Job Offer","resource_type":"case-form","scope_key":{"identifier":"job-application","label":"Job Application","resource_type":"case-type","scope_key":null}},"type":"normal"},"case-form::case-type::job-application::feedback-contact":{"external_redirects":[],"fields":[{"key":{"identifier":"contact-for-feedback","label":"Contact for Feedback","resource_type":"case-form-field","scope_key":{"identifier":"feedback-contact","label":"Feedback Contact","resource_type":"case-form","scope_key":{"identifier":"job-application","label":"Job Application","resource_type":"case-type","scope_key":null}}},"position":0,"requirement":null,"visibility":null,"field_key":{"identifier":"contact_for_feedback","label":"Contact for Feedback","resource_type":"case-field","scope_key":null},"type":"case_field"}],"key":{"identifier":"feedback-contact","label":"Feedback Contact","resource_type":"case-form","scope_key":{"identifier":"job-application","label":"Job Application","resource_type":"case-type","scope_key":null}},"type":"normal"},"privilege-level::super":{"key":{"identifier":"super","label":"Jadu Administrator","resource_type":"privilege-level","scope_key":null}},"privilege-level::administrator":{"key":{"identifier":"administrator","label":"Administrator","resource_type":"privilege-level","scope_key":null}},"privilege-level::advisor":{"key":{"identifier":"advisor","label":"Advisor","resource_type":"privilege-level","scope_key":null}},"case-transition::case-type::job-application::under-review":{"allowed_privilege_level_keys":{"privilege-level::super":{"identifier":"super","label":"Jadu Administrator","resource_type":"privilege-level","scope_key":null},"privilege-level::administrator":{"identifier":"administrator","label":"Administrator","resource_type":"privilege-level","scope_key":null},"privilege-level::advisor":{"identifier":"advisor","label":"Advisor","resource_type":"privilege-level","scope_key":null}},"call_to_action":false,"call_to_action_style":"default","case_form_key":null,"from_status_keys":{"case-status::case-type::job-application::pending":{"identifier":"pending","label":"Pending","resource_type":"case-status","scope_key":{"identifier":"job-application","label":"Job Application","resource_type":"case-type","scope_key":null}}},"key":{"identifier":"under-review","label":"Under Review","resource_type":"case-transition","scope_key":{"identifier":"job-application","label":"Job Application","resource_type":"case-type","scope_key":null}},"to_status_key":{"identifier":"under-review","label":"Under Review","resource_type":"case-status","scope_key":{"identifier":"job-application","label":"Job Application","resource_type":"case-type","scope_key":null}}},"case-transition::case-type::job-application::shortlisted":{"allowed_privilege_level_keys":{"privilege-level::super":{"identifier":"super","label":"Jadu Administrator","resource_type":"privilege-level","scope_key":null},"privilege-level::administrator":{"identifier":"administrator","label":"Administrator","resource_type":"privilege-level","scope_key":null},"privilege-level::advisor":{"identifier":"advisor","label":"Advisor","resource_type":"privilege-level","scope_key":null}},"call_to_action":false,"call_to_action_style":"default","case_form_key":null,"from_status_keys":{"case-status::case-type::job-application::under-review":{"identifier":"under-review","label":"Under Review","resource_type":"case-status","scope_key":{"identifier":"job-application","label":"Job Application","resource_type":"case-type","scope_key":null}}},"key":{"identifier":"shortlisted","label":"Shortlisted","resource_type":"case-transition","scope_key":{"identifier":"job-application","label":"Job Application","resource_type":"case-type","scope_key":null}},"to_status_key":{"identifier":"shortlisted","label":"Shortlisted","resource_type":"case-status","scope_key":{"identifier":"job-application","label":"Job Application","resource_type":"case-type","scope_key":null}}},"case-transition::case-type::job-application::rejected":{"allowed_privilege_level_keys":{"privilege-level::super":{"identifier":"super","label":"Jadu Administrator","resource_type":"privilege-level","scope_key":null},"privilege-level::administrator":{"identifier":"administrator","label":"Administrator","resource_type":"privilege-level","scope_key":null},"privilege-level::advisor":{"identifier":"advisor","label":"Advisor","resource_type":"privilege-level","scope_key":null}},"call_to_action":true,"call_to_action_style":"danger","case_form_key":null,"from_status_keys":{"case-status::case-type::job-application::under-review":{"identifier":"under-review","label":"Under Review","resource_type":"case-status","scope_key":{"identifier":"job-application","label":"Job Application","resource_type":"case-type","scope_key":null}}},"key":{"identifier":"rejected","label":"Rejected","resource_type":"case-transition","scope_key":{"identifier":"job-application","label":"Job Application","resource_type":"case-type","scope_key":null}},"to_status_key":{"identifier":"rejected","label":"Rejected","resource_type":"case-status","scope_key":{"identifier":"job-application","label":"Job Application","resource_type":"case-type","scope_key":null}}},"privilege-level::system-administrator":{"key":{"identifier":"system-administrator","label":"System Administrator","resource_type":"privilege-level","scope_key":null}},"case-transition::case-type::job-application::arrange-interview":{"allowed_privilege_level_keys":{"privilege-level::administrator":{"identifier":"administrator","label":"Administrator","resource_type":"privilege-level","scope_key":null},"privilege-level::advisor":{"identifier":"advisor","label":"Advisor","resource_type":"privilege-level","scope_key":null},"privilege-level::system-administrator":{"identifier":"system-administrator","label":"System Administrator","resource_type":"privilege-level","scope_key":null}},"call_to_action":true,"call_to_action_style":"primary","case_form_key":{"identifier":"interview","label":"Interview","resource_type":"case-form","scope_key":{"identifier":"job-application","label":"Job Application","resource_type":"case-type","scope_key":null}},"from_status_keys":{"case-status::case-type::job-application::shortlisted":{"identifier":"shortlisted","label":"Shortlisted","resource_type":"case-status","scope_key":{"identifier":"job-application","label":"Job Application","resource_type":"case-type","scope_key":null}},"case-status::case-type::job-application::reschedule":{"identifier":"reschedule","label":"Reschedule","resource_type":"case-status","scope_key":{"identifier":"job-application","label":"Job Application","resource_type":"case-type","scope_key":null}}},"key":{"identifier":"arrange-interview","label":"Arrange Interview","resource_type":"case-transition","scope_key":{"identifier":"job-application","label":"Job Application","resource_type":"case-type","scope_key":null}},"to_status_key":{"identifier":"interview-offered","label":"Interview Offered","resource_type":"case-status","scope_key":{"identifier":"job-application","label":"Job Application","resource_type":"case-type","scope_key":null}}},"case-transition::case-type::job-application::rescheduled-interview":{"allowed_privilege_level_keys":{"privilege-level::super":{"identifier":"super","label":"Jadu Administrator","resource_type":"privilege-level","scope_key":null},"privilege-level::administrator":{"identifier":"administrator","label":"Administrator","resource_type":"privilege-level","scope_key":null},"privilege-level::advisor":{"identifier":"advisor","label":"Advisor","resource_type":"privilege-level","scope_key":null}},"call_to_action":true,"call_to_action_style":"warning","case_form_key":null,"from_status_keys":{"case-status::case-type::job-application::interview-offered":{"identifier":"interview-offered","label":"Interview Offered","resource_type":"case-status","scope_key":{"identifier":"job-application","label":"Job Application","resource_type":"case-type","scope_key":null}}},"key":{"identifier":"rescheduled-interview","label":"Rescheduled Interview","resource_type":"case-transition","scope_key":{"identifier":"job-application","label":"Job Application","resource_type":"case-type","scope_key":null}},"to_status_key":{"identifier":"reschedule","label":"Reschedule","resource_type":"case-status","scope_key":{"identifier":"job-application","label":"Job Application","resource_type":"case-type","scope_key":null}}},"case-transition::case-type::job-application::interview-declined":{"allowed_privilege_level_keys":{"privilege-level::administrator":{"identifier":"administrator","label":"Administrator","resource_type":"privilege-level","scope_key":null},"privilege-level::advisor":{"identifier":"advisor","label":"Advisor","resource_type":"privilege-level","scope_key":null},"privilege-level::system-administrator":{"identifier":"system-administrator","label":"System Administrator","resource_type":"privilege-level","scope_key":null}},"call_to_action":true,"call_to_action_style":"danger","case_form_key":null,"from_status_keys":{"case-status::case-type::job-application::interview-offered":{"identifier":"interview-offered","label":"Interview Offered","resource_type":"case-status","scope_key":{"identifier":"job-application","label":"Job Application","resource_type":"case-type","scope_key":null}}},"key":{"identifier":"interview-declined","label":"Interview Declined","resource_type":"case-transition","scope_key":{"identifier":"job-application","label":"Job Application","resource_type":"case-type","scope_key":null}},"to_status_key":{"identifier":"interview-declined","label":"Interview Declined","resource_type":"case-status","scope_key":{"identifier":"job-application","label":"Job Application","resource_type":"case-type","scope_key":null}}},"case-transition::case-type::job-application::attendance-confirmed":{"allowed_privilege_level_keys":{"privilege-level::administrator":{"identifier":"administrator","label":"Administrator","resource_type":"privilege-level","scope_key":null},"privilege-level::advisor":{"identifier":"advisor","label":"Advisor","resource_type":"privilege-level","scope_key":null},"privilege-level::system-administrator":{"identifier":"system-administrator","label":"System Administrator","resource_type":"privilege-level","scope_key":null}},"call_to_action":true,"call_to_action_style":"success","case_form_key":null,"from_status_keys":{"case-status::case-type::job-application::interview-offered":{"identifier":"interview-offered","label":"Interview Offered","resource_type":"case-status","scope_key":{"identifier":"job-application","label":"Job Application","resource_type":"case-type","scope_key":null}}},"key":{"identifier":"attendance-confirmed","label":"Attendance Confirmed","resource_type":"case-transition","scope_key":{"identifier":"job-application","label":"Job Application","resource_type":"case-type","scope_key":null}},"to_status_key":{"identifier":"interview-accepted","label":"Interview Accepted","resource_type":"case-status","scope_key":{"identifier":"job-application","label":"Job Application","resource_type":"case-type","scope_key":null}}},"case-transition::case-type::job-application::make-offer":{"allowed_privilege_level_keys":{"privilege-level::administrator":{"identifier":"administrator","label":"Administrator","resource_type":"privilege-level","scope_key":null},"privilege-level::advisor":{"identifier":"advisor","label":"Advisor","resource_type":"privilege-level","scope_key":null},"privilege-level::system-administrator":{"identifier":"system-administrator","label":"System Administrator","resource_type":"privilege-level","scope_key":null}},"call_to_action":true,"call_to_action_style":"success","case_form_key":{"identifier":"job-offer","label":"Job Offer","resource_type":"case-form","scope_key":{"identifier":"job-application","label":"Job Application","resource_type":"case-type","scope_key":null}},"from_status_keys":{"case-status::case-type::job-application::interview-accepted":{"identifier":"interview-accepted","label":"Interview Accepted","resource_type":"case-status","scope_key":{"identifier":"job-application","label":"Job Application","resource_type":"case-type","scope_key":null}},"case-status::case-type::job-application::interview-not-required":{"identifier":"interview-not-required","label":"Interview Not Required","resource_type":"case-status","scope_key":{"identifier":"job-application","label":"Job Application","resource_type":"case-type","scope_key":null}}},"key":{"identifier":"make-offer","label":"Make Offer","resource_type":"case-transition","scope_key":{"identifier":"job-application","label":"Job Application","resource_type":"case-type","scope_key":null}},"to_status_key":{"identifier":"conditional-offer","label":"Conditional Offer","resource_type":"case-status","scope_key":{"identifier":"job-application","label":"Job Application","resource_type":"case-type","scope_key":null}}},"case-transition::case-type::job-application::request-references-medical":{"allowed_privilege_level_keys":{"privilege-level::super":{"identifier":"super","label":"Jadu Administrator","resource_type":"privilege-level","scope_key":null},"privilege-level::administrator":{"identifier":"administrator","label":"Administrator","resource_type":"privilege-level","scope_key":null},"privilege-level::advisor":{"identifier":"advisor","label":"Advisor","resource_type":"privilege-level","scope_key":null}},"call_to_action":true,"call_to_action_style":"primary","case_form_key":null,"from_status_keys":{"case-status::case-type::job-application::conditional-offer":{"identifier":"conditional-offer","label":"Conditional Offer","resource_type":"case-status","scope_key":{"identifier":"job-application","label":"Job Application","resource_type":"case-type","scope_key":null}}},"key":{"identifier":"request-references-medical","label":"Request References \/ Medical","resource_type":"case-transition","scope_key":{"identifier":"job-application","label":"Job Application","resource_type":"case-type","scope_key":null}},"to_status_key":{"identifier":"references","label":"References \/ Medical","resource_type":"case-status","scope_key":{"identifier":"job-application","label":"Job Application","resource_type":"case-type","scope_key":null}}},"case-transition::case-type::job-application::offer-accepted":{"allowed_privilege_level_keys":{"privilege-level::super":{"identifier":"super","label":"Jadu Administrator","resource_type":"privilege-level","scope_key":null},"privilege-level::administrator":{"identifier":"administrator","label":"Administrator","resource_type":"privilege-level","scope_key":null},"privilege-level::advisor":{"identifier":"advisor","label":"Advisor","resource_type":"privilege-level","scope_key":null}},"call_to_action":true,"call_to_action_style":"success","case_form_key":null,"from_status_keys":{"case-status::case-type::job-application::references":{"identifier":"references","label":"References \/ Medical","resource_type":"case-status","scope_key":{"identifier":"job-application","label":"Job Application","resource_type":"case-type","scope_key":null}}},"key":{"identifier":"offer-accepted","label":"Satisfactory References Received","resource_type":"case-transition","scope_key":{"identifier":"job-application","label":"Job Application","resource_type":"case-type","scope_key":null}},"to_status_key":{"identifier":"offer-accepted","label":"Offer Accepted","resource_type":"case-status","scope_key":{"identifier":"job-application","label":"Job Application","resource_type":"case-type","scope_key":null}}},"case-transition::case-type::job-application::offer-declined":{"allowed_privilege_level_keys":{"privilege-level::super":{"identifier":"super","label":"Jadu Administrator","resource_type":"privilege-level","scope_key":null},"privilege-level::administrator":{"identifier":"administrator","label":"Administrator","resource_type":"privilege-level","scope_key":null},"privilege-level::advisor":{"identifier":"advisor","label":"Advisor","resource_type":"privilege-level","scope_key":null}},"call_to_action":true,"call_to_action_style":"danger","case_form_key":null,"from_status_keys":{"case-status::case-type::job-application::conditional-offer":{"identifier":"conditional-offer","label":"Conditional Offer","resource_type":"case-status","scope_key":{"identifier":"job-application","label":"Job Application","resource_type":"case-type","scope_key":null}},"case-status::case-type::job-application::references":{"identifier":"references","label":"References \/ Medical","resource_type":"case-status","scope_key":{"identifier":"job-application","label":"Job Application","resource_type":"case-type","scope_key":null}}},"key":{"identifier":"offer-declined","label":"Offer Declined","resource_type":"case-transition","scope_key":{"identifier":"job-application","label":"Job Application","resource_type":"case-type","scope_key":null}},"to_status_key":{"identifier":"offer-declined","label":"Offer Declined","resource_type":"case-status","scope_key":{"identifier":"job-application","label":"Job Application","resource_type":"case-type","scope_key":null}}},"case-transition::case-type::job-application::separate-assessment-required":{"allowed_privilege_level_keys":{"privilege-level::super":{"identifier":"super","label":"Jadu Administrator","resource_type":"privilege-level","scope_key":null},"privilege-level::administrator":{"identifier":"administrator","label":"Administrator","resource_type":"privilege-level","scope_key":null},"privilege-level::advisor":{"identifier":"advisor","label":"Advisor","resource_type":"privilege-level","scope_key":null}},"call_to_action":true,"call_to_action_style":"warning","case_form_key":null,"from_status_keys":{"case-status::case-type::job-application::shortlisted":{"identifier":"shortlisted","label":"Shortlisted","resource_type":"case-status","scope_key":{"identifier":"job-application","label":"Job Application","resource_type":"case-type","scope_key":null}}},"key":{"identifier":"separate-assessment-required","label":"Separate Assessment Required","resource_type":"case-transition","scope_key":{"identifier":"job-application","label":"Job Application","resource_type":"case-type","scope_key":null}},"to_status_key":{"identifier":"assessment","label":"Assessment","resource_type":"case-status","scope_key":{"identifier":"job-application","label":"Job Application","resource_type":"case-type","scope_key":null}}},"case-transition::case-type::job-application::rejected-correspond":{"allowed_privilege_level_keys":{"privilege-level::administrator":{"identifier":"administrator","label":"Administrator","resource_type":"privilege-level","scope_key":null},"privilege-level::system-administrator":{"identifier":"system-administrator","label":"System Administrator","resource_type":"privilege-level","scope_key":null}},"call_to_action":true,"call_to_action_style":"danger","case_form_key":{"identifier":"feedback-contact","label":"Feedback Contact","resource_type":"case-form","scope_key":{"identifier":"job-application","label":"Job Application","resource_type":"case-type","scope_key":null}},"from_status_keys":{"case-status::case-type::job-application::assessment":{"identifier":"assessment","label":"Assessment","resource_type":"case-status","scope_key":{"identifier":"job-application","label":"Job Application","resource_type":"case-type","scope_key":null}},"case-status::case-type::job-application::interview-accepted":{"identifier":"interview-accepted","label":"Interview Accepted","resource_type":"case-status","scope_key":{"identifier":"job-application","label":"Job Application","resource_type":"case-type","scope_key":null}},"case-status::case-type::job-application::references":{"identifier":"references","label":"References \/ Medical","resource_type":"case-status","scope_key":{"identifier":"job-application","label":"Job Application","resource_type":"case-type","scope_key":null}},"case-status::case-type::job-application::interview-not-required":{"identifier":"interview-not-required","label":"Interview Not Required","resource_type":"case-status","scope_key":{"identifier":"job-application","label":"Job Application","resource_type":"case-type","scope_key":null}}},"key":{"identifier":"rejected-correspond","label":"Rejected (Correspond)","resource_type":"case-transition","scope_key":{"identifier":"job-application","label":"Job Application","resource_type":"case-type","scope_key":null}},"to_status_key":{"identifier":"rejected","label":"Rejected","resource_type":"case-status","scope_key":{"identifier":"job-application","label":"Job Application","resource_type":"case-type","scope_key":null}}},"case-transition::case-type::job-application::assessment-declined":{"allowed_privilege_level_keys":{"privilege-level::super":{"identifier":"super","label":"Jadu Administrator","resource_type":"privilege-level","scope_key":null},"privilege-level::administrator":{"identifier":"administrator","label":"Administrator","resource_type":"privilege-level","scope_key":null},"privilege-level::advisor":{"identifier":"advisor","label":"Advisor","resource_type":"privilege-level","scope_key":null}},"call_to_action":true,"call_to_action_style":"danger","case_form_key":null,"from_status_keys":{"case-status::case-type::job-application::assessment":{"identifier":"assessment","label":"Assessment","resource_type":"case-status","scope_key":{"identifier":"job-application","label":"Job Application","resource_type":"case-type","scope_key":null}}},"key":{"identifier":"assessment-declined","label":"Assessment Declined","resource_type":"case-transition","scope_key":{"identifier":"job-application","label":"Job Application","resource_type":"case-type","scope_key":null}},"to_status_key":{"identifier":"assessment-declined","label":"Assessment Declined","resource_type":"case-status","scope_key":{"identifier":"job-application","label":"Job Application","resource_type":"case-type","scope_key":null}}},"case-transition::case-type::job-application::interview-not-required":{"allowed_privilege_level_keys":{"privilege-level::super":{"identifier":"super","label":"Jadu Administrator","resource_type":"privilege-level","scope_key":null},"privilege-level::administrator":{"identifier":"administrator","label":"Administrator","resource_type":"privilege-level","scope_key":null},"privilege-level::advisor":{"identifier":"advisor","label":"Advisor","resource_type":"privilege-level","scope_key":null},"privilege-level::system-administrator":{"identifier":"system-administrator","label":"System Administrator","resource_type":"privilege-level","scope_key":null}},"call_to_action":true,"call_to_action_style":"warning","case_form_key":null,"from_status_keys":{"case-status::case-type::job-application::shortlisted":{"identifier":"shortlisted","label":"Shortlisted","resource_type":"case-status","scope_key":{"identifier":"job-application","label":"Job Application","resource_type":"case-type","scope_key":null}}},"key":{"identifier":"interview-not-required","label":"Interview Not Required","resource_type":"case-transition","scope_key":{"identifier":"job-application","label":"Job Application","resource_type":"case-type","scope_key":null}},"to_status_key":{"identifier":"interview-not-required","label":"Interview Not Required","resource_type":"case-status","scope_key":{"identifier":"job-application","label":"Job Application","resource_type":"case-type","scope_key":null}}},"rule::case-type::job-application::6819":{"actions":[{"key":{"identifier":"21323","label":"Action 21323","resource_type":"action","scope_key":null},"position":1,"transition_key":{"identifier":"under-review","label":"Under Review","resource_type":"case-transition","scope_key":{"identifier":"job-application","label":"Job Application","resource_type":"case-type","scope_key":null}},"type":"transition"}],"condition":null,"enabled":true,"key":{"identifier":"6819","label":"Under Review","resource_type":"rule","scope_key":{"identifier":"job-application","label":"Job Application","resource_type":"case-type","scope_key":null}},"triggers":[{"key":{"identifier":"17570","label":"Trigger 17570","resource_type":"trigger","scope_key":null},"event_name":"case.created","type":"event"}]},"rule::case-type::job-application::6820":{"actions":[{"key":{"identifier":"21324","label":"Action 21324","resource_type":"action","scope_key":null},"position":1,"email_template_key":{"identifier":"interview-invitation","label":"Interview Invitation","resource_type":"alert-email-template","scope_key":{"identifier":"job-application","label":"Job Application","resource_type":"case-type","scope_key":null}},"recipient":{"key":{"identifier":"10892","label":"Recipient 10892","resource_type":"alert-recipient","scope_key":null},"email_field_key":{"identifier":"email","label":"Email","resource_type":"case-field","scope_key":null},"type":"email_field"},"type":"alert"}],"condition":null,"enabled":true,"key":{"identifier":"6820","label":"Interview Offer","resource_type":"rule","scope_key":{"identifier":"job-application","label":"Job Application","resource_type":"case-type","scope_key":null}},"triggers":[{"key":{"identifier":"17571","label":"Trigger 17571","resource_type":"trigger","scope_key":null},"transition_key":{"identifier":"arrange-interview","label":"Arrange Interview","resource_type":"case-transition","scope_key":{"identifier":"job-application","label":"Job Application","resource_type":"case-type","scope_key":null}},"type":"transition"}]},"rule::case-type::job-application::6821":{"actions":[{"key":{"identifier":"21325","label":"Action 21325","resource_type":"action","scope_key":null},"position":1,"email_template_key":{"identifier":"rejection-notification","label":"Rejection Notification","resource_type":"alert-email-template","scope_key":{"identifier":"job-application","label":"Job Application","resource_type":"case-type","scope_key":null}},"recipient":{"key":{"identifier":"10893","label":"Recipient 10893","resource_type":"alert-recipient","scope_key":null},"email_field_key":{"identifier":"email","label":"Email","resource_type":"case-field","scope_key":null},"type":"email_field"},"type":"alert"}],"condition":null,"enabled":true,"key":{"identifier":"6821","label":"Rejection Correspondence","resource_type":"rule","scope_key":{"identifier":"job-application","label":"Job Application","resource_type":"case-type","scope_key":null}},"triggers":[{"key":{"identifier":"17572","label":"Trigger 17572","resource_type":"trigger","scope_key":null},"transition_key":{"identifier":"rejected-correspond","label":"Rejected (Correspond)","resource_type":"case-transition","scope_key":{"identifier":"job-application","label":"Job Application","resource_type":"case-type","scope_key":null}},"type":"transition"}]}}}}