{"form.json":"f0016a9b4b93e520b85feb9d404bfd3c2f510767","page-templates\/Your_details_-_PPE.json":"71bfdd3b45eb1661404f010ee87a7e0922e976af","structure\/pages.json":"78e847ba48e06b134d0a834b64a217aecbd2cfe6","structure\/branching.json":"4bca9dcfbabf69a7bb871905af0c39d02c557da7","actions\/rules\/Form_submitted.json":"ab1a23262d17fe33e29f75d61fe8ff475850517c","actions\/templates\/Form_submission.json":"863564280123ffec85b0a442599c23605b80d477","actions\/templates\/Citizen_email.json":"d3748ea256fb429b2be28332340869593ba73377","actions\/templates\/Service_area_e-mail.json":"49771a4bdad368be0c43485a3e928f915b170f98","misc\/pdfs.json":"97d170e1550eee4afc0af065b78cda302a97674c","misc\/prefills.json":"97d170e1550eee4afc0af065b78cda302a97674c","misc\/placeholders.json":"bf26e1fdd21c71a9adbc2e40118e21a120c6790a","misc\/logic_definitions.json":"97d170e1550eee4afc0af065b78cda302a97674c","misc\/ic_inputs.json":"97d170e1550eee4afc0af065b78cda302a97674c","misc\/data-retention.json":"fa8b819d756eec4a4f185f5465ef79b349ea9ce4"}