{"title":"Donate Personal Protection Equipment (PPE)","instructions":"\n<p>We will consider any offer of help.<\/p>\n\n<p>Please complete your details and we will be in touch if we need to take you up on your offer.<\/p>\n","progressBar":"0","allowUnregistered":"1","resumeAtStart":"0","reCaptcha":"0","internalOnly":0,"metadata":{"id":"394","itemID":"532","creator":"Yelena Tomina","contributor":"","publisher":"Sandbox 04","rights":"Sandbox 04","source":"","status":"V1.0 Public Consumption","coverage":"UK","created":1586127600,"modified":1586127600,"valid":null,"expired":null,"format":"text\/html","language":"en","subject":"","description":"Donate Personal Protection Equipment (PPE)"},"categories":[{"id":"3637","categoryType":"Navigation","itemID":532,"categoryID":"100003"},{"id":"3638","categoryType":"Navigation","itemID":532,"categoryID":"200056"}]}