[{"pageID":"1323","questionName":null,"sectionName":null,"questionPageID":null,"questionSecondaryField":null,"logicID":null,"ruleNumber":1,"conditionNumber":1,"conditionOptionID":null,"conditionOperator":null,"conditionLiteralValue":null,"conditionLiteralValueTwo":null,"goToPageID":"1324","clauseType":null,"data":null},{"pageID":"1324","questionName":null,"sectionName":null,"questionPageID":null,"questionSecondaryField":null,"logicID":null,"ruleNumber":1,"conditionNumber":1,"conditionOptionID":null,"conditionOperator":null,"conditionLiteralValue":null,"conditionLiteralValueTwo":null,"goToPageID":"Confirmation","clauseType":null,"data":null},{"pageID":"1325","questionName":null,"sectionName":null,"questionPageID":null,"questionSecondaryField":null,"logicID":null,"ruleNumber":1,"conditionNumber":1,"conditionOptionID":null,"conditionOperator":null,"conditionLiteralValue":null,"conditionLiteralValueTwo":null,"goToPageID":"1324","clauseType":null,"data":null},{"pageID":"Start","questionName":null,"sectionName":null,"questionPageID":null,"questionSecondaryField":null,"logicID":null,"ruleNumber":1,"conditionNumber":1,"conditionOptionID":null,"conditionOperator":null,"conditionLiteralValue":null,"conditionLiteralValueTwo":null,"goToPageID":"1323","clauseType":null,"data":null},{"pageID":"1323","questionName":"q1b824424710f82232118f5a01e7d154f2c1c778e","sectionName":"main","questionPageID":"1323","questionSecondaryField":"uprn","logicID":null,"ruleNumber":2,"conditionNumber":1,"conditionOptionID":null,"conditionOperator":"equal","conditionLiteralValue":"111111","conditionLiteralValueTwo":null,"goToPageID":"1325","clauseType":null,"data":null}]