{"id":963,"isFormSpecific":true,"version":{"metadata":{"id":2537,"title":"Critical care permit","instructions":""},"sections":[{"name":"sfc3efcadb1f864f6f599da491f85f79dc4c149a4","title":"Proof of critical care status","showTitle":true,"hideInitially":false,"triggerQuestionName":null,"triggerQuestionSecondaryField":null,"triggerQuestionSection":null,"triggerOperator":null,"triggerAnswerValue":null,"isRepeatableQuestion":false,"repeatableQuestionSettings":[],"structure":"[{\"type\":\"question\",\"name\":\"q337ef40db3d59bb8d411acfb8e14911954957216\"},{\"type\":\"question\",\"name\":\"q76d70cd8f66b82f23f822a73d346146ee7979f25\"}]","questions":[{"name":"q337ef40db3d59bb8d411acfb8e14911954957216","text":"valid","guid":"Jadu\\XFormsPro\\Bundle\\StandardFormComponentBundle\\Component\\TextBlock\\TextBlockComponent","settings":[{"name":"value","value":"<p>Valid proofs are:&nbsp;<strong>Letter of confirmation \/ employment<\/strong>&nbsp;or&nbsp;<strong>Authorised ID badge \/ card<\/strong><\/p>"}]},{"name":"q76d70cd8f66b82f23f822a73d346146ee7979f25","text":"Upload proof","guid":"Jadu\\XFormsPro\\Bundle\\StandardFormComponentBundle\\Component\\FileUpload\\FileUploadComponent","settings":[{"name":"required","value":"true"},{"name":"help","value":"Formats allowed are jpg, png and pdf"},{"name":"restrict-number-count","value":"3"},{"name":"restrict-types","value":".doc,.docx,.pdf,.odt,.jpg,.jpeg,.bmp,.png,.gif"}]}],"clauseType":null,"data":null},{"name":"s4acab3740cde511655fe1af72a9b0394f2e41717","title":"Permit vehicle","showTitle":true,"hideInitially":false,"triggerQuestionName":null,"triggerQuestionSecondaryField":null,"triggerQuestionSection":null,"triggerOperator":null,"triggerAnswerValue":null,"isRepeatableQuestion":false,"repeatableQuestionSettings":[],"structure":"[{\"type\":\"question\",\"name\":\"q64b67798ec3218464c661a118ec719456e13bb1e\"},{\"type\":\"question\",\"name\":\"q03d7df20eac78b315e4825376cdcc0eef921b515\"}]","questions":[{"name":"q64b67798ec3218464c661a118ec719456e13bb1e","text":"locations","guid":"Jadu\\XFormsPro\\Bundle\\StandardFormComponentBundle\\Component\\TextBlock\\TextBlockComponent","settings":[{"name":"value","value":"<p>Purchasing this will allow you to park in the respective zones for each of the following locations.<\/p>\n\n<p>LIST AVAILAVLE CAR PARKS<\/p>"}]},{"name":"q03d7df20eac78b315e4825376cdcc0eef921b515","text":"Vehicle registration","guid":"Jadu\\XFormsPro\\Bundle\\StandardFormComponentBundle\\Component\\TextField\\TextFieldComponent","settings":[{"name":"answer_length","value":"10"},{"name":"required","value":"true"}]}],"clauseType":null,"data":null},{"name":"sc34bd2f74677a21d58716164a51d7269eb8f8570","title":"Date and duration","showTitle":true,"hideInitially":false,"triggerQuestionName":null,"triggerQuestionSecondaryField":null,"triggerQuestionSection":null,"triggerOperator":null,"triggerAnswerValue":null,"isRepeatableQuestion":false,"repeatableQuestionSettings":[],"structure":"[{\"type\":\"question\",\"name\":\"q18cf9c12957bde78d6845a2a8e1c01ac0c1535ef\"},{\"type\":\"question\",\"name\":\"q38f9a775df1316fa6c5ae5c793cf6f1da60d677b\"}]","questions":[{"name":"q18cf9c12957bde78d6845a2a8e1c01ac0c1535ef","text":"Start date","guid":"Jadu\\XFormsPro\\Bundle\\StandardFormComponentBundle\\Component\\TextField\\TextFieldComponent","settings":[{"name":"validation","value":"17"},{"name":"answer_length","value":"10"},{"name":"required","value":"true"}]},{"name":"q38f9a775df1316fa6c5ae5c793cf6f1da60d677b","text":"End date","guid":"Jadu\\XFormsPro\\Bundle\\StandardFormComponentBundle\\Component\\Date\\DateComponent","settings":[{"name":"default_to_specific_date","value":"true"},{"name":"default_to_specific_date_value","value":"2020-06-18"}]}],"clauseType":null,"data":null},{"name":"scdeb384e390a1ac18a085e78adbd22ee75b95730","title":"Permit owner details","showTitle":true,"hideInitially":false,"triggerQuestionName":null,"triggerQuestionSecondaryField":null,"triggerQuestionSection":null,"triggerOperator":null,"triggerAnswerValue":null,"isRepeatableQuestion":false,"repeatableQuestionSettings":[],"structure":"[{\"type\":\"question\",\"name\":\"q6dfc80b0464f2935096acc7727e02b00cb0a72f3\"},{\"type\":\"question\",\"name\":\"qa6187b286e154303abc9a2a19cbfd4d033ce05b4\"},{\"type\":\"question\",\"name\":\"q5aea94f90e898368181240b972fdfca95a980e4e\"},{\"type\":\"question\",\"name\":\"qbe86eac67450f8d53c10b8b8dd126e2349db9b63\"}]","questions":[{"name":"q6dfc80b0464f2935096acc7727e02b00cb0a72f3","text":"First name","guid":"Jadu\\XFormsPro\\Bundle\\StandardFormComponentBundle\\Component\\TextField\\TextFieldComponent","settings":[{"name":"required","value":"true"}]},{"name":"qa6187b286e154303abc9a2a19cbfd4d033ce05b4","text":"Last name","guid":"Jadu\\XFormsPro\\Bundle\\StandardFormComponentBundle\\Component\\TextField\\TextFieldComponent","settings":[{"name":"required","value":"true"}]},{"name":"q5aea94f90e898368181240b972fdfca95a980e4e","text":"Telephone number","guid":"Jadu\\XFormsPro\\Bundle\\StandardFormComponentBundle\\Component\\TextField\\TextFieldComponent","settings":[{"name":"validation","value":"7"},{"name":"answer_length","value":"13"},{"name":"required","value":"true"}]},{"name":"qbe86eac67450f8d53c10b8b8dd126e2349db9b63","text":"Email address","guid":"Jadu\\XFormsPro\\Bundle\\StandardFormComponentBundle\\Component\\TextField\\TextFieldComponent","settings":[{"name":"validation","value":"4"},{"name":"required","value":"true"}]}],"clauseType":null,"data":null},{"name":"main","title":"main","showTitle":null,"hideInitially":null,"triggerQuestionName":null,"triggerQuestionSecondaryField":null,"triggerQuestionSection":null,"triggerOperator":null,"triggerAnswerValue":null,"isRepeatableQuestion":null,"repeatableQuestionSettings":[],"structure":"[{\"type\":\"section\",\"name\":\"sfc3efcadb1f864f6f599da491f85f79dc4c149a4\"},{\"type\":\"section\",\"name\":\"s4acab3740cde511655fe1af72a9b0394f2e41717\"},{\"type\":\"section\",\"name\":\"sc34bd2f74677a21d58716164a51d7269eb8f8570\"},{\"type\":\"section\",\"name\":\"scdeb384e390a1ac18a085e78adbd22ee75b95730\"}]","questions":[],"clauseType":null,"data":null}]}}