{"id":965,"isFormSpecific":true,"version":{"metadata":{"id":2541,"title":"Terms and conditions COVID","instructions":"<p>You are required to read and agree to the following Terms &amp; Conditions before purchasing. This document may contain details of how to use the permit, restrictions that apply, and information on refunds (where applicable). It is important that you read and\/or print these conditions for future reference.<\/p>"},"sections":[{"name":"main","title":"main","showTitle":null,"hideInitially":null,"triggerQuestionName":null,"triggerQuestionSecondaryField":null,"triggerQuestionSection":null,"triggerOperator":null,"triggerAnswerValue":null,"isRepeatableQuestion":null,"repeatableQuestionSettings":[],"structure":"[{\"type\":\"question\",\"name\":\"qe24e74f67d56cfc7616e9af248ad35d888fb8e94\"}]","questions":[{"name":"qe24e74f67d56cfc7616e9af248ad35d888fb8e94","text":"If you agree to the Terms & Conditions, please tick the box below to continue with your purchase","guid":"Jadu\\XFormsPro\\Bundle\\StandardFormComponentBundle\\Component\\Checkboxes\\CheckboxesComponent","settings":[{"name":"required","value":"true"},{"name":"answers","value":"[{\"value\":\"agree_to_terms_and_conditions\",\"text\":\"Agree to Terms and Conditions\",\"data\":\"\",\"internal\":false}]"}]}],"clauseType":null,"data":null}]}}