{"id":483,"actionType":"Jadu\\XFormsPro\\Form\\Rules\\Actions\\CXM\\AttachFileActionType","title":"Attach files","mappings":[{"field":"caseReference","type":"static","value":"[xfp_deferred]","secondaryValue":null,"label":"Case Reference"},{"field":"runAsSignedInUser","type":"static","value":"","secondaryValue":null,"label":"Run as signed in user"},{"field":"attachPDF","type":"static","value":"","secondaryValue":null,"label":"Generated PDF (if present)"},{"field":"uploads","type":"question-identifier","value":"1198-se317b5937cc1c6aadd97cf71f5fa745c4d887e86-qe0a1365083156985e117652b053c5023d4ff7eaa","secondaryValue":null,"label":"Uploads"}]}