{"id":484,"actionType":"Jadu\\XFormsPro\\Form\\Rules\\Actions\\CXM\\CreateCaseActionType","title":"Create CXM case","mappings":[{"field":"runAsSignedInUser","type":"static","value":"","secondaryValue":null,"label":"Run as signed in user"},{"field":"full-name","type":"answer","value":"1196-main-q7a6b63cef797615413e70b6222aa78ea833b6d5a","secondaryValue":null,"label":"Full name"},{"field":"date-of-birth","type":"answer","value":"1196-main-q553dd051a73ef27abfe84b8676d827dc82653413","secondaryValue":null,"label":"Date of Birth"},{"field":"home-address","type":"logic","value":"412","secondaryValue":null,"label":"Home address"},{"field":"email","type":"answer","value":"1196-main-q33a7c293ec537c28e5fc3c765572d862cac5ff40","secondaryValue":null,"label":"Email"},{"field":"telephone","type":"answer","value":"1196-main-q0fccd107c3cfd08b77c921ee070a0d48ad0f58a0","secondaryValue":null,"label":"Telephone"},{"field":"i-want-to-help-with","type":"label","value":"1197-main-q79d601f8589fb24d8d1d22b03ec8ce4ff0920a0f","secondaryValue":null,"label":"I want to help with"},{"field":"willing-to-provide-it-support","type":"answer","value":"1197-main-qe5a6d7670797b20455da6d515f4cf2455ad5e2f0","secondaryValue":null,"label":"Willing to provide IT support"},{"field":"prepared-to-make-welfare-calls","type":"answer","value":"1197-main-q856ec51f210a1a4c1f516fac9efdb06ff4fdeb16","secondaryValue":null,"label":"Prepared to make welfare calls"},{"field":"skills","type":"answer","value":"1197-main-qbada747c737fa5f801364799130da5115ce4210d","secondaryValue":null,"label":"Skills"},{"field":"times-when-unavailable","type":"answer","value":"1198-main-q4ce29ce01c183332311b10d913eb562b1dddeea5","secondaryValue":null,"label":"Times when unavailable"},{"field":"how-far-are-you-prepared-to-travel","type":"answer","value":"1198-main-q2e39fcaa00f58ce04e09efcd12bde9db3b486b23","secondaryValue":null,"label":"How far are you prepared to travel"},{"field":"do-you-hold-a-current-dbs-certificate","type":"answer","value":"1198-main-qd530313fe30bca1c648a47150c9fd6ab5798e644","secondaryValue":null,"label":"Do you hold a current DBS certificate"},{"field":"any-immunity-related-conditions-or-illnesses","type":"answer","value":"1198-main-qd444acc86d2f3e9b3e98214153da901c429dace3","secondaryValue":null,"label":"Any immunity related conditions or illnesses"},{"field":"caseType","type":"static","value":"i-want-to-volunteer-to-help","secondaryValue":null,"label":"Case Type"}]}