[{"pageID":"Start","questionName":null,"sectionName":null,"questionPageID":null,"questionSecondaryField":null,"logicID":null,"ruleNumber":1,"conditionNumber":1,"conditionOptionID":null,"conditionOperator":null,"conditionLiteralValue":null,"conditionLiteralValueTwo":null,"goToPageID":"1129","clauseType":null,"data":null},{"pageID":"1129","questionName":null,"sectionName":null,"questionPageID":null,"questionSecondaryField":null,"logicID":null,"ruleNumber":1,"conditionNumber":1,"conditionOptionID":null,"conditionOperator":null,"conditionLiteralValue":null,"conditionLiteralValueTwo":null,"goToPageID":"1130","clauseType":null,"data":null},{"pageID":"1130","questionName":null,"sectionName":null,"questionPageID":null,"questionSecondaryField":null,"logicID":null,"ruleNumber":1,"conditionNumber":1,"conditionOptionID":null,"conditionOperator":null,"conditionLiteralValue":null,"conditionLiteralValueTwo":null,"goToPageID":"Confirmation","clauseType":null,"data":null}]