[{"contentIdentifier":"1210_template-to","contentType":"ActionTemplateMapping","field":"0","type":"answer","value":"1383-main-q9c3a8f9e48ad84c99cf5afa385f86cb705248773","secondaryValue":null},{"contentIdentifier":"1210_content","contentType":"ActionTemplateMapping","field":"0","type":"variable","value":"Jadu\\XFormsPro\\Bundle\\StandardFormComponentBundle\\VariableDefinition\\UserFormIdentifierDefinition","secondaryValue":null},{"contentIdentifier":"1210_content","contentType":"ActionTemplateMapping","field":"1","type":"answer","value":"1381-main-qba0ee0b20a62721800ed81779577088fc72e36b3","secondaryValue":null},{"contentIdentifier":"1210_content","contentType":"ActionTemplateMapping","field":"2","type":"answer","value":"1381-s21790323e58eac2b6fa390f87916b6dac43544f8-qa61659f0d68bc273b44d118ea22f1b61e6272fd9","secondaryValue":"event_start"},{"contentIdentifier":"1211_template-to","contentType":"ActionTemplateMapping","field":"0","type":"answer","value":"1383-main-q9c3a8f9e48ad84c99cf5afa385f86cb705248773","secondaryValue":null},{"contentIdentifier":"1211_content","contentType":"ActionTemplateMapping","field":"0","type":"variable","value":"Jadu\\XFormsPro\\Bundle\\StandardFormComponentBundle\\VariableDefinition\\UserFormIdentifierDefinition","secondaryValue":null},{"contentIdentifier":"1211_content","contentType":"ActionTemplateMapping","field":"1","type":"answer","value":"1381-main-qba0ee0b20a62721800ed81779577088fc72e36b3","secondaryValue":null},{"contentIdentifier":"1211_content","contentType":"ActionTemplateMapping","field":"2","type":"answer","value":"1381-seacd9e4587883c755e94442fcf73b3c65c3ea17f-qbf78baf351a6ed502a569931d4588f156cdff92f","secondaryValue":"event_start"},{"contentIdentifier":"1214_content","contentType":"ActionTemplateMapping","field":"0","type":"variable","value":"Jadu\\XFormsPro\\Bundle\\StandardFormComponentBundle\\VariableDefinition\\UserFormIdentifierDefinition","secondaryValue":null},{"contentIdentifier":"1214_content","contentType":"ActionTemplateMapping","field":"1","type":"answer","value":"1381-main-qba0ee0b20a62721800ed81779577088fc72e36b3","secondaryValue":null},{"contentIdentifier":"1214_content","contentType":"ActionTemplateMapping","field":"2","type":"answer","value":"1381-s21790323e58eac2b6fa390f87916b6dac43544f8-qa61659f0d68bc273b44d118ea22f1b61e6272fd9","secondaryValue":"event_start"},{"contentIdentifier":"1215_content","contentType":"ActionTemplateMapping","field":"0","type":"variable","value":"Jadu\\XFormsPro\\Bundle\\StandardFormComponentBundle\\VariableDefinition\\UserFormIdentifierDefinition","secondaryValue":null},{"contentIdentifier":"1215_content","contentType":"ActionTemplateMapping","field":"1","type":"answer","value":"1381-main-qba0ee0b20a62721800ed81779577088fc72e36b3","secondaryValue":null},{"contentIdentifier":"1215_content","contentType":"ActionTemplateMapping","field":"2","type":"answer","value":"1381-seacd9e4587883c755e94442fcf73b3c65c3ea17f-qbf78baf351a6ed502a569931d4588f156cdff92f","secondaryValue":"event_start"}]