[{"pageID":"Start","questionName":null,"sectionName":null,"questionPageID":null,"questionSecondaryField":null,"logicID":null,"ruleNumber":1,"conditionNumber":1,"conditionOptionID":null,"conditionOperator":null,"conditionLiteralValue":null,"conditionLiteralValueTwo":null,"goToPageID":"1246","clauseType":null,"data":null},{"pageID":"1246","questionName":null,"sectionName":null,"questionPageID":null,"questionSecondaryField":null,"logicID":null,"ruleNumber":1,"conditionNumber":1,"conditionOptionID":null,"conditionOperator":null,"conditionLiteralValue":null,"conditionLiteralValueTwo":null,"goToPageID":"1253","clauseType":null,"data":null},{"pageID":"1247","questionName":null,"sectionName":null,"questionPageID":null,"questionSecondaryField":null,"logicID":null,"ruleNumber":1,"conditionNumber":1,"conditionOptionID":null,"conditionOperator":null,"conditionLiteralValue":null,"conditionLiteralValueTwo":null,"goToPageID":"1249","clauseType":null,"data":null},{"pageID":"1248","questionName":null,"sectionName":null,"questionPageID":null,"questionSecondaryField":null,"logicID":null,"ruleNumber":1,"conditionNumber":1,"conditionOptionID":null,"conditionOperator":null,"conditionLiteralValue":null,"conditionLiteralValueTwo":null,"goToPageID":"1253","clauseType":null,"data":null},{"pageID":"1246","questionName":"q0f96aa50bc2068a6e4b43f2d1397905d5f35bff5","sectionName":"main","questionPageID":"1246","questionSecondaryField":null,"logicID":null,"ruleNumber":2,"conditionNumber":1,"conditionOptionID":null,"conditionOperator":"equal","conditionLiteralValue":"yes","conditionLiteralValueTwo":null,"goToPageID":"1248","clauseType":null,"data":null},{"pageID":"1246","questionName":"q0f96aa50bc2068a6e4b43f2d1397905d5f35bff5","sectionName":"main","questionPageID":"1246","questionSecondaryField":null,"logicID":null,"ruleNumber":3,"conditionNumber":1,"conditionOptionID":null,"conditionOperator":"equal","conditionLiteralValue":"no","conditionLiteralValueTwo":null,"goToPageID":"1247","clauseType":null,"data":null},{"pageID":"1249","questionName":null,"sectionName":null,"questionPageID":null,"questionSecondaryField":null,"logicID":null,"ruleNumber":1,"conditionNumber":1,"conditionOptionID":null,"conditionOperator":null,"conditionLiteralValue":null,"conditionLiteralValueTwo":null,"goToPageID":"1253","clauseType":null,"data":null},{"pageID":"1250","questionName":null,"sectionName":null,"questionPageID":null,"questionSecondaryField":null,"logicID":null,"ruleNumber":1,"conditionNumber":1,"conditionOptionID":null,"conditionOperator":null,"conditionLiteralValue":null,"conditionLiteralValueTwo":null,"goToPageID":"1252","clauseType":null,"data":null},{"pageID":"1251","questionName":null,"sectionName":null,"questionPageID":null,"questionSecondaryField":null,"logicID":null,"ruleNumber":1,"conditionNumber":1,"conditionOptionID":null,"conditionOperator":null,"conditionLiteralValue":null,"conditionLiteralValueTwo":null,"goToPageID":"1253","clauseType":null,"data":null},{"pageID":"1249","questionName":"q1abb5dfb6417f29a878248f118b8d98686102283","sectionName":"main","questionPageID":"1249","questionSecondaryField":null,"logicID":null,"ruleNumber":2,"conditionNumber":1,"conditionOptionID":null,"conditionOperator":"equal","conditionLiteralValue":"yes","conditionLiteralValueTwo":null,"goToPageID":"1251","clauseType":null,"data":null},{"pageID":"1249","questionName":"q1abb5dfb6417f29a878248f118b8d98686102283","sectionName":"main","questionPageID":"1249","questionSecondaryField":null,"logicID":null,"ruleNumber":3,"conditionNumber":1,"conditionOptionID":null,"conditionOperator":"equal","conditionLiteralValue":"no","conditionLiteralValueTwo":null,"goToPageID":"1250","clauseType":null,"data":null},{"pageID":"1252","questionName":null,"sectionName":null,"questionPageID":null,"questionSecondaryField":null,"logicID":null,"ruleNumber":1,"conditionNumber":1,"conditionOptionID":null,"conditionOperator":null,"conditionLiteralValue":null,"conditionLiteralValueTwo":null,"goToPageID":"1253","clauseType":null,"data":null},{"pageID":"1253","questionName":null,"sectionName":null,"questionPageID":null,"questionSecondaryField":null,"logicID":null,"ruleNumber":1,"conditionNumber":1,"conditionOptionID":null,"conditionOperator":null,"conditionLiteralValue":null,"conditionLiteralValueTwo":null,"goToPageID":"1254","clauseType":null,"data":null},{"pageID":"1254","questionName":null,"sectionName":null,"questionPageID":null,"questionSecondaryField":null,"logicID":null,"ruleNumber":1,"conditionNumber":1,"conditionOptionID":null,"conditionOperator":null,"conditionLiteralValue":null,"conditionLiteralValueTwo":null,"goToPageID":"Confirmation","clauseType":null,"data":null},{"pageID":"1255","questionName":null,"sectionName":null,"questionPageID":null,"questionSecondaryField":null,"logicID":null,"ruleNumber":1,"conditionNumber":1,"conditionOptionID":null,"conditionOperator":null,"conditionLiteralValue":null,"conditionLiteralValueTwo":null,"goToPageID":"1254","clauseType":null,"data":null},{"pageID":"1253","questionName":"q0508e84b85679518ded3a8cb9d9bbe771c431ecc","sectionName":"main","questionPageID":"1253","questionSecondaryField":null,"logicID":null,"ruleNumber":2,"conditionNumber":1,"conditionOptionID":null,"conditionOperator":"equal","conditionLiteralValue":"no","conditionLiteralValueTwo":null,"goToPageID":"1255","clauseType":null,"data":null},{"pageID":"1256","questionName":null,"sectionName":null,"questionPageID":null,"questionSecondaryField":null,"logicID":null,"ruleNumber":1,"conditionNumber":1,"conditionOptionID":null,"conditionOperator":null,"conditionLiteralValue":null,"conditionLiteralValueTwo":null,"goToPageID":"Confirmation","clauseType":null,"data":null},{"pageID":"1254","questionName":"qe7acd51982918ac015584fa77260fc8dc9feaee3","sectionName":"main","questionPageID":"1254","questionSecondaryField":"data_1_0","logicID":null,"ruleNumber":2,"conditionNumber":1,"conditionOptionID":null,"conditionOperator":"equal","conditionLiteralValue":"0","conditionLiteralValueTwo":null,"goToPageID":"1256","clauseType":null,"data":null},{"pageID":"1257","questionName":null,"sectionName":null,"questionPageID":null,"questionSecondaryField":null,"logicID":null,"ruleNumber":1,"conditionNumber":1,"conditionOptionID":null,"conditionOperator":null,"conditionLiteralValue":null,"conditionLiteralValueTwo":null,"goToPageID":"1253","clauseType":null,"data":null},{"pageID":"1251","questionName":"q9561741dc79f762333ffde56c1f0d330c93c187d","sectionName":"s0bd9f54b13912326521bfbfbe5fc55c28085c1d3","questionPageID":"1251","questionSecondaryField":"data_1_0","logicID":null,"ruleNumber":2,"conditionNumber":1,"conditionOptionID":null,"conditionOperator":"equal","conditionLiteralValue":"0","conditionLiteralValueTwo":null,"goToPageID":"1257","clauseType":null,"data":null},{"pageID":"1251","questionName":"q993607067b7a68f7254ddf183bc1b2891a5a0595","sectionName":"s7e9865cd321ff040ac6c7eacf8f464db43a4d8c6","questionPageID":"1251","questionSecondaryField":"data_1_0","logicID":null,"ruleNumber":2,"conditionNumber":2,"conditionOptionID":null,"conditionOperator":"equal","conditionLiteralValue":"0","conditionLiteralValueTwo":null,"goToPageID":"1257","clauseType":null,"data":null},{"pageID":"1258","questionName":null,"sectionName":null,"questionPageID":null,"questionSecondaryField":null,"logicID":null,"ruleNumber":1,"conditionNumber":1,"conditionOptionID":null,"conditionOperator":null,"conditionLiteralValue":null,"conditionLiteralValueTwo":null,"goToPageID":"1253","clauseType":null,"data":null},{"pageID":"1252","questionName":"qb837a4cace853766c5e27dc00130e31993feb803","sectionName":"sb2d238360824e216bb2da9e2538e7124290ddfe6","questionPageID":"1252","questionSecondaryField":"data_1_0","logicID":null,"ruleNumber":2,"conditionNumber":1,"conditionOptionID":null,"conditionOperator":"equal","conditionLiteralValue":"0","conditionLiteralValueTwo":null,"goToPageID":"1258","clauseType":null,"data":null},{"pageID":"1252","questionName":"q434879e884021a0dc94511c0dac2044f40f3c06a","sectionName":"s2dca8b3e47f0ab5cda729882effd9438f8f6a650","questionPageID":"1252","questionSecondaryField":"data_1_0","logicID":null,"ruleNumber":2,"conditionNumber":2,"conditionOptionID":null,"conditionOperator":"equal","conditionLiteralValue":"0","conditionLiteralValueTwo":null,"goToPageID":"1258","clauseType":null,"data":null}]