[{"id":1246,"templateID":845,"metadata":{"id":2263,"title":"Is it dangerous?","instructions":""}},{"id":1247,"templateID":846,"metadata":{"id":2264,"title":"Is it potentially harmful?","instructions":""}},{"id":1248,"templateID":807,"metadata":{"id":2265,"title":"If the smoke\/fire is likely to cause an immediate threat","instructions":"\n<div>\n<p>If the smoke\/fire is likely to cause an immediate threat people\u2019s lives, road users or land\/property always dial 999 and speak to the fire service.<\/p>\n<\/div>\n\n<p><span class=\"snippet\"><style>\n.button--primary {\nvisibility: hidden;\n}\n<\/style>\n<!-- rel:snippet --><\/span><\/p>\n"}},{"id":1249,"templateID":848,"metadata":{"id":2266,"title":"Smoke controlled zones","instructions":"\n<p>We will investigate reports of smoke from chimneys in smoke controlled areas. Please be aware however that outdoor barbecues, outdoor chimineas, outdoor fireplaces, outdoor pizza ovens and bonfires (<a href=\"https:\/\/www.gov.uk\/garden-bonfires-rules\">that follow the rules<\/a>) <strong>are permitted<\/strong> in smoke controlled zones, and we will only investigate reports of these if the smoke from them is causing a nuisance.<\/p>\n\n<p>People may also burn smokeless fuels or burn fuel on an authorised appliance within a smoke controlled zone. Where necessary kindling may be used as a starter. If kindling is used, please be aware that some smoke may be visible from chimneys for a short period of normally less than \u00bd an hour until\u00a0 the kindling burns through and the fire or stove gets up to operating temperature.<\/p>\n\n<p>\u00a0<\/p>\n"}},{"id":1250,"templateID":844,"metadata":{"id":2267,"title":"About the smoke","instructions":""}},{"id":1251,"templateID":842,"metadata":{"id":2268,"title":"About the frequency (smoke controlled zone chimney complaint)","instructions":""}},{"id":1252,"templateID":843,"metadata":{"id":2269,"title":"About the frequency","instructions":""}},{"id":1253,"templateID":847,"metadata":{"id":2270,"title":"Logging your complaint","instructions":"\n<p>In order to process your complaint, we need you to complete a log sheet to record the dates, times and details of the smoke. It\u2019s very important you fill out the log sheet accurately as it will show us the extent of the problem and support any action we may take. The log sheets ask you to record:<\/p>\n\n<ul>\n<li>How often the smoke occurs.<\/li>\n\t<li>How long the smoke lasts.<\/li>\n\t<li>The time of day or night the smoke occurs.<\/li>\n\t<li>How the smoke affects you.<\/li>\n\t<li>Where the smoke is coming from.<\/li>\n\t<li>Taking photographs of the smoke\/burning items (provided it is safe to do so) is also very helpful evidence and can help us to take action.<\/li>\n<\/ul>\n"}},{"id":1254,"templateID":819,"metadata":{"id":2271,"title":"Customer details","instructions":""}},{"id":1255,"templateID":807,"metadata":{"id":2272,"title":"If you are not willing to log\/record the smoke","instructions":"<p>If you are not willing to log\/record the smoke, we will not be able to take enforcement action as we will not be able to properly assess the impact of smoke on your life.<span class=\"snippet\"><style>\n.button--primary {\nvisibility: hidden;\n}\n<\/style>\n<!-- rel:snippet --><\/span><\/p>"}},{"id":1256,"templateID":807,"metadata":{"id":2273,"title":"We are sorry but we cannot process your report unless we know your address","instructions":"\n<p>We are sorry but we cannot process your report unless we know your address. This is because we need to know that the issue is affecting you at your home or business address in our District.<\/p>\n\n<p>Please click on the previous button and return to the previous page and select your address from the dropdown list.<\/p>\n\n<p>Thank you.<\/p>\n\n<p><span class=\"snippet\"><style>\n.button--primary {\nvisibility: hidden;\n}\n<\/style>\n<!-- rel:snippet --><\/span><\/p>\n"}},{"id":1257,"templateID":807,"metadata":{"id":2274,"title":"We are sorry but we cannot process your report unless we know address \/ street","instructions":"\n<p>We are sorry but we cannot process your report unless we know address \/ location where the issue is comming from. Pleas click on the previous button and return to the previous page and select address \/ street from the dropdown list.<\/p>\n\n<p>Thank you.<\/p>\n\n<p><span class=\"snippet\"><style>\n.button--primary {\nvisibility: hidden;\n}\n<\/style>\n<!-- rel:snippet --><\/span><\/p>\n"}},{"id":1258,"templateID":807,"metadata":{"id":2275,"title":"We are sorry but we cannot process your report unless we know location details","instructions":"\n<p>We are sorry but we cannot process your report unless we know address \/ location where the issue is comming from. Pleas click on the previous button and return to the previous page and select address \/ street from the dropdown list.<\/p>\n\n<p>Thank you.<\/p>\n\n<p><span class=\"snippet\"><style>\n.button--primary {\nvisibility: hidden;\n}\n<\/style>\n<!-- rel:snippet --><\/span><\/p>\n"}}]