{"id":469,"actionType":"f7df023a569a4e4bef43b91839fa1c8fcfd0f3ab","title":"Confirmation (with Email)","mappings":[{"field":"content","type":"static","value":"\n<p>Thank you for completing this antisocial behaviour nuisance report<\/p>\n\n<p><strong>Your reference number is\u00a0{{0}}<\/strong><\/p>\n\n<p>Your form will be processed as soon as possible by an officer.<\/p>\n\n<p>Will send you an email confirmation for the\u00a0receipt of your form.<\/p>\n","secondaryValue":null,"label":"Content"}]}