{"id":271,"isFormSpecific":true,"version":{"metadata":{"id":673,"title":"About the Offenders","instructions":"<p><strong>Confidential:&nbsp;This information will only be used by the Police.<\/strong><\/p>"},"sections":[{"name":"s18b6932feb0639bfd2d3a28c11d9d26f5ac533e2","title":"Additional Offender Details","showTitle":false,"hideInitially":true,"triggerQuestionName":"q1e8fd146e93ebc05bf8b3c41b42e32d79802e72e","triggerQuestionSecondaryField":null,"triggerQuestionSection":"s626cc32a9b0c3d9e10d022016ff27b6d5749f2f1","triggerOperator":"equal","triggerAnswerValue":"yes","isRepeatableQuestion":false,"repeatableQuestionSettings":[],"structure":"[{\"type\":\"question\",\"name\":\"q96672d424a067baa31af1c8269a8e3eebc503136\"}]","questions":[{"name":"q96672d424a067baa31af1c8269a8e3eebc503136","text":"Please provide any additional information such as name or address","guid":"39c1d58d95f4fbb636ae61c4dccd9992ce707c24","number":1,"settings":[{"name":"required","value":"true"},{"name":"rows","value":"4"},{"name":"cols","value":"40"}]}],"clauseType":null,"data":null},{"name":"s74ad29beedecf6e704b74f92f8447179488e385e","title":"Vehicle Details","showTitle":false,"hideInitially":true,"triggerQuestionName":"q5a2d3662ee4d226fb45054d9334dd80071cd6c29","triggerQuestionSecondaryField":null,"triggerQuestionSection":"main","triggerOperator":"equal","triggerAnswerValue":"yes","isRepeatableQuestion":false,"repeatableQuestionSettings":[],"structure":"[{\"type\":\"question\",\"name\":\"q347507380de4fba25ed9f4a977daf2fd824b57b9\"}]","questions":[{"name":"q347507380de4fba25ed9f4a977daf2fd824b57b9","text":"Please describe the vehicle","guid":"39c1d58d95f4fbb636ae61c4dccd9992ce707c24","number":1,"settings":[{"name":"required","value":"true"},{"name":"help","value":"Please provide as much detail as possible. For example, registration number, colour, make of vehicle, damage, etc."},{"name":"rows","value":"4"},{"name":"cols","value":"40"}]}],"clauseType":null,"data":null},{"name":"main","title":"main","showTitle":false,"hideInitially":false,"triggerQuestionName":null,"triggerQuestionSecondaryField":null,"triggerQuestionSection":null,"triggerOperator":null,"triggerAnswerValue":null,"isRepeatableQuestion":false,"repeatableQuestionSettings":[],"structure":"[{\"type\":\"question\",\"name\":\"qd22c919e95b6c2f315cedb90522415be46183f76\"},{\"type\":\"question\",\"name\":\"qb41b2badf93f4d003511e6f8b50073503f17e7bd\"},{\"type\":\"section\",\"name\":\"s626cc32a9b0c3d9e10d022016ff27b6d5749f2f1\",\"elements\":[{\"type\":\"question\",\"name\":\"q1e8fd146e93ebc05bf8b3c41b42e32d79802e72e\"},{\"type\":\"section\",\"name\":\"s18b6932feb0639bfd2d3a28c11d9d26f5ac533e2\",\"elements\":[{\"type\":\"question\",\"name\":\"q96672d424a067baa31af1c8269a8e3eebc503136\"}]}]},{\"type\":\"section\",\"name\":\"s69d44e5398ae1f1350326b67ee67890cbd963abb\",\"elements\":[{\"type\":\"question\",\"name\":\"q2463441cd6d0f455102bcb19d751a7cfde9a0dc0\"}]},{\"type\":\"question\",\"name\":\"q5a2d3662ee4d226fb45054d9334dd80071cd6c29\"},{\"type\":\"section\",\"name\":\"s74ad29beedecf6e704b74f92f8447179488e385e\"}]","questions":[{"name":"qd22c919e95b6c2f315cedb90522415be46183f76","text":"How many offenders were there?","guid":"7d7527893d7f786c9073e6a651a9c26181d9a661","number":1,"settings":[]},{"name":"q5a2d3662ee4d226fb45054d9334dd80071cd6c29","text":"Was a vehicle used?","guid":"18eeb80469e722d4f3513ee0c5b183da219c6975","number":1,"settings":[{"name":"required","value":"true"},{"name":"answers","value":"[{\"value\":\"yes\",\"text\":\"Yes\",\"data\":\"\",\"internal\":false},{\"value\":\"no\",\"text\":\"No\",\"data\":\"\",\"internal\":false}]"},{"name":"empty_option","value":"Please select"}]},{"name":"qb41b2badf93f4d003511e6f8b50073503f17e7bd","text":"Do you know them?","guid":"18eeb80469e722d4f3513ee0c5b183da219c6975","number":2,"settings":[{"name":"required","value":"true"},{"name":"answers","value":"[{\"value\":\"2\",\"text\":\"Know them well\",\"data\":\"\",\"internal\":false},{\"value\":\"1\",\"text\":\"Know of them\",\"data\":\"\",\"internal\":false},{\"value\":\"0\",\"text\":\"No\",\"data\":\"\",\"internal\":false}]"},{"name":"empty_option","value":"Please select"}]}],"clauseType":null,"data":null},{"name":"s69d44e5398ae1f1350326b67ee67890cbd963abb","title":"Unknown Offenders","showTitle":false,"hideInitially":true,"triggerQuestionName":"qb41b2badf93f4d003511e6f8b50073503f17e7bd","triggerQuestionSecondaryField":null,"triggerQuestionSection":"main","triggerOperator":"equal","triggerAnswerValue":"0","isRepeatableQuestion":false,"repeatableQuestionSettings":[],"structure":"[{\"type\":\"question\",\"name\":\"q2463441cd6d0f455102bcb19d751a7cfde9a0dc0\"}]","questions":[{"name":"q2463441cd6d0f455102bcb19d751a7cfde9a0dc0","text":"Please describe the offenders","guid":"39c1d58d95f4fbb636ae61c4dccd9992ce707c24","number":1,"settings":[{"name":"required","value":"true"},{"name":"help","value":"Please give as much detail as possible. For example height, sex, ethnicity, clothing, any tattoos, etc."},{"name":"rows","value":"4"},{"name":"cols","value":"40"}]}],"clauseType":null,"data":null},{"name":"s626cc32a9b0c3d9e10d022016ff27b6d5749f2f1","title":"Known Offenders","showTitle":false,"hideInitially":true,"triggerQuestionName":"qb41b2badf93f4d003511e6f8b50073503f17e7bd","triggerQuestionSecondaryField":null,"triggerQuestionSection":"main","triggerOperator":"greater equal","triggerAnswerValue":"1","isRepeatableQuestion":false,"repeatableQuestionSettings":[],"structure":"[{\"type\":\"question\",\"name\":\"q1e8fd146e93ebc05bf8b3c41b42e32d79802e72e\"},{\"type\":\"section\",\"name\":\"s18b6932feb0639bfd2d3a28c11d9d26f5ac533e2\"}]","questions":[{"name":"q1e8fd146e93ebc05bf8b3c41b42e32d79802e72e","text":"Can you provide additional information about them?","guid":"18eeb80469e722d4f3513ee0c5b183da219c6975","number":1,"settings":[{"name":"required","value":"true"},{"name":"answers","value":"[{\"value\":\"yes\",\"text\":\"Yes\",\"data\":\"\",\"internal\":false},{\"value\":\"no\",\"text\":\"No\",\"data\":\"\",\"internal\":false}]"},{"name":"empty_option","value":"Please select"}]}],"clauseType":null,"data":null}]}}