{"id":274,"isFormSpecific":true,"version":{"metadata":{"id":685,"title":"Contact and Information Sharing","instructions":"<p>Your report is important to us. This report&nbsp;may be&nbsp;sent to the local Police and will be recorded as a hate incident. An officer&nbsp;may contact you through your preferred channel of communication.&nbsp;<\/p>"},"sections":[{"name":"main","title":"main","showTitle":false,"hideInitially":false,"triggerQuestionName":null,"triggerQuestionSecondaryField":null,"triggerQuestionSection":null,"triggerOperator":null,"triggerAnswerValue":null,"isRepeatableQuestion":false,"repeatableQuestionSettings":[],"structure":"[{\"type\":\"question\",\"name\":\"q710ed62625569f68ab922e37a6a8c99c0c89beca\"},{\"type\":\"question\",\"name\":\"qa3e66a0658265ecc17021b2761aff3142c6790ef\"}]","questions":[{"name":"q710ed62625569f68ab922e37a6a8c99c0c89beca","text":"Do you agree to be contacted?","guid":"18eeb80469e722d4f3513ee0c5b183da219c6975","number":1,"settings":[{"name":"required","value":"true"},{"name":"answers","value":"[{\"value\":\"yes\",\"text\":\"Yes\",\"data\":\"\",\"internal\":false},{\"value\":\"no\",\"text\":\"No\",\"data\":\"\",\"internal\":false}]"},{"name":"empty_option","value":"Please select"}]},{"name":"qa3e66a0658265ecc17021b2761aff3142c6790ef","text":"Do you want to be referred to other local organisation(s) that might be able to support and help?","guid":"18eeb80469e722d4f3513ee0c5b183da219c6975","number":1,"settings":[{"name":"required","value":"true"},{"name":"answers","value":"[{\"value\":\"yes\",\"text\":\"Yes\",\"data\":\"\",\"internal\":false},{\"value\":\"no\",\"text\":\"No\",\"data\":\"\",\"internal\":false}]"},{"name":"empty_option","value":"Please select"}]}],"clauseType":null,"data":null}]}}