{"id":270,"isFormSpecific":true,"version":{"metadata":{"id":671,"title":"Hate Crime \/ Incident Details","instructions":""},"sections":[{"name":"s4ea4251312bfa7ad99791c6f65aa9481cb64a47b","title":"Injury Details","showTitle":false,"hideInitially":true,"triggerQuestionName":"q1e9bc223b612cec51e08c49d22ab6ce5fd20fe12","triggerQuestionSecondaryField":null,"triggerQuestionSection":"main","triggerOperator":"equal","triggerAnswerValue":"yes","isRepeatableQuestion":false,"repeatableQuestionSettings":[],"structure":"[{\"type\":\"question\",\"name\":\"q63e31a89eb81720464457eabe750a78927e4af89\"},{\"type\":\"question\",\"name\":\"qe2a5432f9d8c6817ab5e993228787638a65c0032\"},{\"type\":\"section\",\"name\":\"s72ebb6fa4193f7b2dd9b3f3c0a8421aa880b6ac7\"}]","questions":[{"name":"q63e31a89eb81720464457eabe750a78927e4af89","text":"Please describe your injuries","guid":"39c1d58d95f4fbb636ae61c4dccd9992ce707c24","number":1,"settings":[{"name":"required","value":"true"},{"name":"rows","value":"4"},{"name":"cols","value":"40"}]},{"name":"qe2a5432f9d8c6817ab5e993228787638a65c0032","text":"Did you receive medical attention?","guid":"18eeb80469e722d4f3513ee0c5b183da219c6975","number":2,"settings":[{"name":"required","value":"true"},{"name":"answers","value":"[{\"value\":\"yes\",\"text\":\"Yes\",\"data\":\"\",\"internal\":false},{\"value\":\"no\",\"text\":\"No\",\"data\":\"\",\"internal\":false}]"},{"name":"empty_option","value":"Please select"}]}],"clauseType":null,"data":null},{"name":"s72ebb6fa4193f7b2dd9b3f3c0a8421aa880b6ac7","title":"Medical Attention Details","showTitle":false,"hideInitially":true,"triggerQuestionName":"qe2a5432f9d8c6817ab5e993228787638a65c0032","triggerQuestionSecondaryField":null,"triggerQuestionSection":"s4ea4251312bfa7ad99791c6f65aa9481cb64a47b","triggerOperator":"equal","triggerAnswerValue":"yes","isRepeatableQuestion":false,"repeatableQuestionSettings":[],"structure":"[{\"type\":\"question\",\"name\":\"qd296a522b0c2a89588a2152508b32631a905f65b\"},{\"type\":\"question\",\"name\":\"qc11a35aec3e3fe30f124640a70df45ae5b0c9158\"},{\"type\":\"question\",\"name\":\"q754f8bafceac5f4cb9e1aa6ad3202590133d6675\"}]","questions":[{"name":"qd296a522b0c2a89588a2152508b32631a905f65b","text":"Where did you receive medical attention?","guid":"39c1d58d95f4fbb636ae61c4dccd9992ce707c24","number":1,"settings":[{"name":"required","value":"true"},{"name":"rows","value":"4"},{"name":"cols","value":"40"}]},{"name":"qc11a35aec3e3fe30f124640a70df45ae5b0c9158","text":"Date of medical attention","guid":"51128cb652b0e7d12d391781cffde80d4e26ca8b","number":2,"settings":[{"name":"required","value":"true"}]},{"name":"q754f8bafceac5f4cb9e1aa6ad3202590133d6675","text":"Time of medical attention","guid":"7d7527893d7f786c9073e6a651a9c26181d9a661","number":3,"settings":[{"name":"required","value":"true"}]}],"clauseType":null,"data":null},{"name":"s8cabbf1ffbb31385f730a0e10affd4ea4a747ba3","title":"Damaged Property Details","showTitle":false,"hideInitially":true,"triggerQuestionName":"qcc3ed14a4faefe586255c5c9d6a10c221cc3fd22","triggerQuestionSecondaryField":null,"triggerQuestionSection":"main","triggerOperator":"equal","triggerAnswerValue":"yes","isRepeatableQuestion":false,"repeatableQuestionSettings":[],"structure":"[{\"type\":\"question\",\"name\":\"q11a639e2db8986970357f9d8556635e1a731f3e2\"}]","questions":[{"name":"q11a639e2db8986970357f9d8556635e1a731f3e2","text":"Please give details of damaged property, including estimated value","guid":"39c1d58d95f4fbb636ae61c4dccd9992ce707c24","number":1,"settings":[{"name":"required","value":"true"},{"name":"rows","value":"4"},{"name":"cols","value":"40"}]}],"clauseType":null,"data":null},{"name":"sebcefffcccc6b60ab116059ef79c77177a6f8d76","title":"Agency \/ Group Details","showTitle":false,"hideInitially":true,"triggerQuestionName":"qe8163bbb567a4368054ab111d09a3c7bc4f1d9a3","triggerQuestionSecondaryField":null,"triggerQuestionSection":"main","triggerOperator":"equal","triggerAnswerValue":"0","isRepeatableQuestion":false,"repeatableQuestionSettings":[],"structure":"[{\"type\":\"question\",\"name\":\"q56926164d4f0d578e4cadb0f4ac89b087eac53eb\"}]","questions":[{"name":"q56926164d4f0d578e4cadb0f4ac89b087eac53eb","text":"Please identify the agency or group","guid":"39c1d58d95f4fbb636ae61c4dccd9992ce707c24","number":1,"settings":[{"name":"required","value":"true"},{"name":"rows","value":"4"},{"name":"cols","value":"40"}]}],"clauseType":null,"data":null},{"name":"main","title":"main","showTitle":false,"hideInitially":false,"triggerQuestionName":null,"triggerQuestionSecondaryField":null,"triggerQuestionSection":null,"triggerOperator":null,"triggerAnswerValue":null,"isRepeatableQuestion":false,"repeatableQuestionSettings":[],"structure":"[{\"type\":\"question\",\"name\":\"q5976ffc9737eb10da088a6aa0ad761b4e098ac44\"},{\"type\":\"question\",\"name\":\"qb4d6c596057264bbdfe0c8145bb859a5acc802d0\"},{\"type\":\"question\",\"name\":\"qa1178b563a661ceced218fb429204c6b0e1f542c\"},{\"type\":\"question\",\"name\":\"q40c945bf0bb58d61a190ca3c6bffb1aa718977dc\"},{\"type\":\"question\",\"name\":\"q871ddaf9ddffa5466bdec06c37447635247f8919\"},{\"type\":\"question\",\"name\":\"qa79daf8d908ca34a314a581328656180d5ba12dd\"},{\"type\":\"question\",\"name\":\"qd530de955b1657d8392741e0288e37a639d56f4c\"},{\"type\":\"question\",\"name\":\"q694a6b946510b41c483941eec7a46f9576c60ab7\"},{\"type\":\"question\",\"name\":\"q1e9bc223b612cec51e08c49d22ab6ce5fd20fe12\"},{\"type\":\"section\",\"name\":\"s4ea4251312bfa7ad99791c6f65aa9481cb64a47b\",\"elements\":[{\"type\":\"question\",\"name\":\"q63e31a89eb81720464457eabe750a78927e4af89\"},{\"type\":\"question\",\"name\":\"qe2a5432f9d8c6817ab5e993228787638a65c0032\"},{\"type\":\"section\",\"name\":\"s72ebb6fa4193f7b2dd9b3f3c0a8421aa880b6ac7\",\"elements\":[{\"type\":\"question\",\"name\":\"qd296a522b0c2a89588a2152508b32631a905f65b\"},{\"type\":\"question\",\"name\":\"qc11a35aec3e3fe30f124640a70df45ae5b0c9158\"},{\"type\":\"question\",\"name\":\"q754f8bafceac5f4cb9e1aa6ad3202590133d6675\"}]}]},{\"type\":\"question\",\"name\":\"qdd06be9918ff567cac0cd583279f9d04dfdb33e1\"},{\"type\":\"question\",\"name\":\"qcc3ed14a4faefe586255c5c9d6a10c221cc3fd22\"},{\"type\":\"section\",\"name\":\"s8cabbf1ffbb31385f730a0e10affd4ea4a747ba3\",\"elements\":[{\"type\":\"question\",\"name\":\"q11a639e2db8986970357f9d8556635e1a731f3e2\"}]},{\"type\":\"question\",\"name\":\"qe8163bbb567a4368054ab111d09a3c7bc4f1d9a3\"},{\"type\":\"section\",\"name\":\"sebcefffcccc6b60ab116059ef79c77177a6f8d76\",\"elements\":[{\"type\":\"question\",\"name\":\"q56926164d4f0d578e4cadb0f4ac89b087eac53eb\"}]},{\"type\":\"question\",\"name\":\"qffee4ff404b7c3a2f1370bcb634cc4ffaf0a31d3\"},{\"type\":\"question\",\"name\":\"q22a30461490ffb519a2898df790a31ab4f5062d0\"}]","questions":[{"name":"q5976ffc9737eb10da088a6aa0ad761b4e098ac44","text":"Name of person reporting the incident","guid":"7d7527893d7f786c9073e6a651a9c26181d9a661","number":1,"settings":[{"name":"required","value":"true"},{"name":"help","value":"For example,  the name of the victim or witness."}]},{"name":"q871ddaf9ddffa5466bdec06c37447635247f8919","text":"Describe the incident in your own words","guid":"39c1d58d95f4fbb636ae61c4dccd9992ce707c24","number":4,"settings":[{"name":"required","value":"true"},{"name":"help","value":"Please give as much detail as possible"},{"name":"rows","value":"4"},{"name":"cols","value":"40"}]},{"name":"qa79daf8d908ca34a314a581328656180d5ba12dd","text":"What date did the incident take place?","guid":"51128cb652b0e7d12d391781cffde80d4e26ca8b","number":5,"settings":[{"name":"required","value":"true"}]},{"name":"qd530de955b1657d8392741e0288e37a639d56f4c","text":"What time did the incident take place?","guid":"7d7527893d7f786c9073e6a651a9c26181d9a661","number":6,"settings":[{"name":"required","value":"true"}]},{"name":"q694a6b946510b41c483941eec7a46f9576c60ab7","text":"Where did the incident take place?","guid":"39c1d58d95f4fbb636ae61c4dccd9992ce707c24","number":7,"settings":[{"name":"required","value":"true"},{"name":"help","value":"For example, town, area, street name, venue, landmark, postcode, etc."},{"name":"rows","value":"4"},{"name":"cols","value":"40"}]},{"name":"q1e9bc223b612cec51e08c49d22ab6ce5fd20fe12","text":"Were you injured or hurt?","guid":"18eeb80469e722d4f3513ee0c5b183da219c6975","number":8,"settings":[{"name":"required","value":"true"},{"name":"answers","value":"[{\"value\":\"yes\",\"text\":\"Yes\",\"data\":\"\",\"internal\":false},{\"value\":\"no\",\"text\":\"No\",\"data\":\"\",\"internal\":false}]"},{"name":"empty_option","value":"Please select"}]},{"name":"qdd06be9918ff567cac0cd583279f9d04dfdb33e1","text":"Do you feel harassed or alarmed?","guid":"18eeb80469e722d4f3513ee0c5b183da219c6975","number":9,"settings":[{"name":"required","value":"true"},{"name":"answers","value":"[{\"value\":\"yes\",\"text\":\"Yes\",\"data\":\"\",\"internal\":false},{\"value\":\"no\",\"text\":\"No\",\"data\":\"\",\"internal\":false}]"},{"name":"empty_option","value":"Please select"}]},{"name":"qcc3ed14a4faefe586255c5c9d6a10c221cc3fd22","text":"Was property damaged or stolen?","guid":"18eeb80469e722d4f3513ee0c5b183da219c6975","number":10,"settings":[{"name":"required","value":"true"},{"name":"answers","value":"[{\"value\":\"yes\",\"text\":\"Yes\",\"data\":\"\",\"internal\":false},{\"value\":\"no\",\"text\":\"No\",\"data\":\"\",\"internal\":false}]"},{"name":"empty_option","value":"Please select"}]},{"name":"q40c945bf0bb58d61a190ca3c6bffb1aa718977dc","text":"What do you think the incident was motivated by?","guid":"18eeb80469e722d4f3513ee0c5b183da219c6975","number":3,"settings":[{"name":"required","value":"true"},{"name":"answers","value":"[{\"value\":\"Ageism\",\"text\":\"Ageism\",\"data\":\"\",\"internal\":false},{\"value\":\"Disability\",\"text\":\"Disability\",\"data\":\"\",\"internal\":false},{\"value\":\"Homophobia\",\"text\":\"Homophobia\",\"data\":\"\",\"internal\":false},{\"value\":\"Racism\",\"text\":\"Racism\",\"data\":\"\",\"internal\":false},{\"value\":\"Religion or belief\",\"text\":\"Religion or belief\",\"data\":\"\",\"internal\":false},{\"value\":\"Sexual discrimination\",\"text\":\"Sexual discrimination\",\"data\":\"\",\"internal\":false},{\"value\":\"Transphobia\",\"text\":\"Transphobia\",\"data\":\"\",\"internal\":false},{\"value\":\"Other\",\"text\":\"Other\",\"data\":\"\",\"internal\":false}]"},{"name":"empty_option","value":"Please select"}]},{"name":"qffee4ff404b7c3a2f1370bcb634cc4ffaf0a31d3","text":"How often are the incidents occurring?","guid":"18eeb80469e722d4f3513ee0c5b183da219c6975","number":1,"settings":[{"name":"required","value":"true"},{"name":"answers","value":"[{\"value\":\"5\",\"text\":\"Daily\",\"data\":\"\",\"internal\":false},{\"value\":\"3\",\"text\":\"Most days\",\"data\":\"\",\"internal\":false},{\"value\":\"2\",\"text\":\"Most weeks\",\"data\":\"\",\"internal\":false},{\"value\":\"1\",\"text\":\"Most months\",\"data\":\"\",\"internal\":false},{\"value\":\"0\",\"text\":\"Rarely\/Occasionally\",\"data\":\"\",\"internal\":false}]"},{"name":"empty_option","value":"Please select"}]},{"name":"qa1178b563a661ceced218fb429204c6b0e1f542c","text":"Who else is this incident affecting?","guid":"18eeb80469e722d4f3513ee0c5b183da219c6975","number":1,"settings":[{"name":"required","value":"true"},{"name":"answers","value":"[{\"value\":\"you*4\",\"text\":\"You\",\"data\":\"\",\"internal\":false},{\"value\":\"your_family_including_you*4\",\"text\":\"Your family (including you)\",\"data\":\"\",\"internal\":false},{\"value\":\"other_direct_family_members-not_including_you*3\",\"text\":\"Other direct family members - not including you\",\"data\":\"\",\"internal\":false},{\"value\":\"your_community*1\",\"text\":\"Your community\",\"data\":\"\",\"internal\":false},{\"value\":\"nobody*0\",\"text\":\"Nobody\",\"data\":\"\",\"internal\":false}]"},{"name":"empty_option","value":"Please select"}]},{"name":"qe8163bbb567a4368054ab111d09a3c7bc4f1d9a3","text":"Have you reported this incident to any other agency or group?","guid":"18eeb80469e722d4f3513ee0c5b183da219c6975","number":1,"settings":[{"name":"required","value":"true"},{"name":"answers","value":"[{\"value\":\"0\",\"text\":\"Yes\",\"data\":\"\",\"internal\":false},{\"value\":\"1\",\"text\":\"No\",\"data\":\"\",\"internal\":false}]"},{"name":"empty_option","value":"Please select"}]},{"name":"qb4d6c596057264bbdfe0c8145bb859a5acc802d0","text":"Who did it happen to?","guid":"18eeb80469e722d4f3513ee0c5b183da219c6975","number":2,"settings":[{"name":"required","value":"true"},{"name":"answers","value":"[{\"value\":\"it_was_me*2\",\"text\":\"It was me\",\"data\":\"\",\"internal\":false},{\"value\":\"i_saw_heard_it_happen_to_someone_else*1\",\"text\":\"I saw \/ heard it happen to someone else\",\"data\":\"\",\"internal\":false},{\"value\":\"i_heard_about_it*1\",\"text\":\"I heard about it\",\"data\":\"\",\"internal\":false}]"},{"name":"empty_option","value":"Please select"}]},{"name":"q22a30461490ffb519a2898df790a31ab4f5062d0","text":"How affected do you feel by what has happened?","guid":"18eeb80469e722d4f3513ee0c5b183da219c6975","number":1,"settings":[{"name":"required","value":"true"},{"name":"answers","value":"[{\"value\":\"0\",\"text\":\"Calm\",\"data\":\"\",\"internal\":false},{\"value\":\"2\",\"text\":\"Upset\",\"data\":\"\",\"internal\":false},{\"value\":\"4\",\"text\":\"Distressed\",\"data\":\"\",\"internal\":false}]"},{"name":"empty_option","value":"Please select"}]}],"clauseType":null,"data":null}]}}