{"id":273,"isFormSpecific":true,"version":{"metadata":{"id":805,"title":"Monitoring Information (Victim \/ Witness)","instructions":"<p>This information helps us to understand what is happening to people from different backgrounds locally.<\/p>"},"sections":[{"name":"main","title":"main","showTitle":false,"hideInitially":false,"triggerQuestionName":null,"triggerQuestionSecondaryField":null,"triggerQuestionSection":null,"triggerOperator":null,"triggerAnswerValue":null,"isRepeatableQuestion":false,"repeatableQuestionSettings":[],"structure":"[{\"type\":\"question\",\"name\":\"qf72a4fb67fd44342feea88eb22edcd56a7697e0a\"},{\"type\":\"section\",\"name\":\"s3f9519252f169d64ba27ba8866cfb3339addc586\"},{\"type\":\"section\",\"name\":\"s39bcc5eb2af629ee349dd773db8ed17447f06f3d\"}]","questions":[{"name":"qf72a4fb67fd44342feea88eb22edcd56a7697e0a","text":"Are you willing to provide details?","guid":"18eeb80469e722d4f3513ee0c5b183da219c6975","number":1,"settings":[{"name":"required","value":"true"},{"name":"answers","value":"[{\"value\":\"yes_for_the_victim\",\"text\":\"Yes, for the victim\",\"data\":\"\",\"internal\":false},{\"value\":\"yes_for_the_witness\",\"text\":\"Yes, for the witness\",\"data\":\"\",\"internal\":false},{\"value\":\"yes_for_victim_and_witness\",\"text\":\"Yes, for victim and witness\",\"data\":\"\",\"internal\":false},{\"value\":\"no\",\"text\":\"No\",\"data\":\"\",\"internal\":false}]"},{"name":"empty_option","value":"Please select"}]}],"clauseType":null,"data":null},{"name":"s39bcc5eb2af629ee349dd773db8ed17447f06f3d","title":"Witness","showTitle":true,"hideInitially":true,"triggerQuestionName":"qf72a4fb67fd44342feea88eb22edcd56a7697e0a","triggerQuestionSecondaryField":null,"triggerQuestionSection":"main","triggerOperator":"contains","triggerAnswerValue":"witness","isRepeatableQuestion":false,"repeatableQuestionSettings":[],"structure":"[{\"type\":\"question\",\"name\":\"q9fce59305774726776d609f9e86d4158dec0669a\"},{\"type\":\"question\",\"name\":\"q11a31175690d6823654957d36275af06cec49e5f\"},{\"type\":\"question\",\"name\":\"q6382b3d2ffdd0abcafac125ecf9ca267aae545c2\"},{\"type\":\"question\",\"name\":\"qf784ff3d32ed991b04dc43df4739f9a3192ab103\"},{\"type\":\"question\",\"name\":\"q54fa657162211d8383109ac40fb169dce3dd7700\"},{\"type\":\"question\",\"name\":\"q0c9ece6b0e6fcba27df1d103cc93789cee5c6875\"},{\"type\":\"question\",\"name\":\"q27c0122df092fcb0ff39032e490fb0c370f3914e\"},{\"type\":\"question\",\"name\":\"q0f490acdf89de2693da972c057d9f2324fa25a3b\"}]","questions":[{"name":"q9fce59305774726776d609f9e86d4158dec0669a","text":"Religion","guid":"18eeb80469e722d4f3513ee0c5b183da219c6975","number":1,"settings":[{"name":"required","value":"true"},{"name":"answers","value":"[{\"value\":\"buddhist\",\"text\":\"Buddhist\",\"data\":\"\",\"internal\":false},{\"value\":\"christian\",\"text\":\"Christian\",\"data\":\"\",\"internal\":false},{\"value\":\"hindhu\",\"text\":\"Hindhu\",\"data\":\"\",\"internal\":false},{\"value\":\"jewish\",\"text\":\"Jewish\",\"data\":\"\",\"internal\":false},{\"value\":\"muslim\",\"text\":\"Muslim\",\"data\":\"\",\"internal\":false},{\"value\":\"sikh\",\"text\":\"Sikh\",\"data\":\"\",\"internal\":false},{\"value\":\"other\",\"text\":\"Other\",\"data\":\"\",\"internal\":false},{\"value\":\"no_religion\",\"text\":\"No religion\",\"data\":\"\",\"internal\":false},{\"value\":\"prefer_not_to_say\",\"text\":\"Prefer not to say\",\"data\":\"\",\"internal\":false}]"},{"name":"empty_option","value":"Please select"}]},{"name":"q11a31175690d6823654957d36275af06cec49e5f","text":"Ethnicity","guid":"18eeb80469e722d4f3513ee0c5b183da219c6975","number":2,"settings":[{"name":"required","value":"true"},{"name":"answers","value":"[{\"value\":\"white_british\",\"text\":\"White British\",\"data\":\"\",\"internal\":false},{\"value\":\"white_irish\",\"text\":\"White Irish\",\"data\":\"\",\"internal\":false},{\"value\":\"other_white_group\",\"text\":\"Other White group\",\"data\":\"\",\"internal\":false},{\"value\":\"white_and_black_caribbean\",\"text\":\"White and Black Caribbean\",\"data\":\"\",\"internal\":false},{\"value\":\"white_and_black_african\",\"text\":\"White and Black African\",\"data\":\"\",\"internal\":false},{\"value\":\"white_and_asian\",\"text\":\"White and Asian\",\"data\":\"\",\"internal\":false},{\"value\":\"other_mixed_group\",\"text\":\"Other mixed group\",\"data\":\"\",\"internal\":false},{\"value\":\"chinese\",\"text\":\"Chinese\",\"data\":\"\",\"internal\":false},{\"value\":\"indian\",\"text\":\"Indian\",\"data\":\"\",\"internal\":false},{\"value\":\"pakistani\",\"text\":\"Pakistani\",\"data\":\"\",\"internal\":false},{\"value\":\"bangladeshi\",\"text\":\"Bangladeshi\",\"data\":\"\",\"internal\":false},{\"value\":\"black_caribbean\",\"text\":\"Black Caribbean\",\"data\":\"\",\"internal\":false},{\"value\":\"black_african\",\"text\":\"Black African\",\"data\":\"\",\"internal\":false},{\"value\":\"other_black_group\",\"text\":\"Other Black group\",\"data\":\"\",\"internal\":false},{\"value\":\"any_other_ethnic_group\",\"text\":\"Any other ethnic group\",\"data\":\"\",\"internal\":false},{\"value\":\"prefer_not_to_say\",\"text\":\"Prefer not to say\",\"data\":\"\",\"internal\":false}]"},{"name":"empty_option","value":"Please select"}]},{"name":"q6382b3d2ffdd0abcafac125ecf9ca267aae545c2","text":"Sexual orientation","guid":"18eeb80469e722d4f3513ee0c5b183da219c6975","number":1,"settings":[{"name":"required","value":"true"},{"name":"answers","value":"[{\"value\":\"bisexual\",\"text\":\"Bisexual\",\"data\":\"\",\"internal\":false},{\"value\":\"gay_lesbian\",\"text\":\"Gay \/ Lesbian\",\"data\":\"\",\"internal\":false},{\"value\":\"heterosexual\",\"text\":\"Heterosexual\",\"data\":\"\",\"internal\":false},{\"value\":\"prefer_not_to_say\",\"text\":\"Prefer not to say\",\"data\":\"\",\"internal\":false}]"},{"name":"empty_option","value":"Please select"}]},{"name":"qf784ff3d32ed991b04dc43df4739f9a3192ab103","text":"Does the witness consider themselves to have a disability?","guid":"18eeb80469e722d4f3513ee0c5b183da219c6975","number":1,"settings":[{"name":"required","value":"true"},{"name":"answers","value":"[{\"value\":\"yes\",\"text\":\"Yes\",\"data\":\"\",\"internal\":false},{\"value\":\"no\",\"text\":\"No\",\"data\":\"\",\"internal\":false},{\"value\":\"prefer_not_to_say\",\"text\":\"Prefer not to say\",\"data\":\"\",\"internal\":false}]"},{"name":"empty_option","value":"Please select"}]},{"name":"q54fa657162211d8383109ac40fb169dce3dd7700","text":"Does the witness have a hearing, speech, or visual impairment","guid":"18eeb80469e722d4f3513ee0c5b183da219c6975","number":1,"settings":[{"name":"required","value":"true"},{"name":"answers","value":"[{\"value\":\"yes\",\"text\":\"Yes\",\"data\":\"\",\"internal\":false},{\"value\":\"no\",\"text\":\"No\",\"data\":\"\",\"internal\":false},{\"value\":\"prefer_not_to_say\",\"text\":\"Prefer not to say\",\"data\":\"\",\"internal\":false}]"},{"name":"empty_option","value":"Please select"}]},{"name":"q0c9ece6b0e6fcba27df1d103cc93789cee5c6875","text":"Does the witness have coordination, dexterity, or mobility issues?","guid":"18eeb80469e722d4f3513ee0c5b183da219c6975","number":1,"settings":[{"name":"required","value":"true"},{"name":"answers","value":"[{\"value\":\"yes\",\"text\":\"Yes\",\"data\":\"\",\"internal\":false},{\"value\":\"no\",\"text\":\"No\",\"data\":\"\",\"internal\":false},{\"value\":\"prefer_not_to_say\",\"text\":\"Prefer not to say\",\"data\":\"\",\"internal\":false}]"},{"name":"empty_option","value":"Please select"}]},{"name":"q27c0122df092fcb0ff39032e490fb0c370f3914e","text":"Does the witness have a mental health condition?","guid":"18eeb80469e722d4f3513ee0c5b183da219c6975","number":1,"settings":[{"name":"required","value":"true"},{"name":"answers","value":"[{\"value\":\"yes\",\"text\":\"Yes\",\"data\":\"\",\"internal\":false},{\"value\":\"no\",\"text\":\"No\",\"data\":\"\",\"internal\":false},{\"value\":\"prefer_not_to_say\",\"text\":\"Prefer not to say\",\"data\":\"\",\"internal\":false}]"},{"name":"empty_option","value":"Please select"}]},{"name":"q0f490acdf89de2693da972c057d9f2324fa25a3b","text":"Does the witness have any other physical or medical conditions?","guid":"18eeb80469e722d4f3513ee0c5b183da219c6975","number":1,"settings":[{"name":"required","value":"true"},{"name":"answers","value":"[{\"value\":\"yes\",\"text\":\"Yes\",\"data\":\"\",\"internal\":false},{\"value\":\"no\",\"text\":\"No\",\"data\":\"\",\"internal\":false},{\"value\":\"prefer_not_to_say\",\"text\":\"Prefer not to say\",\"data\":\"\",\"internal\":false}]"},{"name":"empty_option","value":"Please select"}]}],"clauseType":null,"data":null},{"name":"s3f9519252f169d64ba27ba8866cfb3339addc586","title":"Victim","showTitle":true,"hideInitially":true,"triggerQuestionName":"qf72a4fb67fd44342feea88eb22edcd56a7697e0a","triggerQuestionSecondaryField":null,"triggerQuestionSection":"main","triggerOperator":"contains","triggerAnswerValue":"victim","isRepeatableQuestion":false,"repeatableQuestionSettings":[],"structure":"[{\"type\":\"question\",\"name\":\"q1072a679356bf5e462b4d9fa84707c1a128f0732\"},{\"type\":\"question\",\"name\":\"qaea546f2dddb75404d8092861b6f43a2f5b23346\"},{\"type\":\"question\",\"name\":\"q1ccb68b3ecc584814e10d30008fe17c86dbaac4f\"},{\"type\":\"question\",\"name\":\"qc1525adf28ed458a0d8517dc84950a4b72cef5c1\"},{\"type\":\"question\",\"name\":\"qce93571811e7133c96447f527c4b5ef34178e034\"},{\"type\":\"question\",\"name\":\"qb4855c77143290e1fbd5844743bc2fcfa2bb4188\"},{\"type\":\"question\",\"name\":\"qf3c5be71de8a89b05be4f1bc208ab3da43c28baa\"},{\"type\":\"question\",\"name\":\"qa771cdb2a5ec133d495c2f92d50fc3ec88758838\"},{\"type\":\"question\",\"name\":\"qf5d778a3680606e9370361c3e35d3454a3df279d\"}]","questions":[{"name":"q1072a679356bf5e462b4d9fa84707c1a128f0732","text":"Religion","guid":"18eeb80469e722d4f3513ee0c5b183da219c6975","number":1,"settings":[{"name":"required","value":"true"},{"name":"answers","value":"[{\"value\":\"buddhist\",\"text\":\"Buddhist\",\"data\":\"\",\"internal\":false},{\"value\":\"christian\",\"text\":\"Christian\",\"data\":\"\",\"internal\":false},{\"value\":\"hindhu\",\"text\":\"Hindhu\",\"data\":\"\",\"internal\":false},{\"value\":\"jewish\",\"text\":\"Jewish\",\"data\":\"\",\"internal\":false},{\"value\":\"muslim\",\"text\":\"Muslim\",\"data\":\"\",\"internal\":false},{\"value\":\"sikh\",\"text\":\"Sikh\",\"data\":\"\",\"internal\":false},{\"value\":\"other\",\"text\":\"Other\",\"data\":\"\",\"internal\":false},{\"value\":\"no_religion\",\"text\":\"No religion\",\"data\":\"\",\"internal\":false},{\"value\":\"prefer_not_to_say\",\"text\":\"Prefer not to say\",\"data\":\"\",\"internal\":false}]"},{"name":"empty_option","value":"Please select"}]},{"name":"qaea546f2dddb75404d8092861b6f43a2f5b23346","text":"Ethnicity","guid":"18eeb80469e722d4f3513ee0c5b183da219c6975","number":2,"settings":[{"name":"required","value":"true"},{"name":"answers","value":"[{\"value\":\"white_british\",\"text\":\"White British\",\"data\":\"\",\"internal\":false},{\"value\":\"white_irish\",\"text\":\"White Irish\",\"data\":\"\",\"internal\":false},{\"value\":\"other_white_group\",\"text\":\"Other white group\",\"data\":\"\",\"internal\":false},{\"value\":\"white_and_black_caribbean\",\"text\":\"White and Black Caribbean\",\"data\":\"\",\"internal\":false},{\"value\":\"white_and_black_african\",\"text\":\"White and Black African\",\"data\":\"\",\"internal\":false},{\"value\":\"white_and_asian\",\"text\":\"White and Asian\",\"data\":\"\",\"internal\":false},{\"value\":\"other_mixed_group\",\"text\":\"Other mixed group\",\"data\":\"\",\"internal\":false},{\"value\":\"chinese\",\"text\":\"Chinese\",\"data\":\"\",\"internal\":false},{\"value\":\"indian\",\"text\":\"Indian\",\"data\":\"\",\"internal\":false},{\"value\":\"pakistani\",\"text\":\"Pakistani\",\"data\":\"\",\"internal\":false},{\"value\":\"bangladeshi\",\"text\":\"Bangladeshi\",\"data\":\"\",\"internal\":false},{\"value\":\"black_caribbean\",\"text\":\"Black Caribbean\",\"data\":\"\",\"internal\":false},{\"value\":\"black_african\",\"text\":\"Black African\",\"data\":\"\",\"internal\":false},{\"value\":\"other_black_group\",\"text\":\"Other Black group\",\"data\":\"\",\"internal\":false},{\"value\":\"any_other_ethnic_group\",\"text\":\"Any other ethnic group\",\"data\":\"\",\"internal\":false},{\"value\":\"prefer_not_to_say\",\"text\":\"Prefer not to say\",\"data\":\"\",\"internal\":false}]"},{"name":"empty_option","value":"Please select"}]},{"name":"q1ccb68b3ecc584814e10d30008fe17c86dbaac4f","text":"Sexual orientation","guid":"18eeb80469e722d4f3513ee0c5b183da219c6975","number":1,"settings":[{"name":"required","value":"true"},{"name":"answers","value":"[{\"value\":\"bisexual\",\"text\":\"Bisexual\",\"data\":\"\",\"internal\":false},{\"value\":\"gay_lesbian\",\"text\":\"Gay \/ Lesbian\",\"data\":\"\",\"internal\":false},{\"value\":\"heterosexual\",\"text\":\"Heterosexual\",\"data\":\"\",\"internal\":false},{\"value\":\"prefer_not_to_say\",\"text\":\"Prefer not to say\",\"data\":\"\",\"internal\":false}]"},{"name":"empty_option","value":"Please select"}]},{"name":"qc1525adf28ed458a0d8517dc84950a4b72cef5c1","text":"Does the victim consider themselves to have a disability?","guid":"18eeb80469e722d4f3513ee0c5b183da219c6975","number":1,"settings":[{"name":"required","value":"true"},{"name":"answers","value":"[{\"value\":\"yes\",\"text\":\"Yes\",\"data\":\"\",\"internal\":false},{\"value\":\"no\",\"text\":\"No\",\"data\":\"\",\"internal\":false},{\"value\":\"prefer_not_to_say\",\"text\":\"Prefer not to say\",\"data\":\"\",\"internal\":false}]"},{"name":"empty_option","value":"Please select"}]},{"name":"qce93571811e7133c96447f527c4b5ef34178e034","text":"Does the victim have a hearing, speech, or visual impairment?","guid":"18eeb80469e722d4f3513ee0c5b183da219c6975","number":1,"settings":[{"name":"required","value":"true"},{"name":"answers","value":"[{\"value\":\"yes\",\"text\":\"Yes\",\"data\":\"\",\"internal\":false},{\"value\":\"no\",\"text\":\"No\",\"data\":\"\",\"internal\":false},{\"value\":\"prefer_not_to_say\",\"text\":\"Prefer not to say\",\"data\":\"\",\"internal\":false}]"},{"name":"empty_option","value":"Please select"}]},{"name":"qb4855c77143290e1fbd5844743bc2fcfa2bb4188","text":"Does the victim have coordination, dexterity, or mobility issues?","guid":"18eeb80469e722d4f3513ee0c5b183da219c6975","number":1,"settings":[{"name":"required","value":"true"},{"name":"answers","value":"[{\"value\":\"yes\",\"text\":\"Yes\",\"data\":\"\",\"internal\":false},{\"value\":\"no\",\"text\":\"No\",\"data\":\"\",\"internal\":false},{\"value\":\"prefer_to_to_say\",\"text\":\"Prefer to to say\",\"data\":\"\",\"internal\":false}]"},{"name":"empty_option","value":"Please select"}]},{"name":"qf3c5be71de8a89b05be4f1bc208ab3da43c28baa","text":"Does the victim have a mental health condition?","guid":"18eeb80469e722d4f3513ee0c5b183da219c6975","number":1,"settings":[{"name":"required","value":"true"},{"name":"answers","value":"[{\"value\":\"yes\",\"text\":\"Yes\",\"data\":\"\",\"internal\":false},{\"value\":\"no\",\"text\":\"No\",\"data\":\"\",\"internal\":false},{\"value\":\"prefer_not_to_say\",\"text\":\"Prefer not to say\",\"data\":\"\",\"internal\":false}]"},{"name":"empty_option","value":"Please select"}]},{"name":"qa771cdb2a5ec133d495c2f92d50fc3ec88758838","text":"Does the victim have any other physical or medical conditions?","guid":"18eeb80469e722d4f3513ee0c5b183da219c6975","number":1,"settings":[{"name":"required","value":"true"},{"name":"answers","value":"[{\"value\":\"yes\",\"text\":\"Yes\",\"data\":\"\",\"internal\":false},{\"value\":\"no\",\"text\":\"No\",\"data\":\"\",\"internal\":false},{\"value\":\"prefer_not_to_say\",\"text\":\"Prefer not to say\",\"data\":\"\",\"internal\":false}]"},{"name":"empty_option","value":"Please select"}]},{"name":"qf5d778a3680606e9370361c3e35d3454a3df279d","text":"Does the victim have a learning disability?","guid":"18eeb80469e722d4f3513ee0c5b183da219c6975","number":1,"settings":[{"name":"required","value":"true"},{"name":"answers","value":"[{\"value\":\"yes\",\"text\":\"Yes\",\"data\":\"\",\"internal\":false},{\"value\":\"no\",\"text\":\"No\",\"data\":\"\",\"internal\":false},{\"value\":\"prefer_not_to_say\",\"text\":\"Prefer not to say\",\"data\":\"\",\"internal\":false}]"},{"name":"empty_option","value":"Please select"}]}],"clauseType":null,"data":null}]}}