{"id":272,"isFormSpecific":true,"version":{"metadata":{"id":675,"title":"Victim's Personal Details","instructions":"<p>The police take hate crime very seriously and will record and investigate this offence even if you do not want to give your details.&nbsp; However, you must know that the investigation and ability to prosecute the offender(s) is severely limited if the police cannot contact you.&nbsp;<\/p>\n\n<ul>\n\t<li>They will always deal with the matter sensitively and you can speak to a specialist Diversity Liaison Officer if you wish.<\/li>\n\t<li>You may also specify how you are contacted and if contacting you would cause you any difficulities.<\/li>\n\t<li>We will not pass on your details without your consent and would ask you to consider giving your details confidentially.<\/li>\n\t<li>This information is confidential and for Police only.<\/li>\n\t<li>Private details are protected by the Data Protection Act.<\/li>\n<\/ul>"},"sections":[{"name":"main","title":"main","showTitle":false,"hideInitially":false,"triggerQuestionName":null,"triggerQuestionSecondaryField":null,"triggerQuestionSection":null,"triggerOperator":null,"triggerAnswerValue":null,"isRepeatableQuestion":false,"repeatableQuestionSettings":[],"structure":"[{\"type\":\"question\",\"name\":\"qc662fb14ae7f85a56c51240578500c671c54ff66\"},{\"type\":\"section\",\"name\":\"s67f326d3f4660fc328c32a671b36b479eae41026\"}]","questions":[{"name":"qc662fb14ae7f85a56c51240578500c671c54ff66","text":"Are you willing to give your details to the police?","guid":"18eeb80469e722d4f3513ee0c5b183da219c6975","number":1,"settings":[{"name":"required","value":"true"},{"name":"answers","value":"[{\"value\":\"yes\",\"text\":\"Yes\",\"data\":\"\",\"internal\":false},{\"value\":\"no\",\"text\":\"No\",\"data\":\"\",\"internal\":false}]"},{"name":"empty_option","value":"Please select"}]}],"clauseType":null,"data":null},{"name":"sca08481939f85508778d737e414852c40a6ad911","title":"Support Needs","showTitle":false,"hideInitially":true,"triggerQuestionName":"q3604c007db513d95071fddae78a47d2f11d9ad9b","triggerQuestionSecondaryField":null,"triggerQuestionSection":"s67f326d3f4660fc328c32a671b36b479eae41026","triggerOperator":"equal","triggerAnswerValue":"yes","isRepeatableQuestion":false,"repeatableQuestionSettings":[],"structure":"[{\"type\":\"question\",\"name\":\"qf7d0b346f1222948582748f322533f1ee7b96e49\"}]","questions":[{"name":"qf7d0b346f1222948582748f322533f1ee7b96e49","text":"Please give detail of access or language needs","guid":"39c1d58d95f4fbb636ae61c4dccd9992ce707c24","number":1,"settings":[{"name":"required","value":"true"},{"name":"help","value":"Including British Sign Language (BSL)"},{"name":"rows","value":"4"},{"name":"cols","value":"40"}]}],"clauseType":null,"data":null},{"name":"s67f326d3f4660fc328c32a671b36b479eae41026","title":"Victim's Personal Details","showTitle":false,"hideInitially":true,"triggerQuestionName":"qc662fb14ae7f85a56c51240578500c671c54ff66","triggerQuestionSecondaryField":null,"triggerQuestionSection":"main","triggerOperator":"equal","triggerAnswerValue":"yes","isRepeatableQuestion":false,"repeatableQuestionSettings":[],"structure":"[{\"type\":\"question\",\"name\":\"q40c2e80698d1bdefd89822e72aced5a8b8d3e04d\"},{\"type\":\"question\",\"name\":\"q488697206574fd523304cf8296f1927e4af8f671\"},{\"type\":\"question\",\"name\":\"q60c1adcc1a12da7e9afa9025266765d7e631e6aa\"},{\"type\":\"section\",\"name\":\"s6520d0d8e05c8967343dac7197f1314c7748e784\"},{\"type\":\"question\",\"name\":\"qe97506137e92669505fc6f6b5bba41be021a77c9\"},{\"type\":\"question\",\"name\":\"q3604c007db513d95071fddae78a47d2f11d9ad9b\"},{\"type\":\"section\",\"name\":\"sca08481939f85508778d737e414852c40a6ad911\",\"elements\":[{\"type\":\"question\",\"name\":\"qf7d0b346f1222948582748f322533f1ee7b96e49\"}]}]","questions":[{"name":"q40c2e80698d1bdefd89822e72aced5a8b8d3e04d","text":"Victim's Name","guid":"39c1d58d95f4fbb636ae61c4dccd9992ce707c24","number":1,"settings":[{"name":"required","value":"true"},{"name":"help","value":"If there is more than one victim please complete a separate form for each person."},{"name":"rows","value":"4"},{"name":"cols","value":"40"}]},{"name":"q60c1adcc1a12da7e9afa9025266765d7e631e6aa","text":"Address","guid":"dafc7be1f6e3057017f8b0a86d50373130ca5da0","number":3,"settings":[{"name":"type","value":"4fd66017238eb25f93b59e989fc375c9139a006c"}]},{"name":"q488697206574fd523304cf8296f1927e4af8f671","text":"Telephone","guid":"7d7527893d7f786c9073e6a651a9c26181d9a661","number":2,"settings":[{"name":"validation","value":"7"}]},{"name":"qe97506137e92669505fc6f6b5bba41be021a77c9","text":"Email","guid":"7d7527893d7f786c9073e6a651a9c26181d9a661","number":1,"settings":[{"name":"validation","value":"4"}]},{"name":"q3604c007db513d95071fddae78a47d2f11d9ad9b","text":"Does the victim or witness have access or language support needs?","guid":"18eeb80469e722d4f3513ee0c5b183da219c6975","number":1,"settings":[{"name":"required","value":"true"},{"name":"help","value":"For example, interpretation or information provided in an accessible format."},{"name":"answers","value":"[{\"value\":\"yes\",\"text\":\"Yes\",\"data\":\"\",\"internal\":false},{\"value\":\"no\",\"text\":\"No\",\"data\":\"\",\"internal\":false},{\"value\":\"dont_know\",\"text\":\"Don't know\",\"data\":\"\",\"internal\":false}]"},{"name":"empty_option","value":"Please select"}]}],"clauseType":null,"data":null},{"name":"s6520d0d8e05c8967343dac7197f1314c7748e784","title":"Manual Address","showTitle":false,"hideInitially":true,"triggerQuestionName":"q60c1adcc1a12da7e9afa9025266765d7e631e6aa","triggerQuestionSecondaryField":"data_1_0","triggerQuestionSection":"s67f326d3f4660fc328c32a671b36b479eae41026","triggerOperator":"equal","triggerAnswerValue":"111111","isRepeatableQuestion":false,"repeatableQuestionSettings":[],"structure":"[{\"type\":\"question\",\"name\":\"q3ecd354d192bf38eec614d9e67e43532e387c014\"}]","questions":[{"name":"q3ecd354d192bf38eec614d9e67e43532e387c014","text":"Please enter address (including poastcode)","guid":"39c1d58d95f4fbb636ae61c4dccd9992ce707c24","number":1,"settings":[{"name":"required","value":"true"},{"name":"rows","value":"4"},{"name":"cols","value":"40"}]}],"clauseType":null,"data":null}]}}