{"id":1152,"actionType":"Jadu\\XFormsPro\\Form\\Rules\\Actions\\Email\\EmailActionType","title":"Citizen email","mappings":[{"field":"template-to","type":"static","value":"{{0}}","secondaryValue":null,"label":"To"},{"field":"template-from","type":"static","value":"noreply@xxxx.gov.uk","secondaryValue":null,"label":"From"},{"field":"template-subject","type":"static","value":"{{0}} - {{1}}","secondaryValue":null,"label":"Subject"},{"field":"format","type":"static","value":"HTML","secondaryValue":null,"label":"Format"},{"field":"content","type":"static","value":"\n<p>This is an automatically generated email. Please do not reply to this email.<\/p>\n\n<p>Thank you for your support\u00a0<\/p>\n\n<p>Kind regards,<\/p>\n\n<p>XXXXXX<\/p>\n\n<p>\u00a0<\/p>\n\n<p>{{0}}<\/p>\n","secondaryValue":null,"label":"Content"},{"field":"contentPlain","type":"static","value":"","secondaryValue":null,"label":"Content"},{"field":"attachmentType","type":"static","value":"None","secondaryValue":null,"label":"Attachment"},{"field":"attachmentFormat","type":"static","value":"PDF","secondaryValue":null,"label":"Attachment format"},{"field":"attachmentContent","type":"static","value":"","secondaryValue":null,"label":"Attachment content"},{"field":"attachmentPlain","type":"static","value":"","secondaryValue":null,"label":"Attachment content"}]}