{"id":1153,"actionType":"Jadu\\XFormsPro\\Form\\Rules\\Actions\\Email\\EmailActionType","title":"Service area e-mail","mappings":[{"field":"template-to","type":"static","value":"PPEStock@xxxx.gov.uk","secondaryValue":null,"label":"To"},{"field":"template-from","type":"static","value":"{{0}}","secondaryValue":null,"label":"From"},{"field":"template-subject","type":"static","value":"{{0}} - {{1}}","secondaryValue":null,"label":"Subject"},{"field":"format","type":"static","value":"HTML","secondaryValue":null,"label":"Format"},{"field":"content","type":"static","value":"<p>{{0}}<\/p>","secondaryValue":null,"label":"Content"},{"field":"contentPlain","type":"static","value":"","secondaryValue":null,"label":"Content"},{"field":"attachmentType","type":"static","value":"None","secondaryValue":null,"label":"Attachment"},{"field":"attachmentFormat","type":"static","value":"PDF","secondaryValue":null,"label":"Attachment format"},{"field":"attachmentContent","type":"static","value":"","secondaryValue":null,"label":"Attachment content"},{"field":"attachmentPlain","type":"static","value":"","secondaryValue":null,"label":"Attachment content"}]}