{"id":769,"isFormSpecific":true,"version":{"metadata":{"id":2147,"title":"Corona volunteer - Your details (433) (472)","instructions":""},"sections":[{"name":"s343fbe2ee4f088ebb32b5a572d8d40d5ea213db5","title":"Address not found","showTitle":false,"hideInitially":true,"triggerQuestionName":"q0cd8e6d4b594cf04ac3333d12da1a65f4a7fd263","triggerQuestionSecondaryField":"data_1_0","triggerQuestionSection":"main","triggerOperator":"equal","triggerAnswerValue":"0","isRepeatableQuestion":false,"repeatableQuestionSettings":[],"structure":"[{\"type\":\"question\",\"name\":\"qdf8091e2e5ea261886c611f93bcf45c4b9ae6658\"}]","questions":[{"name":"qdf8091e2e5ea261886c611f93bcf45c4b9ae6658","text":"Enter your address","guid":"Jadu\\XFormsPro\\Bundle\\StandardFormComponentBundle\\Component\\TextArea\\TextAreaComponent","settings":[{"name":"required","value":"true"},{"name":"rows","value":"4"},{"name":"cols","value":"40"}]}],"clauseType":null,"data":null},{"name":"main","title":"main","showTitle":null,"hideInitially":null,"triggerQuestionName":null,"triggerQuestionSecondaryField":null,"triggerQuestionSection":null,"triggerOperator":null,"triggerAnswerValue":null,"isRepeatableQuestion":null,"repeatableQuestionSettings":[],"structure":"[{\"type\":\"question\",\"name\":\"q7a790a60fe5bc1fbd2b83ca6a0a412747196116d\"},{\"type\":\"question\",\"name\":\"q7a6b63cef797615413e70b6222aa78ea833b6d5a\"},{\"type\":\"question\",\"name\":\"q553dd051a73ef27abfe84b8676d827dc82653413\"},{\"type\":\"question\",\"name\":\"q0cd8e6d4b594cf04ac3333d12da1a65f4a7fd263\"},{\"type\":\"section\",\"name\":\"s343fbe2ee4f088ebb32b5a572d8d40d5ea213db5\"},{\"type\":\"question\",\"name\":\"q33a7c293ec537c28e5fc3c765572d862cac5ff40\"},{\"type\":\"question\",\"name\":\"q0fccd107c3cfd08b77c921ee070a0d48ad0f58a0\"}]","questions":{"0":{"name":"q7a790a60fe5bc1fbd2b83ca6a0a412747196116d","text":"Privacy notice","guid":"Jadu\\XFormsPro\\Bundle\\StandardFormComponentBundle\\Component\\TextBlock\\TextBlockComponent","settings":[{"name":"value","value":"<p>To find out how we use your data, <a href=\"https:\/\/www.lincolnshire.gov.uk\/privacy\" target=\"_blank\">read our privacy notice (opens in new window)<\/a>.<\/p>"}]},"1":{"name":"q7a6b63cef797615413e70b6222aa78ea833b6d5a","text":"Full name","guid":"Jadu\\XFormsPro\\Bundle\\StandardFormComponentBundle\\Component\\TextField\\TextFieldComponent","settings":[{"name":"required","value":"true"}]},"2":{"name":"q553dd051a73ef27abfe84b8676d827dc82653413","text":"Date of birth","guid":"Jadu\\XFormsPro\\Bundle\\StandardFormComponentBundle\\Component\\Date\\DateComponent","settings":[{"name":"required","value":"true"},{"name":"help","value":"You must be over 16 years of age"},{"name":"accept_only_past_dates","value":"true"},{"name":"accept_only_past_dates_relative_value","value":""}]},"3":{"name":"q0cd8e6d4b594cf04ac3333d12da1a65f4a7fd263","text":"Address","guid":"Jadu\\XFormsPro\\Bundle\\StandardFormComponentBundle\\Component\\IntegratedComponent\\IntegratedComponent","settings":[{"name":"required","value":"true"},{"name":"type","value":"5c49c7f90a0e3d59b0a8cf70326808ac4ed67804"}]},"5":{"name":"q33a7c293ec537c28e5fc3c765572d862cac5ff40","text":"Email","guid":"Jadu\\XFormsPro\\Bundle\\StandardFormComponentBundle\\Component\\TextField\\TextFieldComponent","settings":[{"name":"validation","value":"4"},{"name":"required","value":"true"},{"name":"confirmation_field","value":"Confirm email"}]},"6":{"name":"q0fccd107c3cfd08b77c921ee070a0d48ad0f58a0","text":"Telephone","guid":"Jadu\\XFormsPro\\Bundle\\StandardFormComponentBundle\\Component\\TextField\\TextFieldComponent","settings":[{"name":"validation","value":"7"},{"name":"required","value":"true"}]}},"clauseType":null,"data":null}]}}