{"id":768,"isFormSpecific":false,"version":{"metadata":{"id":2146,"title":"Corona volunteer - When and where can you help","instructions":""},"sections":[{"name":"se317b5937cc1c6aadd97cf71f5fa745c4d887e86","title":"DBS yes","showTitle":false,"hideInitially":true,"triggerQuestionName":"qd530313fe30bca1c648a47150c9fd6ab5798e644","triggerQuestionSecondaryField":null,"triggerQuestionSection":"main","triggerOperator":"equal","triggerAnswerValue":"yes","isRepeatableQuestion":false,"repeatableQuestionSettings":[],"structure":"[{\"type\":\"question\",\"name\":\"qe0a1365083156985e117652b053c5023d4ff7eaa\"}]","questions":[{"name":"qe0a1365083156985e117652b053c5023d4ff7eaa","text":"Upload your current and valid DBS (Disclosure and Barring Service) certificate","guid":"Jadu\\XFormsPro\\Bundle\\StandardFormComponentBundle\\Component\\FileUpload\\FileUploadComponent","settings":[{"name":"required","value":"true"}]}],"clauseType":null,"data":null},{"name":"s51ab0122c7e95d7a6d626037c546cc61dc99152a","title":"Health issues","showTitle":false,"hideInitially":true,"triggerQuestionName":"qd444acc86d2f3e9b3e98214153da901c429dace3","triggerQuestionSecondaryField":null,"triggerQuestionSection":"main","triggerOperator":"equal","triggerAnswerValue":"yes","isRepeatableQuestion":false,"repeatableQuestionSettings":[],"structure":"[{\"type\":\"question\",\"name\":\"qdfd325337c06193fead9260730fe62d9a31ea334\"}]","questions":[{"name":"qdfd325337c06193fead9260730fe62d9a31ea334","text":"Please provide as much information as possible. A member of our team may contact you for more details","guid":"Jadu\\XFormsPro\\Bundle\\StandardFormComponentBundle\\Component\\TextArea\\TextAreaComponent","settings":[{"name":"required","value":"true"},{"name":"rows","value":"4"},{"name":"cols","value":"40"}]}],"clauseType":null,"data":null},{"name":"main","title":"main","showTitle":null,"hideInitially":null,"triggerQuestionName":null,"triggerQuestionSecondaryField":null,"triggerQuestionSection":null,"triggerOperator":null,"triggerAnswerValue":null,"isRepeatableQuestion":null,"repeatableQuestionSettings":[],"structure":"[{\"type\":\"question\",\"name\":\"q4ce29ce01c183332311b10d913eb562b1dddeea5\"},{\"type\":\"question\",\"name\":\"q2e39fcaa00f58ce04e09efcd12bde9db3b486b23\"},{\"type\":\"question\",\"name\":\"qd530313fe30bca1c648a47150c9fd6ab5798e644\"},{\"type\":\"section\",\"name\":\"se317b5937cc1c6aadd97cf71f5fa745c4d887e86\"},{\"type\":\"question\",\"name\":\"qd444acc86d2f3e9b3e98214153da901c429dace3\"},{\"type\":\"section\",\"name\":\"s51ab0122c7e95d7a6d626037c546cc61dc99152a\"}]","questions":{"0":{"name":"q4ce29ce01c183332311b10d913eb562b1dddeea5","text":"Are there any days or times when you are generally unavailable?","guid":"Jadu\\XFormsPro\\Bundle\\StandardFormComponentBundle\\Component\\TextArea\\TextAreaComponent","settings":[{"name":"required","value":"true"},{"name":"rows","value":"4"},{"name":"cols","value":"40"}]},"1":{"name":"q2e39fcaa00f58ce04e09efcd12bde9db3b486b23","text":"How far are you prepared to travel to support someone?","guid":"Jadu\\XFormsPro\\Bundle\\StandardFormComponentBundle\\Component\\TextField\\TextFieldComponent","settings":[{"name":"help","value":"Please reply with a radius. For example, 'within a ten mile radius of X'"}]},"2":{"name":"qd530313fe30bca1c648a47150c9fd6ab5798e644","text":"Do you hold a current and valid DBS (Disclosure and Barring Service) check?","guid":"Jadu\\XFormsPro\\Bundle\\StandardFormComponentBundle\\Component\\RadioButtons\\RadioButtonsComponent","settings":[{"name":"required","value":"true"},{"name":"answers","value":"[{\"value\":\"yes\",\"text\":\"Yes\",\"data\":\"\",\"internal\":false},{\"value\":\"no\",\"text\":\"No\",\"data\":\"\",\"internal\":false}]"}]},"4":{"name":"qd444acc86d2f3e9b3e98214153da901c429dace3","text":"Do you have any immunity-related conditions or other illnesses that may make it unsafe for you to carry out volunteering during the coronavirus\/covid-19 outbreak? We have to ask this question. Above all else, your own wellbeing is paramount.","guid":"Jadu\\XFormsPro\\Bundle\\StandardFormComponentBundle\\Component\\RadioButtons\\RadioButtonsComponent","settings":[{"name":"required","value":"true"},{"name":"answers","value":"[{\"value\":\"yes\",\"text\":\"Yes\",\"data\":\"\",\"internal\":false},{\"value\":\"no\",\"text\":\"No\",\"data\":\"\",\"internal\":false}]"}]}},"clauseType":null,"data":null}]}}