{"id":765,"isFormSpecific":false,"version":{"metadata":{"id":2143,"title":"Corona volunteer - Declaration","instructions":""},"sections":[{"name":"main","title":"main","showTitle":null,"hideInitially":null,"triggerQuestionName":null,"triggerQuestionSecondaryField":null,"triggerQuestionSection":null,"triggerOperator":null,"triggerAnswerValue":null,"isRepeatableQuestion":null,"repeatableQuestionSettings":[],"structure":"[{\"type\":\"question\",\"name\":\"q45dbc3311c432dd99b10e683abae142759456ea3\"},{\"type\":\"question\",\"name\":\"qbe0c7da0f7ede02ec26bc29a7f71c4877953b37d\"}]","questions":[{"name":"q45dbc3311c432dd99b10e683abae142759456ea3","text":"Declaration","guid":"Jadu\\XFormsPro\\Bundle\\StandardFormComponentBundle\\Component\\TextBlock\\TextBlockComponent","settings":[{"name":"value","value":"<p>Covid-19 Coronavirus is contagious. It is&nbsp;important to follow Government guidance whilst volunteering to protect those at risk and look after your own health.<\/p>\n\n<p>Wherever possible and practical to do so, you must:&nbsp;<\/p>\n\n<ul>\n\t<li>avoid physical contact<\/li>\n\t<li>maintain a distance of at least two metres between yourself and others<\/li>\n\t<li>wash your hands regularly in line with the latest Government advice<\/li>\n\t<li>if delivering items, please leave them on the doorstep and let the recipient know that they are ready to be picked up<\/li>\n<\/ul>"}]},{"name":"qbe0c7da0f7ede02ec26bc29a7f71c4877953b37d","text":"Confirm you have read and understood the above","guid":"Jadu\\XFormsPro\\Bundle\\StandardFormComponentBundle\\Component\\RadioButtons\\RadioButtonsComponent","settings":[{"name":"required","value":"true"},{"name":"answers","value":"[{\"value\":\"i_confirm\",\"text\":\"I confirm\",\"data\":\"\",\"internal\":false}]"}]}],"clauseType":null,"data":null}]}}