{"id":767,"isFormSpecific":false,"version":{"metadata":{"id":2145,"title":"Corona volunteer - Introduction","instructions":""},"sections":[{"name":"main","title":"main","showTitle":null,"hideInitially":null,"triggerQuestionName":null,"triggerQuestionSecondaryField":null,"triggerQuestionSection":null,"triggerOperator":null,"triggerAnswerValue":null,"isRepeatableQuestion":null,"repeatableQuestionSettings":[],"structure":"[{\"type\":\"question\",\"name\":\"qc5d65c7c0e4e45e1f419b66452b390a89e9248d5\"}]","questions":[{"name":"qc5d65c7c0e4e45e1f419b66452b390a89e9248d5","text":"Intro","guid":"Jadu\\XFormsPro\\Bundle\\StandardFormComponentBundle\\Component\\TextBlock\\TextBlockComponent","settings":[{"name":"value","value":"<p>Your local councils, community groups and volunteers are working together to ensure everyone in the community has a local point of contact and support if they are self-isolating and in need. We are creating a network of volunteer neighbours who can lend a hand.&nbsp;<\/p>\n\n<p>We know many people&nbsp;want to play their part to ensure everyone gets the help they need. You do not need any specialist skills to volunteer. To volunteer a small amount of your time, please complete the following questions to let us know a bit about you and how you can help.&nbsp;<\/p>\n\n<p>We will get back to you in X days with information on next steps.<\/p>"}]}],"clauseType":null,"data":null}]}}