{"id":766,"isFormSpecific":false,"version":{"metadata":{"id":2144,"title":"Corona volunteer - How can you help","instructions":""},"sections":[{"name":"main","title":"main","showTitle":null,"hideInitially":null,"triggerQuestionName":null,"triggerQuestionSecondaryField":null,"triggerQuestionSection":null,"triggerOperator":null,"triggerAnswerValue":null,"isRepeatableQuestion":null,"repeatableQuestionSettings":[],"structure":"[{\"type\":\"question\",\"name\":\"q72f5e8bd7a3539a28e7b8538e1cea854c8710597\"},{\"type\":\"question\",\"name\":\"q79d601f8589fb24d8d1d22b03ec8ce4ff0920a0f\"},{\"type\":\"question\",\"name\":\"q0d9eed25f68555aaa691dd8f383868e507269b92\"},{\"type\":\"question\",\"name\":\"qe5a6d7670797b20455da6d515f4cf2455ad5e2f0\"},{\"type\":\"question\",\"name\":\"qd09067142b9e0f933d95438582f89a162e43d81f\"},{\"type\":\"question\",\"name\":\"q856ec51f210a1a4c1f516fac9efdb06ff4fdeb16\"},{\"type\":\"question\",\"name\":\"qbada747c737fa5f801364799130da5115ce4210d\"}]","questions":[{"name":"q72f5e8bd7a3539a28e7b8538e1cea854c8710597","text":"Help","guid":"Jadu\\XFormsPro\\Bundle\\StandardFormComponentBundle\\Component\\TextBlock\\TextBlockComponent","settings":[{"name":"value","value":"<p>If someone in your local community is self-isolating or caring for someone who is self-isolating, what can you help them with?<\/p>"}]},{"name":"q79d601f8589fb24d8d1d22b03ec8ce4ff0920a0f","text":"I want to help with:","guid":"Jadu\\XFormsPro\\Bundle\\StandardFormComponentBundle\\Component\\Checkboxes\\CheckboxesComponent","settings":[{"name":"required","value":"true"},{"name":"help","value":"Please select all that apply"},{"name":"answers","value":"[{\"value\":\"collecting_and_delivering_urgent_supplies\",\"text\":\"Collecting and delivering urgent supplies\",\"data\":\"\",\"internal\":false},{\"value\":\"collecting_and_delivering_peoples_shopping\",\"text\":\"Collecting and delivering people\u2019s shopping\",\"data\":\"\",\"internal\":false},{\"value\":\"collecting_and_delivering_vital_prescriptions\",\"text\":\"Collecting and delivering vital prescriptions\",\"data\":\"\",\"internal\":false},{\"value\":\"keeping_in_touch_through_regular_phone_calls\",\"text\":\"Keeping in touch through regular phone calls\",\"data\":\"\",\"internal\":false},{\"value\":\"keeping_in_touch_over_email_or_social_media\",\"text\":\"Keeping in touch over email or social media\",\"data\":\"\",\"internal\":false},{\"value\":\"collecting_and_delivering_post_and_packages\",\"text\":\"Collecting and delivering post and packages\",\"data\":\"\",\"internal\":false},{\"value\":\"dog_walking\",\"text\":\"Dog walking\",\"data\":\"\",\"internal\":false}]"}]},{"name":"q0d9eed25f68555aaa691dd8f383868e507269b92","text":"Internet help","guid":"Jadu\\XFormsPro\\Bundle\\StandardFormComponentBundle\\Component\\TextBlock\\TextBlockComponent","settings":[{"name":"value","value":"<p>Some people might need help using the internet or electronic devices, like smartphones and tablets.&nbsp; This can help them to stay in contact with their loved ones or&nbsp;maintain their independence by doing their shopping online.<\/p>"}]},{"name":"qe5a6d7670797b20455da6d515f4cf2455ad5e2f0","text":"Would you be willing to provide IT support and advice to those who need it?","guid":"Jadu\\XFormsPro\\Bundle\\StandardFormComponentBundle\\Component\\RadioButtons\\RadioButtonsComponent","settings":[{"name":"required","value":"true"},{"name":"answers","value":"[{\"value\":\"yes\",\"text\":\"Yes\",\"data\":\"\",\"internal\":false},{\"value\":\"no\",\"text\":\"No\",\"data\":\"\",\"internal\":false}]"}]},{"name":"qd09067142b9e0f933d95438582f89a162e43d81f","text":"Help surgeries","guid":"Jadu\\XFormsPro\\Bundle\\StandardFormComponentBundle\\Component\\TextBlock\\TextBlockComponent","settings":[{"name":"value","value":"<p>Local GP surgeries need volunteers to help make vital &lsquo;welfare calls&rsquo; on their behalf. This involves calling people who are known to be vulnerable to check if&nbsp;they are okay.<\/p>\n\n<p>You will be given quick training on the day to do this. If you are concerned about someone&rsquo;s welfare, you must&nbsp;let your contact at&nbsp;the council know about them.<\/p>"}]},{"name":"q856ec51f210a1a4c1f516fac9efdb06ff4fdeb16","text":"Are you prepared to make welfare calls on behalf of primary care services?","guid":"Jadu\\XFormsPro\\Bundle\\StandardFormComponentBundle\\Component\\RadioButtons\\RadioButtonsComponent","settings":[{"name":"required","value":"true"},{"name":"answers","value":"[{\"value\":\"yes\",\"text\":\"Yes\",\"data\":\"\",\"internal\":false},{\"value\":\"no\",\"text\":\"No\",\"data\":\"\",\"internal\":false}]"}]},{"name":"qbada747c737fa5f801364799130da5115ce4210d","text":"Do you have any specific skills that would be helpful for us to know about?","guid":"Jadu\\XFormsPro\\Bundle\\StandardFormComponentBundle\\Component\\TextArea\\TextAreaComponent","settings":[{"name":"help","value":"This could be anything from youth work to dog walking to gardening."},{"name":"rows","value":"4"},{"name":"cols","value":"40"}]}],"clauseType":null,"data":null}]}}