{"import_id":null,"import_version":1,"imported_resource":{"alertEmailTemplate_keys":{"alert-email-template::case-type::waiver-permits::confirmation-email":{"identifier":"confirmation-email","label":"Confirmation email","resource_type":"alert-email-template","scope_key":{"identifier":"waiver-permits","label":"Waiver permits","resource_type":"case-type","scope_key":null}},"alert-email-template::case-type::waiver-permits::notification-of-application":{"identifier":"notification-of-application","label":"Notification of application","resource_type":"alert-email-template","scope_key":{"identifier":"waiver-permits","label":"Waiver permits","resource_type":"case-type","scope_key":null}},"alert-email-template::case-type::waiver-permits::rejection-email":{"identifier":"rejection-email","label":"Rejection email","resource_type":"alert-email-template","scope_key":{"identifier":"waiver-permits","label":"Waiver permits","resource_type":"case-type","scope_key":null}}},"auto_assign_users":false,"case_limits":{"primary-address":null},"case_type_group_key":null,"default":false,"form_keys":{"case-form::case-type::waiver-permits::new-waiver-permits":{"identifier":"new-waiver-permits","label":"New Waiver permits","resource_type":"case-form","scope_key":{"identifier":"waiver-permits","label":"Waiver permits","resource_type":"case-type","scope_key":null}},"case-form::case-type::waiver-permits::edit-waiver-permits":{"identifier":"edit-waiver-permits","label":"Edit Waiver permits","resource_type":"case-form","scope_key":{"identifier":"waiver-permits","label":"Waiver permits","resource_type":"case-type","scope_key":null}},"case-form::case-type::waiver-permits::amend":{"identifier":"amend","label":"Amend","resource_type":"case-form","scope_key":{"identifier":"waiver-permits","label":"Waiver permits","resource_type":"case-type","scope_key":null}},"case-form::case-type::waiver-permits::issue":{"identifier":"issue","label":"Issue","resource_type":"case-form","scope_key":{"identifier":"waiver-permits","label":"Waiver permits","resource_type":"case-type","scope_key":null}},"case-form::case-type::waiver-permits::rejected":{"identifier":"rejected","label":"Rejected","resource_type":"case-form","scope_key":{"identifier":"waiver-permits","label":"Waiver permits","resource_type":"case-type","scope_key":null}}},"key":{"identifier":"waiver-permits","label":"Waiver permits","resource_type":"case-type","scope_key":null},"personal_data_redaction":true,"reference_format":"WAI%'06d","rule_keys":{"rule::case-type::waiver-permits::23825":{"identifier":"23825","label":"Send submission confirmation","resource_type":"rule","scope_key":{"identifier":"waiver-permits","label":"Waiver permits","resource_type":"case-type","scope_key":null}},"rule::case-type::waiver-permits::23826":{"identifier":"23826","label":"Send rejection email","resource_type":"rule","scope_key":{"identifier":"waiver-permits","label":"Waiver permits","resource_type":"case-type","scope_key":null}}},"status_keys":{"case-status::case-type::waiver-permits::submitted":{"identifier":"submitted","label":"Submitted","resource_type":"case-status","scope_key":{"identifier":"waiver-permits","label":"Waiver permits","resource_type":"case-type","scope_key":null}},"case-status::case-type::waiver-permits::reviewing":{"identifier":"reviewing","label":"Reviewing","resource_type":"case-status","scope_key":{"identifier":"waiver-permits","label":"Waiver permits","resource_type":"case-type","scope_key":null}},"case-status::case-type::waiver-permits::rejected":{"identifier":"rejected","label":"Rejected","resource_type":"case-status","scope_key":{"identifier":"waiver-permits","label":"Waiver permits","resource_type":"case-type","scope_key":null}},"case-status::case-type::waiver-permits::issued":{"identifier":"issued","label":"Issued","resource_type":"case-status","scope_key":{"identifier":"waiver-permits","label":"Waiver permits","resource_type":"case-type","scope_key":null}}},"transition_keys":{"case-transition::case-type::waiver-permits::amend":{"identifier":"amend","label":"Amend","resource_type":"case-transition","scope_key":{"identifier":"waiver-permits","label":"Waiver permits","resource_type":"case-type","scope_key":null}},"case-transition::case-type::waiver-permits::reject":{"identifier":"reject","label":"Reject","resource_type":"case-transition","scope_key":{"identifier":"waiver-permits","label":"Waiver permits","resource_type":"case-type","scope_key":null}},"case-transition::case-type::waiver-permits::issue-permit":{"identifier":"issue-permit","label":"Issue permit","resource_type":"case-transition","scope_key":{"identifier":"waiver-permits","label":"Waiver permits","resource_type":"case-type","scope_key":null}}}},"mappings":{"items":[]},"resources":{"items":{"case-status::case-type::waiver-permits::submitted":{"key":{"identifier":"submitted","label":"Submitted","resource_type":"case-status","scope_key":{"identifier":"waiver-permits","label":"Waiver permits","resource_type":"case-type","scope_key":null}},"label_colour":"e7e7e7","label_font_colour":"484848","type":"initial"},"case-status::case-type::waiver-permits::reviewing":{"key":{"identifier":"reviewing","label":"Reviewing","resource_type":"case-status","scope_key":{"identifier":"waiver-permits","label":"Waiver permits","resource_type":"case-type","scope_key":null}},"label_colour":"f890b2","label_font_colour":"5d2b3c","type":"normal"},"case-status::case-type::waiver-permits::rejected":{"key":{"identifier":"rejected","label":"Rejected","resource_type":"case-status","scope_key":{"identifier":"waiver-permits","label":"Waiver permits","resource_type":"case-type","scope_key":null}},"label_colour":"de2a01","label_font_colour":"ffffff","type":"final"},"case-status::case-type::waiver-permits::issued":{"key":{"identifier":"issued","label":"Issued","resource_type":"case-status","scope_key":{"identifier":"waiver-permits","label":"Waiver permits","resource_type":"case-type","scope_key":null}},"label_colour":"008850","label_font_colour":"ffffff","type":"final"},"case-field::first_name":{"allowed_privilege_level_keys":[],"allowed_to_all_privilege_levels":true,"encrypted":true,"redactable":true,"key":{"identifier":"first_name","label":"First Name","resource_type":"case-field","scope_key":null},"position":null,"type":"text"},"alert-email-template::case-type::waiver-permits::confirmation-email":{"date_definition_keys":[],"field_keys":{"case-field::first_name":{"identifier":"first_name","label":"First Name","resource_type":"case-field","scope_key":null}},"html_body":"<p>Dear {{case.values.first_name.value}},<\/p><p style=\"margin: 0in 0in 0pt; mso-margin-top-alt: auto; mso-margin-bottom-alt: auto;\"><span lang=\"EN\" style=\"color: black; font-family: &quot;Arial&quot;,&quot;sans-serif&quot;; font-size: 10pt; mso-fareast-font-family: &quot;Times New Roman&quot;; mso-ansi-language: EN;\"><em>Thank you for contacting&nbsp;us.<\/em> <\/span><\/p><p style=\"margin: 0in 0in 0pt; mso-margin-top-alt: auto; mso-margin-bottom-alt: auto;\"><span lang=\"EN\" style=\"color: black; line-height: 150%; font-family: &quot;Arial&quot;,&quot;sans-serif&quot;; font-size: 10pt; mso-fareast-font-family: &quot;Times New Roman&quot;; mso-ansi-language: EN;\">We aim to reply to all email requests within 5&nbsp;working days but will endeavour to reply sooner if possible.<\/span><\/p><p style=\"margin: 0in 0in 0pt; line-height: 150%; mso-margin-top-alt: auto; mso-margin-bottom-alt: auto;\"><span lang=\"EN\" style=\"color: black; line-height: 150%; font-family: &quot;Arial&quot;,&quot;sans-serif&quot;; font-size: 10pt; mso-fareast-font-family: &quot;Times New Roman&quot;; mso-ansi-language: EN;\">Permits will not be issued for the same day as the request is received.<\/span><\/p><p style=\"margin: 0in 0in 0pt; line-height: 150%; mso-margin-top-alt: auto; mso-margin-bottom-alt: auto;\">&nbsp;<\/p><p style=\"margin: 0in 0in 0pt; line-height: 150%; mso-margin-top-alt: auto; mso-margin-bottom-alt: auto;\"><u><span lang=\"EN\" style=\"color: black; line-height: 150%; font-family: &quot;Arial&quot;,&quot;sans-serif&quot;; font-size: 10pt; mso-fareast-font-family: &quot;Times New Roman&quot;; mso-ansi-language: EN;\">PLEASE NOTE:<\/span><\/u><span lang=\"EN\" style=\"color: black; line-height: 150%; font-family: &quot;Arial&quot;,&quot;sans-serif&quot;; font-size: 10pt; mso-fareast-font-family: &quot;Times New Roman&quot;; mso-ansi-language: EN;\"> The Council reserves the right to refuse a request&nbsp;and the applicant&nbsp;must adhere to any existing traffic restrictions on the roads until any permit is received. <\/span><\/p>","key":{"identifier":"confirmation-email","label":"Confirmation email","resource_type":"alert-email-template","scope_key":{"identifier":"waiver-permits","label":"Waiver permits","resource_type":"case-type","scope_key":null}},"subject":"Your waiver permit application"},"alert-email-template::case-type::waiver-permits::notification-of-application":{"date_definition_keys":[],"field_keys":[],"html_body":"<p>A new waiver permit application has been received.<\/p><p>Case reference: {{case.reference}}<\/p>","key":{"identifier":"notification-of-application","label":"Notification of application","resource_type":"alert-email-template","scope_key":{"identifier":"waiver-permits","label":"Waiver permits","resource_type":"case-type","scope_key":null}},"subject":"New waiver permit request received"},"case-field::reason_for_rejection":{"allowed_privilege_level_keys":[],"allowed_to_all_privilege_levels":true,"encrypted":true,"redactable":true,"key":{"identifier":"reason_for_rejection","label":"Reason for rejection","resource_type":"case-field","scope_key":null},"position":0,"type":"textarea"},"alert-email-template::case-type::waiver-permits::rejection-email":{"date_definition_keys":[],"field_keys":{"case-field::first_name":{"identifier":"first_name","label":"First Name","resource_type":"case-field","scope_key":null},"case-field::reason_for_rejection":{"identifier":"reason_for_rejection","label":"Reason for rejection","resource_type":"case-field","scope_key":null}},"html_body":"<p>Dear {{case.values.first_name.value}},<\/p><p>I regret to inform you that your application for a waiver permit, case number {{case.reference}}&nbsp;has been rejected.<\/p><p>Reason for rejection: {{case.values.reason_for_rejection.value}}<\/p><p>&nbsp;<\/p>","key":{"identifier":"rejection-email","label":"Rejection email","resource_type":"alert-email-template","scope_key":{"identifier":"waiver-permits","label":"Waiver permits","resource_type":"case-type","scope_key":null}},"subject":"Your waiver permit application"},"case-field::email":{"allowed_privilege_level_keys":[],"allowed_to_all_privilege_levels":true,"encrypted":true,"redactable":true,"key":{"identifier":"email","label":"Email","resource_type":"case-field","scope_key":null},"position":null,"type":"email"},"case-field::last_name":{"allowed_privilege_level_keys":[],"allowed_to_all_privilege_levels":true,"encrypted":true,"redactable":true,"key":{"identifier":"last_name","label":"Last Name","resource_type":"case-field","scope_key":null},"position":null,"type":"text"},"case-field::telephone_number":{"allowed_privilege_level_keys":[],"allowed_to_all_privilege_levels":true,"encrypted":false,"redactable":false,"key":{"identifier":"telephone_number","label":"Telephone Number","resource_type":"case-field","scope_key":null},"position":9,"type":"telephone"},"case-field::company_name":{"allowed_privilege_level_keys":[],"allowed_to_all_privilege_levels":true,"encrypted":false,"redactable":false,"key":{"identifier":"company_name","label":"Company name","resource_type":"case-field","scope_key":null},"position":0,"type":"text"},"case-field::company_address":{"allowed_privilege_level_keys":[],"allowed_to_all_privilege_levels":true,"encrypted":false,"redactable":false,"key":{"identifier":"company_address","label":"Company address","resource_type":"case-field","scope_key":null},"position":0,"type":"textarea"},"case-field::company_postcode":{"allowed_privilege_level_keys":[],"allowed_to_all_privilege_levels":true,"encrypted":false,"redactable":false,"key":{"identifier":"company_postcode","label":"Company postcode","resource_type":"case-field","scope_key":null},"position":0,"type":"text"},"case-field::premises_name_2":{"allowed_privilege_level_keys":[],"allowed_to_all_privilege_levels":true,"encrypted":false,"redactable":false,"key":{"identifier":"premises_name_2","label":"Premises name","resource_type":"case-field","scope_key":null},"position":0,"type":"text"},"case-field::premises_address":{"allowed_privilege_level_keys":[],"allowed_to_all_privilege_levels":true,"encrypted":false,"redactable":false,"key":{"identifier":"premises_address","label":"Premises address","resource_type":"case-field","scope_key":null},"position":0,"type":"textarea"},"case-field::premises_postcode":{"allowed_privilege_level_keys":[],"allowed_to_all_privilege_levels":true,"encrypted":false,"redactable":false,"key":{"identifier":"premises_postcode","label":"Premises postcode","resource_type":"case-field","scope_key":null},"position":0,"type":"text"},"case-field::nature_of_the_work":{"allowed_privilege_level_keys":[],"allowed_to_all_privilege_levels":true,"encrypted":false,"redactable":false,"key":{"identifier":"nature_of_the_work","label":"Nature of the work","resource_type":"case-field","scope_key":null},"position":0,"type":"textarea"},"case-field::work_start_date":{"allowed_privilege_level_keys":[],"allowed_to_all_privilege_levels":true,"encrypted":false,"redactable":false,"key":{"identifier":"work_start_date","label":"Work start date","resource_type":"case-field","scope_key":null},"position":0,"type":"date"},"case-field::work_end_date":{"allowed_privilege_level_keys":[],"allowed_to_all_privilege_levels":true,"encrypted":false,"redactable":false,"key":{"identifier":"work_end_date","label":"Work end date","resource_type":"case-field","scope_key":null},"position":0,"type":"date"},"case-field::vehicle_registration":{"allowed_privilege_level_keys":[],"allowed_to_all_privilege_levels":true,"encrypted":false,"redactable":false,"key":{"identifier":"vehicle_registration","label":"Vehicle registration","resource_type":"case-field","scope_key":null},"position":0,"type":"text"},"case-field::vehicle_make_and_model":{"allowed_privilege_level_keys":[],"allowed_to_all_privilege_levels":true,"encrypted":false,"redactable":false,"key":{"identifier":"vehicle_make_and_model","label":"Vehicle make and model","resource_type":"case-field","scope_key":null},"position":0,"type":"text"},"case-field::vehicle_2_registration":{"allowed_privilege_level_keys":[],"allowed_to_all_privilege_levels":true,"encrypted":false,"redactable":false,"key":{"identifier":"vehicle_2_registration","label":"Vehicle 2 registration","resource_type":"case-field","scope_key":null},"position":0,"type":"text"},"case-field::vehicle_2_make_and_model":{"allowed_privilege_level_keys":[],"allowed_to_all_privilege_levels":true,"encrypted":false,"redactable":false,"key":{"identifier":"vehicle_2_make_and_model","label":"Vehicle 2 make and model","resource_type":"case-field","scope_key":null},"position":0,"type":"text"},"case-field::vehicle_3_registration":{"allowed_privilege_level_keys":[],"allowed_to_all_privilege_levels":true,"encrypted":false,"redactable":false,"key":{"identifier":"vehicle_3_registration","label":"Vehicle 3 registration","resource_type":"case-field","scope_key":null},"position":0,"type":"text"},"case-field::vehicle_3_make_and_model":{"allowed_privilege_level_keys":[],"allowed_to_all_privilege_levels":true,"encrypted":false,"redactable":false,"key":{"identifier":"vehicle_3_make_and_model","label":"Vehicle 3 make and model","resource_type":"case-field","scope_key":null},"position":0,"type":"text"},"case-field::vehicle_4_registration":{"allowed_privilege_level_keys":[],"allowed_to_all_privilege_levels":true,"encrypted":false,"redactable":false,"key":{"identifier":"vehicle_4_registration","label":"Vehicle 4 registration","resource_type":"case-field","scope_key":null},"position":0,"type":"text"},"case-field::vehicle_4_make_and_model":{"allowed_privilege_level_keys":[],"allowed_to_all_privilege_levels":true,"encrypted":false,"redactable":false,"key":{"identifier":"vehicle_4_make_and_model","label":"Vehicle 4 make and model","resource_type":"case-field","scope_key":null},"position":0,"type":"text"},"case-field::vehicle_5_registration":{"allowed_privilege_level_keys":[],"allowed_to_all_privilege_levels":true,"encrypted":false,"redactable":false,"key":{"identifier":"vehicle_5_registration","label":"Vehicle 5 registration","resource_type":"case-field","scope_key":null},"position":0,"type":"text"},"case-field::vehicle_5_make_and_model":{"allowed_privilege_level_keys":[],"allowed_to_all_privilege_levels":true,"encrypted":false,"redactable":false,"key":{"identifier":"vehicle_5_make_and_model","label":"Vehicle 5 make and model","resource_type":"case-field","scope_key":null},"position":0,"type":"text"},"case-field::access_code":{"allowed_privilege_level_keys":[],"allowed_to_all_privilege_levels":true,"encrypted":false,"redactable":false,"key":{"identifier":"access_code","label":"Access Code","resource_type":"case-field","scope_key":null},"position":0,"type":"text"},"case-form::case-type::waiver-permits::new-waiver-permits":{"external_redirects":[],"fields":[{"key":{"identifier":"email","label":"Email","resource_type":"case-form-field","scope_key":{"identifier":"new-waiver-permits","label":"New Waiver permits","resource_type":"case-form","scope_key":{"identifier":"waiver-permits","label":"Waiver permits","resource_type":"case-type","scope_key":null}}},"position":0,"requirement":{"key":{"identifier":"210281","label":"Expression 210281","resource_type":"expression","scope_key":null},"type":"false_expression"},"visibility":null,"field_key":{"identifier":"email","label":"Email","resource_type":"case-field","scope_key":null},"type":"case_field"},{"key":{"identifier":"first-name","label":"First Name","resource_type":"case-form-field","scope_key":{"identifier":"new-waiver-permits","label":"New Waiver permits","resource_type":"case-form","scope_key":{"identifier":"waiver-permits","label":"Waiver permits","resource_type":"case-type","scope_key":null}}},"position":1,"requirement":{"key":{"identifier":"210282","label":"Expression 210282","resource_type":"expression","scope_key":null},"type":"false_expression"},"visibility":null,"field_key":{"identifier":"first_name","label":"First Name","resource_type":"case-field","scope_key":null},"type":"case_field"},{"key":{"identifier":"last-name","label":"Last name","resource_type":"case-form-field","scope_key":{"identifier":"new-waiver-permits","label":"New Waiver permits","resource_type":"case-form","scope_key":{"identifier":"waiver-permits","label":"Waiver permits","resource_type":"case-type","scope_key":null}}},"position":2,"requirement":{"key":{"identifier":"210283","label":"Expression 210283","resource_type":"expression","scope_key":null},"type":"false_expression"},"visibility":null,"field_key":{"identifier":"last_name","label":"Last Name","resource_type":"case-field","scope_key":null},"type":"case_field"},{"key":{"identifier":"telephone-number","label":"Telephone number","resource_type":"case-form-field","scope_key":{"identifier":"new-waiver-permits","label":"New Waiver permits","resource_type":"case-form","scope_key":{"identifier":"waiver-permits","label":"Waiver permits","resource_type":"case-type","scope_key":null}}},"position":3,"requirement":{"key":{"identifier":"210284","label":"Expression 210284","resource_type":"expression","scope_key":null},"type":"false_expression"},"visibility":null,"field_key":{"identifier":"telephone_number","label":"Telephone Number","resource_type":"case-field","scope_key":null},"type":"case_field"},{"key":{"identifier":"company-name","label":"Company name","resource_type":"case-form-field","scope_key":{"identifier":"new-waiver-permits","label":"New Waiver permits","resource_type":"case-form","scope_key":{"identifier":"waiver-permits","label":"Waiver permits","resource_type":"case-type","scope_key":null}}},"position":4,"requirement":{"key":{"identifier":"210285","label":"Expression 210285","resource_type":"expression","scope_key":null},"type":"false_expression"},"visibility":null,"field_key":{"identifier":"company_name","label":"Company name","resource_type":"case-field","scope_key":null},"type":"case_field"},{"key":{"identifier":"company-address","label":"Company address","resource_type":"case-form-field","scope_key":{"identifier":"new-waiver-permits","label":"New Waiver permits","resource_type":"case-form","scope_key":{"identifier":"waiver-permits","label":"Waiver permits","resource_type":"case-type","scope_key":null}}},"position":5,"requirement":{"key":{"identifier":"210286","label":"Expression 210286","resource_type":"expression","scope_key":null},"type":"false_expression"},"visibility":null,"field_key":{"identifier":"company_address","label":"Company address","resource_type":"case-field","scope_key":null},"type":"case_field"},{"key":{"identifier":"company-postcode","label":"Company postcode","resource_type":"case-form-field","scope_key":{"identifier":"new-waiver-permits","label":"New Waiver permits","resource_type":"case-form","scope_key":{"identifier":"waiver-permits","label":"Waiver permits","resource_type":"case-type","scope_key":null}}},"position":6,"requirement":{"key":{"identifier":"210287","label":"Expression 210287","resource_type":"expression","scope_key":null},"type":"false_expression"},"visibility":null,"field_key":{"identifier":"company_postcode","label":"Company postcode","resource_type":"case-field","scope_key":null},"type":"case_field"},{"key":{"identifier":"premises-name","label":"Premises name","resource_type":"case-form-field","scope_key":{"identifier":"new-waiver-permits","label":"New Waiver permits","resource_type":"case-form","scope_key":{"identifier":"waiver-permits","label":"Waiver permits","resource_type":"case-type","scope_key":null}}},"position":7,"requirement":{"key":{"identifier":"210288","label":"Expression 210288","resource_type":"expression","scope_key":null},"type":"false_expression"},"visibility":null,"field_key":{"identifier":"premises_name_2","label":"Premises name","resource_type":"case-field","scope_key":null},"type":"case_field"},{"key":{"identifier":"premises-address","label":"Premises address","resource_type":"case-form-field","scope_key":{"identifier":"new-waiver-permits","label":"New Waiver permits","resource_type":"case-form","scope_key":{"identifier":"waiver-permits","label":"Waiver permits","resource_type":"case-type","scope_key":null}}},"position":8,"requirement":{"key":{"identifier":"210289","label":"Expression 210289","resource_type":"expression","scope_key":null},"type":"false_expression"},"visibility":null,"field_key":{"identifier":"premises_address","label":"Premises address","resource_type":"case-field","scope_key":null},"type":"case_field"},{"key":{"identifier":"premises-postcode","label":"Premises postcode","resource_type":"case-form-field","scope_key":{"identifier":"new-waiver-permits","label":"New Waiver permits","resource_type":"case-form","scope_key":{"identifier":"waiver-permits","label":"Waiver permits","resource_type":"case-type","scope_key":null}}},"position":9,"requirement":{"key":{"identifier":"210290","label":"Expression 210290","resource_type":"expression","scope_key":null},"type":"false_expression"},"visibility":null,"field_key":{"identifier":"premises_postcode","label":"Premises postcode","resource_type":"case-field","scope_key":null},"type":"case_field"},{"key":{"identifier":"nature-of-the-work","label":"Nature of the work","resource_type":"case-form-field","scope_key":{"identifier":"new-waiver-permits","label":"New Waiver permits","resource_type":"case-form","scope_key":{"identifier":"waiver-permits","label":"Waiver permits","resource_type":"case-type","scope_key":null}}},"position":10,"requirement":{"key":{"identifier":"210291","label":"Expression 210291","resource_type":"expression","scope_key":null},"type":"false_expression"},"visibility":null,"field_key":{"identifier":"nature_of_the_work","label":"Nature of the work","resource_type":"case-field","scope_key":null},"type":"case_field"},{"key":{"identifier":"work-start-date","label":"Work start date","resource_type":"case-form-field","scope_key":{"identifier":"new-waiver-permits","label":"New Waiver permits","resource_type":"case-form","scope_key":{"identifier":"waiver-permits","label":"Waiver permits","resource_type":"case-type","scope_key":null}}},"position":11,"requirement":{"key":{"identifier":"210292","label":"Expression 210292","resource_type":"expression","scope_key":null},"type":"false_expression"},"visibility":null,"field_key":{"identifier":"work_start_date","label":"Work start date","resource_type":"case-field","scope_key":null},"type":"case_field"},{"key":{"identifier":"work-end-date","label":"Work end date","resource_type":"case-form-field","scope_key":{"identifier":"new-waiver-permits","label":"New Waiver permits","resource_type":"case-form","scope_key":{"identifier":"waiver-permits","label":"Waiver permits","resource_type":"case-type","scope_key":null}}},"position":12,"requirement":{"key":{"identifier":"210293","label":"Expression 210293","resource_type":"expression","scope_key":null},"type":"false_expression"},"visibility":null,"field_key":{"identifier":"work_end_date","label":"Work end date","resource_type":"case-field","scope_key":null},"type":"case_field"},{"key":{"identifier":"vehicle-registration","label":"Vehicle registration","resource_type":"case-form-field","scope_key":{"identifier":"new-waiver-permits","label":"New Waiver permits","resource_type":"case-form","scope_key":{"identifier":"waiver-permits","label":"Waiver permits","resource_type":"case-type","scope_key":null}}},"position":13,"requirement":{"key":{"identifier":"210294","label":"Expression 210294","resource_type":"expression","scope_key":null},"type":"false_expression"},"visibility":null,"field_key":{"identifier":"vehicle_registration","label":"Vehicle registration","resource_type":"case-field","scope_key":null},"type":"case_field"},{"key":{"identifier":"vehicle-make-and-model","label":"Vehicle make and model","resource_type":"case-form-field","scope_key":{"identifier":"new-waiver-permits","label":"New Waiver permits","resource_type":"case-form","scope_key":{"identifier":"waiver-permits","label":"Waiver permits","resource_type":"case-type","scope_key":null}}},"position":14,"requirement":{"key":{"identifier":"210295","label":"Expression 210295","resource_type":"expression","scope_key":null},"type":"false_expression"},"visibility":null,"field_key":{"identifier":"vehicle_make_and_model","label":"Vehicle make and model","resource_type":"case-field","scope_key":null},"type":"case_field"},{"key":{"identifier":"vehicle-2-registration","label":"Vehicle 2 registration","resource_type":"case-form-field","scope_key":{"identifier":"new-waiver-permits","label":"New Waiver permits","resource_type":"case-form","scope_key":{"identifier":"waiver-permits","label":"Waiver permits","resource_type":"case-type","scope_key":null}}},"position":15,"requirement":{"key":{"identifier":"210296","label":"Expression 210296","resource_type":"expression","scope_key":null},"type":"false_expression"},"visibility":null,"field_key":{"identifier":"vehicle_2_registration","label":"Vehicle 2 registration","resource_type":"case-field","scope_key":null},"type":"case_field"},{"key":{"identifier":"vehicle-2-make-and-model","label":"Vehicle 2 make and model","resource_type":"case-form-field","scope_key":{"identifier":"new-waiver-permits","label":"New Waiver permits","resource_type":"case-form","scope_key":{"identifier":"waiver-permits","label":"Waiver permits","resource_type":"case-type","scope_key":null}}},"position":16,"requirement":{"key":{"identifier":"210297","label":"Expression 210297","resource_type":"expression","scope_key":null},"type":"false_expression"},"visibility":null,"field_key":{"identifier":"vehicle_2_make_and_model","label":"Vehicle 2 make and model","resource_type":"case-field","scope_key":null},"type":"case_field"},{"key":{"identifier":"vehicle-3-registration","label":"Vehicle 3 registration","resource_type":"case-form-field","scope_key":{"identifier":"new-waiver-permits","label":"New Waiver permits","resource_type":"case-form","scope_key":{"identifier":"waiver-permits","label":"Waiver permits","resource_type":"case-type","scope_key":null}}},"position":17,"requirement":{"key":{"identifier":"210298","label":"Expression 210298","resource_type":"expression","scope_key":null},"type":"false_expression"},"visibility":null,"field_key":{"identifier":"vehicle_3_registration","label":"Vehicle 3 registration","resource_type":"case-field","scope_key":null},"type":"case_field"},{"key":{"identifier":"vehicle-3-make-and-model","label":"Vehicle 3 make and model","resource_type":"case-form-field","scope_key":{"identifier":"new-waiver-permits","label":"New Waiver permits","resource_type":"case-form","scope_key":{"identifier":"waiver-permits","label":"Waiver permits","resource_type":"case-type","scope_key":null}}},"position":18,"requirement":{"key":{"identifier":"210299","label":"Expression 210299","resource_type":"expression","scope_key":null},"type":"false_expression"},"visibility":null,"field_key":{"identifier":"vehicle_3_make_and_model","label":"Vehicle 3 make and model","resource_type":"case-field","scope_key":null},"type":"case_field"},{"key":{"identifier":"vehicle-4-registration","label":"Vehicle 4 registration","resource_type":"case-form-field","scope_key":{"identifier":"new-waiver-permits","label":"New Waiver permits","resource_type":"case-form","scope_key":{"identifier":"waiver-permits","label":"Waiver permits","resource_type":"case-type","scope_key":null}}},"position":19,"requirement":{"key":{"identifier":"210300","label":"Expression 210300","resource_type":"expression","scope_key":null},"type":"false_expression"},"visibility":null,"field_key":{"identifier":"vehicle_4_registration","label":"Vehicle 4 registration","resource_type":"case-field","scope_key":null},"type":"case_field"},{"key":{"identifier":"vehicle-4-make-and-model","label":"Vehicle 4 make and model","resource_type":"case-form-field","scope_key":{"identifier":"new-waiver-permits","label":"New Waiver permits","resource_type":"case-form","scope_key":{"identifier":"waiver-permits","label":"Waiver permits","resource_type":"case-type","scope_key":null}}},"position":20,"requirement":{"key":{"identifier":"210301","label":"Expression 210301","resource_type":"expression","scope_key":null},"type":"false_expression"},"visibility":null,"field_key":{"identifier":"vehicle_4_make_and_model","label":"Vehicle 4 make and model","resource_type":"case-field","scope_key":null},"type":"case_field"},{"key":{"identifier":"vehicle-5-registration","label":"Vehicle 5 registration","resource_type":"case-form-field","scope_key":{"identifier":"new-waiver-permits","label":"New Waiver permits","resource_type":"case-form","scope_key":{"identifier":"waiver-permits","label":"Waiver permits","resource_type":"case-type","scope_key":null}}},"position":21,"requirement":{"key":{"identifier":"210302","label":"Expression 210302","resource_type":"expression","scope_key":null},"type":"false_expression"},"visibility":null,"field_key":{"identifier":"vehicle_5_registration","label":"Vehicle 5 registration","resource_type":"case-field","scope_key":null},"type":"case_field"},{"key":{"identifier":"vehicle-5-make-and-model","label":"Vehicle 5 make and model","resource_type":"case-form-field","scope_key":{"identifier":"new-waiver-permits","label":"New Waiver permits","resource_type":"case-form","scope_key":{"identifier":"waiver-permits","label":"Waiver permits","resource_type":"case-type","scope_key":null}}},"position":22,"requirement":{"key":{"identifier":"210303","label":"Expression 210303","resource_type":"expression","scope_key":null},"type":"false_expression"},"visibility":null,"field_key":{"identifier":"vehicle_5_make_and_model","label":"Vehicle 5 make and model","resource_type":"case-field","scope_key":null},"type":"case_field"},{"key":{"identifier":"access-code","label":"Access Code","resource_type":"case-form-field","scope_key":{"identifier":"new-waiver-permits","label":"New Waiver permits","resource_type":"case-form","scope_key":{"identifier":"waiver-permits","label":"Waiver permits","resource_type":"case-type","scope_key":null}}},"position":23,"requirement":{"key":{"identifier":"210304","label":"Expression 210304","resource_type":"expression","scope_key":null},"type":"false_expression"},"visibility":null,"field_key":{"identifier":"access_code","label":"Access Code","resource_type":"case-field","scope_key":null},"type":"case_field"}],"key":{"identifier":"new-waiver-permits","label":"New Waiver permits","resource_type":"case-form","scope_key":{"identifier":"waiver-permits","label":"Waiver permits","resource_type":"case-type","scope_key":null}},"type":"create"},"case-form::case-type::waiver-permits::edit-waiver-permits":{"external_redirects":[],"fields":[],"key":{"identifier":"edit-waiver-permits","label":"Edit Waiver permits","resource_type":"case-form","scope_key":{"identifier":"waiver-permits","label":"Waiver permits","resource_type":"case-type","scope_key":null}},"type":"edit"},"case-form::case-type::waiver-permits::amend":{"external_redirects":[],"fields":[{"key":{"identifier":"work-start-date","label":"Work start date","resource_type":"case-form-field","scope_key":{"identifier":"amend","label":"Amend","resource_type":"case-form","scope_key":{"identifier":"waiver-permits","label":"Waiver permits","resource_type":"case-type","scope_key":null}}},"position":0,"requirement":{"key":{"identifier":"210305","label":"Expression 210305","resource_type":"expression","scope_key":null},"type":"false_expression"},"visibility":null,"field_key":{"identifier":"work_start_date","label":"Work start date","resource_type":"case-field","scope_key":null},"type":"case_field"},{"key":{"identifier":"work-end-date","label":"Work end date","resource_type":"case-form-field","scope_key":{"identifier":"amend","label":"Amend","resource_type":"case-form","scope_key":{"identifier":"waiver-permits","label":"Waiver permits","resource_type":"case-type","scope_key":null}}},"position":1,"requirement":{"key":{"identifier":"210306","label":"Expression 210306","resource_type":"expression","scope_key":null},"type":"false_expression"},"visibility":null,"field_key":{"identifier":"work_end_date","label":"Work end date","resource_type":"case-field","scope_key":null},"type":"case_field"},{"key":{"identifier":"vehicle-make-and-model","label":"Vehicle make and model","resource_type":"case-form-field","scope_key":{"identifier":"amend","label":"Amend","resource_type":"case-form","scope_key":{"identifier":"waiver-permits","label":"Waiver permits","resource_type":"case-type","scope_key":null}}},"position":2,"requirement":{"key":{"identifier":"210307","label":"Expression 210307","resource_type":"expression","scope_key":null},"type":"false_expression"},"visibility":null,"field_key":{"identifier":"vehicle_make_and_model","label":"Vehicle make and model","resource_type":"case-field","scope_key":null},"type":"case_field"},{"key":{"identifier":"vehicle-registration","label":"Vehicle registration","resource_type":"case-form-field","scope_key":{"identifier":"amend","label":"Amend","resource_type":"case-form","scope_key":{"identifier":"waiver-permits","label":"Waiver permits","resource_type":"case-type","scope_key":null}}},"position":3,"requirement":{"key":{"identifier":"210308","label":"Expression 210308","resource_type":"expression","scope_key":null},"type":"false_expression"},"visibility":null,"field_key":{"identifier":"vehicle_registration","label":"Vehicle registration","resource_type":"case-field","scope_key":null},"type":"case_field"},{"key":{"identifier":"vehicle-2-registration","label":"Vehicle 2 registration","resource_type":"case-form-field","scope_key":{"identifier":"amend","label":"Amend","resource_type":"case-form","scope_key":{"identifier":"waiver-permits","label":"Waiver permits","resource_type":"case-type","scope_key":null}}},"position":4,"requirement":{"key":{"identifier":"210309","label":"Expression 210309","resource_type":"expression","scope_key":null},"type":"false_expression"},"visibility":null,"field_key":{"identifier":"vehicle_2_registration","label":"Vehicle 2 registration","resource_type":"case-field","scope_key":null},"type":"case_field"},{"key":{"identifier":"vehicle-2-make-and-model","label":"Vehicle 2 make and model","resource_type":"case-form-field","scope_key":{"identifier":"amend","label":"Amend","resource_type":"case-form","scope_key":{"identifier":"waiver-permits","label":"Waiver permits","resource_type":"case-type","scope_key":null}}},"position":5,"requirement":{"key":{"identifier":"210310","label":"Expression 210310","resource_type":"expression","scope_key":null},"type":"false_expression"},"visibility":null,"field_key":{"identifier":"vehicle_2_make_and_model","label":"Vehicle 2 make and model","resource_type":"case-field","scope_key":null},"type":"case_field"},{"key":{"identifier":"vehicle-3-make-and-model","label":"Vehicle 3 make and model","resource_type":"case-form-field","scope_key":{"identifier":"amend","label":"Amend","resource_type":"case-form","scope_key":{"identifier":"waiver-permits","label":"Waiver permits","resource_type":"case-type","scope_key":null}}},"position":6,"requirement":{"key":{"identifier":"210311","label":"Expression 210311","resource_type":"expression","scope_key":null},"type":"false_expression"},"visibility":null,"field_key":{"identifier":"vehicle_3_make_and_model","label":"Vehicle 3 make and model","resource_type":"case-field","scope_key":null},"type":"case_field"},{"key":{"identifier":"vehicle-3-registration","label":"Vehicle 3 registration","resource_type":"case-form-field","scope_key":{"identifier":"amend","label":"Amend","resource_type":"case-form","scope_key":{"identifier":"waiver-permits","label":"Waiver permits","resource_type":"case-type","scope_key":null}}},"position":7,"requirement":{"key":{"identifier":"210312","label":"Expression 210312","resource_type":"expression","scope_key":null},"type":"false_expression"},"visibility":null,"field_key":{"identifier":"vehicle_3_registration","label":"Vehicle 3 registration","resource_type":"case-field","scope_key":null},"type":"case_field"},{"key":{"identifier":"vehicle-4-registration","label":"Vehicle 4 registration","resource_type":"case-form-field","scope_key":{"identifier":"amend","label":"Amend","resource_type":"case-form","scope_key":{"identifier":"waiver-permits","label":"Waiver permits","resource_type":"case-type","scope_key":null}}},"position":8,"requirement":{"key":{"identifier":"210313","label":"Expression 210313","resource_type":"expression","scope_key":null},"type":"false_expression"},"visibility":null,"field_key":{"identifier":"vehicle_4_registration","label":"Vehicle 4 registration","resource_type":"case-field","scope_key":null},"type":"case_field"},{"key":{"identifier":"vehicle-4-make-and-model","label":"Vehicle 4 make and model","resource_type":"case-form-field","scope_key":{"identifier":"amend","label":"Amend","resource_type":"case-form","scope_key":{"identifier":"waiver-permits","label":"Waiver permits","resource_type":"case-type","scope_key":null}}},"position":9,"requirement":{"key":{"identifier":"210314","label":"Expression 210314","resource_type":"expression","scope_key":null},"type":"false_expression"},"visibility":null,"field_key":{"identifier":"vehicle_4_make_and_model","label":"Vehicle 4 make and model","resource_type":"case-field","scope_key":null},"type":"case_field"},{"key":{"identifier":"vehicle-5-registration","label":"Vehicle 5 registration","resource_type":"case-form-field","scope_key":{"identifier":"amend","label":"Amend","resource_type":"case-form","scope_key":{"identifier":"waiver-permits","label":"Waiver permits","resource_type":"case-type","scope_key":null}}},"position":10,"requirement":{"key":{"identifier":"210315","label":"Expression 210315","resource_type":"expression","scope_key":null},"type":"false_expression"},"visibility":null,"field_key":{"identifier":"vehicle_5_registration","label":"Vehicle 5 registration","resource_type":"case-field","scope_key":null},"type":"case_field"},{"key":{"identifier":"vehicle-5-make-and-model","label":"Vehicle 5 make and model","resource_type":"case-form-field","scope_key":{"identifier":"amend","label":"Amend","resource_type":"case-form","scope_key":{"identifier":"waiver-permits","label":"Waiver permits","resource_type":"case-type","scope_key":null}}},"position":11,"requirement":{"key":{"identifier":"210316","label":"Expression 210316","resource_type":"expression","scope_key":null},"type":"false_expression"},"visibility":null,"field_key":{"identifier":"vehicle_5_make_and_model","label":"Vehicle 5 make and model","resource_type":"case-field","scope_key":null},"type":"case_field"}],"key":{"identifier":"amend","label":"Amend","resource_type":"case-form","scope_key":{"identifier":"waiver-permits","label":"Waiver permits","resource_type":"case-type","scope_key":null}},"type":"normal"},"privilege-level::advisor":{"key":{"identifier":"advisor","label":"Advisor","resource_type":"privilege-level","scope_key":null}},"privilege-level::staff-free-user":{"key":{"identifier":"staff-free-user","label":"Staff","resource_type":"privilege-level","scope_key":null}},"privilege-level::system-administrator":{"key":{"identifier":"system-administrator","label":"System Administrator","resource_type":"privilege-level","scope_key":null}},"case-form::case-type::waiver-permits::issue":{"external_redirects":[{"key":{"identifier":"3656","label":"https:\/\/sandbox04.demo.jadu.net\/jadu\/xforms2\/internal?formID=333&userFormID=-1?ref={{case.reference}}","resource_type":"case-form-external-redirect","scope_key":null},"privilege_level_keys":{"privilege-level::advisor":{"identifier":"advisor","label":"Advisor","resource_type":"privilege-level","scope_key":null},"privilege-level::staff-free-user":{"identifier":"staff-free-user","label":"Staff","resource_type":"privilege-level","scope_key":null},"privilege-level::system-administrator":{"identifier":"system-administrator","label":"System Administrator","resource_type":"privilege-level","scope_key":null}},"url":"https:\/\/sandbox04.demo.jadu.net\/jadu\/xforms2\/internal?formID=333&userFormID=-1?ref={{case.reference}}"}],"fields":[],"key":{"identifier":"issue","label":"Issue","resource_type":"case-form","scope_key":{"identifier":"waiver-permits","label":"Waiver permits","resource_type":"case-type","scope_key":null}},"type":"normal"},"case-form::case-type::waiver-permits::rejected":{"external_redirects":[],"fields":[{"key":{"identifier":"reason-for-rejection","label":"Reason for rejection","resource_type":"case-form-field","scope_key":{"identifier":"rejected","label":"Rejected","resource_type":"case-form","scope_key":{"identifier":"waiver-permits","label":"Waiver permits","resource_type":"case-type","scope_key":null}}},"position":0,"requirement":{"key":{"identifier":"210317","label":"Expression 210317","resource_type":"expression","scope_key":null},"type":"false_expression"},"visibility":null,"field_key":{"identifier":"reason_for_rejection","label":"Reason for rejection","resource_type":"case-field","scope_key":null},"type":"case_field"}],"key":{"identifier":"rejected","label":"Rejected","resource_type":"case-form","scope_key":{"identifier":"waiver-permits","label":"Waiver permits","resource_type":"case-type","scope_key":null}},"type":"normal"},"privilege-level::administrator":{"key":{"identifier":"administrator","label":"API User","resource_type":"privilege-level","scope_key":null}},"case-transition::case-type::waiver-permits::amend":{"allowed_privilege_level_keys":{"privilege-level::administrator":{"identifier":"administrator","label":"API User","resource_type":"privilege-level","scope_key":null},"privilege-level::advisor":{"identifier":"advisor","label":"Advisor","resource_type":"privilege-level","scope_key":null},"privilege-level::staff-free-user":{"identifier":"staff-free-user","label":"Staff","resource_type":"privilege-level","scope_key":null},"privilege-level::system-administrator":{"identifier":"system-administrator","label":"System Administrator","resource_type":"privilege-level","scope_key":null}},"call_to_action":true,"call_to_action_style":"warning","case_form_key":{"identifier":"amend","label":"Amend","resource_type":"case-form","scope_key":{"identifier":"waiver-permits","label":"Waiver permits","resource_type":"case-type","scope_key":null}},"from_status_keys":{"case-status::case-type::waiver-permits::submitted":{"identifier":"submitted","label":"Submitted","resource_type":"case-status","scope_key":{"identifier":"waiver-permits","label":"Waiver permits","resource_type":"case-type","scope_key":null}}},"key":{"identifier":"amend","label":"Amend","resource_type":"case-transition","scope_key":{"identifier":"waiver-permits","label":"Waiver permits","resource_type":"case-type","scope_key":null}},"to_status_key":{"identifier":"reviewing","label":"Reviewing","resource_type":"case-status","scope_key":{"identifier":"waiver-permits","label":"Waiver permits","resource_type":"case-type","scope_key":null}}},"case-transition::case-type::waiver-permits::reject":{"allowed_privilege_level_keys":{"privilege-level::administrator":{"identifier":"administrator","label":"API User","resource_type":"privilege-level","scope_key":null},"privilege-level::advisor":{"identifier":"advisor","label":"Advisor","resource_type":"privilege-level","scope_key":null},"privilege-level::staff-free-user":{"identifier":"staff-free-user","label":"Staff","resource_type":"privilege-level","scope_key":null},"privilege-level::system-administrator":{"identifier":"system-administrator","label":"System Administrator","resource_type":"privilege-level","scope_key":null}},"call_to_action":true,"call_to_action_style":"danger","case_form_key":{"identifier":"rejected","label":"Rejected","resource_type":"case-form","scope_key":{"identifier":"waiver-permits","label":"Waiver permits","resource_type":"case-type","scope_key":null}},"from_status_keys":{"case-status::case-type::waiver-permits::submitted":{"identifier":"submitted","label":"Submitted","resource_type":"case-status","scope_key":{"identifier":"waiver-permits","label":"Waiver permits","resource_type":"case-type","scope_key":null}},"case-status::case-type::waiver-permits::reviewing":{"identifier":"reviewing","label":"Reviewing","resource_type":"case-status","scope_key":{"identifier":"waiver-permits","label":"Waiver permits","resource_type":"case-type","scope_key":null}}},"key":{"identifier":"reject","label":"Reject","resource_type":"case-transition","scope_key":{"identifier":"waiver-permits","label":"Waiver permits","resource_type":"case-type","scope_key":null}},"to_status_key":{"identifier":"rejected","label":"Rejected","resource_type":"case-status","scope_key":{"identifier":"waiver-permits","label":"Waiver permits","resource_type":"case-type","scope_key":null}}},"case-transition::case-type::waiver-permits::issue-permit":{"allowed_privilege_level_keys":{"privilege-level::administrator":{"identifier":"administrator","label":"API User","resource_type":"privilege-level","scope_key":null},"privilege-level::advisor":{"identifier":"advisor","label":"Advisor","resource_type":"privilege-level","scope_key":null},"privilege-level::staff-free-user":{"identifier":"staff-free-user","label":"Staff","resource_type":"privilege-level","scope_key":null},"privilege-level::system-administrator":{"identifier":"system-administrator","label":"System Administrator","resource_type":"privilege-level","scope_key":null}},"call_to_action":true,"call_to_action_style":"success","case_form_key":{"identifier":"issue","label":"Issue","resource_type":"case-form","scope_key":{"identifier":"waiver-permits","label":"Waiver permits","resource_type":"case-type","scope_key":null}},"from_status_keys":{"case-status::case-type::waiver-permits::submitted":{"identifier":"submitted","label":"Submitted","resource_type":"case-status","scope_key":{"identifier":"waiver-permits","label":"Waiver permits","resource_type":"case-type","scope_key":null}},"case-status::case-type::waiver-permits::reviewing":{"identifier":"reviewing","label":"Reviewing","resource_type":"case-status","scope_key":{"identifier":"waiver-permits","label":"Waiver permits","resource_type":"case-type","scope_key":null}}},"key":{"identifier":"issue-permit","label":"Issue permit","resource_type":"case-transition","scope_key":{"identifier":"waiver-permits","label":"Waiver permits","resource_type":"case-type","scope_key":null}},"to_status_key":{"identifier":"issued","label":"Issued","resource_type":"case-status","scope_key":{"identifier":"waiver-permits","label":"Waiver permits","resource_type":"case-type","scope_key":null}}},"rule::case-type::waiver-permits::23825":{"actions":[{"key":{"identifier":"84878","label":"Action 84878","resource_type":"action","scope_key":null},"position":1,"email_template_key":{"identifier":"confirmation-email","label":"Confirmation email","resource_type":"alert-email-template","scope_key":{"identifier":"waiver-permits","label":"Waiver permits","resource_type":"case-type","scope_key":null}},"recipient":{"key":{"identifier":"42464","label":"Recipient 42464","resource_type":"alert-recipient","scope_key":null},"email_field_key":{"identifier":"email","label":"Email","resource_type":"case-field","scope_key":null},"type":"email_field"},"type":"alert"},{"key":{"identifier":"84879","label":"Action 84879","resource_type":"action","scope_key":null},"position":2,"email_template_key":{"identifier":"notification-of-application","label":"Notification of application","resource_type":"alert-email-template","scope_key":{"identifier":"waiver-permits","label":"Waiver permits","resource_type":"case-type","scope_key":null}},"recipient":{"key":{"identifier":"42463","label":"Recipient 42463","resource_type":"alert-recipient","scope_key":null},"text_value":"test@test.test","type":"text_value"},"type":"alert"}],"condition":null,"enabled":true,"key":{"identifier":"23825","label":"Send submission confirmation","resource_type":"rule","scope_key":{"identifier":"waiver-permits","label":"Waiver permits","resource_type":"case-type","scope_key":null}},"triggers":[{"key":{"identifier":"61214","label":"Trigger 61214","resource_type":"trigger","scope_key":null},"event_name":"case.created","type":"event"}]},"rule::case-type::waiver-permits::23826":{"actions":[{"key":{"identifier":"84877","label":"Action 84877","resource_type":"action","scope_key":null},"position":1,"email_template_key":{"identifier":"rejection-email","label":"Rejection email","resource_type":"alert-email-template","scope_key":{"identifier":"waiver-permits","label":"Waiver permits","resource_type":"case-type","scope_key":null}},"recipient":{"key":{"identifier":"42462","label":"Recipient 42462","resource_type":"alert-recipient","scope_key":null},"email_field_key":{"identifier":"email","label":"Email","resource_type":"case-field","scope_key":null},"type":"email_field"},"type":"alert"}],"condition":null,"enabled":true,"key":{"identifier":"23826","label":"Send rejection email","resource_type":"rule","scope_key":{"identifier":"waiver-permits","label":"Waiver permits","resource_type":"case-type","scope_key":null}},"triggers":[{"key":{"identifier":"61213","label":"Trigger 61213","resource_type":"trigger","scope_key":null},"transition_key":{"identifier":"reject","label":"Reject","resource_type":"case-transition","scope_key":{"identifier":"waiver-permits","label":"Waiver permits","resource_type":"case-type","scope_key":null}},"type":"transition"}]}}}}