{"id":478,"actionType":"Jadu\\XFormsPro\\Form\\Rules\\Actions\\CXM\\CreateCaseActionType","title":"Create CXM case","mappings":[{"field":"runAsSignedInUser","type":"static","value":"","secondaryValue":null,"label":"Run as signed in user"},{"field":"full-name","type":"answer","value":"1190-main-q00894c70d29451a1f578b6167971e8fc4efbe652","secondaryValue":null,"label":"Full name"},{"field":"home-address","type":"logic","value":"408","secondaryValue":null,"label":"Home address"},{"field":"email","type":"answer","value":"1190-main-q681525e5696d1c05415301883ed561d76d6b96a2","secondaryValue":null,"label":"Email"},{"field":"telephone","type":"answer","value":"1190-main-q47050b9c5ee5f16ed55655fff8339bd3dc7b83ca","secondaryValue":null,"label":"Telephone"},{"field":"vulnerable-persons-name","type":"answer","value":"1191-main-q3ea4a65cec7f68d9a31da684974c16d14ff910b6","secondaryValue":null,"label":"Vulnerable person's name"},{"field":"vulnerable-persons-address","type":"answer","value":"1191-main-qc0b680380b42d2994f513b32d3cbe62b0813a3bd","secondaryValue":null,"label":"Vulnerable person's address"},{"field":"vulnerable-persons-email","type":"answer","value":"1191-main-qcc22e77375878514bf44bde1921bfa628e2add06","secondaryValue":null,"label":"Vulnerable person's email"},{"field":"vulnerable-persons-telephone","type":"answer","value":"1191-main-q4ce0fd67e4483f99f1198d326d8ce49e947341a8","secondaryValue":null,"label":"Vulnerable person's telephone"},{"field":"do-they-know-youve-contacted-us-on-their-behalf","type":"answer","value":"1191-main-q870076121ea0b2adcced02c7f82458e12f408f32","secondaryValue":null,"label":"Do they know you've contacted us on their behalf"},{"field":"communication-difficulties","type":"logic","value":"409","secondaryValue":null,"label":"Communication difficulties"},{"field":"what-help-is-needed","type":"logic","value":"410","secondaryValue":null,"label":"What help is needed"},{"field":"reason-for-self-isolation","type":"logic","value":"411","secondaryValue":null,"label":"Reason for self-isolation"},{"field":"caseType","type":"static","value":"request-help-from-a-volunteer","secondaryValue":null,"label":"Case Type"}]}