{"id":479,"actionType":"Jadu\\XFormsPro\\Form\\Rules\\Actions\\Email\\EmailActionType","title":"New coronavirus support request","mappings":[{"field":"template-to","type":"static","value":"COVID19Enquiries@lincolnshire.gov.uk","secondaryValue":null,"label":"To"},{"field":"template-from","type":"static","value":"noreply@notify.lincolnshire.gov.uk","secondaryValue":null,"label":"From"},{"field":"template-subject","type":"static","value":"New coronavirus support request","secondaryValue":null,"label":"Subject"},{"field":"format","type":"static","value":"HTML","secondaryValue":null,"label":"Format"},{"field":"content","type":"static","value":"\n<p>You have a new support request.<\/p>\n\n<p>See all details below and\u00a0attached.\u00a0<\/p>\n\n<p>{{0}}<\/p>\n","secondaryValue":null,"label":"Content"},{"field":"contentPlain","type":"static","value":"","secondaryValue":null,"label":"Content"},{"field":"attachmentType","type":"static","value":"File","secondaryValue":null,"label":"Attachment"},{"field":"attachmentFormat","type":"static","value":"PDF","secondaryValue":null,"label":"Attachment format"},{"field":"attachmentContent","type":"static","value":"<p>{{0}}<\/p>","secondaryValue":null,"label":"Attachment content"},{"field":"attachmentPlain","type":"static","value":"","secondaryValue":null,"label":"Attachment content"}]}