{"id":482,"actionType":"Jadu\\XFormsPro\\Form\\Rules\\Actions\\Email\\EmailActionType","title":"Submission email - someone else","mappings":[{"field":"template-to","type":"static","value":"{{0}}","secondaryValue":null,"label":"To"},{"field":"template-from","type":"static","value":"noreply@notify.lincolnshire.gov.uk","secondaryValue":null,"label":"From"},{"field":"template-subject","type":"static","value":"Coronavirus action: Request for help received","secondaryValue":null,"label":"Subject"},{"field":"format","type":"static","value":"HTML","secondaryValue":null,"label":"Format"},{"field":"content","type":"static","value":"\n<p>Dear\u00a0{{0}}<\/p>\n\n<p>Thank\u00a0you for registering your request for help for\u00a0{{1}}.<\/p>\n\n<p>We will review this\u00a0and get in touch with you\u00a0as soon an possible.<\/p>\n\n<p>Demand for our service is high. If your request is urgent and you have not heard from us within two working days, please call 01522 782189 and select option 1.<\/p>\n\n<p>Opening hours are 9am to 5pm, Monday to Friday. We are closed on Bank Holidays.<\/p>\n\n<p>For more information and updates about coronavirus in Lincolnshire, visit <a href=\"https:\/\/gbr01.safelinks.protection.outlook.com\/?url=http%3A%2F%2Fwww.lincolnshire.gov.uk%2Fcoronavirus&amp;data=02%7C01%7C%7Cd3bc7f6ca7cf475995d608d7d00634d3%7Cb4e05b92f8ce46b59b2499ba5c11e5e9%7C0%7C0%7C637206597376691837&amp;sdata=EMFEg82bGYl%2BqnoR4fn8T%2Bf0HwYc8pLQWCkYt6x%2F4d0%3D&amp;reserved=0\" originalsrc=\"http:\/\/www.lincolnshire.gov.uk\/coronavirus\" shash=\"wno5HfSDHfedtZsf5lCftsHPhKL5MZJWKT9bAfwIHs1rPuzAJQ62PHf04mNh1W4dEW7v8TLVnVSEpehYvX2eR66XwFEAxKb8WfcPtcC1svsNAGKeLJXD8TXy\/aoyEOGMTjj2w+Q+9ElqSpg3JbESlHR0nN+i1qRjGmWsV2IlPQg=\">www.lincolnshire.gov.uk\/coronavirus<\/a><\/p>\n\n<p>Kind regards,<\/p>\n\n<p>Lincolnshire County Council<\/p>\n","secondaryValue":null,"label":"Content"},{"field":"contentPlain","type":"static","value":"","secondaryValue":null,"label":"Content"},{"field":"attachmentType","type":"static","value":"None","secondaryValue":null,"label":"Attachment"},{"field":"attachmentFormat","type":"static","value":"PDF","secondaryValue":null,"label":"Attachment format"},{"field":"attachmentContent","type":"static","value":"","secondaryValue":null,"label":"Attachment content"},{"field":"attachmentPlain","type":"static","value":"","secondaryValue":null,"label":"Attachment content"}]}