{"id":349,"name":"Risk Assessment Score","type":"maths","internalOnly":false,"formula":"[\"#0\",\"+\",\"#1\",\"+\",\"#2\",\"+\",\"#3\",\"+\",\"#4\",\"+\",\"#5\"]","decimalPlaces":0,"inputs":[{"field":"#0","type":"answer","value":"335-main-qf70f25128a1283c49529b94316120f0a58e414e9","secondaryValue":null},{"field":"#1","type":"answer","value":"335-main-qc9dac81dfae811c2f410cfcfaeac7df4e9e988e9","secondaryValue":null},{"field":"#2","type":"answer","value":"335-main-qc2ca1d5e9d4abfc84070eef398f60743563e8ba3","secondaryValue":null},{"field":"#3","type":"answer","value":"335-main-qcd0687c0acc0f8b6b482382bdfd5b99ffd5677c6","secondaryValue":null},{"field":"#4","type":"answer","value":"335-main-qcf2fc4cf8ebba3d69f355585ffbe731b911476dc","secondaryValue":null},{"field":"#5","type":"answer","value":"335-main-qd45478bc00f99215d5a542f3d025c71be08c0d15","secondaryValue":null}],"conditional":null}