[{"id":365,"templateID":270,"metadata":{"id":676,"title":"About the Incident","instructions":""}},{"id":366,"templateID":271,"metadata":{"id":677,"title":"About the Offenders","instructions":"<p><strong>Confidential:\u00a0This information will only be used by the Police.<\/strong><\/p>"}},{"id":367,"templateID":272,"metadata":{"id":678,"title":"About the Victim","instructions":"\n<p>The police take hate crime very seriously and will record and investigate this offence even if you do not want to give your details.\u00a0 However, you must know that the investigation and ability to prosecute the offender(s) is severely limited if the police cannot contact you.\u00a0<\/p>\n\n<ul>\n<li>They will always deal with the matter sensitively and you can speak to a specialist Diversity Liaison Officer if you wish.<\/li>\n\t<li>You may also specify how you are contacted and if contacting you would cause you any difficulities.<\/li>\n\t<li>We will not pass on your details without your consent and would ask you to consider giving your details confidentially.<\/li>\n\t<li>This information is confidential and for Police only.<\/li>\n\t<li>Private details are protected by the Data Protection Act.<\/li>\n<\/ul>\n"}},{"id":368,"templateID":273,"metadata":{"id":682,"title":"Monitoring Information","instructions":"<p>This information helps us to understand what is happening to people from different backgrounds locally.<\/p>"}},{"id":369,"templateID":274,"metadata":{"id":686,"title":"Contact and Information Sharing","instructions":"<p>Your report is important to us. This report\u00a0may be\u00a0sent to the local Police and will be recorded as a hate incident. An officer\u00a0may contact you through your preferred channel of communication.\u00a0<\/p>"}}]