{"id":895,"isFormSpecific":true,"version":{"metadata":{"id":2381,"title":"Your Application (524)","instructions":""},"sections":[{"name":"main","title":"main","showTitle":null,"hideInitially":null,"triggerQuestionName":null,"triggerQuestionSecondaryField":null,"triggerQuestionSection":null,"triggerOperator":null,"triggerAnswerValue":null,"isRepeatableQuestion":null,"repeatableQuestionSettings":[],"structure":"[{\"type\":\"question\",\"name\":\"qc33b5009291b8e5055f9a72b17660bc96e3559c9\"},{\"type\":\"question\",\"name\":\"qde0ed8f73f36777c08c18a8b04d5a4a3835bc26d\"},{\"type\":\"question\",\"name\":\"q8a6cb5a5efae81ab6b859dc32af8ae62981d8a7e\"},{\"type\":\"question\",\"name\":\"q17f70579a1cb07633788790dcfe8cdc83cda0f43\"},{\"type\":\"question\",\"name\":\"q26189a72823bb7dabee80b5511aafb2cba1bd2fb\"},{\"type\":\"question\",\"name\":\"q51b37f204fb8fb060b31cddc54e399b1b6b4d703\"},{\"type\":\"question\",\"name\":\"q1279ad6373a8f20a1724b725e711873d9b02fea4\"},{\"type\":\"question\",\"name\":\"q1bebb42e65ea2cb6081ccd0c01059283e1032b03\"},{\"type\":\"question\",\"name\":\"q077c3540c62994250224ddf83e604efd401ced92\"},{\"type\":\"question\",\"name\":\"qb3013a60b780ab9e85c4438c6d56dde57cf17755\"},{\"type\":\"question\",\"name\":\"qfcfac84dfa4e28a32c67fd8cbf8343659a6b24d6\"},{\"type\":\"question\",\"name\":\"q05103505b78988e633fa7dec020f0a0bdc31d020\"},{\"type\":\"question\",\"name\":\"qa667ae62d2a914dfa32eaa962f5fb66ba67d8352\"},{\"type\":\"question\",\"name\":\"q949caed8174a485ad04060ed58857922d9606212\"},{\"type\":\"question\",\"name\":\"q300444567b4a2bc79190f967348e1221a8e35232\"}]","questions":[{"name":"qc33b5009291b8e5055f9a72b17660bc96e3559c9","text":"Title","guid":"18eeb80469e722d4f3513ee0c5b183da219c6975","settings":[{"name":"required","value":"true"},{"name":"answers","value":"[{\"value\":\"mr\",\"text\":\"Mr\",\"data\":\"\",\"internal\":false},{\"value\":\"mrs\",\"text\":\"Mrs\",\"data\":\"\",\"internal\":false},{\"value\":\"miss\",\"text\":\"Miss\",\"data\":\"\",\"internal\":false},{\"value\":\"ms\",\"text\":\"Ms\",\"data\":\"\",\"internal\":false},{\"value\":\"dr\",\"text\":\"Dr\",\"data\":\"\",\"internal\":false}]"},{"name":"empty_option","value":"Please select..."}]},{"name":"qde0ed8f73f36777c08c18a8b04d5a4a3835bc26d","text":"First Name","guid":"7d7527893d7f786c9073e6a651a9c26181d9a661","settings":[{"name":"validation","value":"1"},{"name":"answer_length","value":"60"},{"name":"required","value":"true"}]},{"name":"q8a6cb5a5efae81ab6b859dc32af8ae62981d8a7e","text":"Middle Name","guid":"7d7527893d7f786c9073e6a651a9c26181d9a661","settings":[{"name":"validation","value":"1"},{"name":"answer_length","value":"80"}]},{"name":"q17f70579a1cb07633788790dcfe8cdc83cda0f43","text":"Last Name","guid":"7d7527893d7f786c9073e6a651a9c26181d9a661","settings":[{"name":"validation","value":"1"},{"name":"answer_length","value":"60"},{"name":"required","value":"true"}]},{"name":"q26189a72823bb7dabee80b5511aafb2cba1bd2fb","text":"Date of Birth","guid":"7d7527893d7f786c9073e6a651a9c26181d9a661","settings":[{"name":"validation","value":"17"},{"name":"answer_length","value":"10"},{"name":"required","value":"true"},{"name":"placeholder","value":"dd\/mm\/yyyy"},{"name":"help","value":"Enter in the format DD\/MM\/YYYY, including slashes."}]},{"name":"q51b37f204fb8fb060b31cddc54e399b1b6b4d703","text":"Contact Number","guid":"7d7527893d7f786c9073e6a651a9c26181d9a661","settings":[{"name":"validation","value":"7"},{"name":"answer_length","value":"13"},{"name":"required","value":"true"}]},{"name":"q1279ad6373a8f20a1724b725e711873d9b02fea4","text":"Email Address","guid":"7d7527893d7f786c9073e6a651a9c26181d9a661","settings":[{"name":"validation","value":"4"},{"name":"answer_length","value":"130"}]},{"name":"q1bebb42e65ea2cb6081ccd0c01059283e1032b03","text":"Business Name","guid":"7d7527893d7f786c9073e6a651a9c26181d9a661","settings":[{"name":"answer_length","value":"150"},{"name":"help","value":"This is the liable party for business rates. Use a sole trader name if no business name."}]},{"name":"q077c3540c62994250224ddf83e604efd401ced92","text":"Business Address","guid":"39c1d58d95f4fbb636ae61c4dccd9992ce707c24","settings":[{"name":"required","value":"true"},{"name":"help","value":"This is the property address as listed on your bill."},{"name":"rows","value":"5"},{"name":"cols","value":"50"}]},{"name":"qb3013a60b780ab9e85c4438c6d56dde57cf17755","text":"Business Rates Account Number","guid":"7d7527893d7f786c9073e6a651a9c26181d9a661","settings":[{"name":"required","value":"true"}]},{"name":"qfcfac84dfa4e28a32c67fd8cbf8343659a6b24d6","text":"Company Number","guid":"7d7527893d7f786c9073e6a651a9c26181d9a661","settings":[]},{"name":"q05103505b78988e633fa7dec020f0a0bdc31d020","text":"VAT Registration Number","guid":"7d7527893d7f786c9073e6a651a9c26181d9a661","settings":[]},{"name":"qa667ae62d2a914dfa32eaa962f5fb66ba67d8352","text":"Name on Bank Account","guid":"7d7527893d7f786c9073e6a651a9c26181d9a661","settings":[{"name":"validation","value":"1"},{"name":"answer_length","value":"130"},{"name":"required","value":"true"}]},{"name":"q949caed8174a485ad04060ed58857922d9606212","text":"Bank Account Number","guid":"7d7527893d7f786c9073e6a651a9c26181d9a661","settings":[{"name":"validation","value":"3"},{"name":"answer_length","value":"8"},{"name":"required","value":"true"}]},{"name":"q300444567b4a2bc79190f967348e1221a8e35232","text":"Bank Sort Code","guid":"7d7527893d7f786c9073e6a651a9c26181d9a661","settings":[{"name":"answer_length","value":"8"},{"name":"required","value":"true"}]}],"clauseType":null,"data":null}]}}