{"id":896,"isFormSpecific":true,"version":{"metadata":{"id":2382,"title":"Your Declaration (524)","instructions":""},"sections":[{"name":"main","title":"main","showTitle":null,"hideInitially":null,"triggerQuestionName":null,"triggerQuestionSecondaryField":null,"triggerQuestionSection":null,"triggerOperator":null,"triggerAnswerValue":null,"isRepeatableQuestion":null,"repeatableQuestionSettings":[],"structure":"[{\"type\":\"question\",\"name\":\"q40030384190bf701f15bcf0f6beb5a8310081589\"},{\"type\":\"question\",\"name\":\"q38f0f117138d9fd4d1285cac703ffe4fb1ccd1fd\"}]","questions":[{"name":"q40030384190bf701f15bcf0f6beb5a8310081589","text":"Declarations","guid":"Jadu\\XFormsPro\\Bundle\\StandardFormComponentBundle\\Component\\TextBlock\\TextBlockComponent","settings":[{"name":"value","value":"<ul>\n\t<li>I confirm that the business has not received more than &euro;800,000 in de minimis state aid, and that receiving a grant under this scheme for this or any other property, whether within NAME OF THE LOCATION or not, will not cause this limit to be exceeded.<\/li>\n<\/ul>\n\n<ul>\n\t<li>I confirm that I am authorised to sign this form as or on behalf of the rate payer.<\/li>\n<\/ul>\n\n<ul>\n\t<li>I confirm that the information contained in this form is true and complete to the best of my knowledge and belief.<\/li>\n<\/ul>\n\n<ul>\n\t<li>I understand that wilfully making a false statement on this form is an offence and may result in legal action being taken against me.<\/li>\n<\/ul>\n\n<p>&nbsp;<\/p>"}]},{"name":"q38f0f117138d9fd4d1285cac703ffe4fb1ccd1fd","text":"Agreement:","guid":"35af7c223e8fbb8346e66f3402cd1509c3b7fa71","settings":[{"name":"required","value":"true"},{"name":"answers","value":"[{\"value\":\"i_agree_to_the_above_declarations\",\"text\":\"I agree to the above declarations.\",\"data\":\"\",\"internal\":false}]"}]}],"clauseType":null,"data":null}]}}