[{"pageID":"Start","questionName":null,"sectionName":null,"questionPageID":null,"questionSecondaryField":null,"logicID":null,"ruleNumber":1,"conditionNumber":1,"conditionOptionID":null,"conditionOperator":null,"conditionLiteralValue":null,"conditionLiteralValueTwo":null,"goToPageID":"1190","clauseType":null,"data":null},{"pageID":"1190","questionName":null,"sectionName":null,"questionPageID":null,"questionSecondaryField":null,"logicID":null,"ruleNumber":1,"conditionNumber":1,"conditionOptionID":null,"conditionOperator":null,"conditionLiteralValue":null,"conditionLiteralValueTwo":null,"goToPageID":"Confirmation","clauseType":null,"data":null},{"pageID":"1191","questionName":null,"sectionName":null,"questionPageID":null,"questionSecondaryField":null,"logicID":null,"ruleNumber":1,"conditionNumber":1,"conditionOptionID":null,"conditionOperator":null,"conditionLiteralValue":null,"conditionLiteralValueTwo":null,"goToPageID":"1192","clauseType":null,"data":null},{"pageID":"1192","questionName":null,"sectionName":null,"questionPageID":null,"questionSecondaryField":null,"logicID":null,"ruleNumber":1,"conditionNumber":1,"conditionOptionID":null,"conditionOperator":null,"conditionLiteralValue":null,"conditionLiteralValueTwo":null,"goToPageID":"1195","clauseType":null,"data":null},{"pageID":"1193","questionName":null,"sectionName":null,"questionPageID":null,"questionSecondaryField":null,"logicID":null,"ruleNumber":1,"conditionNumber":1,"conditionOptionID":null,"conditionOperator":null,"conditionLiteralValue":null,"conditionLiteralValueTwo":null,"goToPageID":"1194","clauseType":null,"data":null},{"pageID":"1190","questionName":"qb5c769b4669273bb06e9e18d496652948688440d","sectionName":"main","questionPageID":"1190","questionSecondaryField":null,"logicID":null,"ruleNumber":2,"conditionNumber":1,"conditionOptionID":null,"conditionOperator":"equal","conditionLiteralValue":"myself","conditionLiteralValueTwo":null,"goToPageID":"1193","clauseType":null,"data":null},{"pageID":"1190","questionName":"qb5c769b4669273bb06e9e18d496652948688440d","sectionName":"main","questionPageID":"1190","questionSecondaryField":null,"logicID":null,"ruleNumber":3,"conditionNumber":1,"conditionOptionID":null,"conditionOperator":"equal","conditionLiteralValue":"someone_else","conditionLiteralValueTwo":null,"goToPageID":"1191","clauseType":null,"data":null},{"pageID":"1194","questionName":null,"sectionName":null,"questionPageID":null,"questionSecondaryField":null,"logicID":null,"ruleNumber":1,"conditionNumber":1,"conditionOptionID":null,"conditionOperator":null,"conditionLiteralValue":null,"conditionLiteralValueTwo":null,"goToPageID":"Confirmation","clauseType":null,"data":null},{"pageID":"1195","questionName":null,"sectionName":null,"questionPageID":null,"questionSecondaryField":null,"logicID":null,"ruleNumber":1,"conditionNumber":1,"conditionOptionID":null,"conditionOperator":null,"conditionLiteralValue":null,"conditionLiteralValueTwo":null,"goToPageID":"Confirmation","clauseType":null,"data":null}]