[{"id":1190,"templateID":764,"metadata":{"id":2137,"title":"Your details","instructions":""}},{"id":1191,"templateID":759,"metadata":{"id":2138,"title":"Person who needs help","instructions":""}},{"id":1192,"templateID":760,"metadata":{"id":2139,"title":"What support do they need?","instructions":""}},{"id":1193,"templateID":761,"metadata":{"id":2140,"title":"What help do you need?","instructions":""}},{"id":1194,"templateID":763,"metadata":{"id":2141,"title":"Who we share your information with","instructions":""}},{"id":1195,"templateID":762,"metadata":{"id":2142,"title":"Who we share this information with","instructions":""}}]