{"id":160,"isFormSpecific":false,"version":{"metadata":{"id":1166,"title":"Basic Equal Opportunities Monitoring","instructions":""},"sections":[{"name":"main","title":"main","showTitle":false,"hideInitially":false,"triggerQuestionName":null,"triggerQuestionSecondaryField":null,"triggerQuestionSection":null,"triggerOperator":null,"triggerAnswerValue":null,"isRepeatableQuestion":false,"repeatableQuestionSettings":[],"structure":"[{\"type\":\"question\",\"name\":\"qfdfbb035330daaf3d08a1197cf79a8e79ce11a0d\"},{\"type\":\"question\",\"name\":\"q6c8a72f2fb6ca5b73b90fdf5020dc84f42a92af8\"},{\"type\":\"question\",\"name\":\"qdc162cd5c5609d60739f0f8d4e8bb77d2fcd4a62\"},{\"type\":\"section\",\"name\":\"sb6b4314fdf64609001f6354afad12b5064bfac49\",\"elements\":[{\"type\":\"question\",\"name\":\"qa954bdcaac1ff27fd957c5d1c3eb1b0a195df73c\"},{\"type\":\"question\",\"name\":\"q91744d4d710c3145f484c090e5a89a3cfc5b842a\"}]},{\"type\":\"question\",\"name\":\"q6f9e3c6b2fffa30852c3b28d8f855835882fa535\"},{\"type\":\"section\",\"name\":\"s202059afba8d248316199e19f1a3b74cac9a8619\"}]","questions":[{"name":"qfdfbb035330daaf3d08a1197cf79a8e79ce11a0d","text":"Gender","guid":"18eeb80469e722d4f3513ee0c5b183da219c6975","number":1,"settings":[{"name":"answers","value":"[{\"value\":\"male\",\"text\":\"Male\",\"data\":\"\",\"internal\":false},{\"value\":\"female\",\"text\":\"Female\",\"data\":\"\",\"internal\":false}]"},{"name":"empty_option","value":"Please select..."}]},{"name":"q6c8a72f2fb6ca5b73b90fdf5020dc84f42a92af8","text":"Date of Birth","guid":"51128cb652b0e7d12d391781cffde80d4e26ca8b","number":2,"settings":[{"name":"accept_only_past_dates","value":"true"},{"name":"accept_only_past_dates_relative_value","value":""}]},{"name":"qdc162cd5c5609d60739f0f8d4e8bb77d2fcd4a62","text":"Do you perceive yourself to have a disability?","guid":"18eeb80469e722d4f3513ee0c5b183da219c6975","number":3,"settings":[{"name":"answers","value":"[{\"value\":\"yes\",\"text\":\"Yes\",\"data\":\"\",\"internal\":false},{\"value\":\"no\",\"text\":\"No\",\"data\":\"\",\"internal\":false}]"},{"name":"empty_option","value":"Please select..."}]},{"name":"q6f9e3c6b2fffa30852c3b28d8f855835882fa535","text":"What is your ethnic origin?","guid":"18eeb80469e722d4f3513ee0c5b183da219c6975","number":4,"settings":[{"name":"answers","value":"[{\"value\":\"asian_or_asian_british\",\"text\":\"Asian or Asian British\",\"data\":\"\",\"internal\":false},{\"value\":\"black_or_black_british\",\"text\":\"Black or Black British\",\"data\":\"\",\"internal\":false},{\"value\":\"chinese\",\"text\":\"Chinese\",\"data\":\"\",\"internal\":false},{\"value\":\"mixed_ethnic_eg_white_black_caribbean_white_asian\",\"text\":\"Mixed Ethnic (e.g. White & Black Caribbean, White & Asian)\",\"data\":\"\",\"internal\":false},{\"value\":\"white\",\"text\":\"White\",\"data\":\"\",\"internal\":false},{\"value\":\"other_ethnic_group\",\"text\":\"Other Ethnic Group\",\"data\":\"\",\"internal\":false}]"},{"name":"empty_option","value":"Please select..."}]}],"clauseType":null,"data":null},{"name":"s202059afba8d248316199e19f1a3b74cac9a8619","title":"Other Ethnic Origin","showTitle":false,"hideInitially":true,"triggerQuestionName":"q6f9e3c6b2fffa30852c3b28d8f855835882fa535","triggerQuestionSecondaryField":null,"triggerQuestionSection":"main","triggerOperator":"equal","triggerAnswerValue":"other_ethnic_group","isRepeatableQuestion":false,"repeatableQuestionSettings":[],"structure":"[{\"type\":\"question\",\"name\":\"qa29a9fedfb5ffc8fca0be2d5f8ad6cb57d404664\"}]","questions":[{"name":"qa29a9fedfb5ffc8fca0be2d5f8ad6cb57d404664","text":"If 'Other Ethnic Group' please state which:","guid":"7d7527893d7f786c9073e6a651a9c26181d9a661","number":1,"settings":[]}],"clauseType":null,"data":null},{"name":"sb6b4314fdf64609001f6354afad12b5064bfac49","title":"Disability Details","showTitle":false,"hideInitially":true,"triggerQuestionName":"qdc162cd5c5609d60739f0f8d4e8bb77d2fcd4a62","triggerQuestionSecondaryField":null,"triggerQuestionSection":"main","triggerOperator":"equal","triggerAnswerValue":"yes","isRepeatableQuestion":false,"repeatableQuestionSettings":[],"structure":"[{\"type\":\"question\",\"name\":\"q91744d4d710c3145f484c090e5a89a3cfc5b842a\"}]","questions":[{"name":"q91744d4d710c3145f484c090e5a89a3cfc5b842a","text":"Additional information about your disability","guid":"39c1d58d95f4fbb636ae61c4dccd9992ce707c24","number":2,"settings":[{"name":"rows","value":"4"},{"name":"cols","value":"40"}]}],"clauseType":null,"data":null}]}}