{"form.json":"099bfb178000b6d05f3af4306c28501d475bd76d","page-templates\/Equipment_requirements_(733).json":"1212a4f66a9da34eb6a1c314d3d49e72e99dab5e","page-templates\/Provider_details_(733).json":"734804d0d069ea998e50edf98866d9ad20cc0463","structure\/pages.json":"6bd3c42374663bad82199942264532a698007b2f","structure\/branching.json":"5fb89b47757aa4f170a20f3dbea5be166b8eb307","actions\/rules\/Completion_screen.json":"1ebe637a033bfc6db495be54d25807da390f2356","actions\/templates\/Completion_screen.json":"0ad36481685871acf84b8ee36947babb039cf2f6","misc\/pdfs.json":"97d170e1550eee4afc0af065b78cda302a97674c","misc\/prefills.json":"ea4ca678ca49528712b4c440b1ddc3dd74d0ebb4","misc\/placeholders.json":"97d170e1550eee4afc0af065b78cda302a97674c","misc\/logic_definitions.json":"97d170e1550eee4afc0af065b78cda302a97674c","misc\/logics\/Priority.json":"1b70d6f00528e441893b8a40365bb8d69d5bc0e7","misc\/logics\/Size.json":"e679a1a096e9fdcba622eb75a662b513ff211862","misc\/logics\/Suggested_pack_size_-_alcohol_gel.json":"6e4b7156f564d2cb95501d1838e8e1ca8d9f504b","misc\/logics\/Suggested_pack_size_-_apron.json":"7d3b5e748904b8663e4e7d5d932ba990e3a56928","misc\/logics\/Suggested_pack_size_-_apron_(non_DC).json":"6f3c0d27573967ad98bf9d4a3ae81fec7bb75fb2","misc\/logics\/Suggested_pack_size_-_gloves.json":"431f8614ede40f3a932f1bb676b4cd115c51afb7","misc\/logics\/Suggested_pack_size_-_surgical_face_mask,_eye_protectors.json":"49019d9fc563330559ca60ad4272ab703639f70f","misc\/logics\/Today's_date.json":"106e07d7e318d4d4d0fc31f501a4f2bfc24c658c","misc\/ic_inputs.json":"97d170e1550eee4afc0af065b78cda302a97674c","misc\/data-retention.json":"fa8b819d756eec4a4f185f5465ef79b349ea9ce4"}