{"title":"COVID-19 - Emergency PPE Request Copy","instructions":"","progressBar":"0","allowUnregistered":"1","resumeAtStart":"0","reCaptcha":"0","internalOnly":0,"metadata":{"id":"595","itemID":"733","creator":"Simon Gray","contributor":"","publisher":"Birmingham City Council","rights":"Copyright Birmingham City Council","source":"","status":"V1.0 Public Consumption","coverage":"Birmingham, England, UK, Europe","created":1590102000,"modified":1590102000,"valid":null,"expired":null,"format":"text\/html","language":"en","subject":"","description":"PPE order form"},"categories":[{"id":"5475","categoryType":"Navigation","itemID":733,"categoryID":"20018"}]}