{"id":1476,"name":"If yes","type":"literal","internalOnly":false,"formula":"[\"#0\",\"#1\",\"#2\"]","decimalPlaces":null,"inputs":[{"field":"#0","type":"answer","value":"1231-s0623a765c15b47e297c2854c8339bda1158bd27a-qaae97d37d9eaf04b496c1aa6422463523de9283d","secondaryValue":null},{"field":"#1","type":"answer","value":"1232-s5567bce57c216b096bc75c6221d517e80ff56f23-q5885a8a8c0339a93f9e9437b291793bb7233ffea","secondaryValue":null},{"field":"#2","type":"answer","value":"1233-sd7ebc6c9df41e8ee091500eae893133dbdb4ed6c-q082f15c074a4cd08d6cc61bdd8120c9c68f5d1d5","secondaryValue":null}],"conditional":null}