{"id":1477,"name":"Property","type":"literal","internalOnly":false,"formula":"[\"#0\",\"#1\",\"#2\"]","decimalPlaces":null,"inputs":[{"field":"#0","type":"answer","value":"1231-s93130410ad974c7545bc3943c4d569a72094fac8-q6a0b6f04910d16b059809c48eba19b218ecb4f2e","secondaryValue":"retraced"},{"field":"#1","type":"answer","value":"1232-s0419d57cfc4d0c8dc53642a646079574c0363f47-q20c7f035ffd9040c8122338f2776a7a4200e9da6","secondaryValue":"retraced"},{"field":"#2","type":"answer","value":"1233-sd18f2e0f03415081c84e57b799f5325424f8c38d-qd5ff6f5816a5329734069fb4f719ec776a4ce5ea","secondaryValue":"retraced"}],"conditional":null}