{"id":1478,"name":"Street","type":"literal","internalOnly":false,"formula":"[\"#0\",\"#1\",\"#2\"]","decimalPlaces":null,"inputs":[{"field":"#0","type":"answer","value":"1231-s0623a765c15b47e297c2854c8339bda1158bd27a-qa7228ca573a224f624ca3f1402a392f74e169e01","secondaryValue":"retraced"},{"field":"#1","type":"answer","value":"1232-s5567bce57c216b096bc75c6221d517e80ff56f23-qe654433fab19dca343a5543e28b6daf9df7c58cc","secondaryValue":"retraced"},{"field":"#2","type":"answer","value":"1233-sd7ebc6c9df41e8ee091500eae893133dbdb4ed6c-q5fa65df1cc3ed278fbc9d6b65969690b2ac433fd","secondaryValue":"retraced"}],"conditional":null}