{"id":385,"isFormSpecific":false,"version":{"metadata":{"id":1004,"title":"Personal Details (with DOB)","instructions":""},"sections":[{"name":"main","title":"main","showTitle":null,"hideInitially":null,"triggerQuestionName":null,"triggerQuestionSecondaryField":null,"triggerQuestionSection":null,"triggerOperator":null,"triggerAnswerValue":null,"isRepeatableQuestion":null,"repeatableQuestionSettings":[],"structure":"[{\"type\":\"question\",\"name\":\"q706974afbfd0ca94f572f001d4b5427b4ed59b7a\"},{\"type\":\"question\",\"name\":\"q83f0ecda5783916af6998851475a0493b27aaf4e\"},{\"type\":\"question\",\"name\":\"qe4ac2939664232d1dc572af14e3a69ec6eeb09f7\"},{\"type\":\"question\",\"name\":\"qa1cc74778beae972298b72b91f8a66a6589280b7\"},{\"type\":\"question\",\"name\":\"q401a73a9ef3cb97dcb2e58af398fe6ccd64d3e8e\"}]","questions":[{"name":"q706974afbfd0ca94f572f001d4b5427b4ed59b7a","text":"Full Name","guid":"7d7527893d7f786c9073e6a651a9c26181d9a661","settings":[{"name":"required","value":"true"}]},{"name":"q83f0ecda5783916af6998851475a0493b27aaf4e","text":"Phone Number","guid":"7d7527893d7f786c9073e6a651a9c26181d9a661","settings":[{"name":"required","value":"true"}]},{"name":"qe4ac2939664232d1dc572af14e3a69ec6eeb09f7","text":"Email Address","guid":"7d7527893d7f786c9073e6a651a9c26181d9a661","settings":[{"name":"validation","value":"4"},{"name":"required","value":"true"}]},{"name":"qa1cc74778beae972298b72b91f8a66a6589280b7","text":"Date of Birth","guid":"51128cb652b0e7d12d391781cffde80d4e26ca8b","settings":[{"name":"required","value":"true"},{"name":"accept_only_past_dates","value":"true"},{"name":"accept_only_past_dates_relative_value","value":""}]},{"name":"q401a73a9ef3cb97dcb2e58af398fe6ccd64d3e8e","text":"Would you like to register for the Council's newsletter?","guid":"Jadu\\XFormsPro\\Bundle\\StandardFormComponentBundle\\Component\\RadioButtons\\RadioButtonsComponent","settings":[{"name":"required","value":"true"},{"name":"help","value":"The Council's newsletter is your fortnightly reminder of what Council is up to at the moment and how to get involved"},{"name":"answers","value":"[{\"value\":\"yes\",\"text\":\"Yes\",\"data\":\"\",\"internal\":false},{\"value\":\"no\",\"text\":\"No\",\"data\":\"\",\"internal\":false}]"}]}],"clauseType":null,"data":null}]}}