{"id":386,"isFormSpecific":false,"version":{"metadata":{"id":1005,"title":"Update Details","instructions":""},"sections":[{"name":"s8f836193ac184bbf814335dd1fbe9f0c16d1b6ff","title":"Change of address","showTitle":false,"hideInitially":true,"triggerQuestionName":"q3595a7a2e826190a2547405343ba7595dd7edd6c","triggerQuestionSecondaryField":null,"triggerQuestionSection":"main","triggerOperator":"equal","triggerAnswerValue":"yes","isRepeatableQuestion":false,"repeatableQuestionSettings":[],"structure":"[{\"type\":\"question\",\"name\":\"q3ee28b4eb61d892b2d04384103252bb029fe5435\"},{\"type\":\"question\",\"name\":\"q899eeb8ae718bae5b5d690e49ec1c184c53e0eaf\"},{\"type\":\"question\",\"name\":\"qe8c595197a4cae9d56b1074ebf1a9bc4507f303f\"},{\"type\":\"section\",\"name\":\"s4af8994fa4025f51e7b59b5b74aa73ba2c6f6952\"}]","questions":[{"name":"q3ee28b4eb61d892b2d04384103252bb029fe5435","text":"Previous Postal Address","guid":"7d7527893d7f786c9073e6a651a9c26181d9a661","settings":[{"name":"required","value":"true"}]},{"name":"q899eeb8ae718bae5b5d690e49ec1c184c53e0eaf","text":"New Postal Address","guid":"7d7527893d7f786c9073e6a651a9c26181d9a661","settings":[{"name":"required","value":"true"}]},{"name":"qe8c595197a4cae9d56b1074ebf1a9bc4507f303f","text":"Do you have an animal registered with Council?","guid":"Jadu\\XFormsPro\\Bundle\\StandardFormComponentBundle\\Component\\Dropdown\\DropdownComponent","settings":[{"name":"required","value":"true"},{"name":"answers","value":"[{\"value\":\"yes\",\"text\":\"Yes\",\"data\":\"\",\"internal\":false},{\"value\":\"no\",\"text\":\"No\",\"data\":\"\",\"internal\":false}]"},{"name":"empty_option","value":"Please select..."}]}],"clauseType":null,"data":null},{"name":"s45a7596e42451e373990d6c51a8e5f4d3b6232e3","title":"Name change","showTitle":false,"hideInitially":true,"triggerQuestionName":"q5ffbfd7ad4da4a1025bf26ef8c27dc698eb284dc","triggerQuestionSecondaryField":null,"triggerQuestionSection":"main","triggerOperator":"equal","triggerAnswerValue":"yes","isRepeatableQuestion":false,"repeatableQuestionSettings":[],"structure":"[{\"type\":\"question\",\"name\":\"qd7a4100b971c6c2ed9173d7a5eb2ae942327331f\"},{\"type\":\"question\",\"name\":\"qbb536ee1810a157cd297011940f902ae5b397d3b\"}]","questions":[{"name":"qd7a4100b971c6c2ed9173d7a5eb2ae942327331f","text":"Previous Name","guid":"7d7527893d7f786c9073e6a651a9c26181d9a661","settings":[{"name":"required","value":"true"}]},{"name":"qbb536ee1810a157cd297011940f902ae5b397d3b","text":"Current Name","guid":"7d7527893d7f786c9073e6a651a9c26181d9a661","settings":[{"name":"required","value":"true"}]}],"clauseType":null,"data":null},{"name":"s217bd2166ce648f5421f2a43ca96c72b3ad8abda","title":"Comments","showTitle":false,"hideInitially":true,"triggerQuestionName":"qb6de0402636752e48555744ea9a21e215e6d19b1","triggerQuestionSecondaryField":null,"triggerQuestionSection":"main","triggerOperator":"equal","triggerAnswerValue":"no","isRepeatableQuestion":false,"repeatableQuestionSettings":[],"structure":"[{\"type\":\"question\",\"name\":\"q5656ee3e4ba0b08681cd96fadf279aec8d523c0f\"}]","questions":[{"name":"q5656ee3e4ba0b08681cd96fadf279aec8d523c0f","text":"Please provide us with details of the departments to update with these changes","guid":"Jadu\\XFormsPro\\Bundle\\StandardFormComponentBundle\\Component\\TextArea\\TextAreaComponent","settings":[{"name":"required","value":"true"},{"name":"rows","value":"4"},{"name":"cols","value":"40"}]}],"clauseType":null,"data":null},{"name":"s4af8994fa4025f51e7b59b5b74aa73ba2c6f6952","title":"Animal details","showTitle":false,"hideInitially":true,"triggerQuestionName":"qe8c595197a4cae9d56b1074ebf1a9bc4507f303f","triggerQuestionSecondaryField":null,"triggerQuestionSection":"s8f836193ac184bbf814335dd1fbe9f0c16d1b6ff","triggerOperator":"equal","triggerAnswerValue":"yes","isRepeatableQuestion":false,"repeatableQuestionSettings":[],"structure":"[{\"type\":\"question\",\"name\":\"qdaf196080d3e29c7fa4ac5d16f38f22c0181ed67\"},{\"type\":\"question\",\"name\":\"q060e1c0d7447611258ccc638cf5b00f33a5457c6\"},{\"type\":\"question\",\"name\":\"q707691d47f586f80c660ed56b5de6ea8ec286f2f\"}]","questions":[{"name":"qdaf196080d3e29c7fa4ac5d16f38f22c0181ed67","text":"Animal Reference Number(s) and Name(s)","guid":"Jadu\\XFormsPro\\Bundle\\StandardFormComponentBundle\\Component\\TextArea\\TextAreaComponent","settings":[{"name":"required","value":"true"},{"name":"rows","value":"4"},{"name":"cols","value":"40"}]},{"name":"q060e1c0d7447611258ccc638cf5b00f33a5457c6","text":"Previous Animal Location","guid":"Jadu\\XFormsPro\\Bundle\\StandardFormComponentBundle\\Component\\TextField\\TextFieldComponent","settings":[{"name":"required","value":"true"}]},{"name":"q707691d47f586f80c660ed56b5de6ea8ec286f2f","text":"Current Animal Location","guid":"Jadu\\XFormsPro\\Bundle\\StandardFormComponentBundle\\Component\\TextField\\TextFieldComponent","settings":[{"name":"required","value":"true"}]}],"clauseType":null,"data":null},{"name":"main","title":"main","showTitle":null,"hideInitially":null,"triggerQuestionName":null,"triggerQuestionSecondaryField":null,"triggerQuestionSection":null,"triggerOperator":null,"triggerAnswerValue":null,"isRepeatableQuestion":null,"repeatableQuestionSettings":[],"structure":"[{\"type\":\"question\",\"name\":\"qc9e73749eac1a33043fc3467b361ef8405c34fd8\"},{\"type\":\"question\",\"name\":\"q253b93933594c8a22579721878995f4716495172\"},{\"type\":\"question\",\"name\":\"q3595a7a2e826190a2547405343ba7595dd7edd6c\"},{\"type\":\"section\",\"name\":\"s8f836193ac184bbf814335dd1fbe9f0c16d1b6ff\"},{\"type\":\"question\",\"name\":\"q5ffbfd7ad4da4a1025bf26ef8c27dc698eb284dc\"},{\"type\":\"section\",\"name\":\"s45a7596e42451e373990d6c51a8e5f4d3b6232e3\"},{\"type\":\"question\",\"name\":\"qb6de0402636752e48555744ea9a21e215e6d19b1\"},{\"type\":\"section\",\"name\":\"s217bd2166ce648f5421f2a43ca96c72b3ad8abda\"}]","questions":{"0":{"name":"qc9e73749eac1a33043fc3467b361ef8405c34fd8","text":"Assessment Number","guid":"Jadu\\XFormsPro\\Bundle\\StandardFormComponentBundle\\Component\\TextField\\TextFieldComponent","settings":[]},"1":{"name":"q253b93933594c8a22579721878995f4716495172","text":"Property Address","guid":"7d7527893d7f786c9073e6a651a9c26181d9a661","settings":[{"name":"required","value":"true"}]},"2":{"name":"q3595a7a2e826190a2547405343ba7595dd7edd6c","text":"Have you changed postal address?","guid":"18eeb80469e722d4f3513ee0c5b183da219c6975","settings":[{"name":"required","value":"true"},{"name":"answers","value":"[{\"value\":\"yes\",\"text\":\"Yes\",\"data\":\"\",\"internal\":false},{\"value\":\"no\",\"text\":\"No\",\"data\":\"\",\"internal\":false}]"},{"name":"empty_option","value":"Please select..."}]},"4":{"name":"q5ffbfd7ad4da4a1025bf26ef8c27dc698eb284dc","text":"Have you changed name?","guid":"18eeb80469e722d4f3513ee0c5b183da219c6975","settings":[{"name":"answers","value":"[{\"value\":\"yes\",\"text\":\"Yes\",\"data\":\"\",\"internal\":false},{\"value\":\"no\",\"text\":\"No\",\"data\":\"\",\"internal\":false}]"},{"name":"empty_option","value":"Please select..."}]},"6":{"name":"qb6de0402636752e48555744ea9a21e215e6d19b1","text":"Would you like all departments within Council to reflect these changes?","guid":"18eeb80469e722d4f3513ee0c5b183da219c6975","settings":[{"name":"required","value":"true"},{"name":"answers","value":"[{\"value\":\"yes\",\"text\":\"Yes\",\"data\":\"\",\"internal\":false},{\"value\":\"no\",\"text\":\"No\",\"data\":\"\",\"internal\":false}]"},{"name":"empty_option","value":"Please select..."}]}},"clauseType":null,"data":null}]}}