[{"contentIdentifier":"1268_content","contentType":"ActionTemplateMapping","field":"0","type":"variable","value":"Jadu\\XFormsPro\\Bundle\\StandardFormComponentBundle\\VariableDefinition\\CXMCaseReferenceDefinition","secondaryValue":null},{"contentIdentifier":"1267_template-to","contentType":"ActionTemplateMapping","field":"0","type":"answer","value":"2032-main-qeb228d314c7cc3e2b0d05d7a5faf6465acf8d2c0","secondaryValue":null},{"contentIdentifier":"1267_content","contentType":"ActionTemplateMapping","field":"0","type":"variable","value":"Jadu\\XFormsPro\\Bundle\\StandardFormComponentBundle\\VariableDefinition\\CXMCaseReferenceDefinition","secondaryValue":null}]