{"form.json":"7eea8ffc53d256c376c8cf0aa0ff4f576fef1be4","page-templates\/Customer_Details_(UK).json":"44937f44cb46365c9828bbfc457dc333635b8740","page-templates\/FOI_Request_Details.json":"39975c67353b7d8167376c46698ee251b268633a","structure\/pages.json":"cccd23238a67833bcf0a32fc1698b5090f6d174e","structure\/branching.json":"ef627993daf42c1ff3cfabc2ed6f56a1fd3ed693","misc\/pdfs.json":"97d170e1550eee4afc0af065b78cda302a97674c","misc\/prefills.json":"97d170e1550eee4afc0af065b78cda302a97674c","misc\/placeholders.json":"97d170e1550eee4afc0af065b78cda302a97674c","misc\/logic_definitions.json":"97d170e1550eee4afc0af065b78cda302a97674c","misc\/ic_inputs.json":"97d170e1550eee4afc0af065b78cda302a97674c","misc\/data-retention.json":"fa8b819d756eec4a4f185f5465ef79b349ea9ce4"}