{"title":"Freedom of Information Request","instructions":"\n<p>Use this form to request information about what we do if you can't find it on our website.<\/p>\n\n<p>We will reply to you within 20 working days.<\/p>\n","progressBar":"0","allowUnregistered":"1","resumeAtStart":"0","reCaptcha":"0","internalOnly":0,"metadata":{"id":"155","itemID":"293","creator":"Paul Johnson","contributor":"","publisher":"Sandbox 04","rights":"Sandbox 04","source":"","status":"V1.0 Public Consumption","coverage":"UK","created":1569452400,"modified":1569452400,"valid":null,"expired":null,"format":"text\/html","language":"en","subject":"","description":"Make a Freedom of Information request."},"categories":[{"id":"2866","categoryType":"Navigation","itemID":293,"categoryID":"200129"}]}