{"import_id":null,"import_version":2,"imported_resource":{"alertEmailTemplate_keys":{"alert-email-template::case-type::covid-19-community-form-1::new-case":{"identifier":"new-case","label":"New Case","resource_type":"alert-email-template","scope_key":{"identifier":"covid-19-community-form-1","label":"COVID-19 Community Assistance","resource_type":"case-type","scope_key":null}},"alert-email-template::case-type::covid-19-community-form-1::to-customer-further-information-request":{"identifier":"to-customer-further-information-request","label":"To customer - Further Information Request","resource_type":"alert-email-template","scope_key":{"identifier":"covid-19-community-form-1","label":"COVID-19 Community Assistance","resource_type":"case-type","scope_key":null}},"alert-email-template::case-type::covid-19-community-form-1::to-customer-case-resolved":{"identifier":"to-customer-case-resolved","label":"To customer - case resolved","resource_type":"alert-email-template","scope_key":{"identifier":"covid-19-community-form-1","label":"COVID-19 Community Assistance","resource_type":"case-type","scope_key":null}},"alert-email-template::case-type::covid-19-community-form-1::to-customer-update":{"identifier":"to-customer-update","label":"To customer - update","resource_type":"alert-email-template","scope_key":{"identifier":"covid-19-community-form-1","label":"COVID-19 Community Assistance","resource_type":"case-type","scope_key":null}},"alert-email-template::case-type::covid-19-community-form-1::to-customer-update-received":{"identifier":"to-customer-update-received","label":"To customer - update received","resource_type":"alert-email-template","scope_key":{"identifier":"covid-19-community-form-1","label":"COVID-19 Community Assistance","resource_type":"case-type","scope_key":null}},"alert-email-template::case-type::covid-19-community-form-1::to-staff-response-received":{"identifier":"to-staff-response-received","label":"To staff - response received","resource_type":"alert-email-template","scope_key":{"identifier":"covid-19-community-form-1","label":"COVID-19 Community Assistance","resource_type":"case-type","scope_key":null}},"alert-email-template::case-type::covid-19-community-form-1::to-staff-no-response-from-customer":{"identifier":"to-staff-no-response-from-customer","label":"To staff - no response from customer\u200b","resource_type":"alert-email-template","scope_key":{"identifier":"covid-19-community-form-1","label":"COVID-19 Community Assistance","resource_type":"case-type","scope_key":null}},"alert-email-template::case-type::covid-19-community-form-1::to-staff-message-resent":{"identifier":"to-staff-message-resent","label":"To staff - message resent","resource_type":"alert-email-template","scope_key":{"identifier":"covid-19-community-form-1","label":"COVID-19 Community Assistance","resource_type":"case-type","scope_key":null}},"alert-email-template::case-type::covid-19-community-form-1::new-membership-added-to-case":{"identifier":"new-membership-added-to-case","label":"New membership added to case","resource_type":"alert-email-template","scope_key":{"identifier":"covid-19-community-form-1","label":"COVID-19 Community Assistance","resource_type":"case-type","scope_key":null}}},"auto_assign_users":true,"case_limits":{"primary-address":null},"case_type_group_key":null,"default":false,"form_keys":{"case-form::case-type::covid-19-community-form-1::new-covid-19-community-form":{"identifier":"new-covid-19-community-form","label":"New COVID-19 Community form","resource_type":"case-form","scope_key":{"identifier":"covid-19-community-form-1","label":"COVID-19 Community Assistance","resource_type":"case-type","scope_key":null}},"case-form::case-type::covid-19-community-form-1::edit-covid-19-community-form":{"identifier":"edit-covid-19-community-form","label":"Edit COVID-19 Community form","resource_type":"case-form","scope_key":{"identifier":"covid-19-community-form-1","label":"COVID-19 Community Assistance","resource_type":"case-type","scope_key":null}},"case-form::case-type::covid-19-community-form-1::message-customer-you-must-request-a-response-if-you-require-the-customer-to-upload-documents":{"identifier":"message-customer-you-must-request-a-response-if-you-require-the-customer-to-upload-documents","label":"Message customer - You must request a response if you require the customer to upload documents","resource_type":"case-form","scope_key":{"identifier":"covid-19-community-form-1","label":"COVID-19 Community Assistance","resource_type":"case-type","scope_key":null}},"case-form::case-type::covid-19-community-form-1::customer-response-add-the-update-in-the-box-below":{"identifier":"customer-response-add-the-update-in-the-box-below","label":"Customer response - Add the update in the box below","resource_type":"case-form","scope_key":{"identifier":"covid-19-community-form-1","label":"COVID-19 Community Assistance","resource_type":"case-type","scope_key":null}}},"key":{"identifier":"covid-19-community-form-1","label":"COVID-19 Community Assistance","resource_type":"case-type","scope_key":null},"personal_data_redaction":true,"reference_format":"CFF%'06d","rule_keys":{"rule::case-type::covid-19-community-form-1::30019":{"identifier":"30019","label":"New Case (R2)","resource_type":"rule","scope_key":{"identifier":"covid-19-community-form-1","label":"COVID-19 Community Assistance","resource_type":"case-type","scope_key":null}},"rule::case-type::covid-19-community-form-1::30020":{"identifier":"30020","label":"To customer - information request (R3)","resource_type":"rule","scope_key":{"identifier":"covid-19-community-form-1","label":"COVID-19 Community Assistance","resource_type":"case-type","scope_key":null}},"rule::case-type::covid-19-community-form-1::30021":{"identifier":"30021","label":"New membership added to case","resource_type":"rule","scope_key":{"identifier":"covid-19-community-form-1","label":"COVID-19 Community Assistance","resource_type":"case-type","scope_key":null}},"rule::case-type::covid-19-community-form-1::30022":{"identifier":"30022","label":"No response (5days)","resource_type":"rule","scope_key":{"identifier":"covid-19-community-form-1","label":"COVID-19 Community Assistance","resource_type":"case-type","scope_key":null}},"rule::case-type::covid-19-community-form-1::30023":{"identifier":"30023","label":"Send no response email","resource_type":"rule","scope_key":{"identifier":"covid-19-community-form-1","label":"COVID-19 Community Assistance","resource_type":"case-type","scope_key":null}},"rule::case-type::covid-19-community-form-1::30024":{"identifier":"30024","label":"To customer - update","resource_type":"rule","scope_key":{"identifier":"covid-19-community-form-1","label":"COVID-19 Community Assistance","resource_type":"case-type","scope_key":null}},"rule::case-type::covid-19-community-form-1::30025":{"identifier":"30025","label":"To customer and staff - customer responded","resource_type":"rule","scope_key":{"identifier":"covid-19-community-form-1","label":"COVID-19 Community Assistance","resource_type":"case-type","scope_key":null}},"rule::case-type::covid-19-community-form-1::30026":{"identifier":"30026","label":"To customer and staff - resend message","resource_type":"rule","scope_key":{"identifier":"covid-19-community-form-1","label":"COVID-19 Community Assistance","resource_type":"case-type","scope_key":null}},"rule::case-type::covid-19-community-form-1::30027":{"identifier":"30027","label":"Close case (R4)","resource_type":"rule","scope_key":{"identifier":"covid-19-community-form-1","label":"COVID-19 Community Assistance","resource_type":"case-type","scope_key":null}}},"status_keys":{"case-status::case-type::covid-19-community-form-1::submitted":{"identifier":"submitted","label":"Submitted","resource_type":"case-status","scope_key":{"identifier":"covid-19-community-form-1","label":"COVID-19 Community Assistance","resource_type":"case-type","scope_key":null}},"case-status::case-type::covid-19-community-form-1::in-progress":{"identifier":"in-progress","label":"In progress","resource_type":"case-status","scope_key":{"identifier":"covid-19-community-form-1","label":"COVID-19 Community Assistance","resource_type":"case-type","scope_key":null}},"case-status::case-type::covid-19-community-form-1::message-customer":{"identifier":"message-customer","label":"Message customer","resource_type":"case-status","scope_key":{"identifier":"covid-19-community-form-1","label":"COVID-19 Community Assistance","resource_type":"case-type","scope_key":null}},"case-status::case-type::covid-19-community-form-1::customer-responded":{"identifier":"customer-responded","label":"Customer responded","resource_type":"case-status","scope_key":{"identifier":"covid-19-community-form-1","label":"COVID-19 Community Assistance","resource_type":"case-type","scope_key":null}},"case-status::case-type::covid-19-community-form-1::closed":{"identifier":"closed","label":"Closed","resource_type":"case-status","scope_key":{"identifier":"covid-19-community-form-1","label":"COVID-19 Community Assistance","resource_type":"case-type","scope_key":null}},"case-status::case-type::covid-19-community-form-1::no-response-from-customer":{"identifier":"no-response-from-customer","label":"No Response From Customer","resource_type":"case-status","scope_key":{"identifier":"covid-19-community-form-1","label":"COVID-19 Community Assistance","resource_type":"case-type","scope_key":null}}},"transition_keys":{"case-transition::case-type::covid-19-community-form-1::mark-as-in-progress":{"identifier":"mark-as-in-progress","label":"Mark as In Progress","resource_type":"case-transition","scope_key":{"identifier":"covid-19-community-form-1","label":"COVID-19 Community Assistance","resource_type":"case-type","scope_key":null}},"case-transition::case-type::covid-19-community-form-1::message-customer":{"identifier":"message-customer","label":"Message customer","resource_type":"case-transition","scope_key":{"identifier":"covid-19-community-form-1","label":"COVID-19 Community Assistance","resource_type":"case-type","scope_key":null}},"case-transition::case-type::covid-19-community-form-1::customer-responded":{"identifier":"customer-responded","label":"Customer responded","resource_type":"case-transition","scope_key":{"identifier":"covid-19-community-form-1","label":"COVID-19 Community Assistance","resource_type":"case-type","scope_key":null}},"case-transition::case-type::covid-19-community-form-1::close-case":{"identifier":"close-case","label":"Close case","resource_type":"case-transition","scope_key":{"identifier":"covid-19-community-form-1","label":"COVID-19 Community Assistance","resource_type":"case-type","scope_key":null}},"case-transition::case-type::covid-19-community-form-1::resend-message":{"identifier":"resend-message","label":"Resend message","resource_type":"case-transition","scope_key":{"identifier":"covid-19-community-form-1","label":"COVID-19 Community Assistance","resource_type":"case-type","scope_key":null}},"case-transition::case-type::covid-19-community-form-1::no-response":{"identifier":"no-response","label":"No response","resource_type":"case-transition","scope_key":{"identifier":"covid-19-community-form-1","label":"COVID-19 Community Assistance","resource_type":"case-type","scope_key":null}},"case-transition::case-type::covid-19-community-form-1::update-only":{"identifier":"update-only","label":"Update only","resource_type":"case-transition","scope_key":{"identifier":"covid-19-community-form-1","label":"COVID-19 Community Assistance","resource_type":"case-type","scope_key":null}},"case-transition::case-type::covid-19-community-form-1::send-another-message":{"identifier":"send-another-message","label":"Send another message","resource_type":"case-transition","scope_key":{"identifier":"covid-19-community-form-1","label":"COVID-19 Community Assistance","resource_type":"case-type","scope_key":null}},"case-transition::case-type::covid-19-community-form-1::response-received-via-phone-call":{"identifier":"response-received-via-phone-call","label":"Response received via phone call","resource_type":"case-transition","scope_key":{"identifier":"covid-19-community-form-1","label":"COVID-19 Community Assistance","resource_type":"case-type","scope_key":null}}}},"mappings":{"items":[]},"resources":{"items":{"case-status::case-type::covid-19-community-form-1::submitted":{"key":{"identifier":"submitted","label":"Submitted","resource_type":"case-status","scope_key":{"identifier":"covid-19-community-form-1","label":"COVID-19 Community Assistance","resource_type":"case-type","scope_key":null}},"label_colour":"b5cef7","label_font_colour":"0f3778","type":"initial"},"case-status::case-type::covid-19-community-form-1::in-progress":{"key":{"identifier":"in-progress","label":"In progress","resource_type":"case-status","scope_key":{"identifier":"covid-19-community-form-1","label":"COVID-19 Community Assistance","resource_type":"case-type","scope_key":null}},"label_colour":"2670e7","label_font_colour":"ffffff","type":"normal"},"case-status::case-type::covid-19-community-form-1::message-customer":{"key":{"identifier":"message-customer","label":"Message customer","resource_type":"case-status","scope_key":{"identifier":"covid-19-community-form-1","label":"COVID-19 Community Assistance","resource_type":"case-type","scope_key":null}},"label_colour":"ffdfb2","label_font_colour":"7d4900","type":"normal"},"case-status::case-type::covid-19-community-form-1::customer-responded":{"key":{"identifier":"customer-responded","label":"Customer responded","resource_type":"case-status","scope_key":{"identifier":"covid-19-community-form-1","label":"COVID-19 Community Assistance","resource_type":"case-type","scope_key":null}},"label_colour":"38d790","label_font_colour":"05472a","type":"normal"},"case-status::case-type::covid-19-community-form-1::closed":{"key":{"identifier":"closed","label":"Closed","resource_type":"case-status","scope_key":{"identifier":"covid-19-community-form-1","label":"COVID-19 Community Assistance","resource_type":"case-type","scope_key":null}},"label_colour":"757575","label_font_colour":"ffffff","type":"final"},"case-status::case-type::covid-19-community-form-1::no-response-from-customer":{"key":{"identifier":"no-response-from-customer","label":"No Response From Customer","resource_type":"case-status","scope_key":{"identifier":"covid-19-community-form-1","label":"COVID-19 Community Assistance","resource_type":"case-type","scope_key":null}},"label_colour":"ffc8ad","label_font_colour":"7f3306","type":"normal"},"alert-email-template::case-type::covid-19-community-form-1::new-case":{"date_definition_keys":[],"field_keys":[],"html_body":"<p>You have received a new customer enquiry. Please <a href=\"https:\/\/changeme.gov.uk\/q\/case\/{{case.reference}}\">view this case<\/a> and update accordingly.<\/p>","key":{"identifier":"new-case","label":"New Case","resource_type":"alert-email-template","scope_key":{"identifier":"covid-19-community-form-1","label":"COVID-19 Community Assistance","resource_type":"case-type","scope_key":null}},"subject":"New enquiry - COVID-19 community form"},"case-field::what_is_your_question_or_request":{"allowed_privilege_level_keys":[],"allowed_to_all_privilege_levels":true,"encrypted":false,"redactable":false,"key":{"identifier":"what_is_your_question_or_request","label":"What is your update, question or request?","resource_type":"case-field","scope_key":null},"position":0,"type":"textarea"},"alert-email-template::case-type::covid-19-community-form-1::to-customer-further-information-request":{"date_definition_keys":[],"field_keys":{"case-field::what_is_your_question_or_request":{"identifier":"what_is_your_question_or_request","label":"What is your update, question or request?","resource_type":"case-field","scope_key":null}},"html_body":"<p xml:lang=\"EN-US\" lang=\"EN-US\" paraid=\"0\" paraeid=\"{042359e5-a88d-4290-8d49-689eb8d34f2b}{216}\" data-ccp-props=\"{&quot;335559683&quot;:0}\">In order to progress your case <!--cxm-snippet-->{{ case.reference }}<!--\/cxm-snippet-->, Your&nbsp;Council have the following question or request for you:\u200b<\/p><p xml:lang=\"EN-US\" lang=\"EN-US\" paraid=\"0\" paraeid=\"{042359e5-a88d-4290-8d49-689eb8d34f2b}{219}\" data-ccp-props=\"{&quot;335559683&quot;:0}\">&quot;<!--cxm-snippet-->{{ case.values.what_is_your_question_or_request.value }}<!--\/cxm-snippet-->&quot;\u200b<\/p><p xml:lang=\"EN-GB\" lang=\"EN-GB\" paraid=\"0\" paraeid=\"{042359e5-a88d-4290-8d49-689eb8d34f2b}{222}\" data-ccp-props=\"{&quot;335559683&quot;:0}\">To provide the requested&nbsp;information or evidence please follow&nbsp;<a target=\"_blank\" rel=\"noreferrer\" href=\"https:\/\/www.changeme.gov.uk\/xfp\/form\/249?Reference={{ case.reference }}&amp;Type={{ case.type.title }}\u200b\">this link<\/a><\/p>","key":{"identifier":"to-customer-further-information-request","label":"To customer - Further Information Request","resource_type":"alert-email-template","scope_key":{"identifier":"covid-19-community-form-1","label":"COVID-19 Community Assistance","resource_type":"case-type","scope_key":null}},"subject":"Further information required"},"alert-email-template::case-type::covid-19-community-form-1::to-customer-case-resolved":{"date_definition_keys":[],"field_keys":[],"html_body":"<p>Your case under reference&nbsp;<!--cxm-snippet-->{{ case.reference }}<!--\/cxm-snippet-->&nbsp;has now been resolved.<\/p><p>If you already have MyAccount, you can&nbsp;<a href=\"https:\/\/changeme.gov.uk\/q\/case\/{{case.reference}}\">view your case<\/a>&nbsp;at any time.<\/p><p>If you do not, you can&nbsp;<a href=\"https:\/\/www.changeme.gov.uk\/myaccount\">sign up<\/a>&nbsp;to view updates on the progress of your case, submit documents and more.<\/p>","key":{"identifier":"to-customer-case-resolved","label":"To customer - case resolved","resource_type":"alert-email-template","scope_key":{"identifier":"covid-19-community-form-1","label":"COVID-19 Community Assistance","resource_type":"case-type","scope_key":null}},"subject":"Query resolved"},"alert-email-template::case-type::covid-19-community-form-1::to-customer-update":{"date_definition_keys":[],"field_keys":{"case-field::what_is_your_question_or_request":{"identifier":"what_is_your_question_or_request","label":"What is your update, question or request?","resource_type":"case-field","scope_key":null}},"html_body":"<p xml:lang=\"EN-US\" lang=\"EN-US\" paraid=\"0\" paraeid=\"{042359e5-a88d-4290-8d49-689eb8d34f2b}{235}\" data-ccp-props=\"{&quot;335559683&quot;:0}\">Your Council have the following update regarding&nbsp;your&nbsp;case <!--cxm-snippet-->{{ case.reference }}<!--\/cxm-snippet-->:\u200b<\/p><p xml:lang=\"EN-US\" lang=\"EN-US\" paraid=\"0\" paraeid=\"{042359e5-a88d-4290-8d49-689eb8d34f2b}{238}\" data-ccp-props=\"{&quot;335559683&quot;:0}\">&quot;<!--cxm-snippet-->{{ case.values.what_is_your_question_or_request.value }}<!--\/cxm-snippet-->&quot;\u200b<\/p>","key":{"identifier":"to-customer-update","label":"To customer - update","resource_type":"alert-email-template","scope_key":{"identifier":"covid-19-community-form-1","label":"COVID-19 Community Assistance","resource_type":"case-type","scope_key":null}},"subject":"Your Council have an update on your case\u200b"},"case-field::customer_response_1":{"allowed_privilege_level_keys":[],"allowed_to_all_privilege_levels":true,"encrypted":false,"redactable":false,"key":{"identifier":"customer_response_1","label":"Customer Response","resource_type":"case-field","scope_key":null},"position":0,"type":"textarea"},"alert-email-template::case-type::covid-19-community-form-1::to-customer-update-received":{"date_definition_keys":[],"field_keys":{"case-field::what_is_your_question_or_request":{"identifier":"what_is_your_question_or_request","label":"What is your update, question or request?","resource_type":"case-field","scope_key":null},"case-field::customer_response_1":{"identifier":"customer_response_1","label":"Customer Response","resource_type":"case-field","scope_key":null}},"html_body":"<p xml:lang=\"EN-US\" lang=\"EN-US\" paraid=\"0\" paraeid=\"{042359e5-a88d-4290-8d49-689eb8d34f2b}{251}\" data-ccp-props=\"{&quot;335551550&quot;:1,&quot;335551620&quot;:1,&quot;335559683&quot;:0,&quot;335559685&quot;:0,&quot;335559731&quot;:0,&quot;335559737&quot;:0,&quot;335562764&quot;:2,&quot;335562765&quot;:1,&quot;335562766&quot;:4,&quot;335562767&quot;:0,&quot;335562768&quot;:4,&quot;335562769&quot;:0}\">Your case&nbsp;<!--cxm-snippet-->{{ case.reference }}<!--\/cxm-snippet-->&nbsp;has been updated regarding the question&nbsp;or request &quot;<!--cxm-snippet-->{{ case.values.what_is_your_question_or_request.value }}<!--\/cxm-snippet-->&quot;\u200b<\/p><p xml:lang=\"EN-US\" lang=\"EN-US\" paraid=\"0\" paraeid=\"{042359e5-a88d-4290-8d49-689eb8d34f2b}{254}\" data-ccp-props=\"{&quot;335559683&quot;:0}\">&nbsp;with your response:\u200b<br \/>&quot;<!--cxm-snippet-->{{ case.values.customer_response_1.value }}<!--\/cxm-snippet-->&quot;\u200b<\/p>","key":{"identifier":"to-customer-update-received","label":"To customer - update received","resource_type":"alert-email-template","scope_key":{"identifier":"covid-19-community-form-1","label":"COVID-19 Community Assistance","resource_type":"case-type","scope_key":null}},"subject":"Your Council have received your response\u200b"},"alert-email-template::case-type::covid-19-community-form-1::to-staff-response-received":{"date_definition_keys":[],"field_keys":{"case-field::what_is_your_question_or_request":{"identifier":"what_is_your_question_or_request","label":"What is your update, question or request?","resource_type":"case-field","scope_key":null}},"html_body":"<p xml:lang=\"EN-US\" lang=\"EN-US\" paraid=\"0\" paraeid=\"{126bfae6-da30-464d-bfd9-6bdc4fe51c4e}{77}\" data-ccp-props=\"{&quot;335559683&quot;:0}\">The customer has responded to case&nbsp;<!--cxm-snippet-->{{ case.reference }}<!--\/cxm-snippet-->&nbsp;in relation to&nbsp;your query:\u200b<\/p><p xml:lang=\"EN-US\" lang=\"EN-US\" paraid=\"0\" paraeid=\"{126bfae6-da30-464d-bfd9-6bdc4fe51c4e}{80}\" data-ccp-props=\"{&quot;335559683&quot;:0}\">&quot;<!--cxm-snippet-->{{ case.values.what_is_your_question_or_request.value }}<!--\/cxm-snippet-->&quot;\u200b<\/p><p xml:lang=\"EN-US\" lang=\"EN-US\" paraid=\"0\" paraeid=\"{126bfae6-da30-464d-bfd9-6bdc4fe51c4e}{83}\" data-ccp-props=\"{&quot;335559683&quot;:0}\">Click&nbsp;<a target=\"_blank\" rel=\"noreferrer\" href=\"https:\/\/changeme.gov.uk\/q\/case\/{{case.reference}}\">here<\/a>&nbsp;to view the updates\u200b<\/p>","key":{"identifier":"to-staff-response-received","label":"To staff - response received","resource_type":"alert-email-template","scope_key":{"identifier":"covid-19-community-form-1","label":"COVID-19 Community Assistance","resource_type":"case-type","scope_key":null}},"subject":"The customer has responded to your message\u200b"},"alert-email-template::case-type::covid-19-community-form-1::to-staff-no-response-from-customer":{"date_definition_keys":[],"field_keys":{"case-field::what_is_your_question_or_request":{"identifier":"what_is_your_question_or_request","label":"What is your update, question or request?","resource_type":"case-field","scope_key":null}},"html_body":"<p xml:lang=\"EN-US\" lang=\"EN-US\" paraid=\"0\" paraeid=\"{126bfae6-da30-464d-bfd9-6bdc4fe51c4e}{96}\" data-ccp-props=\"{&quot;335559683&quot;:0}\">It has been 5 days since you sent the customer a message request&nbsp;regarding case&nbsp;<!--cxm-snippet-->{{ case.reference }}<!--\/cxm-snippet-->&nbsp;and you have not yet received a&nbsp;response.\u200b<\/p><p xml:lang=\"EN-US\" lang=\"EN-US\" paraid=\"0\" paraeid=\"{126bfae6-da30-464d-bfd9-6bdc4fe51c4e}{99}\" data-ccp-props=\"{&quot;335559683&quot;:0}\">Your message was:\u200b<\/p><p xml:lang=\"EN-GB\" lang=\"EN-GB\" paraid=\"0\" paraeid=\"{126bfae6-da30-464d-bfd9-6bdc4fe51c4e}{102}\" data-ccp-props=\"{&quot;335559683&quot;:0}\">&quot;<!--cxm-snippet-->{{ case.values.what_is_your_question_or_request.value }}<!--\/cxm-snippet-->&quot;\u200b<br \/>\u200b<\/p><p xml:lang=\"EN-US\" lang=\"EN-US\" paraid=\"0\" paraeid=\"{126bfae6-da30-464d-bfd9-6bdc4fe51c4e}{105}\" data-ccp-props=\"{&quot;335559683&quot;:0}\">Please phone the customer to verify that they have received an email&nbsp;with your request for further information or evidence.\u200b<\/p>","key":{"identifier":"to-staff-no-response-from-customer","label":"To staff - no response from customer\u200b","resource_type":"alert-email-template","scope_key":{"identifier":"covid-19-community-form-1","label":"COVID-19 Community Assistance","resource_type":"case-type","scope_key":null}},"subject":"You have not yet received a response to your message\u200b"},"alert-email-template::case-type::covid-19-community-form-1::to-staff-message-resent":{"date_definition_keys":[],"field_keys":{"case-field::what_is_your_question_or_request":{"identifier":"what_is_your_question_or_request","label":"What is your update, question or request?","resource_type":"case-field","scope_key":null}},"html_body":"<p xml:lang=\"EN-US\" lang=\"EN-US\" paraid=\"0\" paraeid=\"{126bfae6-da30-464d-bfd9-6bdc4fe51c4e}{118}\" data-ccp-props=\"{&quot;335559683&quot;:0}\">You have resent the information request for case <!--cxm-snippet-->{{\u00a0case.reference }}<!--\/cxm-snippet-->.\u200b<\/p><p xml:lang=\"EN-US\" lang=\"EN-US\" paraid=\"0\" paraeid=\"{126bfae6-da30-464d-bfd9-6bdc4fe51c4e}{121}\" data-ccp-props=\"{&quot;335559683&quot;:0}\">Message:\u200b<\/p><p xml:lang=\"EN-US\" lang=\"EN-US\" paraid=\"0\" paraeid=\"{126bfae6-da30-464d-bfd9-6bdc4fe51c4e}{124}\" data-ccp-props=\"{&quot;335559683&quot;:0}\">&quot;<!--cxm-snippet-->{{ case.values.what_is_your_question_or_request.value }}<!--\/cxm-snippet-->&quot;\u200b<\/p>","key":{"identifier":"to-staff-message-resent","label":"To staff - message resent","resource_type":"alert-email-template","scope_key":{"identifier":"covid-19-community-form-1","label":"COVID-19 Community Assistance","resource_type":"case-type","scope_key":null}},"subject":"You have resent your message to the customer\u200b"},"alert-email-template::case-type::covid-19-community-form-1::new-membership-added-to-case":{"date_definition_keys":[],"field_keys":[],"html_body":"<p>A case has been allocated to you. The case reference number is&nbsp;<!--cxm-snippet-->{{ case.reference }}<!--\/cxm-snippet--><\/p><p>Click&nbsp;<a href=\"https:\/\/changeme.gov.uk\/q\/case\/{{case.reference}}\">here<\/a>&nbsp;to view your corresponding case.<\/p>","key":{"identifier":"new-membership-added-to-case","label":"New membership added to case","resource_type":"alert-email-template","scope_key":{"identifier":"covid-19-community-form-1","label":"COVID-19 Community Assistance","resource_type":"case-type","scope_key":null}},"subject":"New membership added to case"},"choice::case-field::do_you_need_help_or_are_you_offering_to_help_out::i-need-help-or-support":{"disabled":false,"key":{"identifier":"i-need-help-or-support","label":"I need help or support","resource_type":"choice","scope_key":{"identifier":"do_you_need_help_or_are_you_offering_to_help_out","label":"Do you need help or are you offering to help?","resource_type":"case-field","scope_key":null}},"value":"i_need_help_or_support"},"choice::case-field::do_you_need_help_or_are_you_offering_to_help_out::someone-i-know-needs-help-or-support":{"disabled":false,"key":{"identifier":"someone-i-know-needs-help-or-support","label":"Someone I know needs help or support","resource_type":"choice","scope_key":{"identifier":"do_you_need_help_or_are_you_offering_to_help_out","label":"Do you need help or are you offering to help?","resource_type":"case-field","scope_key":null}},"value":"someone_i_know_needs_help_or_support"},"choice::case-field::do_you_need_help_or_are_you_offering_to_help_out::i-am-volunteering-to-help":{"disabled":false,"key":{"identifier":"i-am-volunteering-to-help","label":"I am volunteering to help","resource_type":"choice","scope_key":{"identifier":"do_you_need_help_or_are_you_offering_to_help_out","label":"Do you need help or are you offering to help?","resource_type":"case-field","scope_key":null}},"value":"i_am_volunteering_to_help"},"case-field::do_you_need_help_or_are_you_offering_to_help_out":{"allowed_privilege_level_keys":[],"allowed_to_all_privilege_levels":true,"encrypted":false,"redactable":false,"key":{"identifier":"do_you_need_help_or_are_you_offering_to_help_out","label":"Do you need help or are you offering to help?","resource_type":"case-field","scope_key":null},"position":0,"choice_keys":[],"default_choice_keys":[],"expanded":true,"exported_choices":{"choice::case-field::do_you_need_help_or_are_you_offering_to_help_out::i-need-help-or-support":{"disabled":false,"key":{"identifier":"i-need-help-or-support","label":"I need help or support","resource_type":"choice","scope_key":{"identifier":"do_you_need_help_or_are_you_offering_to_help_out","label":"Do you need help or are you offering to help?","resource_type":"case-field","scope_key":null}},"value":"i_need_help_or_support"},"choice::case-field::do_you_need_help_or_are_you_offering_to_help_out::someone-i-know-needs-help-or-support":{"disabled":false,"key":{"identifier":"someone-i-know-needs-help-or-support","label":"Someone I know needs help or support","resource_type":"choice","scope_key":{"identifier":"do_you_need_help_or_are_you_offering_to_help_out","label":"Do you need help or are you offering to help?","resource_type":"case-field","scope_key":null}},"value":"someone_i_know_needs_help_or_support"},"choice::case-field::do_you_need_help_or_are_you_offering_to_help_out::i-am-volunteering-to-help":{"disabled":false,"key":{"identifier":"i-am-volunteering-to-help","label":"I am volunteering to help","resource_type":"choice","scope_key":{"identifier":"do_you_need_help_or_are_you_offering_to_help_out","label":"Do you need help or are you offering to help?","resource_type":"case-field","scope_key":null}},"value":"i_am_volunteering_to_help"}},"exported_default_choices":[],"multiple":false,"type":"choice"},"choice::case-field::how_do_you_know_the_person::relative":{"disabled":false,"key":{"identifier":"relative","label":"Relative","resource_type":"choice","scope_key":{"identifier":"how_do_you_know_the_person","label":"How do you know the person?","resource_type":"case-field","scope_key":null}},"value":"relative"},"choice::case-field::how_do_you_know_the_person::neighbour":{"disabled":false,"key":{"identifier":"neighbour","label":"Neighbour","resource_type":"choice","scope_key":{"identifier":"how_do_you_know_the_person","label":"How do you know the person?","resource_type":"case-field","scope_key":null}},"value":"neighbour"},"choice::case-field::how_do_you_know_the_person::friend":{"disabled":false,"key":{"identifier":"friend","label":"Friend","resource_type":"choice","scope_key":{"identifier":"how_do_you_know_the_person","label":"How do you know the person?","resource_type":"case-field","scope_key":null}},"value":"friend"},"choice::case-field::how_do_you_know_the_person::regular-visitor":{"disabled":false,"key":{"identifier":"regular-visitor","label":"Regular visitor","resource_type":"choice","scope_key":{"identifier":"how_do_you_know_the_person","label":"How do you know the person?","resource_type":"case-field","scope_key":null}},"value":"regular_visitor"},"choice::case-field::how_do_you_know_the_person::other":{"disabled":false,"key":{"identifier":"other","label":"Other","resource_type":"choice","scope_key":{"identifier":"how_do_you_know_the_person","label":"How do you know the person?","resource_type":"case-field","scope_key":null}},"value":"other"},"choice::case-field::how_do_you_know_the_person::carer":{"disabled":false,"key":{"identifier":"carer","label":"Carer","resource_type":"choice","scope_key":{"identifier":"how_do_you_know_the_person","label":"How do you know the person?","resource_type":"case-field","scope_key":null}},"value":"carer"},"case-field::how_do_you_know_the_person":{"allowed_privilege_level_keys":[],"allowed_to_all_privilege_levels":true,"encrypted":false,"redactable":false,"key":{"identifier":"how_do_you_know_the_person","label":"How do you know the person?","resource_type":"case-field","scope_key":null},"position":0,"choice_keys":[],"default_choice_keys":[],"expanded":true,"exported_choices":{"choice::case-field::how_do_you_know_the_person::relative":{"disabled":false,"key":{"identifier":"relative","label":"Relative","resource_type":"choice","scope_key":{"identifier":"how_do_you_know_the_person","label":"How do you know the person?","resource_type":"case-field","scope_key":null}},"value":"relative"},"choice::case-field::how_do_you_know_the_person::neighbour":{"disabled":false,"key":{"identifier":"neighbour","label":"Neighbour","resource_type":"choice","scope_key":{"identifier":"how_do_you_know_the_person","label":"How do you know the person?","resource_type":"case-field","scope_key":null}},"value":"neighbour"},"choice::case-field::how_do_you_know_the_person::friend":{"disabled":false,"key":{"identifier":"friend","label":"Friend","resource_type":"choice","scope_key":{"identifier":"how_do_you_know_the_person","label":"How do you know the person?","resource_type":"case-field","scope_key":null}},"value":"friend"},"choice::case-field::how_do_you_know_the_person::regular-visitor":{"disabled":false,"key":{"identifier":"regular-visitor","label":"Regular visitor","resource_type":"choice","scope_key":{"identifier":"how_do_you_know_the_person","label":"How do you know the person?","resource_type":"case-field","scope_key":null}},"value":"regular_visitor"},"choice::case-field::how_do_you_know_the_person::other":{"disabled":false,"key":{"identifier":"other","label":"Other","resource_type":"choice","scope_key":{"identifier":"how_do_you_know_the_person","label":"How do you know the person?","resource_type":"case-field","scope_key":null}},"value":"other"},"choice::case-field::how_do_you_know_the_person::carer":{"disabled":false,"key":{"identifier":"carer","label":"Carer","resource_type":"choice","scope_key":{"identifier":"how_do_you_know_the_person","label":"How do you know the person?","resource_type":"case-field","scope_key":null}},"value":"carer"}},"exported_default_choices":[],"multiple":false,"type":"choice"},"case-field::specify_how_you_know_the_person":{"allowed_privilege_level_keys":[],"allowed_to_all_privilege_levels":true,"encrypted":true,"redactable":true,"key":{"identifier":"specify_how_you_know_the_person","label":"Specify how you know the person","resource_type":"case-field","scope_key":null},"position":0,"type":"text"},"case-field::what_is_their_full_name":{"allowed_privilege_level_keys":[],"allowed_to_all_privilege_levels":true,"encrypted":true,"redactable":true,"key":{"identifier":"what_is_their_full_name","label":"What is their full name?","resource_type":"case-field","scope_key":null},"position":0,"type":"text"},"case-field::contact_address_1":{"allowed_privilege_level_keys":[],"allowed_to_all_privilege_levels":true,"encrypted":true,"redactable":true,"key":{"identifier":"contact_address_1","label":"Contact address","resource_type":"case-field","scope_key":null},"position":0,"type":"textarea"},"case-field::address_of_person_you_are_reporting_on_behalf_of_manual":{"allowed_privilege_level_keys":[],"allowed_to_all_privilege_levels":true,"encrypted":true,"redactable":true,"key":{"identifier":"address_of_person_you_are_reporting_on_behalf_of_manual","label":"Address of person you are reporting on behalf of (manual)","resource_type":"case-field","scope_key":null},"position":0,"type":"textarea"},"case-field::customer_email_address":{"allowed_privilege_level_keys":[],"allowed_to_all_privilege_levels":true,"encrypted":true,"redactable":true,"key":{"identifier":"customer_email_address","label":"Customer email address","resource_type":"case-field","scope_key":null},"position":0,"type":"text"},"case-field::telephone_number_of_individual":{"allowed_privilege_level_keys":[],"allowed_to_all_privilege_levels":true,"encrypted":true,"redactable":true,"key":{"identifier":"telephone_number_of_individual","label":"Telephone number of Individual","resource_type":"case-field","scope_key":null},"position":0,"type":"text"},"case-field::first_name":{"allowed_privilege_level_keys":[],"allowed_to_all_privilege_levels":true,"encrypted":true,"redactable":true,"key":{"identifier":"first_name","label":"First Name","resource_type":"case-field","scope_key":null},"position":null,"type":"text"},"case-field::last_name":{"allowed_privilege_level_keys":[],"allowed_to_all_privilege_levels":true,"encrypted":true,"redactable":true,"key":{"identifier":"last_name","label":"Last Name","resource_type":"case-field","scope_key":null},"position":null,"type":"text"},"case-field::address_manual_block":{"allowed_privilege_level_keys":[],"allowed_to_all_privilege_levels":true,"encrypted":true,"redactable":true,"key":{"identifier":"address_manual_block","label":"Address (Manual Block)","resource_type":"case-field","scope_key":null},"position":0,"type":"text"},"case-field::email_address_1":{"allowed_privilege_level_keys":[],"allowed_to_all_privilege_levels":true,"encrypted":false,"redactable":true,"key":{"identifier":"email_address_1","label":"Email address","resource_type":"case-field","scope_key":null},"position":0,"type":"email"},"case-field::phone_number":{"allowed_privilege_level_keys":[],"allowed_to_all_privilege_levels":true,"encrypted":false,"redactable":true,"key":{"identifier":"phone_number","label":"Telephone number","resource_type":"case-field","scope_key":null},"position":22,"type":"text"},"case-field::what_are_you_able_to_help_with":{"allowed_privilege_level_keys":[],"allowed_to_all_privilege_levels":true,"encrypted":true,"redactable":true,"key":{"identifier":"what_are_you_able_to_help_with","label":"What are you able to help with?","resource_type":"case-field","scope_key":null},"position":0,"type":"text"},"case-field::provide_information_on_the_help_you_need":{"allowed_privilege_level_keys":[],"allowed_to_all_privilege_levels":true,"encrypted":true,"redactable":true,"key":{"identifier":"provide_information_on_the_help_you_need","label":"Provide information on the help you need","resource_type":"case-field","scope_key":null},"position":0,"type":"text"},"case-form::case-type::covid-19-community-form-1::new-covid-19-community-form":{"external_redirects":[],"fields":[{"key":{"identifier":"person","label":"Person","resource_type":"case-form-field","scope_key":{"identifier":"new-covid-19-community-form","label":"New COVID-19 Community form","resource_type":"case-form","scope_key":{"identifier":"covid-19-community-form-1","label":"COVID-19 Community Assistance","resource_type":"case-type","scope_key":null}}},"position":0,"requirement":{"key":{"identifier":"269051","label":"Expression 269051","resource_type":"expression","scope_key":null},"type":"false_expression"},"visibility":null,"relationship_type":"primary-person","type":"case_person_relationship"},{"key":{"identifier":"do-you-need-help-or-are-you-offering-to-help-out","label":"Do you need help or are you offering to help?","resource_type":"case-form-field","scope_key":{"identifier":"new-covid-19-community-form","label":"New COVID-19 Community form","resource_type":"case-form","scope_key":{"identifier":"covid-19-community-form-1","label":"COVID-19 Community Assistance","resource_type":"case-type","scope_key":null}}},"position":1,"requirement":{"key":{"identifier":"269052","label":"Expression 269052","resource_type":"expression","scope_key":null},"type":"false_expression"},"visibility":null,"field_key":{"identifier":"do_you_need_help_or_are_you_offering_to_help_out","label":"Do you need help or are you offering to help?","resource_type":"case-field","scope_key":null},"type":"case_field"},{"key":{"identifier":"how-do-you-know-the-person","label":"How do you know the person?","resource_type":"case-form-field","scope_key":{"identifier":"new-covid-19-community-form","label":"New COVID-19 Community form","resource_type":"case-form","scope_key":{"identifier":"covid-19-community-form-1","label":"COVID-19 Community Assistance","resource_type":"case-type","scope_key":null}}},"position":2,"requirement":{"key":{"identifier":"269053","label":"Expression 269053","resource_type":"expression","scope_key":null},"type":"false_expression"},"visibility":null,"field_key":{"identifier":"how_do_you_know_the_person","label":"How do you know the person?","resource_type":"case-field","scope_key":null},"type":"case_field"},{"key":{"identifier":"specify-how-you-know-the-person","label":"Specify how you know the person","resource_type":"case-form-field","scope_key":{"identifier":"new-covid-19-community-form","label":"New COVID-19 Community form","resource_type":"case-form","scope_key":{"identifier":"covid-19-community-form-1","label":"COVID-19 Community Assistance","resource_type":"case-type","scope_key":null}}},"position":3,"requirement":{"key":{"identifier":"269054","label":"Expression 269054","resource_type":"expression","scope_key":null},"type":"false_expression"},"visibility":null,"field_key":{"identifier":"specify_how_you_know_the_person","label":"Specify how you know the person","resource_type":"case-field","scope_key":null},"type":"case_field"},{"key":{"identifier":"what-is-their-full-name","label":"What is their full name?","resource_type":"case-form-field","scope_key":{"identifier":"new-covid-19-community-form","label":"New COVID-19 Community form","resource_type":"case-form","scope_key":{"identifier":"covid-19-community-form-1","label":"COVID-19 Community Assistance","resource_type":"case-type","scope_key":null}}},"position":4,"requirement":{"key":{"identifier":"269055","label":"Expression 269055","resource_type":"expression","scope_key":null},"type":"false_expression"},"visibility":null,"field_key":{"identifier":"what_is_their_full_name","label":"What is their full name?","resource_type":"case-field","scope_key":null},"type":"case_field"},{"key":{"identifier":"contact-address","label":"Contact address","resource_type":"case-form-field","scope_key":{"identifier":"new-covid-19-community-form","label":"New COVID-19 Community form","resource_type":"case-form","scope_key":{"identifier":"covid-19-community-form-1","label":"COVID-19 Community Assistance","resource_type":"case-type","scope_key":null}}},"position":5,"requirement":{"key":{"identifier":"269056","label":"Expression 269056","resource_type":"expression","scope_key":null},"type":"false_expression"},"visibility":null,"field_key":{"identifier":"contact_address_1","label":"Contact address","resource_type":"case-field","scope_key":null},"type":"case_field"},{"key":{"identifier":"address-of-person-you-are-reporting-on-behalf-of-manual","label":"Address of person you are reporting on behalf of (manual)","resource_type":"case-form-field","scope_key":{"identifier":"new-covid-19-community-form","label":"New COVID-19 Community form","resource_type":"case-form","scope_key":{"identifier":"covid-19-community-form-1","label":"COVID-19 Community Assistance","resource_type":"case-type","scope_key":null}}},"position":6,"requirement":{"key":{"identifier":"269057","label":"Expression 269057","resource_type":"expression","scope_key":null},"type":"false_expression"},"visibility":null,"field_key":{"identifier":"address_of_person_you_are_reporting_on_behalf_of_manual","label":"Address of person you are reporting on behalf of (manual)","resource_type":"case-field","scope_key":null},"type":"case_field"},{"key":{"identifier":"customer-email-address","label":"Customer email address","resource_type":"case-form-field","scope_key":{"identifier":"new-covid-19-community-form","label":"New COVID-19 Community form","resource_type":"case-form","scope_key":{"identifier":"covid-19-community-form-1","label":"COVID-19 Community Assistance","resource_type":"case-type","scope_key":null}}},"position":7,"requirement":{"key":{"identifier":"269058","label":"Expression 269058","resource_type":"expression","scope_key":null},"type":"false_expression"},"visibility":null,"field_key":{"identifier":"customer_email_address","label":"Customer email address","resource_type":"case-field","scope_key":null},"type":"case_field"},{"key":{"identifier":"telephone-number-of-individual","label":"Telephone number of Individual","resource_type":"case-form-field","scope_key":{"identifier":"new-covid-19-community-form","label":"New COVID-19 Community form","resource_type":"case-form","scope_key":{"identifier":"covid-19-community-form-1","label":"COVID-19 Community Assistance","resource_type":"case-type","scope_key":null}}},"position":8,"requirement":{"key":{"identifier":"269059","label":"Expression 269059","resource_type":"expression","scope_key":null},"type":"false_expression"},"visibility":null,"field_key":{"identifier":"telephone_number_of_individual","label":"Telephone number of Individual","resource_type":"case-field","scope_key":null},"type":"case_field"},{"key":{"identifier":"first-name","label":"First Name","resource_type":"case-form-field","scope_key":{"identifier":"new-covid-19-community-form","label":"New COVID-19 Community form","resource_type":"case-form","scope_key":{"identifier":"covid-19-community-form-1","label":"COVID-19 Community Assistance","resource_type":"case-type","scope_key":null}}},"position":9,"requirement":{"key":{"identifier":"269060","label":"Expression 269060","resource_type":"expression","scope_key":null},"type":"false_expression"},"visibility":null,"field_key":{"identifier":"first_name","label":"First Name","resource_type":"case-field","scope_key":null},"type":"case_field"},{"key":{"identifier":"last-name","label":"Last Name","resource_type":"case-form-field","scope_key":{"identifier":"new-covid-19-community-form","label":"New COVID-19 Community form","resource_type":"case-form","scope_key":{"identifier":"covid-19-community-form-1","label":"COVID-19 Community Assistance","resource_type":"case-type","scope_key":null}}},"position":10,"requirement":{"key":{"identifier":"269061","label":"Expression 269061","resource_type":"expression","scope_key":null},"type":"false_expression"},"visibility":null,"field_key":{"identifier":"last_name","label":"Last Name","resource_type":"case-field","scope_key":null},"type":"case_field"},{"key":{"identifier":"address","label":"Address","resource_type":"case-form-field","scope_key":{"identifier":"new-covid-19-community-form","label":"New COVID-19 Community form","resource_type":"case-form","scope_key":{"identifier":"covid-19-community-form-1","label":"COVID-19 Community Assistance","resource_type":"case-type","scope_key":null}}},"position":11,"requirement":{"key":{"identifier":"269062","label":"Expression 269062","resource_type":"expression","scope_key":null},"type":"false_expression"},"visibility":null,"address_type":"property","relationship_type":"primary-address","type":"case_address_relationship"},{"key":{"identifier":"address-manual-block","label":"Address (Manual Block)","resource_type":"case-form-field","scope_key":{"identifier":"new-covid-19-community-form","label":"New COVID-19 Community form","resource_type":"case-form","scope_key":{"identifier":"covid-19-community-form-1","label":"COVID-19 Community Assistance","resource_type":"case-type","scope_key":null}}},"position":12,"requirement":{"key":{"identifier":"269063","label":"Expression 269063","resource_type":"expression","scope_key":null},"type":"false_expression"},"visibility":null,"field_key":{"identifier":"address_manual_block","label":"Address (Manual Block)","resource_type":"case-field","scope_key":null},"type":"case_field"},{"key":{"identifier":"email-address","label":"Email address","resource_type":"case-form-field","scope_key":{"identifier":"new-covid-19-community-form","label":"New COVID-19 Community form","resource_type":"case-form","scope_key":{"identifier":"covid-19-community-form-1","label":"COVID-19 Community Assistance","resource_type":"case-type","scope_key":null}}},"position":13,"requirement":{"key":{"identifier":"269064","label":"Expression 269064","resource_type":"expression","scope_key":null},"type":"false_expression"},"visibility":null,"field_key":{"identifier":"email_address_1","label":"Email address","resource_type":"case-field","scope_key":null},"type":"case_field"},{"key":{"identifier":"telephone-number","label":"Telephone number","resource_type":"case-form-field","scope_key":{"identifier":"new-covid-19-community-form","label":"New COVID-19 Community form","resource_type":"case-form","scope_key":{"identifier":"covid-19-community-form-1","label":"COVID-19 Community Assistance","resource_type":"case-type","scope_key":null}}},"position":14,"requirement":{"key":{"identifier":"269065","label":"Expression 269065","resource_type":"expression","scope_key":null},"type":"false_expression"},"visibility":null,"field_key":{"identifier":"phone_number","label":"Telephone number","resource_type":"case-field","scope_key":null},"type":"case_field"},{"key":{"identifier":"what-are-you-able-to-help-with","label":"What are you able to help with?","resource_type":"case-form-field","scope_key":{"identifier":"new-covid-19-community-form","label":"New COVID-19 Community form","resource_type":"case-form","scope_key":{"identifier":"covid-19-community-form-1","label":"COVID-19 Community Assistance","resource_type":"case-type","scope_key":null}}},"position":15,"requirement":{"key":{"identifier":"269066","label":"Expression 269066","resource_type":"expression","scope_key":null},"type":"false_expression"},"visibility":null,"field_key":{"identifier":"what_are_you_able_to_help_with","label":"What are you able to help with?","resource_type":"case-field","scope_key":null},"type":"case_field"},{"key":{"identifier":"provide-information-on-the-help-you-need","label":"Provide information on the help you need","resource_type":"case-form-field","scope_key":{"identifier":"new-covid-19-community-form","label":"New COVID-19 Community form","resource_type":"case-form","scope_key":{"identifier":"covid-19-community-form-1","label":"COVID-19 Community Assistance","resource_type":"case-type","scope_key":null}}},"position":16,"requirement":{"key":{"identifier":"269067","label":"Expression 269067","resource_type":"expression","scope_key":null},"type":"false_expression"},"visibility":null,"field_key":{"identifier":"provide_information_on_the_help_you_need","label":"Provide information on the help you need","resource_type":"case-field","scope_key":null},"type":"case_field"}],"key":{"identifier":"new-covid-19-community-form","label":"New COVID-19 Community form","resource_type":"case-form","scope_key":{"identifier":"covid-19-community-form-1","label":"COVID-19 Community Assistance","resource_type":"case-type","scope_key":null}},"type":"create"},"case-form::case-type::covid-19-community-form-1::edit-covid-19-community-form":{"external_redirects":[],"fields":[],"key":{"identifier":"edit-covid-19-community-form","label":"Edit COVID-19 Community form","resource_type":"case-form","scope_key":{"identifier":"covid-19-community-form-1","label":"COVID-19 Community Assistance","resource_type":"case-type","scope_key":null}},"type":"edit"},"choice::case-field::do_you_require_a_response::yes":{"disabled":false,"key":{"identifier":"yes","label":"Yes","resource_type":"choice","scope_key":{"identifier":"do_you_require_a_response","label":"Do you require a response?","resource_type":"case-field","scope_key":null}},"value":"yes"},"choice::case-field::do_you_require_a_response::no":{"disabled":false,"key":{"identifier":"no","label":"No","resource_type":"choice","scope_key":{"identifier":"do_you_require_a_response","label":"Do you require a response?","resource_type":"case-field","scope_key":null}},"value":"no"},"case-field::do_you_require_a_response":{"allowed_privilege_level_keys":[],"allowed_to_all_privilege_levels":true,"encrypted":false,"redactable":false,"key":{"identifier":"do_you_require_a_response","label":"Do you require a response?","resource_type":"case-field","scope_key":null},"position":0,"choice_keys":[],"default_choice_keys":[],"expanded":true,"exported_choices":{"choice::case-field::do_you_require_a_response::yes":{"disabled":false,"key":{"identifier":"yes","label":"Yes","resource_type":"choice","scope_key":{"identifier":"do_you_require_a_response","label":"Do you require a response?","resource_type":"case-field","scope_key":null}},"value":"yes"},"choice::case-field::do_you_require_a_response::no":{"disabled":false,"key":{"identifier":"no","label":"No","resource_type":"choice","scope_key":{"identifier":"do_you_require_a_response","label":"Do you require a response?","resource_type":"case-field","scope_key":null}},"value":"no"}},"exported_default_choices":[],"multiple":false,"type":"choice"},"choice::case-field::do_you_require_the_customer_to_upload_any_documents::yes":{"disabled":false,"key":{"identifier":"yes","label":"Yes","resource_type":"choice","scope_key":{"identifier":"do_you_require_the_customer_to_upload_any_documents","label":"Do you require the customer to upload any documents?","resource_type":"case-field","scope_key":null}},"value":"yes"},"choice::case-field::do_you_require_the_customer_to_upload_any_documents::no":{"disabled":false,"key":{"identifier":"no","label":"No","resource_type":"choice","scope_key":{"identifier":"do_you_require_the_customer_to_upload_any_documents","label":"Do you require the customer to upload any documents?","resource_type":"case-field","scope_key":null}},"value":"no"},"case-field::do_you_require_the_customer_to_upload_any_documents":{"allowed_privilege_level_keys":[],"allowed_to_all_privilege_levels":true,"encrypted":false,"redactable":false,"key":{"identifier":"do_you_require_the_customer_to_upload_any_documents","label":"Do you require the customer to upload any documents?","resource_type":"case-field","scope_key":null},"position":0,"choice_keys":[],"default_choice_keys":[],"expanded":true,"exported_choices":{"choice::case-field::do_you_require_the_customer_to_upload_any_documents::yes":{"disabled":false,"key":{"identifier":"yes","label":"Yes","resource_type":"choice","scope_key":{"identifier":"do_you_require_the_customer_to_upload_any_documents","label":"Do you require the customer to upload any documents?","resource_type":"case-field","scope_key":null}},"value":"yes"},"choice::case-field::do_you_require_the_customer_to_upload_any_documents::no":{"disabled":false,"key":{"identifier":"no","label":"No","resource_type":"choice","scope_key":{"identifier":"do_you_require_the_customer_to_upload_any_documents","label":"Do you require the customer to upload any documents?","resource_type":"case-field","scope_key":null}},"value":"no"}},"exported_default_choices":[],"multiple":false,"type":"choice"},"case-form::case-type::covid-19-community-form-1::message-customer-you-must-request-a-response-if-you-require-the-customer-to-upload-documents":{"external_redirects":[],"fields":[{"key":{"identifier":"do-you-require-a-response","label":"Do you require a response?","resource_type":"case-form-field","scope_key":{"identifier":"message-customer-you-must-request-a-response-if-you-require-the-customer-to-upload-documents","label":"Message customer - You must request a response if you require the customer to upload documents","resource_type":"case-form","scope_key":{"identifier":"covid-19-community-form-1","label":"COVID-19 Community Assistance","resource_type":"case-type","scope_key":null}}},"position":0,"requirement":{"key":{"identifier":"269068","label":"Expression 269068","resource_type":"expression","scope_key":null},"type":"true_expression"},"visibility":null,"field_key":{"identifier":"do_you_require_a_response","label":"Do you require a response?","resource_type":"case-field","scope_key":null},"type":"case_field"},{"key":{"identifier":"do-you-require-the-customer-to-upload-any-documents","label":"Do you require the customer to upload any documents?","resource_type":"case-form-field","scope_key":{"identifier":"message-customer-you-must-request-a-response-if-you-require-the-customer-to-upload-documents","label":"Message customer - You must request a response if you require the customer to upload documents","resource_type":"case-form","scope_key":{"identifier":"covid-19-community-form-1","label":"COVID-19 Community Assistance","resource_type":"case-type","scope_key":null}}},"position":1,"requirement":{"key":{"identifier":"269069","label":"Expression 269069","resource_type":"expression","scope_key":null},"type":"true_expression"},"visibility":null,"field_key":{"identifier":"do_you_require_the_customer_to_upload_any_documents","label":"Do you require the customer to upload any documents?","resource_type":"case-field","scope_key":null},"type":"case_field"},{"key":{"identifier":"what-is-your-update-question-or-request","label":"What is your update, question or request?","resource_type":"case-form-field","scope_key":{"identifier":"message-customer-you-must-request-a-response-if-you-require-the-customer-to-upload-documents","label":"Message customer - You must request a response if you require the customer to upload documents","resource_type":"case-form","scope_key":{"identifier":"covid-19-community-form-1","label":"COVID-19 Community Assistance","resource_type":"case-type","scope_key":null}}},"position":2,"requirement":{"key":{"identifier":"269070","label":"Expression 269070","resource_type":"expression","scope_key":null},"type":"true_expression"},"visibility":null,"field_key":{"identifier":"what_is_your_question_or_request","label":"What is your update, question or request?","resource_type":"case-field","scope_key":null},"type":"case_field"}],"key":{"identifier":"message-customer-you-must-request-a-response-if-you-require-the-customer-to-upload-documents","label":"Message customer - You must request a response if you require the customer to upload documents","resource_type":"case-form","scope_key":{"identifier":"covid-19-community-form-1","label":"COVID-19 Community Assistance","resource_type":"case-type","scope_key":null}},"type":"normal"},"case-form::case-type::covid-19-community-form-1::customer-response-add-the-update-in-the-box-below":{"external_redirects":[],"fields":[{"key":{"identifier":"customer-response","label":"Customer Response","resource_type":"case-form-field","scope_key":{"identifier":"customer-response-add-the-update-in-the-box-below","label":"Customer response - Add the update in the box below","resource_type":"case-form","scope_key":{"identifier":"covid-19-community-form-1","label":"COVID-19 Community Assistance","resource_type":"case-type","scope_key":null}}},"position":0,"requirement":{"key":{"identifier":"269071","label":"Expression 269071","resource_type":"expression","scope_key":null},"type":"true_expression"},"visibility":null,"field_key":{"identifier":"customer_response_1","label":"Customer Response","resource_type":"case-field","scope_key":null},"type":"case_field"}],"key":{"identifier":"customer-response-add-the-update-in-the-box-below","label":"Customer response - Add the update in the box below","resource_type":"case-form","scope_key":{"identifier":"covid-19-community-form-1","label":"COVID-19 Community Assistance","resource_type":"case-type","scope_key":null}},"type":"normal"},"privilege-level::administrator":{"key":{"identifier":"administrator","label":"API User","resource_type":"privilege-level","scope_key":null}},"privilege-level::advisor":{"key":{"identifier":"advisor","label":"Advisor","resource_type":"privilege-level","scope_key":null}},"privilege-level::staff-free-user":{"key":{"identifier":"staff-free-user","label":"Staff","resource_type":"privilege-level","scope_key":null}},"privilege-level::system-administrator":{"key":{"identifier":"system-administrator","label":"System Administrator","resource_type":"privilege-level","scope_key":null}},"privilege-level::administrator-1":{"key":{"identifier":"administrator-1","label":"Administrator","resource_type":"privilege-level","scope_key":null}},"case-transition::case-type::covid-19-community-form-1::mark-as-in-progress":{"allowed_privilege_level_keys":{"privilege-level::administrator":{"identifier":"administrator","label":"API User","resource_type":"privilege-level","scope_key":null},"privilege-level::advisor":{"identifier":"advisor","label":"Advisor","resource_type":"privilege-level","scope_key":null},"privilege-level::staff-free-user":{"identifier":"staff-free-user","label":"Staff","resource_type":"privilege-level","scope_key":null},"privilege-level::system-administrator":{"identifier":"system-administrator","label":"System Administrator","resource_type":"privilege-level","scope_key":null},"privilege-level::administrator-1":{"identifier":"administrator-1","label":"Administrator","resource_type":"privilege-level","scope_key":null}},"call_to_action":true,"call_to_action_style":"primary","case_form_key":null,"from_status_keys":{"case-status::case-type::covid-19-community-form-1::submitted":{"identifier":"submitted","label":"Submitted","resource_type":"case-status","scope_key":{"identifier":"covid-19-community-form-1","label":"COVID-19 Community Assistance","resource_type":"case-type","scope_key":null}},"case-status::case-type::covid-19-community-form-1::customer-responded":{"identifier":"customer-responded","label":"Customer responded","resource_type":"case-status","scope_key":{"identifier":"covid-19-community-form-1","label":"COVID-19 Community Assistance","resource_type":"case-type","scope_key":null}}},"key":{"identifier":"mark-as-in-progress","label":"Mark as In Progress","resource_type":"case-transition","scope_key":{"identifier":"covid-19-community-form-1","label":"COVID-19 Community Assistance","resource_type":"case-type","scope_key":null}},"to_status_key":{"identifier":"in-progress","label":"In progress","resource_type":"case-status","scope_key":{"identifier":"covid-19-community-form-1","label":"COVID-19 Community Assistance","resource_type":"case-type","scope_key":null}}},"case-transition::case-type::covid-19-community-form-1::message-customer":{"allowed_privilege_level_keys":{"privilege-level::administrator":{"identifier":"administrator","label":"API User","resource_type":"privilege-level","scope_key":null},"privilege-level::advisor":{"identifier":"advisor","label":"Advisor","resource_type":"privilege-level","scope_key":null},"privilege-level::staff-free-user":{"identifier":"staff-free-user","label":"Staff","resource_type":"privilege-level","scope_key":null},"privilege-level::system-administrator":{"identifier":"system-administrator","label":"System Administrator","resource_type":"privilege-level","scope_key":null},"privilege-level::administrator-1":{"identifier":"administrator-1","label":"Administrator","resource_type":"privilege-level","scope_key":null}},"call_to_action":true,"call_to_action_style":"primary","case_form_key":{"identifier":"message-customer-you-must-request-a-response-if-you-require-the-customer-to-upload-documents","label":"Message customer - You must request a response if you require the customer to upload documents","resource_type":"case-form","scope_key":{"identifier":"covid-19-community-form-1","label":"COVID-19 Community Assistance","resource_type":"case-type","scope_key":null}},"from_status_keys":{"case-status::case-type::covid-19-community-form-1::in-progress":{"identifier":"in-progress","label":"In progress","resource_type":"case-status","scope_key":{"identifier":"covid-19-community-form-1","label":"COVID-19 Community Assistance","resource_type":"case-type","scope_key":null}}},"key":{"identifier":"message-customer","label":"Message customer","resource_type":"case-transition","scope_key":{"identifier":"covid-19-community-form-1","label":"COVID-19 Community Assistance","resource_type":"case-type","scope_key":null}},"to_status_key":{"identifier":"message-customer","label":"Message customer","resource_type":"case-status","scope_key":{"identifier":"covid-19-community-form-1","label":"COVID-19 Community Assistance","resource_type":"case-type","scope_key":null}}},"case-transition::case-type::covid-19-community-form-1::customer-responded":{"allowed_privilege_level_keys":{"privilege-level::administrator":{"identifier":"administrator","label":"API User","resource_type":"privilege-level","scope_key":null}},"call_to_action":false,"call_to_action_style":"default","case_form_key":{"identifier":"customer-response-add-the-update-in-the-box-below","label":"Customer response - Add the update in the box below","resource_type":"case-form","scope_key":{"identifier":"covid-19-community-form-1","label":"COVID-19 Community Assistance","resource_type":"case-type","scope_key":null}},"from_status_keys":{"case-status::case-type::covid-19-community-form-1::message-customer":{"identifier":"message-customer","label":"Message customer","resource_type":"case-status","scope_key":{"identifier":"covid-19-community-form-1","label":"COVID-19 Community Assistance","resource_type":"case-type","scope_key":null}},"case-status::case-type::covid-19-community-form-1::no-response-from-customer":{"identifier":"no-response-from-customer","label":"No Response From Customer","resource_type":"case-status","scope_key":{"identifier":"covid-19-community-form-1","label":"COVID-19 Community Assistance","resource_type":"case-type","scope_key":null}}},"key":{"identifier":"customer-responded","label":"Customer responded","resource_type":"case-transition","scope_key":{"identifier":"covid-19-community-form-1","label":"COVID-19 Community Assistance","resource_type":"case-type","scope_key":null}},"to_status_key":{"identifier":"customer-responded","label":"Customer responded","resource_type":"case-status","scope_key":{"identifier":"covid-19-community-form-1","label":"COVID-19 Community Assistance","resource_type":"case-type","scope_key":null}}},"case-transition::case-type::covid-19-community-form-1::close-case":{"allowed_privilege_level_keys":{"privilege-level::administrator":{"identifier":"administrator","label":"API User","resource_type":"privilege-level","scope_key":null},"privilege-level::advisor":{"identifier":"advisor","label":"Advisor","resource_type":"privilege-level","scope_key":null},"privilege-level::staff-free-user":{"identifier":"staff-free-user","label":"Staff","resource_type":"privilege-level","scope_key":null},"privilege-level::system-administrator":{"identifier":"system-administrator","label":"System Administrator","resource_type":"privilege-level","scope_key":null},"privilege-level::administrator-1":{"identifier":"administrator-1","label":"Administrator","resource_type":"privilege-level","scope_key":null}},"call_to_action":true,"call_to_action_style":"default","case_form_key":null,"from_status_keys":{"case-status::case-type::covid-19-community-form-1::in-progress":{"identifier":"in-progress","label":"In progress","resource_type":"case-status","scope_key":{"identifier":"covid-19-community-form-1","label":"COVID-19 Community Assistance","resource_type":"case-type","scope_key":null}}},"key":{"identifier":"close-case","label":"Close case","resource_type":"case-transition","scope_key":{"identifier":"covid-19-community-form-1","label":"COVID-19 Community Assistance","resource_type":"case-type","scope_key":null}},"to_status_key":{"identifier":"closed","label":"Closed","resource_type":"case-status","scope_key":{"identifier":"covid-19-community-form-1","label":"COVID-19 Community Assistance","resource_type":"case-type","scope_key":null}}},"case-transition::case-type::covid-19-community-form-1::resend-message":{"allowed_privilege_level_keys":{"privilege-level::administrator":{"identifier":"administrator","label":"API User","resource_type":"privilege-level","scope_key":null},"privilege-level::advisor":{"identifier":"advisor","label":"Advisor","resource_type":"privilege-level","scope_key":null},"privilege-level::staff-free-user":{"identifier":"staff-free-user","label":"Staff","resource_type":"privilege-level","scope_key":null},"privilege-level::system-administrator":{"identifier":"system-administrator","label":"System Administrator","resource_type":"privilege-level","scope_key":null},"privilege-level::administrator-1":{"identifier":"administrator-1","label":"Administrator","resource_type":"privilege-level","scope_key":null}},"call_to_action":true,"call_to_action_style":"primary","case_form_key":null,"from_status_keys":{"case-status::case-type::covid-19-community-form-1::no-response-from-customer":{"identifier":"no-response-from-customer","label":"No Response From Customer","resource_type":"case-status","scope_key":{"identifier":"covid-19-community-form-1","label":"COVID-19 Community Assistance","resource_type":"case-type","scope_key":null}}},"key":{"identifier":"resend-message","label":"Resend message","resource_type":"case-transition","scope_key":{"identifier":"covid-19-community-form-1","label":"COVID-19 Community Assistance","resource_type":"case-type","scope_key":null}},"to_status_key":{"identifier":"message-customer","label":"Message customer","resource_type":"case-status","scope_key":{"identifier":"covid-19-community-form-1","label":"COVID-19 Community Assistance","resource_type":"case-type","scope_key":null}}},"case-transition::case-type::covid-19-community-form-1::no-response":{"allowed_privilege_level_keys":{"privilege-level::administrator":{"identifier":"administrator","label":"API User","resource_type":"privilege-level","scope_key":null}},"call_to_action":false,"call_to_action_style":"default","case_form_key":null,"from_status_keys":{"case-status::case-type::covid-19-community-form-1::message-customer":{"identifier":"message-customer","label":"Message customer","resource_type":"case-status","scope_key":{"identifier":"covid-19-community-form-1","label":"COVID-19 Community Assistance","resource_type":"case-type","scope_key":null}}},"key":{"identifier":"no-response","label":"No response","resource_type":"case-transition","scope_key":{"identifier":"covid-19-community-form-1","label":"COVID-19 Community Assistance","resource_type":"case-type","scope_key":null}},"to_status_key":{"identifier":"no-response-from-customer","label":"No Response From Customer","resource_type":"case-status","scope_key":{"identifier":"covid-19-community-form-1","label":"COVID-19 Community Assistance","resource_type":"case-type","scope_key":null}}},"case-transition::case-type::covid-19-community-form-1::update-only":{"allowed_privilege_level_keys":{"privilege-level::administrator":{"identifier":"administrator","label":"API User","resource_type":"privilege-level","scope_key":null}},"call_to_action":false,"call_to_action_style":"default","case_form_key":null,"from_status_keys":{"case-status::case-type::covid-19-community-form-1::message-customer":{"identifier":"message-customer","label":"Message customer","resource_type":"case-status","scope_key":{"identifier":"covid-19-community-form-1","label":"COVID-19 Community Assistance","resource_type":"case-type","scope_key":null}}},"key":{"identifier":"update-only","label":"Update only","resource_type":"case-transition","scope_key":{"identifier":"covid-19-community-form-1","label":"COVID-19 Community Assistance","resource_type":"case-type","scope_key":null}},"to_status_key":{"identifier":"in-progress","label":"In progress","resource_type":"case-status","scope_key":{"identifier":"covid-19-community-form-1","label":"COVID-19 Community Assistance","resource_type":"case-type","scope_key":null}}},"case-transition::case-type::covid-19-community-form-1::send-another-message":{"allowed_privilege_level_keys":{"privilege-level::administrator":{"identifier":"administrator","label":"API User","resource_type":"privilege-level","scope_key":null},"privilege-level::advisor":{"identifier":"advisor","label":"Advisor","resource_type":"privilege-level","scope_key":null},"privilege-level::staff-free-user":{"identifier":"staff-free-user","label":"Staff","resource_type":"privilege-level","scope_key":null},"privilege-level::system-administrator":{"identifier":"system-administrator","label":"System Administrator","resource_type":"privilege-level","scope_key":null},"privilege-level::administrator-1":{"identifier":"administrator-1","label":"Administrator","resource_type":"privilege-level","scope_key":null}},"call_to_action":true,"call_to_action_style":"primary","case_form_key":{"identifier":"message-customer-you-must-request-a-response-if-you-require-the-customer-to-upload-documents","label":"Message customer - You must request a response if you require the customer to upload documents","resource_type":"case-form","scope_key":{"identifier":"covid-19-community-form-1","label":"COVID-19 Community Assistance","resource_type":"case-type","scope_key":null}},"from_status_keys":{"case-status::case-type::covid-19-community-form-1::customer-responded":{"identifier":"customer-responded","label":"Customer responded","resource_type":"case-status","scope_key":{"identifier":"covid-19-community-form-1","label":"COVID-19 Community Assistance","resource_type":"case-type","scope_key":null}}},"key":{"identifier":"send-another-message","label":"Send another message","resource_type":"case-transition","scope_key":{"identifier":"covid-19-community-form-1","label":"COVID-19 Community Assistance","resource_type":"case-type","scope_key":null}},"to_status_key":{"identifier":"message-customer","label":"Message customer","resource_type":"case-status","scope_key":{"identifier":"covid-19-community-form-1","label":"COVID-19 Community Assistance","resource_type":"case-type","scope_key":null}}},"case-transition::case-type::covid-19-community-form-1::response-received-via-phone-call":{"allowed_privilege_level_keys":{"privilege-level::administrator":{"identifier":"administrator","label":"API User","resource_type":"privilege-level","scope_key":null},"privilege-level::advisor":{"identifier":"advisor","label":"Advisor","resource_type":"privilege-level","scope_key":null},"privilege-level::staff-free-user":{"identifier":"staff-free-user","label":"Staff","resource_type":"privilege-level","scope_key":null},"privilege-level::system-administrator":{"identifier":"system-administrator","label":"System Administrator","resource_type":"privilege-level","scope_key":null},"privilege-level::administrator-1":{"identifier":"administrator-1","label":"Administrator","resource_type":"privilege-level","scope_key":null}},"call_to_action":true,"call_to_action_style":"success","case_form_key":{"identifier":"customer-response-add-the-update-in-the-box-below","label":"Customer response - Add the update in the box below","resource_type":"case-form","scope_key":{"identifier":"covid-19-community-form-1","label":"COVID-19 Community Assistance","resource_type":"case-type","scope_key":null}},"from_status_keys":{"case-status::case-type::covid-19-community-form-1::no-response-from-customer":{"identifier":"no-response-from-customer","label":"No Response From Customer","resource_type":"case-status","scope_key":{"identifier":"covid-19-community-form-1","label":"COVID-19 Community Assistance","resource_type":"case-type","scope_key":null}}},"key":{"identifier":"response-received-via-phone-call","label":"Response received via phone call","resource_type":"case-transition","scope_key":{"identifier":"covid-19-community-form-1","label":"COVID-19 Community Assistance","resource_type":"case-type","scope_key":null}},"to_status_key":{"identifier":"customer-responded","label":"Customer responded","resource_type":"case-status","scope_key":{"identifier":"covid-19-community-form-1","label":"COVID-19 Community Assistance","resource_type":"case-type","scope_key":null}}},"user-group::customer-services":{"key":{"identifier":"customer-services","label":"Customer Services","resource_type":"user-group","scope_key":null}},"rule::case-type::covid-19-community-form-1::30019":{"actions":[{"key":{"identifier":"107423","label":"Action 107423","resource_type":"action","scope_key":null},"position":1,"user_group_key":{"identifier":"customer-services","label":"Customer Services","resource_type":"user-group","scope_key":null},"type":"assign_user_group"},{"key":{"identifier":"107422","label":"Action 107422","resource_type":"action","scope_key":null},"position":2,"email_template_key":{"identifier":"new-case","label":"New Case","resource_type":"alert-email-template","scope_key":{"identifier":"covid-19-community-form-1","label":"COVID-19 Community Assistance","resource_type":"case-type","scope_key":null}},"recipient":{"key":{"identifier":"55179","label":"Recipient 55179","resource_type":"alert-recipient","scope_key":null},"text_value":"changeme@council.gov.uk","type":"text_value"},"type":"alert"}],"condition":null,"enabled":true,"key":{"identifier":"30019","label":"New Case (R2)","resource_type":"rule","scope_key":{"identifier":"covid-19-community-form-1","label":"COVID-19 Community Assistance","resource_type":"case-type","scope_key":null}},"triggers":[{"key":{"identifier":"77875","label":"Trigger 77875","resource_type":"trigger","scope_key":null},"event_name":"case.created","type":"event"}]},"rule::case-type::covid-19-community-form-1::30020":{"actions":[{"key":{"identifier":"107408","label":"Action 107408","resource_type":"action","scope_key":null},"position":1,"email_template_key":{"identifier":"to-customer-further-information-request","label":"To customer - Further Information Request","resource_type":"alert-email-template","scope_key":{"identifier":"covid-19-community-form-1","label":"COVID-19 Community Assistance","resource_type":"case-type","scope_key":null}},"recipient":{"key":{"identifier":"55167","label":"Recipient 55167","resource_type":"alert-recipient","scope_key":null},"email_field_key":{"identifier":"email_address_1","label":"Email address","resource_type":"case-field","scope_key":null},"type":"email_field"},"type":"alert"}],"condition":{"key":{"identifier":"269073","label":"Expression 269073","resource_type":"expression","scope_key":null},"operands":[{"key":{"identifier":"269072","label":"Expression 269072","resource_type":"expression","scope_key":null},"operands":[{"key":{"identifier":"269074","label":"Expression 269074","resource_type":"expression","scope_key":null},"choice_key":{"identifier":"yes","label":"Yes","resource_type":"choice","scope_key":{"identifier":"do_you_require_a_response","label":"Do you require a response?","resource_type":"case-field","scope_key":null}},"field_key":{"identifier":"do_you_require_a_response","label":"Do you require a response?","resource_type":"case-field","scope_key":null},"operator":"==","value":"yes","type":"case_value_match_expression"}],"type":"or_expression"}],"type":"and_expression"},"enabled":true,"key":{"identifier":"30020","label":"To customer - information request (R3)","resource_type":"rule","scope_key":{"identifier":"covid-19-community-form-1","label":"COVID-19 Community Assistance","resource_type":"case-type","scope_key":null}},"triggers":[{"key":{"identifier":"77863","label":"Trigger 77863","resource_type":"trigger","scope_key":null},"transition_key":{"identifier":"message-customer","label":"Message customer","resource_type":"case-transition","scope_key":{"identifier":"covid-19-community-form-1","label":"COVID-19 Community Assistance","resource_type":"case-type","scope_key":null}},"type":"transition"},{"key":{"identifier":"77864","label":"Trigger 77864","resource_type":"trigger","scope_key":null},"transition_key":{"identifier":"send-another-message","label":"Send another message","resource_type":"case-transition","scope_key":{"identifier":"covid-19-community-form-1","label":"COVID-19 Community Assistance","resource_type":"case-type","scope_key":null}},"type":"transition"}]},"rule::case-type::covid-19-community-form-1::30021":{"actions":[{"key":{"identifier":"107427","label":"Action 107427","resource_type":"action","scope_key":null},"position":1,"email_template_key":{"identifier":"new-case","label":"New Case","resource_type":"alert-email-template","scope_key":{"identifier":"covid-19-community-form-1","label":"COVID-19 Community Assistance","resource_type":"case-type","scope_key":null}},"recipient":{"key":{"identifier":"55183","label":"Recipient 55183","resource_type":"alert-recipient","scope_key":null},"privilege_level_keys":{"privilege-level::advisor":{"identifier":"advisor","label":"Advisor","resource_type":"privilege-level","scope_key":null},"privilege-level::staff-free-user":{"identifier":"staff-free-user","label":"Staff","resource_type":"privilege-level","scope_key":null}},"recipients_membership_type":"direct_or_group","type":"privilege_level"},"type":"alert"}],"condition":null,"enabled":true,"key":{"identifier":"30021","label":"New membership added to case","resource_type":"rule","scope_key":{"identifier":"covid-19-community-form-1","label":"COVID-19 Community Assistance","resource_type":"case-type","scope_key":null}},"triggers":[{"key":{"identifier":"77878","label":"Trigger 77878","resource_type":"trigger","scope_key":null},"event_name":"case.membership.added","type":"event"}]},"rule::case-type::covid-19-community-form-1::30022":{"actions":[{"key":{"identifier":"107410","label":"Action 107410","resource_type":"action","scope_key":null},"position":1,"transition_key":{"identifier":"no-response","label":"No response","resource_type":"case-transition","scope_key":{"identifier":"covid-19-community-form-1","label":"COVID-19 Community Assistance","resource_type":"case-type","scope_key":null}},"type":"transition"}],"condition":null,"enabled":true,"key":{"identifier":"30022","label":"No response (5days)","resource_type":"rule","scope_key":{"identifier":"covid-19-community-form-1","label":"COVID-19 Community Assistance","resource_type":"case-type","scope_key":null}},"triggers":[{"key":{"identifier":"77866","label":"Trigger 77866","resource_type":"trigger","scope_key":null},"minutes":7200,"status_key":{"identifier":"message-customer","label":"Message customer","resource_type":"case-status","scope_key":{"identifier":"covid-19-community-form-1","label":"COVID-19 Community Assistance","resource_type":"case-type","scope_key":null}},"type":"time_in_status"}]},"rule::case-type::covid-19-community-form-1::30023":{"actions":[{"key":{"identifier":"107424","label":"Action 107424","resource_type":"action","scope_key":null},"position":1,"email_template_key":{"identifier":"to-staff-no-response-from-customer","label":"To staff - no response from customer\u200b","resource_type":"alert-email-template","scope_key":{"identifier":"covid-19-community-form-1","label":"COVID-19 Community Assistance","resource_type":"case-type","scope_key":null}},"recipient":{"key":{"identifier":"55180","label":"Recipient 55180","resource_type":"alert-recipient","scope_key":null},"text_value":"changeme@council.gov.uk","type":"text_value"},"type":"alert"}],"condition":null,"enabled":true,"key":{"identifier":"30023","label":"Send no response email","resource_type":"rule","scope_key":{"identifier":"covid-19-community-form-1","label":"COVID-19 Community Assistance","resource_type":"case-type","scope_key":null}},"triggers":[{"key":{"identifier":"77876","label":"Trigger 77876","resource_type":"trigger","scope_key":null},"transition_key":{"identifier":"no-response","label":"No response","resource_type":"case-transition","scope_key":{"identifier":"covid-19-community-form-1","label":"COVID-19 Community Assistance","resource_type":"case-type","scope_key":null}},"type":"transition"}]},"rule::case-type::covid-19-community-form-1::30024":{"actions":[{"key":{"identifier":"107413","label":"Action 107413","resource_type":"action","scope_key":null},"position":1,"email_template_key":{"identifier":"to-customer-update","label":"To customer - update","resource_type":"alert-email-template","scope_key":{"identifier":"covid-19-community-form-1","label":"COVID-19 Community Assistance","resource_type":"case-type","scope_key":null}},"recipient":{"key":{"identifier":"55170","label":"Recipient 55170","resource_type":"alert-recipient","scope_key":null},"email_field_key":{"identifier":"email_address_1","label":"Email address","resource_type":"case-field","scope_key":null},"type":"email_field"},"type":"alert"},{"key":{"identifier":"107412","label":"Action 107412","resource_type":"action","scope_key":null},"position":2,"transition_key":{"identifier":"update-only","label":"Update only","resource_type":"case-transition","scope_key":{"identifier":"covid-19-community-form-1","label":"COVID-19 Community Assistance","resource_type":"case-type","scope_key":null}},"type":"transition"}],"condition":{"key":{"identifier":"269076","label":"Expression 269076","resource_type":"expression","scope_key":null},"operands":[{"key":{"identifier":"269075","label":"Expression 269075","resource_type":"expression","scope_key":null},"operands":[{"key":{"identifier":"269077","label":"Expression 269077","resource_type":"expression","scope_key":null},"choice_key":{"identifier":"no","label":"No","resource_type":"choice","scope_key":{"identifier":"do_you_require_a_response","label":"Do you require a response?","resource_type":"case-field","scope_key":null}},"field_key":{"identifier":"do_you_require_a_response","label":"Do you require a response?","resource_type":"case-field","scope_key":null},"operator":"==","value":"no","type":"case_value_match_expression"}],"type":"or_expression"}],"type":"and_expression"},"enabled":true,"key":{"identifier":"30024","label":"To customer - update","resource_type":"rule","scope_key":{"identifier":"covid-19-community-form-1","label":"COVID-19 Community Assistance","resource_type":"case-type","scope_key":null}},"triggers":[{"key":{"identifier":"77868","label":"Trigger 77868","resource_type":"trigger","scope_key":null},"transition_key":{"identifier":"message-customer","label":"Message customer","resource_type":"case-transition","scope_key":{"identifier":"covid-19-community-form-1","label":"COVID-19 Community Assistance","resource_type":"case-type","scope_key":null}},"type":"transition"},{"key":{"identifier":"77869","label":"Trigger 77869","resource_type":"trigger","scope_key":null},"transition_key":{"identifier":"send-another-message","label":"Send another message","resource_type":"case-transition","scope_key":{"identifier":"covid-19-community-form-1","label":"COVID-19 Community Assistance","resource_type":"case-type","scope_key":null}},"type":"transition"}]},"rule::case-type::covid-19-community-form-1::30025":{"actions":[{"key":{"identifier":"107425","label":"Action 107425","resource_type":"action","scope_key":null},"position":1,"email_template_key":{"identifier":"to-customer-update-received","label":"To customer - update received","resource_type":"alert-email-template","scope_key":{"identifier":"covid-19-community-form-1","label":"COVID-19 Community Assistance","resource_type":"case-type","scope_key":null}},"recipient":{"key":{"identifier":"55182","label":"Recipient 55182","resource_type":"alert-recipient","scope_key":null},"email_field_key":{"identifier":"email_address_1","label":"Email address","resource_type":"case-field","scope_key":null},"type":"email_field"},"type":"alert"},{"key":{"identifier":"107426","label":"Action 107426","resource_type":"action","scope_key":null},"position":2,"email_template_key":{"identifier":"to-staff-response-received","label":"To staff - response received","resource_type":"alert-email-template","scope_key":{"identifier":"covid-19-community-form-1","label":"COVID-19 Community Assistance","resource_type":"case-type","scope_key":null}},"recipient":{"key":{"identifier":"55181","label":"Recipient 55181","resource_type":"alert-recipient","scope_key":null},"text_value":"changeme@council.gov.uk","type":"text_value"},"type":"alert"}],"condition":null,"enabled":true,"key":{"identifier":"30025","label":"To customer and staff - customer responded","resource_type":"rule","scope_key":{"identifier":"covid-19-community-form-1","label":"COVID-19 Community Assistance","resource_type":"case-type","scope_key":null}},"triggers":[{"key":{"identifier":"77877","label":"Trigger 77877","resource_type":"trigger","scope_key":null},"transition_key":{"identifier":"customer-responded","label":"Customer responded","resource_type":"case-transition","scope_key":{"identifier":"covid-19-community-form-1","label":"COVID-19 Community Assistance","resource_type":"case-type","scope_key":null}},"type":"transition"}]},"rule::case-type::covid-19-community-form-1::30026":{"actions":[{"key":{"identifier":"107421","label":"Action 107421","resource_type":"action","scope_key":null},"position":1,"email_template_key":{"identifier":"to-customer-further-information-request","label":"To customer - Further Information Request","resource_type":"alert-email-template","scope_key":{"identifier":"covid-19-community-form-1","label":"COVID-19 Community Assistance","resource_type":"case-type","scope_key":null}},"recipient":{"key":{"identifier":"55178","label":"Recipient 55178","resource_type":"alert-recipient","scope_key":null},"email_field_key":{"identifier":"email_address_1","label":"Email address","resource_type":"case-field","scope_key":null},"type":"email_field"},"type":"alert"}],"condition":null,"enabled":true,"key":{"identifier":"30026","label":"To customer and staff - resend message","resource_type":"rule","scope_key":{"identifier":"covid-19-community-form-1","label":"COVID-19 Community Assistance","resource_type":"case-type","scope_key":null}},"triggers":[{"key":{"identifier":"77874","label":"Trigger 77874","resource_type":"trigger","scope_key":null},"transition_key":{"identifier":"resend-message","label":"Resend message","resource_type":"case-transition","scope_key":{"identifier":"covid-19-community-form-1","label":"COVID-19 Community Assistance","resource_type":"case-type","scope_key":null}},"type":"transition"}]},"rule::case-type::covid-19-community-form-1::30027":{"actions":[{"key":{"identifier":"107418","label":"Action 107418","resource_type":"action","scope_key":null},"position":1,"email_template_key":{"identifier":"to-customer-case-resolved","label":"To customer - case resolved","resource_type":"alert-email-template","scope_key":{"identifier":"covid-19-community-form-1","label":"COVID-19 Community Assistance","resource_type":"case-type","scope_key":null}},"recipient":{"key":{"identifier":"55175","label":"Recipient 55175","resource_type":"alert-recipient","scope_key":null},"email_field_key":{"identifier":"email_address_1","label":"Email address","resource_type":"case-field","scope_key":null},"type":"email_field"},"type":"alert"}],"condition":null,"enabled":true,"key":{"identifier":"30027","label":"Close case (R4)","resource_type":"rule","scope_key":{"identifier":"covid-19-community-form-1","label":"COVID-19 Community Assistance","resource_type":"case-type","scope_key":null}},"triggers":[{"key":{"identifier":"77872","label":"Trigger 77872","resource_type":"trigger","scope_key":null},"transition_key":{"identifier":"close-case","label":"Close case","resource_type":"case-transition","scope_key":{"identifier":"covid-19-community-form-1","label":"COVID-19 Community Assistance","resource_type":"case-type","scope_key":null}},"type":"transition"}]}}}}