{"form.json":"7aa952a1af4f37c8ab1d45621c9e98118864e85b","page-templates\/Corona_volunteer_-_Declaration.json":"a0d419bd991a08be59b9ed87c7fe4ec8889015f6","page-templates\/Corona_volunteer_-_How_can_you_help.json":"17f5de593ceee1d43a7f7135ed0f8149100464e0","page-templates\/Corona_volunteer_-_Introduction.json":"3225c5e43f451e47e5338bfc93602e59975e8ae3","page-templates\/Corona_volunteer_-_When_and_where_can_you_help.json":"8577a35465bfccf7a22f8e98e9195177cfa81f94","page-templates\/Corona_volunteer_-_Your_details_(433)_(472).json":"49d43be10c5d4266c30afc4884841c6eb8964fee","structure\/pages.json":"4dff72d160b3309c541b09e91789073823071cc9","structure\/branching.json":"d4114e33521fc0a09b0e43c3fa2f7d0498062613","actions\/rules\/Submit_answers.json":"6bb002eed811a5e0c1c0efdcf1d4d920fb444e33","actions\/templates\/Attach_files.json":"49b53ccffecb54add611c08bb36f1ae78fb0c642","actions\/templates\/Create_CXM_case.json":"8b118b35d0ec4d5f3474972835189edaeb11ff59","actions\/templates\/New_volunteer.json":"e4ac438d3c21222ebdc3d186011326c0f3452efd","actions\/templates\/Thank_you_for_volunteering.json":"692811ec8e16e74f2713c164bec61103aca3f00f","misc\/pdfs.json":"97d170e1550eee4afc0af065b78cda302a97674c","misc\/prefills.json":"97d170e1550eee4afc0af065b78cda302a97674c","misc\/placeholders.json":"825169a4062aa9e2b17f42ce174312e1e874882f","misc\/logic_definitions.json":"97d170e1550eee4afc0af065b78cda302a97674c","misc\/logics\/Address.json":"493835a7ec1a68060a22d0c518b4cfa2365febf5","misc\/ic_inputs.json":"97d170e1550eee4afc0af065b78cda302a97674c","misc\/data-retention.json":"fa8b819d756eec4a4f185f5465ef79b349ea9ce4"}