{"title":"COVID-19 Volunteer to help in your community","instructions":"","progressBar":"0","allowUnregistered":"1","resumeAtStart":"0","reCaptcha":"0","internalOnly":0,"metadata":{"id":"334","itemID":"472","creator":"Molly Underwood","contributor":"","publisher":"Lincolnshire County Council","rights":"Copyright Lincolnshire County Council 2020","source":"","status":"V1.0 Public Consumption","coverage":"UK","created":1586818800,"modified":1586818800,"valid":null,"expired":null,"format":"text\/html","language":"en","subject":"","description":"Volunteer to help in your community"},"categories":[{"id":"3493","categoryType":"Navigation","itemID":472,"categoryID":"20126"},{"id":"3494","categoryType":"Navigation","itemID":472,"categoryID":"20234"}]}