{"form.json":"cc8f10cb229b4f24c77b27f91eb676155ca327c6","page-templates\/Manually_add_address.json":"d39a928c12d60ec2b6041cf035b4318a999d8d36","page-templates\/About_you_(587)_(528).json":"cbe7021fa4f929dbd2267f9b06085c0b6b21cccc","page-templates\/How_can_you_help__(587)_(528).json":"7bb25ce785558829659c77ec0b10d930fa5fa04f","structure\/pages.json":"6ede81d1b2b916bdef2c5341f4d2ee7e643aab94","structure\/branching.json":"53ceff37d5290206d373dc8323ae3f890f172d3b","misc\/pdfs.json":"97d170e1550eee4afc0af065b78cda302a97674c","misc\/prefills.json":"97d170e1550eee4afc0af065b78cda302a97674c","misc\/placeholders.json":"97d170e1550eee4afc0af065b78cda302a97674c","misc\/logic_definitions.json":"97d170e1550eee4afc0af065b78cda302a97674c","misc\/logics\/CXM_-_Name.json":"e43f8351f65bbe9ba0137322e221913b1bb1613f","misc\/ic_inputs.json":"97d170e1550eee4afc0af065b78cda302a97674c","misc\/data-retention.json":"fa8b819d756eec4a4f185f5465ef79b349ea9ce4"}