{"title":"Volunteer to help in your community","instructions":"","progressBar":"0","allowUnregistered":"1","resumeAtStart":"0","reCaptcha":"0","internalOnly":0,"metadata":{"id":"390","itemID":"528","creator":"Maria Barrett-Smith","contributor":"","publisher":"Canterbury City Council","rights":"Copyright Canterbury City Council","source":"","status":"V1.0 Public Consumption","coverage":"Canterbury, Kent, England, United Kingdom","created":1585695600,"modified":1585695600,"valid":null,"expired":null,"format":"text\/html","language":"en","subject":"","description":"Volunteer to help during the coronavirus outbreak."},"categories":[{"id":"3623","categoryType":"Navigation","itemID":528,"categoryID":"200128"}]}