{"form.json":"4d048febdbe404e7bd1743b472137e9c9df068e6","page-templates\/Generic_Terms_Agreement.json":"96dd461f34940505933bd0c32827e3e2ce28081d","page-templates\/Book_to_visit_the_tip_(542).json":"30266cafb86e2b31abd01f1151d94adf0df271bb","page-templates\/Get_details_to_your_email_address_(542).json":"40e629bd6e038f8ded7201c58707e30598134511","structure\/pages.json":"1fd253623fc3ad6e80429cb0f841bd044da02ac3","structure\/branching.json":"c80a296068ffef5793c0a972eb7950e650e2f6e8","actions\/rules\/Submission_re__site_2_(other_waste).json":"71cb3f2eece884e5f8dec0a73ba79cdc8424bffd","actions\/rules\/Submission_re__site_1_(green_garden_waste).json":"f1482958a0953a331e44f4a74d952bd076249178","actions\/templates\/Customer_receipt_site_2.json":"2fd1516dac89a13776e1ec61f9410852dde35d6f","actions\/templates\/Customer_receipt_site_1.json":"b7df2234fe998fdfc015aa3763e66f09d3a95d0a","actions\/templates\/Your_HWRC_booking_details_for_site_2.json":"ec92e7a82b94c2f5faeb198222032ba8f8f4d756","actions\/templates\/Your_HWRC_booking_details_for_site_1.json":"48d061185791fb5ac1ebdf16495c3719ed6e27aa","misc\/pdfs.json":"97d170e1550eee4afc0af065b78cda302a97674c","misc\/prefills.json":"97d170e1550eee4afc0af065b78cda302a97674c","misc\/placeholders.json":"1476d90d9af12a6c0090dcf1c324ae8c25176a04","misc\/logic_definitions.json":"97d170e1550eee4afc0af065b78cda302a97674c","misc\/ic_inputs.json":"97d170e1550eee4afc0af065b78cda302a97674c","misc\/data-retention.json":"3a6357d77be859dd898f403872368b647443e0ee"}