{"title":"Book a visit to the local tip","instructions":"","progressBar":"1","allowUnregistered":"1","resumeAtStart":"1","reCaptcha":"0","internalOnly":0,"metadata":{"id":"404","itemID":"542","creator":"Web Services","contributor":"","publisher":"City of York Council","rights":"Copyright 2020, City of York Council","source":"","status":"V1.0 Public Consumption","coverage":"York, North Yorkshire, England, United Kingdom","created":1588633200,"modified":1588633200,"valid":null,"expired":null,"format":"text\/html","language":"en","subject":"tip, dump, rubbish, appointment, time slot, ","description":"Use this form to book a date and time to take your rubbish to our Household Waste Recycling Centres, during the coronavirus (COVID-19) pandemic."},"categories":[{"id":"3668","categoryType":"Navigation","itemID":542,"categoryID":"100003"}]}