{"import_id":null,"import_version":2,"imported_resource":{"alertEmailTemplate_keys":{"alert-email-template::case-type::covid-19-inquiry-response::response-to-question-published":{"identifier":"response-to-question-published","label":"Response to question published","resource_type":"alert-email-template","scope_key":{"identifier":"covid-19-inquiry-response","label":"Covid 19 Inquiry Response","resource_type":"case-type","scope_key":null}}},"auto_assign_users":true,"case_limits":{"primary-address":null},"case_type_group_key":null,"default":false,"form_keys":{"case-form::case-type::covid-19-inquiry-response::new-covid-19-inquiry-response":{"identifier":"new-covid-19-inquiry-response","label":"New Covid 19 Inquiry Response","resource_type":"case-form","scope_key":{"identifier":"covid-19-inquiry-response","label":"Covid 19 Inquiry Response","resource_type":"case-type","scope_key":null}},"case-form::case-type::covid-19-inquiry-response::edit-covid-19-inquiry-response":{"identifier":"edit-covid-19-inquiry-response","label":"Edit Covid 19 Inquiry Response","resource_type":"case-form","scope_key":{"identifier":"covid-19-inquiry-response","label":"Covid 19 Inquiry Response","resource_type":"case-type","scope_key":null}}},"key":{"identifier":"covid-19-inquiry-response","label":"Covid 19 Inquiry Response","resource_type":"case-type","scope_key":null},"personal_data_redaction":false,"reference_format":"CIR%'06d","rule_keys":[],"status_keys":{"case-status::case-type::covid-19-inquiry-response::new-inquiry-inbox":{"identifier":"new-inquiry-inbox","label":"New Inquiry Inbox","resource_type":"case-status","scope_key":{"identifier":"covid-19-inquiry-response","label":"Covid 19 Inquiry Response","resource_type":"case-type","scope_key":null}},"case-status::case-type::covid-19-inquiry-response::team-response-gathering":{"identifier":"team-response-gathering","label":"Team Response Gathering","resource_type":"case-status","scope_key":{"identifier":"covid-19-inquiry-response","label":"Covid 19 Inquiry Response","resource_type":"case-type","scope_key":null}},"case-status::case-type::covid-19-inquiry-response::response-generated":{"identifier":"response-generated","label":"Response Generated","resource_type":"case-status","scope_key":{"identifier":"covid-19-inquiry-response","label":"Covid 19 Inquiry Response","resource_type":"case-type","scope_key":null}},"case-status::case-type::covid-19-inquiry-response::add-inquiry-response-to-faq":{"identifier":"add-inquiry-response-to-faq","label":"Add Inquiry\/Response to FAQ","resource_type":"case-status","scope_key":{"identifier":"covid-19-inquiry-response","label":"Covid 19 Inquiry Response","resource_type":"case-type","scope_key":null}},"case-status::case-type::covid-19-inquiry-response::file-away":{"identifier":"file-away","label":"File Away","resource_type":"case-status","scope_key":{"identifier":"covid-19-inquiry-response","label":"Covid 19 Inquiry Response","resource_type":"case-type","scope_key":null}}},"transition_keys":{"case-transition::case-type::covid-19-inquiry-response::send-to-response-team":{"identifier":"send-to-response-team","label":"Send to response team","resource_type":"case-transition","scope_key":{"identifier":"covid-19-inquiry-response","label":"Covid 19 Inquiry Response","resource_type":"case-type","scope_key":null}},"case-transition::case-type::covid-19-inquiry-response::file-away":{"identifier":"file-away","label":"File Away","resource_type":"case-transition","scope_key":{"identifier":"covid-19-inquiry-response","label":"Covid 19 Inquiry Response","resource_type":"case-type","scope_key":null}},"case-transition::case-type::covid-19-inquiry-response::publish-inquiry-response":{"identifier":"publish-inquiry-response","label":"Publish Inquiry Response","resource_type":"case-transition","scope_key":{"identifier":"covid-19-inquiry-response","label":"Covid 19 Inquiry Response","resource_type":"case-type","scope_key":null}},"case-transition::case-type::covid-19-inquiry-response::add-inquiry-response-to-online-faq":{"identifier":"add-inquiry-response-to-online-faq","label":"Add Inquiry\/Response to online FAQ","resource_type":"case-transition","scope_key":{"identifier":"covid-19-inquiry-response","label":"Covid 19 Inquiry Response","resource_type":"case-type","scope_key":null}}}},"mappings":{"items":[]},"resources":{"items":{"case-status::case-type::covid-19-inquiry-response::new-inquiry-inbox":{"key":{"identifier":"new-inquiry-inbox","label":"New Inquiry Inbox","resource_type":"case-status","scope_key":{"identifier":"covid-19-inquiry-response","label":"Covid 19 Inquiry Response","resource_type":"case-type","scope_key":null}},"label_colour":"008850","label_font_colour":"ffffff","type":"initial"},"case-status::case-type::covid-19-inquiry-response::team-response-gathering":{"key":{"identifier":"team-response-gathering","label":"Team Response Gathering","resource_type":"case-status","scope_key":{"identifier":"covid-19-inquiry-response","label":"Covid 19 Inquiry Response","resource_type":"case-type","scope_key":null}},"label_colour":"38d790","label_font_colour":"05472a","type":"normal"},"case-status::case-type::covid-19-inquiry-response::response-generated":{"key":{"identifier":"response-generated","label":"Response Generated","resource_type":"case-status","scope_key":{"identifier":"covid-19-inquiry-response","label":"Covid 19 Inquiry Response","resource_type":"case-type","scope_key":null}},"label_colour":"38d790","label_font_colour":"05472a","type":"normal"},"case-status::case-type::covid-19-inquiry-response::add-inquiry-response-to-faq":{"key":{"identifier":"add-inquiry-response-to-faq","label":"Add Inquiry\/Response to FAQ","resource_type":"case-status","scope_key":{"identifier":"covid-19-inquiry-response","label":"Covid 19 Inquiry Response","resource_type":"case-type","scope_key":null}},"label_colour":"2670e7","label_font_colour":"ffffff","type":"normal"},"case-status::case-type::covid-19-inquiry-response::file-away":{"key":{"identifier":"file-away","label":"File Away","resource_type":"case-status","scope_key":{"identifier":"covid-19-inquiry-response","label":"Covid 19 Inquiry Response","resource_type":"case-type","scope_key":null}},"label_colour":"de2a01","label_font_colour":"ffffff","type":"normal"},"alert-email-template::case-type::covid-19-inquiry-response::response-to-question-published":{"date_definition_keys":[],"field_keys":[],"html_body":"<p>Thank you for submitting your question to our response team. Our team has responded to your question and published your question and answer on our online FAQ.<\/p><p>You can find your answer, and the answer to many other questions we have responded to by visiting the online FAQ here:&nbsp;<\/p><p>www.insertyouronlinefaqurlhere.edu<\/p><p>Kindly,&nbsp;<\/p><p>The University Covid 19 Response Team<\/p>","key":{"identifier":"response-to-question-published","label":"Response to question published","resource_type":"alert-email-template","scope_key":{"identifier":"covid-19-inquiry-response","label":"Covid 19 Inquiry Response","resource_type":"case-type","scope_key":null}},"subject":"The response to your Covid 19 question has been published"},"case-field::first_name":{"allowed_privilege_level_keys":[],"allowed_to_all_privilege_levels":true,"encrypted":true,"redactable":true,"key":{"identifier":"first_name","label":"First Name","resource_type":"case-field","scope_key":null},"position":0,"type":"text"},"case-field::last_name":{"allowed_privilege_level_keys":[],"allowed_to_all_privilege_levels":true,"encrypted":true,"redactable":true,"key":{"identifier":"last_name","label":"Last Name","resource_type":"case-field","scope_key":null},"position":0,"type":"text"},"case-field::email":{"allowed_privilege_level_keys":[],"allowed_to_all_privilege_levels":true,"encrypted":false,"redactable":false,"key":{"identifier":"email","label":"Email","resource_type":"case-field","scope_key":null},"position":20,"type":"text"},"case-field::phone-number":{"allowed_privilege_level_keys":[],"allowed_to_all_privilege_levels":true,"encrypted":false,"redactable":false,"key":{"identifier":"phone-number","label":"Telephone number","resource_type":"case-field","scope_key":null},"position":19,"type":"text"},"choice::case-field::preferred_contact_method::email":{"disabled":false,"key":{"identifier":"email","label":"Email","resource_type":"choice","scope_key":{"identifier":"preferred_contact_method","label":"Preferred Contact Method","resource_type":"case-field","scope_key":null}},"value":"email"},"choice::case-field::preferred_contact_method::phone-number":{"disabled":false,"key":{"identifier":"phone-number","label":"Phone Number","resource_type":"choice","scope_key":{"identifier":"preferred_contact_method","label":"Preferred Contact Method","resource_type":"case-field","scope_key":null}},"value":"phone_number"},"case-field::preferred_contact_method":{"allowed_privilege_level_keys":[],"allowed_to_all_privilege_levels":true,"encrypted":false,"redactable":false,"key":{"identifier":"preferred_contact_method","label":"Preferred Contact Method","resource_type":"case-field","scope_key":null},"position":null,"choice_keys":[],"default_choice_keys":[],"expanded":false,"exported_choices":{"choice::case-field::preferred_contact_method::email":{"disabled":false,"key":{"identifier":"email","label":"Email","resource_type":"choice","scope_key":{"identifier":"preferred_contact_method","label":"Preferred Contact Method","resource_type":"case-field","scope_key":null}},"value":"email"},"choice::case-field::preferred_contact_method::phone-number":{"disabled":false,"key":{"identifier":"phone-number","label":"Phone Number","resource_type":"choice","scope_key":{"identifier":"preferred_contact_method","label":"Preferred Contact Method","resource_type":"case-field","scope_key":null}},"value":"phone_number"}},"exported_default_choices":[],"multiple":false,"type":"choice"},"choice::case-field::submitter_role::student":{"disabled":false,"key":{"identifier":"student","label":"Student","resource_type":"choice","scope_key":{"identifier":"submitter_role","label":"Submitter Role","resource_type":"case-field","scope_key":null}},"value":"student"},"choice::case-field::submitter_role::staff":{"disabled":false,"key":{"identifier":"staff","label":"Staff","resource_type":"choice","scope_key":{"identifier":"submitter_role","label":"Submitter Role","resource_type":"case-field","scope_key":null}},"value":"staff"},"choice::case-field::submitter_role::faculty":{"disabled":false,"key":{"identifier":"faculty","label":"Faculty","resource_type":"choice","scope_key":{"identifier":"submitter_role","label":"Submitter Role","resource_type":"case-field","scope_key":null}},"value":"faculty"},"choice::case-field::submitter_role::parent":{"disabled":false,"key":{"identifier":"parent","label":"Parent","resource_type":"choice","scope_key":{"identifier":"submitter_role","label":"Submitter Role","resource_type":"case-field","scope_key":null}},"value":"parent"},"case-field::submitter_role":{"allowed_privilege_level_keys":[],"allowed_to_all_privilege_levels":true,"encrypted":false,"redactable":false,"key":{"identifier":"submitter_role","label":"Submitter Role","resource_type":"case-field","scope_key":null},"position":null,"choice_keys":[],"default_choice_keys":[],"expanded":false,"exported_choices":{"choice::case-field::submitter_role::student":{"disabled":false,"key":{"identifier":"student","label":"Student","resource_type":"choice","scope_key":{"identifier":"submitter_role","label":"Submitter Role","resource_type":"case-field","scope_key":null}},"value":"student"},"choice::case-field::submitter_role::staff":{"disabled":false,"key":{"identifier":"staff","label":"Staff","resource_type":"choice","scope_key":{"identifier":"submitter_role","label":"Submitter Role","resource_type":"case-field","scope_key":null}},"value":"staff"},"choice::case-field::submitter_role::faculty":{"disabled":false,"key":{"identifier":"faculty","label":"Faculty","resource_type":"choice","scope_key":{"identifier":"submitter_role","label":"Submitter Role","resource_type":"case-field","scope_key":null}},"value":"faculty"},"choice::case-field::submitter_role::parent":{"disabled":false,"key":{"identifier":"parent","label":"Parent","resource_type":"choice","scope_key":{"identifier":"submitter_role","label":"Submitter Role","resource_type":"case-field","scope_key":null}},"value":"parent"}},"exported_default_choices":[],"multiple":false,"type":"choice"},"case-field::question_or_concern":{"allowed_privilege_level_keys":[],"allowed_to_all_privilege_levels":true,"encrypted":false,"redactable":false,"key":{"identifier":"question_or_concern","label":"Question or Concern","resource_type":"case-field","scope_key":null},"position":null,"type":"textarea"},"case-form::case-type::covid-19-inquiry-response::new-covid-19-inquiry-response":{"external_redirects":[],"fields":[{"key":{"identifier":"first-name","label":"First Name","resource_type":"case-form-field","scope_key":{"identifier":"new-covid-19-inquiry-response","label":"New Covid 19 Inquiry Response","resource_type":"case-form","scope_key":{"identifier":"covid-19-inquiry-response","label":"Covid 19 Inquiry Response","resource_type":"case-type","scope_key":null}}},"position":0,"requirement":{"key":{"identifier":"269735","label":"Expression 269735","resource_type":"expression","scope_key":null},"type":"false_expression"},"visibility":null,"field_key":{"identifier":"first_name","label":"First Name","resource_type":"case-field","scope_key":null},"type":"case_field"},{"key":{"identifier":"last-name","label":"Last Name","resource_type":"case-form-field","scope_key":{"identifier":"new-covid-19-inquiry-response","label":"New Covid 19 Inquiry Response","resource_type":"case-form","scope_key":{"identifier":"covid-19-inquiry-response","label":"Covid 19 Inquiry Response","resource_type":"case-type","scope_key":null}}},"position":1,"requirement":{"key":{"identifier":"269736","label":"Expression 269736","resource_type":"expression","scope_key":null},"type":"false_expression"},"visibility":null,"field_key":{"identifier":"last_name","label":"Last Name","resource_type":"case-field","scope_key":null},"type":"case_field"},{"key":{"identifier":"email","label":"Email","resource_type":"case-form-field","scope_key":{"identifier":"new-covid-19-inquiry-response","label":"New Covid 19 Inquiry Response","resource_type":"case-form","scope_key":{"identifier":"covid-19-inquiry-response","label":"Covid 19 Inquiry Response","resource_type":"case-type","scope_key":null}}},"position":2,"requirement":{"key":{"identifier":"269734","label":"Expression 269734","resource_type":"expression","scope_key":null},"type":"false_expression"},"visibility":null,"field_key":{"identifier":"email","label":"Email","resource_type":"case-field","scope_key":null},"type":"case_field"},{"key":{"identifier":"telephone-number","label":"Telephone number","resource_type":"case-form-field","scope_key":{"identifier":"new-covid-19-inquiry-response","label":"New Covid 19 Inquiry Response","resource_type":"case-form","scope_key":{"identifier":"covid-19-inquiry-response","label":"Covid 19 Inquiry Response","resource_type":"case-type","scope_key":null}}},"position":3,"requirement":{"key":{"identifier":"269740","label":"Expression 269740","resource_type":"expression","scope_key":null},"type":"false_expression"},"visibility":null,"field_key":{"identifier":"phone-number","label":"Telephone number","resource_type":"case-field","scope_key":null},"type":"case_field"},{"key":{"identifier":"preferred-contact-method","label":"Preferred Contact Method","resource_type":"case-form-field","scope_key":{"identifier":"new-covid-19-inquiry-response","label":"New Covid 19 Inquiry Response","resource_type":"case-form","scope_key":{"identifier":"covid-19-inquiry-response","label":"Covid 19 Inquiry Response","resource_type":"case-type","scope_key":null}}},"position":4,"requirement":{"key":{"identifier":"269737","label":"Expression 269737","resource_type":"expression","scope_key":null},"type":"false_expression"},"visibility":null,"field_key":{"identifier":"preferred_contact_method","label":"Preferred Contact Method","resource_type":"case-field","scope_key":null},"type":"case_field"},{"key":{"identifier":"submitter-role","label":"Submitter Role","resource_type":"case-form-field","scope_key":{"identifier":"new-covid-19-inquiry-response","label":"New Covid 19 Inquiry Response","resource_type":"case-form","scope_key":{"identifier":"covid-19-inquiry-response","label":"Covid 19 Inquiry Response","resource_type":"case-type","scope_key":null}}},"position":5,"requirement":{"key":{"identifier":"269739","label":"Expression 269739","resource_type":"expression","scope_key":null},"type":"false_expression"},"visibility":null,"field_key":{"identifier":"submitter_role","label":"Submitter Role","resource_type":"case-field","scope_key":null},"type":"case_field"},{"key":{"identifier":"question-or-concern","label":"Question or Concern","resource_type":"case-form-field","scope_key":{"identifier":"new-covid-19-inquiry-response","label":"New Covid 19 Inquiry Response","resource_type":"case-form","scope_key":{"identifier":"covid-19-inquiry-response","label":"Covid 19 Inquiry Response","resource_type":"case-type","scope_key":null}}},"position":6,"requirement":{"key":{"identifier":"269738","label":"Expression 269738","resource_type":"expression","scope_key":null},"type":"false_expression"},"visibility":null,"field_key":{"identifier":"question_or_concern","label":"Question or Concern","resource_type":"case-field","scope_key":null},"type":"case_field"}],"key":{"identifier":"new-covid-19-inquiry-response","label":"New Covid 19 Inquiry Response","resource_type":"case-form","scope_key":{"identifier":"covid-19-inquiry-response","label":"Covid 19 Inquiry Response","resource_type":"case-type","scope_key":null}},"type":"create"},"case-form::case-type::covid-19-inquiry-response::edit-covid-19-inquiry-response":{"external_redirects":[],"fields":[{"key":{"identifier":"first-name","label":"First Name","resource_type":"case-form-field","scope_key":{"identifier":"edit-covid-19-inquiry-response","label":"Edit Covid 19 Inquiry Response","resource_type":"case-form","scope_key":{"identifier":"covid-19-inquiry-response","label":"Covid 19 Inquiry Response","resource_type":"case-type","scope_key":null}}},"position":0,"requirement":{"key":{"identifier":"271809","label":"Expression 271809","resource_type":"expression","scope_key":null},"type":"false_expression"},"visibility":null,"field_key":{"identifier":"first_name","label":"First Name","resource_type":"case-field","scope_key":null},"type":"case_field"},{"key":{"identifier":"last-name","label":"Last Name","resource_type":"case-form-field","scope_key":{"identifier":"edit-covid-19-inquiry-response","label":"Edit Covid 19 Inquiry Response","resource_type":"case-form","scope_key":{"identifier":"covid-19-inquiry-response","label":"Covid 19 Inquiry Response","resource_type":"case-type","scope_key":null}}},"position":1,"requirement":{"key":{"identifier":"271810","label":"Expression 271810","resource_type":"expression","scope_key":null},"type":"false_expression"},"visibility":null,"field_key":{"identifier":"last_name","label":"Last Name","resource_type":"case-field","scope_key":null},"type":"case_field"},{"key":{"identifier":"email","label":"Email","resource_type":"case-form-field","scope_key":{"identifier":"edit-covid-19-inquiry-response","label":"Edit Covid 19 Inquiry Response","resource_type":"case-form","scope_key":{"identifier":"covid-19-inquiry-response","label":"Covid 19 Inquiry Response","resource_type":"case-type","scope_key":null}}},"position":2,"requirement":{"key":{"identifier":"271808","label":"Expression 271808","resource_type":"expression","scope_key":null},"type":"false_expression"},"visibility":null,"field_key":{"identifier":"email","label":"Email","resource_type":"case-field","scope_key":null},"type":"case_field"},{"key":{"identifier":"telephone-number","label":"Telephone number","resource_type":"case-form-field","scope_key":{"identifier":"edit-covid-19-inquiry-response","label":"Edit Covid 19 Inquiry Response","resource_type":"case-form","scope_key":{"identifier":"covid-19-inquiry-response","label":"Covid 19 Inquiry Response","resource_type":"case-type","scope_key":null}}},"position":3,"requirement":{"key":{"identifier":"271814","label":"Expression 271814","resource_type":"expression","scope_key":null},"type":"false_expression"},"visibility":null,"field_key":{"identifier":"phone-number","label":"Telephone number","resource_type":"case-field","scope_key":null},"type":"case_field"},{"key":{"identifier":"preferred-contact-method","label":"Preferred Contact Method","resource_type":"case-form-field","scope_key":{"identifier":"edit-covid-19-inquiry-response","label":"Edit Covid 19 Inquiry Response","resource_type":"case-form","scope_key":{"identifier":"covid-19-inquiry-response","label":"Covid 19 Inquiry Response","resource_type":"case-type","scope_key":null}}},"position":4,"requirement":{"key":{"identifier":"271811","label":"Expression 271811","resource_type":"expression","scope_key":null},"type":"false_expression"},"visibility":null,"field_key":{"identifier":"preferred_contact_method","label":"Preferred Contact Method","resource_type":"case-field","scope_key":null},"type":"case_field"},{"key":{"identifier":"submitter-role","label":"Submitter Role","resource_type":"case-form-field","scope_key":{"identifier":"edit-covid-19-inquiry-response","label":"Edit Covid 19 Inquiry Response","resource_type":"case-form","scope_key":{"identifier":"covid-19-inquiry-response","label":"Covid 19 Inquiry Response","resource_type":"case-type","scope_key":null}}},"position":5,"requirement":{"key":{"identifier":"271813","label":"Expression 271813","resource_type":"expression","scope_key":null},"type":"false_expression"},"visibility":null,"field_key":{"identifier":"submitter_role","label":"Submitter Role","resource_type":"case-field","scope_key":null},"type":"case_field"},{"key":{"identifier":"question-or-concern","label":"Question or Concern","resource_type":"case-form-field","scope_key":{"identifier":"edit-covid-19-inquiry-response","label":"Edit Covid 19 Inquiry Response","resource_type":"case-form","scope_key":{"identifier":"covid-19-inquiry-response","label":"Covid 19 Inquiry Response","resource_type":"case-type","scope_key":null}}},"position":6,"requirement":{"key":{"identifier":"271812","label":"Expression 271812","resource_type":"expression","scope_key":null},"type":"false_expression"},"visibility":null,"field_key":{"identifier":"question_or_concern","label":"Question or Concern","resource_type":"case-field","scope_key":null},"type":"case_field"}],"key":{"identifier":"edit-covid-19-inquiry-response","label":"Edit Covid 19 Inquiry Response","resource_type":"case-form","scope_key":{"identifier":"covid-19-inquiry-response","label":"Covid 19 Inquiry Response","resource_type":"case-type","scope_key":null}},"type":"edit"},"privilege-level::advisor":{"key":{"identifier":"advisor","label":"Advisor","resource_type":"privilege-level","scope_key":null}},"privilege-level::administrator":{"key":{"identifier":"administrator","label":"Administrator","resource_type":"privilege-level","scope_key":null}},"privilege-level::dean":{"key":{"identifier":"dean","label":"Dean","resource_type":"privilege-level","scope_key":null}},"case-transition::case-type::covid-19-inquiry-response::send-to-response-team":{"allowed_privilege_level_keys":{"privilege-level::advisor":{"identifier":"advisor","label":"Advisor","resource_type":"privilege-level","scope_key":null},"privilege-level::administrator":{"identifier":"administrator","label":"Administrator","resource_type":"privilege-level","scope_key":null},"privilege-level::dean":{"identifier":"dean","label":"Dean","resource_type":"privilege-level","scope_key":null}},"call_to_action":true,"call_to_action_style":"primary","case_form_key":null,"from_status_keys":{"case-status::case-type::covid-19-inquiry-response::new-inquiry-inbox":{"identifier":"new-inquiry-inbox","label":"New Inquiry Inbox","resource_type":"case-status","scope_key":{"identifier":"covid-19-inquiry-response","label":"Covid 19 Inquiry Response","resource_type":"case-type","scope_key":null}}},"key":{"identifier":"send-to-response-team","label":"Send to response team","resource_type":"case-transition","scope_key":{"identifier":"covid-19-inquiry-response","label":"Covid 19 Inquiry Response","resource_type":"case-type","scope_key":null}},"to_status_key":{"identifier":"team-response-gathering","label":"Team Response Gathering","resource_type":"case-status","scope_key":{"identifier":"covid-19-inquiry-response","label":"Covid 19 Inquiry Response","resource_type":"case-type","scope_key":null}}},"case-transition::case-type::covid-19-inquiry-response::file-away":{"allowed_privilege_level_keys":{"privilege-level::advisor":{"identifier":"advisor","label":"Advisor","resource_type":"privilege-level","scope_key":null},"privilege-level::administrator":{"identifier":"administrator","label":"Administrator","resource_type":"privilege-level","scope_key":null},"privilege-level::dean":{"identifier":"dean","label":"Dean","resource_type":"privilege-level","scope_key":null}},"call_to_action":true,"call_to_action_style":"danger","case_form_key":null,"from_status_keys":{"case-status::case-type::covid-19-inquiry-response::response-generated":{"identifier":"response-generated","label":"Response Generated","resource_type":"case-status","scope_key":{"identifier":"covid-19-inquiry-response","label":"Covid 19 Inquiry Response","resource_type":"case-type","scope_key":null}},"case-status::case-type::covid-19-inquiry-response::add-inquiry-response-to-faq":{"identifier":"add-inquiry-response-to-faq","label":"Add Inquiry\/Response to FAQ","resource_type":"case-status","scope_key":{"identifier":"covid-19-inquiry-response","label":"Covid 19 Inquiry Response","resource_type":"case-type","scope_key":null}}},"key":{"identifier":"file-away","label":"File Away","resource_type":"case-transition","scope_key":{"identifier":"covid-19-inquiry-response","label":"Covid 19 Inquiry Response","resource_type":"case-type","scope_key":null}},"to_status_key":{"identifier":"file-away","label":"File Away","resource_type":"case-status","scope_key":{"identifier":"covid-19-inquiry-response","label":"Covid 19 Inquiry Response","resource_type":"case-type","scope_key":null}}},"case-transition::case-type::covid-19-inquiry-response::publish-inquiry-response":{"allowed_privilege_level_keys":{"privilege-level::advisor":{"identifier":"advisor","label":"Advisor","resource_type":"privilege-level","scope_key":null},"privilege-level::administrator":{"identifier":"administrator","label":"Administrator","resource_type":"privilege-level","scope_key":null},"privilege-level::dean":{"identifier":"dean","label":"Dean","resource_type":"privilege-level","scope_key":null}},"call_to_action":true,"call_to_action_style":"success","case_form_key":null,"from_status_keys":{"case-status::case-type::covid-19-inquiry-response::new-inquiry-inbox":{"identifier":"new-inquiry-inbox","label":"New Inquiry Inbox","resource_type":"case-status","scope_key":{"identifier":"covid-19-inquiry-response","label":"Covid 19 Inquiry Response","resource_type":"case-type","scope_key":null}},"case-status::case-type::covid-19-inquiry-response::team-response-gathering":{"identifier":"team-response-gathering","label":"Team Response Gathering","resource_type":"case-status","scope_key":{"identifier":"covid-19-inquiry-response","label":"Covid 19 Inquiry Response","resource_type":"case-type","scope_key":null}},"case-status::case-type::covid-19-inquiry-response::response-generated":{"identifier":"response-generated","label":"Response Generated","resource_type":"case-status","scope_key":{"identifier":"covid-19-inquiry-response","label":"Covid 19 Inquiry Response","resource_type":"case-type","scope_key":null}}},"key":{"identifier":"publish-inquiry-response","label":"Publish Inquiry Response","resource_type":"case-transition","scope_key":{"identifier":"covid-19-inquiry-response","label":"Covid 19 Inquiry Response","resource_type":"case-type","scope_key":null}},"to_status_key":{"identifier":"response-generated","label":"Response Generated","resource_type":"case-status","scope_key":{"identifier":"covid-19-inquiry-response","label":"Covid 19 Inquiry Response","resource_type":"case-type","scope_key":null}}},"case-transition::case-type::covid-19-inquiry-response::add-inquiry-response-to-online-faq":{"allowed_privilege_level_keys":{"privilege-level::advisor":{"identifier":"advisor","label":"Advisor","resource_type":"privilege-level","scope_key":null},"privilege-level::administrator":{"identifier":"administrator","label":"Administrator","resource_type":"privilege-level","scope_key":null},"privilege-level::dean":{"identifier":"dean","label":"Dean","resource_type":"privilege-level","scope_key":null}},"call_to_action":true,"call_to_action_style":"primary","case_form_key":null,"from_status_keys":{"case-status::case-type::covid-19-inquiry-response::response-generated":{"identifier":"response-generated","label":"Response Generated","resource_type":"case-status","scope_key":{"identifier":"covid-19-inquiry-response","label":"Covid 19 Inquiry Response","resource_type":"case-type","scope_key":null}}},"key":{"identifier":"add-inquiry-response-to-online-faq","label":"Add Inquiry\/Response to online FAQ","resource_type":"case-transition","scope_key":{"identifier":"covid-19-inquiry-response","label":"Covid 19 Inquiry Response","resource_type":"case-type","scope_key":null}},"to_status_key":{"identifier":"add-inquiry-response-to-faq","label":"Add Inquiry\/Response to FAQ","resource_type":"case-status","scope_key":{"identifier":"covid-19-inquiry-response","label":"Covid 19 Inquiry Response","resource_type":"case-type","scope_key":null}}}}}}