{"id":879,"isFormSpecific":false,"version":{"metadata":{"id":3123,"title":"COVID-19 Community response","instructions":""},"sections":[{"name":"main","title":"main","showTitle":null,"hideInitially":null,"triggerQuestionName":null,"triggerQuestionSecondaryField":null,"triggerQuestionSection":null,"triggerOperator":null,"triggerAnswerValue":null,"isRepeatableQuestion":null,"repeatableQuestionSettings":[],"structure":"[{\"type\":\"question\",\"name\":\"q4d913394e5dc8b2c4a968d890aa08a5f6f7312b9\"}]","questions":[{"name":"q4d913394e5dc8b2c4a968d890aa08a5f6f7312b9","text":"Do you need help or are you offering to help?","guid":"Jadu\\XFormsPro\\Bundle\\StandardFormComponentBundle\\Component\\RadioButtons\\RadioButtonsComponent","settings":[{"name":"required","value":"true"},{"name":"answers","value":"[{\"value\":\"i_need_help_or_support\",\"text\":\"I need help or support\",\"data\":\"\",\"internal\":false},{\"value\":\"someone_i_know_needs_help_or_support\",\"text\":\"Someone I know needs help or support\",\"data\":\"\",\"internal\":false},{\"value\":\"i_am_volunteering_to_help\",\"text\":\"I am volunteering to help\",\"data\":\"\",\"internal\":false}]"}]}],"clauseType":null,"data":null}]}}