{"id":893,"isFormSpecific":true,"version":{"metadata":{"id":3159,"title":"Data Sharing (Jadu Copy)","instructions":""},"sections":[{"name":"main","title":"main","showTitle":null,"hideInitially":null,"triggerQuestionName":null,"triggerQuestionSecondaryField":null,"triggerQuestionSection":null,"triggerOperator":null,"triggerAnswerValue":null,"isRepeatableQuestion":null,"repeatableQuestionSettings":[],"structure":"[{\"type\":\"question\",\"name\":\"qe011f1cc3f7686cc4cf58d37e7398389696f67a9\"},{\"type\":\"question\",\"name\":\"q736c119d0e834bd904190a8d5f028c66b9207fc0\"}]","questions":[{"name":"qe011f1cc3f7686cc4cf58d37e7398389696f67a9","text":"Data sharing","guid":"Jadu\\XFormsPro\\Bundle\\StandardFormComponentBundle\\Component\\TextBlock\\TextBlockComponent","settings":[{"name":"value","value":"<p>In order to assist you, the Council&nbsp;may share your data with other public and private organisations.<\/p>\n\n<p>By submitting this form you agree to the Council processing your data in accordance with the Council&#39;s <a href=\"link goes here\">link goes here<\/a>.<\/p>"}]},{"name":"q736c119d0e834bd904190a8d5f028c66b9207fc0","text":"Confirm you agree with the Council processing your data","guid":"Jadu\\XFormsPro\\Bundle\\StandardFormComponentBundle\\Component\\Checkboxes\\CheckboxesComponent","settings":[{"name":"required","value":"true"},{"name":"answers","value":"[{\"value\":\"i_agree\",\"text\":\"I agree\",\"data\":\"\",\"internal\":false}]"}]}],"clauseType":null,"data":null}]}}