{"id":889,"isFormSpecific":true,"version":{"metadata":{"id":3149,"title":"Details - Covid (333)","instructions":""},"sections":[{"name":"main","title":"main","showTitle":null,"hideInitially":null,"triggerQuestionName":null,"triggerQuestionSecondaryField":null,"triggerQuestionSection":null,"triggerOperator":null,"triggerAnswerValue":null,"isRepeatableQuestion":null,"repeatableQuestionSettings":[],"structure":"[{\"type\":\"question\",\"name\":\"q7f18991def86f49144a03c9b2a12205afced7b5f\"},{\"type\":\"question\",\"name\":\"q99d64edaf2f9ce17e2773dbca095414606d94acf\"},{\"type\":\"question\",\"name\":\"qe1752f5fc94d449c9ceb3304318cf033bdb571aa\"},{\"type\":\"question\",\"name\":\"qeb228d314c7cc3e2b0d05d7a5faf6465acf8d2c0\"},{\"type\":\"question\",\"name\":\"q9d920b976b6e09a154c2c3f47f490ce3324bec67\"}]","questions":[{"name":"q7f18991def86f49144a03c9b2a12205afced7b5f","text":"First name","guid":"7d7527893d7f786c9073e6a651a9c26181d9a661","settings":[{"name":"validation","value":"1"},{"name":"required","value":"true"}]},{"name":"q99d64edaf2f9ce17e2773dbca095414606d94acf","text":"Last name","guid":"7d7527893d7f786c9073e6a651a9c26181d9a661","settings":[{"name":"validation","value":"1"},{"name":"required","value":"true"}]},{"name":"qe1752f5fc94d449c9ceb3304318cf033bdb571aa","text":"What is your address?","guid":"dafc7be1f6e3057017f8b0a86d50373130ca5da0","settings":[{"name":"required","value":"true"},{"name":"help","value":"The Council will only use this to contact you."},{"name":"type","value":"5c49c7f90a0e3d59b0a8cf70326808ac4ed67804"}]},{"name":"qeb228d314c7cc3e2b0d05d7a5faf6465acf8d2c0","text":"Email address","guid":"Jadu\\XFormsPro\\Bundle\\StandardFormComponentBundle\\Component\\TextField\\TextFieldComponent","settings":[{"name":"validation","value":"4"},{"name":"required","value":"true"},{"name":"help","value":"The Council will only use this to contact you."}]},{"name":"q9d920b976b6e09a154c2c3f47f490ce3324bec67","text":"Telephone number","guid":"Jadu\\XFormsPro\\Bundle\\StandardFormComponentBundle\\Component\\TextField\\TextFieldComponent","settings":[{"name":"validation","value":"7"},{"name":"required","value":"true"},{"name":"help","value":"The Council will only use this to contact you."}]}],"clauseType":null,"data":null}]}}