{"id":894,"isFormSpecific":true,"version":{"metadata":{"id":3161,"title":"Reporting on someone else's behalf (Jadu copy)","instructions":""},"sections":[{"name":"s5f03b1e3c2e784dba40d4643d2835d6d6ba851fb","title":"Other","showTitle":false,"hideInitially":true,"triggerQuestionName":"q503d300824e71b4221b75948e3788e95d90df163","triggerQuestionSecondaryField":null,"triggerQuestionSection":"main","triggerOperator":"equal","triggerAnswerValue":"other","isRepeatableQuestion":false,"repeatableQuestionSettings":[],"structure":"[{\"type\":\"question\",\"name\":\"q1cf59411fce21216a29ee8099080933304805690\"}]","questions":[{"name":"q1cf59411fce21216a29ee8099080933304805690","text":"Specify how you know the person","guid":"Jadu\\XFormsPro\\Bundle\\StandardFormComponentBundle\\Component\\TextField\\TextFieldComponent","settings":[{"name":"required","value":"true"}]}],"clauseType":null,"data":null},{"name":"s6e89753a923a0ecf793879156b5a017ac63ca5e1","title":"Address - manual","showTitle":false,"hideInitially":true,"triggerQuestionName":"q83deb2893933b9395b57dc403d42a4d59fd11c5b","triggerQuestionSecondaryField":"uprn","triggerQuestionSection":"main","triggerOperator":"equal","triggerAnswerValue":"111111","isRepeatableQuestion":false,"repeatableQuestionSettings":[],"structure":"[{\"type\":\"question\",\"name\":\"q5f09e4750f4580c4947a36ddb02a7d7076c17ce7\"}]","questions":[{"name":"q5f09e4750f4580c4947a36ddb02a7d7076c17ce7","text":"Enter their full address","guid":"Jadu\\XFormsPro\\Bundle\\StandardFormComponentBundle\\Component\\TextArea\\TextAreaComponent","settings":[{"name":"required","value":"true"},{"name":"rows","value":"4"},{"name":"cols","value":"40"}]}],"clauseType":null,"data":null},{"name":"main","title":"main","showTitle":null,"hideInitially":null,"triggerQuestionName":null,"triggerQuestionSecondaryField":null,"triggerQuestionSection":null,"triggerOperator":null,"triggerAnswerValue":null,"isRepeatableQuestion":null,"repeatableQuestionSettings":[],"structure":"[{\"type\":\"question\",\"name\":\"q503d300824e71b4221b75948e3788e95d90df163\"},{\"type\":\"section\",\"name\":\"s5f03b1e3c2e784dba40d4643d2835d6d6ba851fb\"},{\"type\":\"question\",\"name\":\"q38da16cee66c02a3c8cf5457759e00d6cfdc1cd9\"},{\"type\":\"question\",\"name\":\"q83deb2893933b9395b57dc403d42a4d59fd11c5b\"},{\"type\":\"section\",\"name\":\"s6e89753a923a0ecf793879156b5a017ac63ca5e1\"},{\"type\":\"question\",\"name\":\"q9bd48f3c5c6a1135b49b32c758faa828b01af9ed\"},{\"type\":\"question\",\"name\":\"q513e46e1a0f8f03517b4de8e6f67502781395619\"}]","questions":{"0":{"name":"q503d300824e71b4221b75948e3788e95d90df163","text":"How do you know the person?","guid":"Jadu\\XFormsPro\\Bundle\\StandardFormComponentBundle\\Component\\RadioButtons\\RadioButtonsComponent","settings":[{"name":"required","value":"true"},{"name":"answers","value":"[{\"value\":\"relative\",\"text\":\"Relative\",\"data\":\"\",\"internal\":false},{\"value\":\"neighbour\",\"text\":\"Neighbour\",\"data\":\"\",\"internal\":false},{\"value\":\"friend\",\"text\":\"Friend\",\"data\":\"\",\"internal\":false},{\"value\":\"regular_visitor\",\"text\":\"Regular visitor\",\"data\":\"\",\"internal\":false},{\"value\":\"carer\",\"text\":\"Carer\",\"data\":\"\",\"internal\":false},{\"value\":\"other\",\"text\":\"Other\",\"data\":\"\",\"internal\":false}]"}]},"2":{"name":"q38da16cee66c02a3c8cf5457759e00d6cfdc1cd9","text":"What is their full name?","guid":"Jadu\\XFormsPro\\Bundle\\StandardFormComponentBundle\\Component\\TextField\\TextFieldComponent","settings":[{"name":"required","value":"true"}]},"3":{"name":"q83deb2893933b9395b57dc403d42a4d59fd11c5b","text":"What is their address?","guid":"Jadu\\XFormsPro\\Bundle\\StandardFormComponentBundle\\Component\\IntegratedComponent\\IntegratedComponent","settings":[{"name":"required","value":"true"},{"name":"type","value":"Jadu\\XFormsPro\\Bundle\\StandardFormComponentBundle\\IntegratedComponent\\PostcodeLookup\\PostcodeLookupIntegratedComponent"}]},"5":{"name":"q9bd48f3c5c6a1135b49b32c758faa828b01af9ed","text":"What is their email address?","guid":"Jadu\\XFormsPro\\Bundle\\StandardFormComponentBundle\\Component\\TextField\\TextFieldComponent","settings":[{"name":"validation","value":"4"}]},"6":{"name":"q513e46e1a0f8f03517b4de8e6f67502781395619","text":"What is their telephone number?","guid":"Jadu\\XFormsPro\\Bundle\\StandardFormComponentBundle\\Component\\TextField\\TextFieldComponent","settings":[{"name":"validation","value":"7"}]}},"clauseType":null,"data":null}]}}