{"id":880,"isFormSpecific":false,"version":{"metadata":{"id":3121,"title":"Volunteering to help","instructions":""},"sections":[{"name":"main","title":"main","showTitle":null,"hideInitially":null,"triggerQuestionName":null,"triggerQuestionSecondaryField":null,"triggerQuestionSection":null,"triggerOperator":null,"triggerAnswerValue":null,"isRepeatableQuestion":null,"repeatableQuestionSettings":[],"structure":"[{\"type\":\"question\",\"name\":\"q536a8ddd48969f902d401225a64690346d277c9a\"}]","questions":[{"name":"q536a8ddd48969f902d401225a64690346d277c9a","text":"What are you able to help with?","guid":"Jadu\\XFormsPro\\Bundle\\StandardFormComponentBundle\\Component\\TextArea\\TextAreaComponent","settings":[{"name":"required","value":"true"},{"name":"rows","value":"4"},{"name":"cols","value":"40"}]}],"clauseType":null,"data":null}]}}