{"id":891,"isFormSpecific":true,"version":{"metadata":{"id":3151,"title":"Your details (333)","instructions":""},"sections":[{"name":"s944f30cb26f858f29b3acf4e4b571f8858c43c92","title":"Manual address field","showTitle":false,"hideInitially":true,"triggerQuestionName":"qe1752f5fc94d449c9ceb3304318cf033bdb571aa","triggerQuestionSecondaryField":"uprn","triggerQuestionSection":"main","triggerOperator":"equal","triggerAnswerValue":"111111","isRepeatableQuestion":false,"repeatableQuestionSettings":[],"structure":"[{\"type\":\"question\",\"name\":\"q6a543925291d70121c8c94d6fe25839b443b8222\"}]","questions":[{"name":"q6a543925291d70121c8c94d6fe25839b443b8222","text":"Enter your address and postcode","guid":"39c1d58d95f4fbb636ae61c4dccd9992ce707c24","settings":[{"name":"required","value":"true"},{"name":"rows","value":"5"},{"name":"cols","value":"40"}]}],"clauseType":null,"data":null},{"name":"main","title":"main","showTitle":null,"hideInitially":null,"triggerQuestionName":null,"triggerQuestionSecondaryField":null,"triggerQuestionSection":null,"triggerOperator":null,"triggerAnswerValue":null,"isRepeatableQuestion":null,"repeatableQuestionSettings":[],"structure":"[{\"type\":\"question\",\"name\":\"q7f18991def86f49144a03c9b2a12205afced7b5f\"},{\"type\":\"question\",\"name\":\"q99d64edaf2f9ce17e2773dbca095414606d94acf\"},{\"type\":\"question\",\"name\":\"qe1752f5fc94d449c9ceb3304318cf033bdb571aa\"},{\"type\":\"section\",\"name\":\"s944f30cb26f858f29b3acf4e4b571f8858c43c92\"},{\"type\":\"question\",\"name\":\"qeb228d314c7cc3e2b0d05d7a5faf6465acf8d2c0\"},{\"type\":\"question\",\"name\":\"q9d920b976b6e09a154c2c3f47f490ce3324bec67\"}]","questions":{"0":{"name":"q7f18991def86f49144a03c9b2a12205afced7b5f","text":"First name","guid":"7d7527893d7f786c9073e6a651a9c26181d9a661","settings":[{"name":"validation","value":"1"},{"name":"required","value":"true"}]},"1":{"name":"q99d64edaf2f9ce17e2773dbca095414606d94acf","text":"Last name","guid":"7d7527893d7f786c9073e6a651a9c26181d9a661","settings":[{"name":"validation","value":"1"},{"name":"required","value":"true"}]},"2":{"name":"qe1752f5fc94d449c9ceb3304318cf033bdb571aa","text":"What is your address?","guid":"Jadu\\XFormsPro\\Bundle\\StandardFormComponentBundle\\Component\\IntegratedComponent\\IntegratedComponent","settings":[{"name":"required","value":"true"},{"name":"help","value":"The Council will only use this to contact you."},{"name":"type","value":"Jadu\\XFormsPro\\Bundle\\StandardFormComponentBundle\\IntegratedComponent\\PostcodeLookup\\PostcodeLookupIntegratedComponent"}]},"4":{"name":"qeb228d314c7cc3e2b0d05d7a5faf6465acf8d2c0","text":"Email address","guid":"Jadu\\XFormsPro\\Bundle\\StandardFormComponentBundle\\Component\\TextField\\TextFieldComponent","settings":[{"name":"validation","value":"4"},{"name":"required","value":"true"},{"name":"help","value":"The Council will only use this to contact you."}]},"5":{"name":"q9d920b976b6e09a154c2c3f47f490ce3324bec67","text":"Telephone number","guid":"Jadu\\XFormsPro\\Bundle\\StandardFormComponentBundle\\Component\\TextField\\TextFieldComponent","settings":[{"name":"validation","value":"7"},{"name":"required","value":"true"},{"name":"help","value":"The Council will only use this to contact you."}]}},"clauseType":null,"data":null}]}}