{"id":1065,"actionType":"f7df023a569a4e4bef43b91839fa1c8fcfd0f3ab","title":"Thank you for submitting a smoke nuisance complaint","mappings":[{"field":"content","type":"static","value":"\n<p><strong>Your case reference number is: {{0}}<\/strong><\/p>\n\n<p>Thank you for submitting a smoke and bonfire complaint.<\/p>\n\n<p>Our environmental health team will review your complaint within one working day (Please note: if you submit a complaint on a Friday, it may not be reviewed until the following Monday) and will then contact you to let you know the outcome of their review - this could include asking you to log the issue using our log sheets.<\/p>\n\n<p>If you have any questions, please email xxx@xxxx.gov.uk stating your case reference number.<\/p>\n\n<p>Kind regards,<\/p>\n\n<p>The environmental health team<\/p>\n","secondaryValue":null,"label":"Content"}]}