{"id":1064,"actionType":"be4e8e2d0338ca30919508fcd48c7041e43bf54a","title":"Thank you email","mappings":[{"field":"template-to","type":"static","value":"{{0}}","secondaryValue":null,"label":"To"},{"field":"template-from","type":"static","value":"noreply@jadu.co.uk","secondaryValue":null,"label":"From"},{"field":"template-subject","type":"static","value":"Thank you for submitting a smoke nuisance complaint","secondaryValue":null,"label":"Subject"},{"field":"format","type":"static","value":"HTML","secondaryValue":null,"label":"Format"},{"field":"content","type":"static","value":"\n<p><strong>Your case reference number is: {{0}}<\/strong><\/p>\n\n<p>Thank you for submitting a smoke and bonfire complaint, which has now been reviewed by our environmental health team.<\/p>\n\n<p>We will be in contact with you within one working day to follow up your smoke and bonfire complaint and to investigate the issue further.<\/p>\n\n<p>If you have any questions or do not hear from us, please email xxx@xxxx.gov.uk\u00a0stating your case reference number.<\/p>\n\n<p>Kind regards,<\/p>\n\n<p>The environmental health team<\/p>\n","secondaryValue":null,"label":"Content"},{"field":"contentPlain","type":"static","value":"","secondaryValue":null,"label":"Content"},{"field":"attachmentType","type":"static","value":"None","secondaryValue":null,"label":"Attachment"},{"field":"attachmentFormat","type":"static","value":"PDF","secondaryValue":null,"label":"Attachment format"},{"field":"attachmentContent","type":"static","value":"","secondaryValue":null,"label":"Attachment content"},{"field":"attachmentPlain","type":"static","value":"","secondaryValue":null,"label":"Attachment content"}]}