{"form.json":"498996f6dd236e25a32291bcab01afa46e2c5f8d","page-templates\/Equipment_requirements_(733)_(153).json":"ef9172ff941456d926c9ecb748a8d80d1e9ff665","page-templates\/Provider_details_(733)_(153).json":"cd08a1e2f2cf265cd6dea08ef91d83dae03114be","structure\/pages.json":"86f5849d4f9d5fc4f3bca02fc57632e839858744","structure\/branching.json":"ad33137f99d6cf976f1b52876ef87439e744278b","actions\/rules\/Completion_screen.json":"332a821366be1b08b155f32c7d1e20406c706293","actions\/templates\/Completion_screen.json":"9a04bb82dda0428d4c100fc7829e171e45a3667c","misc\/pdfs.json":"97d170e1550eee4afc0af065b78cda302a97674c","misc\/prefills.json":"b3fcda4497c6c9c44801ee28555fbfbe23703c26","misc\/placeholders.json":"97d170e1550eee4afc0af065b78cda302a97674c","misc\/logic_definitions.json":"97d170e1550eee4afc0af065b78cda302a97674c","misc\/logics\/Priority.json":"cfeb76b7c5fa3eb230dc71e1ea651cb0935b047a","misc\/logics\/Size.json":"1498a3452bb74a4c0f0cd1eec234add55f37cb2c","misc\/logics\/Suggested_pack_size_-_alcohol_gel.json":"ef30c2ab9e281d86365dc45cd3683b4eef664633","misc\/logics\/Suggested_pack_size_-_apron.json":"11af563574e4f061d9ea745e9b7bb36c014010d4","misc\/logics\/Suggested_pack_size_-_apron_(non_DC).json":"7223b47962dbe5fd39112c34a2898d73c0450ff5","misc\/logics\/Suggested_pack_size_-_gloves.json":"0f774b1a088d26559d6bc1d108f3ebfa2104c8b8","misc\/logics\/Suggested_pack_size_-_surgical_face_mask,_eye_protectors.json":"0b607dd24c015a6308df6f7b30d11bd697b17cf0","misc\/logics\/Today's_date.json":"a74ad02b473a0b7e35316d60f7f312b4e635c233","misc\/ic_inputs.json":"97d170e1550eee4afc0af065b78cda302a97674c","misc\/data-retention.json":"fa8b819d756eec4a4f185f5465ef79b349ea9ce4"}