{"title":"COVID-19 - Emergency PPE Request (Jadu Copy)","instructions":"","progressBar":"0","allowUnregistered":"1","resumeAtStart":"0","reCaptcha":"0","internalOnly":0,"metadata":{"id":"15","itemID":"153","creator":"Simon Gray","contributor":"","publisher":"Birmingham City Council","rights":"Copyright Birmingham City Council","source":"","status":"V1.0 Public Consumption","coverage":"Birmingham, England, UK, Europe","created":1590447600,"modified":1590447600,"valid":null,"expired":null,"format":"text\/html","language":"en","subject":"","description":"PPE order form"},"categories":[{"id":"2263","categoryType":"Navigation","itemID":153,"categoryID":"20000"}]}