{"form.json":"6bd63a8f97e5810d3d60aeb61f3f91d2340d03ae","page-templates\/Your_details.json":"62cfb8c71d89eff6d147948226ad7ad4c80fecf1","page-templates\/Details_of_where_suspected_breach_is_taking_or_has_taken_place.json":"77867765580bd00535b7dad9d5f105b98d4abbaf","page-templates\/Description_of_the_suspected_breach.json":"11f2caec393c12c03fb50187bd1747c39050059c","structure\/pages.json":"0ef6e6e0d531b700a1b4108c3fe422c1726614f1","structure\/branching.json":"0c75d3033affd8f6018a78171a24e3da4e0f33bd","misc\/pdfs.json":"97d170e1550eee4afc0af065b78cda302a97674c","misc\/prefills.json":"97d170e1550eee4afc0af065b78cda302a97674c","misc\/placeholders.json":"97d170e1550eee4afc0af065b78cda302a97674c","misc\/logic_definitions.json":"97d170e1550eee4afc0af065b78cda302a97674c","misc\/ic_inputs.json":"97d170e1550eee4afc0af065b78cda302a97674c","misc\/data-retention.json":"fa8b819d756eec4a4f185f5465ef79b349ea9ce4"}