{"title":"Planning enforcement complaint","instructions":"\n<p>Use this form if you are concerned about a development which you think does not have the correct planning permission.\u00a0<\/p>\n\n<p>Please provide as much information as possible about the site, including any photos.<\/p>\n\n<p>Any personal details that you provide will be treated as confidential and will not be published without your permission.<\/p>\n","progressBar":"0","allowUnregistered":"1","resumeAtStart":"0","reCaptcha":"0","internalOnly":0,"metadata":{"id":"659","itemID":"797","creator":"Vineethaa Thyagarajan","contributor":"","publisher":"Continuum SandBox","rights":"Continuum SandBox","source":"","status":"V1.0 Public Consumption","coverage":"UK","created":1569452400,"modified":1569452400,"valid":null,"expired":null,"format":"text\/html","language":"en","subject":"","description":"Planning enforcement complaint"},"categories":[{"id":"4888","categoryType":"Navigation","itemID":797,"categoryID":"100002"}]}