{"import_id":null,"import_version":1,"imported_resource":{"alertEmailTemplate_keys":{"alert-email-template::case-type::book-a-community-event::booking-request-confirmation":{"identifier":"booking-request-confirmation","label":"Booking Request Confirmation","resource_type":"alert-email-template","scope_key":{"identifier":"book-a-community-event","label":"Book a community event","resource_type":"case-type","scope_key":null}},"alert-email-template::case-type::book-a-community-event::booked":{"identifier":"booked","label":"Booked Notification","resource_type":"alert-email-template","scope_key":{"identifier":"book-a-community-event","label":"Book a community event","resource_type":"case-type","scope_key":null}},"alert-email-template::case-type::book-a-community-event::declined-notification":{"identifier":"declined-notification","label":"Declined Notification","resource_type":"alert-email-template","scope_key":{"identifier":"book-a-community-event","label":"Book a community event","resource_type":"case-type","scope_key":null}},"alert-email-template::case-type::book-a-community-event::team-notification":{"identifier":"team-notification","label":"Team notification","resource_type":"alert-email-template","scope_key":{"identifier":"book-a-community-event","label":"Book a community event","resource_type":"case-type","scope_key":null}}},"auto_assign_users":true,"case_limits":{"primary-address":null},"case_type_group_key":null,"default":false,"form_keys":{"case-form::case-type::book-a-community-event::new-book-a-community-event":{"identifier":"new-book-a-community-event","label":"New Book A Community Event","resource_type":"case-form","scope_key":{"identifier":"book-a-community-event","label":"Book a community event","resource_type":"case-type","scope_key":null}},"case-form::case-type::book-a-community-event::edit-book-a-community-event":{"identifier":"edit-book-a-community-event","label":"Edit Book A Community Event","resource_type":"case-form","scope_key":{"identifier":"book-a-community-event","label":"Book a community event","resource_type":"case-type","scope_key":null}}},"key":{"identifier":"book-a-community-event","label":"Book a community event","resource_type":"case-type","scope_key":null},"personal_data_redaction":true,"reference_format":"BAC%'06d","rule_keys":{"rule::case-type::book-a-community-event::23596":{"identifier":"23596","label":"Send Confirmation Email","resource_type":"rule","scope_key":{"identifier":"book-a-community-event","label":"Book a community event","resource_type":"case-type","scope_key":null}},"rule::case-type::book-a-community-event::23597":{"identifier":"23597","label":"Send Booked Email","resource_type":"rule","scope_key":{"identifier":"book-a-community-event","label":"Book a community event","resource_type":"case-type","scope_key":null}},"rule::case-type::book-a-community-event::23598":{"identifier":"23598","label":"Send Declined Email","resource_type":"rule","scope_key":{"identifier":"book-a-community-event","label":"Book a community event","resource_type":"case-type","scope_key":null}}},"status_keys":{"case-status::case-type::book-a-community-event::submitted":{"identifier":"submitted","label":"Submitted","resource_type":"case-status","scope_key":{"identifier":"book-a-community-event","label":"Book a community event","resource_type":"case-type","scope_key":null}},"case-status::case-type::book-a-community-event::booked":{"identifier":"booked","label":"Booked","resource_type":"case-status","scope_key":{"identifier":"book-a-community-event","label":"Book a community event","resource_type":"case-type","scope_key":null}},"case-status::case-type::book-a-community-event::declined":{"identifier":"declined","label":"Declined","resource_type":"case-status","scope_key":{"identifier":"book-a-community-event","label":"Book a community event","resource_type":"case-type","scope_key":null}}},"transition_keys":{"case-transition::case-type::book-a-community-event::book":{"identifier":"book","label":"Book","resource_type":"case-transition","scope_key":{"identifier":"book-a-community-event","label":"Book a community event","resource_type":"case-type","scope_key":null}},"case-transition::case-type::book-a-community-event::decline":{"identifier":"decline","label":"Decline","resource_type":"case-transition","scope_key":{"identifier":"book-a-community-event","label":"Book a community event","resource_type":"case-type","scope_key":null}}}},"mappings":{"items":[]},"resources":{"items":{"case-status::case-type::book-a-community-event::submitted":{"key":{"identifier":"submitted","label":"Submitted","resource_type":"case-status","scope_key":{"identifier":"book-a-community-event","label":"Book a community event","resource_type":"case-type","scope_key":null}},"label_colour":"2670e7","label_font_colour":"ffffff","type":"initial"},"case-status::case-type::book-a-community-event::booked":{"key":{"identifier":"booked","label":"Booked","resource_type":"case-status","scope_key":{"identifier":"book-a-community-event","label":"Book a community event","resource_type":"case-type","scope_key":null}},"label_colour":"38d790","label_font_colour":"05472a","type":"final"},"case-status::case-type::book-a-community-event::declined":{"key":{"identifier":"declined","label":"Declined","resource_type":"case-status","scope_key":{"identifier":"book-a-community-event","label":"Book a community event","resource_type":"case-type","scope_key":null}},"label_colour":"cb4700","label_font_colour":"ffffff","type":"final"},"case-field::first_name":{"allowed_privilege_level_keys":[],"allowed_to_all_privilege_levels":true,"encrypted":true,"redactable":true,"key":{"identifier":"first_name","label":"First Name","resource_type":"case-field","scope_key":null},"position":null,"type":"text"},"case-field::event_title":{"allowed_privilege_level_keys":[],"allowed_to_all_privilege_levels":true,"encrypted":false,"redactable":false,"key":{"identifier":"event_title","label":"Event Title","resource_type":"case-field","scope_key":null},"position":0,"type":"text"},"alert-email-template::case-type::book-a-community-event::booking-request-confirmation":{"date_definition_keys":[],"field_keys":{"case-field::first_name":{"identifier":"first_name","label":"First Name","resource_type":"case-field","scope_key":null},"case-field::event_title":{"identifier":"event_title","label":"Event Title","resource_type":"case-field","scope_key":null}},"html_body":"<p>Dear {{ case.values.first_name.value }},<\/p><p>Thank you for your booking application for the {{ case.values.event_title.value }} event.<\/p><p>We will contact you shortly to confirm your booking.<\/p><p>Kind Regards,<\/p><p>Community Engagement Team<\/p>","key":{"identifier":"booking-request-confirmation","label":"Booking Request Confirmation","resource_type":"alert-email-template","scope_key":{"identifier":"book-a-community-event","label":"Book a community event","resource_type":"case-type","scope_key":null}},"subject":"Booking Request Confirmation"},"alert-email-template::case-type::book-a-community-event::booked":{"date_definition_keys":[],"field_keys":{"case-field::first_name":{"identifier":"first_name","label":"First Name","resource_type":"case-field","scope_key":null},"case-field::event_title":{"identifier":"event_title","label":"Event Title","resource_type":"case-field","scope_key":null}},"html_body":"<p>Dear {{ case.values.first_name.value }},<\/p><p>I am pleased to inform you that you are now booked to attend&nbsp;the {{ case.values.event_title.value }} event.<\/p><p>Kind Regards,<\/p><p>Community Engagement Team<\/p>","key":{"identifier":"booked","label":"Booked Notification","resource_type":"alert-email-template","scope_key":{"identifier":"book-a-community-event","label":"Book a community event","resource_type":"case-type","scope_key":null}},"subject":"Booking Confirmation"},"alert-email-template::case-type::book-a-community-event::declined-notification":{"date_definition_keys":[],"field_keys":{"case-field::first_name":{"identifier":"first_name","label":"First Name","resource_type":"case-field","scope_key":null},"case-field::event_title":{"identifier":"event_title","label":"Event Title","resource_type":"case-field","scope_key":null}},"html_body":"<p>Dear {{ case.values.first_name.value }},<\/p><p>I am sorry to inform you that we were unable to complete&nbsp;your booking for the {{ case.values.event_title.value }} event.<\/p><p>Kind Regards,<\/p><p>Community Engagement Team<\/p>","key":{"identifier":"declined-notification","label":"Declined Notification","resource_type":"alert-email-template","scope_key":{"identifier":"book-a-community-event","label":"Book a community event","resource_type":"case-type","scope_key":null}},"subject":"Your booking request"},"alert-email-template::case-type::book-a-community-event::team-notification":{"date_definition_keys":[],"field_keys":[],"html_body":"<p>A new request to book a place on a community event has been received.<\/p><p>Case reference: {{case.reference}}<\/p>","key":{"identifier":"team-notification","label":"Team notification","resource_type":"alert-email-template","scope_key":{"identifier":"book-a-community-event","label":"Book a community event","resource_type":"case-type","scope_key":null}},"subject":"New community event booking request"},"case-field::last_name_1":{"allowed_privilege_level_keys":[],"allowed_to_all_privilege_levels":true,"encrypted":true,"redactable":true,"key":{"identifier":"last_name_1","label":"Last name 1","resource_type":"case-field","scope_key":null},"position":0,"type":"text"},"case-field::email":{"allowed_privilege_level_keys":[],"allowed_to_all_privilege_levels":true,"encrypted":true,"redactable":true,"key":{"identifier":"email","label":"Email","resource_type":"case-field","scope_key":null},"position":null,"type":"email"},"case-field::telephone_number":{"allowed_privilege_level_keys":[],"allowed_to_all_privilege_levels":true,"encrypted":false,"redactable":false,"key":{"identifier":"telephone_number","label":"Telephone Number","resource_type":"case-field","scope_key":null},"position":9,"type":"telephone"},"choice::case-field::requires_vegetarian::Yes":{"key":{"identifier":"Yes","label":"Yes","resource_type":"choice","scope_key":{"identifier":"requires_vegetarian","label":"Requires Vegetarian","resource_type":"case-field","scope_key":null}}},"choice::case-field::requires_vegetarian::No":{"key":{"identifier":"No","label":"No","resource_type":"choice","scope_key":{"identifier":"requires_vegetarian","label":"Requires Vegetarian","resource_type":"case-field","scope_key":null}}},"case-field::requires_vegetarian":{"allowed_privilege_level_keys":[],"allowed_to_all_privilege_levels":true,"encrypted":false,"redactable":false,"key":{"identifier":"requires_vegetarian","label":"Requires Vegetarian","resource_type":"case-field","scope_key":null},"position":0,"choice_keys":{"choice::case-field::requires_vegetarian::Yes":{"identifier":"Yes","label":"Yes","resource_type":"choice","scope_key":{"identifier":"requires_vegetarian","label":"Requires Vegetarian","resource_type":"case-field","scope_key":null}},"choice::case-field::requires_vegetarian::No":{"identifier":"No","label":"No","resource_type":"choice","scope_key":{"identifier":"requires_vegetarian","label":"Requires Vegetarian","resource_type":"case-field","scope_key":null}}},"default_choice_keys":[],"expanded":true,"multiple":false,"type":"choice"},"choice::case-field::requires_vegan::Yes":{"key":{"identifier":"Yes","label":"Yes","resource_type":"choice","scope_key":{"identifier":"requires_vegan","label":"Requires Vegan","resource_type":"case-field","scope_key":null}}},"choice::case-field::requires_vegan::No":{"key":{"identifier":"No","label":"No","resource_type":"choice","scope_key":{"identifier":"requires_vegan","label":"Requires Vegan","resource_type":"case-field","scope_key":null}}},"case-field::requires_vegan":{"allowed_privilege_level_keys":[],"allowed_to_all_privilege_levels":true,"encrypted":false,"redactable":false,"key":{"identifier":"requires_vegan","label":"Requires Vegan","resource_type":"case-field","scope_key":null},"position":0,"choice_keys":{"choice::case-field::requires_vegan::Yes":{"identifier":"Yes","label":"Yes","resource_type":"choice","scope_key":{"identifier":"requires_vegan","label":"Requires Vegan","resource_type":"case-field","scope_key":null}},"choice::case-field::requires_vegan::No":{"identifier":"No","label":"No","resource_type":"choice","scope_key":{"identifier":"requires_vegan","label":"Requires Vegan","resource_type":"case-field","scope_key":null}}},"default_choice_keys":[],"expanded":true,"multiple":false,"type":"choice"},"choice::case-field::requires_gluten_free::Yes":{"key":{"identifier":"Yes","label":"Yes","resource_type":"choice","scope_key":{"identifier":"requires_gluten_free","label":"Requires Gluten Free","resource_type":"case-field","scope_key":null}}},"choice::case-field::requires_gluten_free::No":{"key":{"identifier":"No","label":"No","resource_type":"choice","scope_key":{"identifier":"requires_gluten_free","label":"Requires Gluten Free","resource_type":"case-field","scope_key":null}}},"case-field::requires_gluten_free":{"allowed_privilege_level_keys":[],"allowed_to_all_privilege_levels":true,"encrypted":false,"redactable":false,"key":{"identifier":"requires_gluten_free","label":"Requires Gluten Free","resource_type":"case-field","scope_key":null},"position":0,"choice_keys":{"choice::case-field::requires_gluten_free::Yes":{"identifier":"Yes","label":"Yes","resource_type":"choice","scope_key":{"identifier":"requires_gluten_free","label":"Requires Gluten Free","resource_type":"case-field","scope_key":null}},"choice::case-field::requires_gluten_free::No":{"identifier":"No","label":"No","resource_type":"choice","scope_key":{"identifier":"requires_gluten_free","label":"Requires Gluten Free","resource_type":"case-field","scope_key":null}}},"default_choice_keys":[],"expanded":true,"multiple":false,"type":"choice"},"choice::case-field::has_allergies::Yes":{"key":{"identifier":"Yes","label":"Yes","resource_type":"choice","scope_key":{"identifier":"has_allergies","label":"Has Allergies","resource_type":"case-field","scope_key":null}}},"choice::case-field::has_allergies::No":{"key":{"identifier":"No","label":"No","resource_type":"choice","scope_key":{"identifier":"has_allergies","label":"Has Allergies","resource_type":"case-field","scope_key":null}}},"case-field::has_allergies":{"allowed_privilege_level_keys":[],"allowed_to_all_privilege_levels":true,"encrypted":false,"redactable":false,"key":{"identifier":"has_allergies","label":"Has Allergies","resource_type":"case-field","scope_key":null},"position":0,"choice_keys":{"choice::case-field::has_allergies::Yes":{"identifier":"Yes","label":"Yes","resource_type":"choice","scope_key":{"identifier":"has_allergies","label":"Has Allergies","resource_type":"case-field","scope_key":null}},"choice::case-field::has_allergies::No":{"identifier":"No","label":"No","resource_type":"choice","scope_key":{"identifier":"has_allergies","label":"Has Allergies","resource_type":"case-field","scope_key":null}}},"default_choice_keys":[],"expanded":true,"multiple":true,"type":"choice"},"case-field::allergies_further_info":{"allowed_privilege_level_keys":[],"allowed_to_all_privilege_levels":true,"encrypted":false,"redactable":false,"key":{"identifier":"allergies_further_info","label":"Allergies Further Info","resource_type":"case-field","scope_key":null},"position":0,"type":"text"},"case-form::case-type::book-a-community-event::new-book-a-community-event":{"external_redirects":[],"fields":[{"key":{"identifier":"first-name","label":"First Name","resource_type":"case-form-field","scope_key":{"identifier":"new-book-a-community-event","label":"New Book A Community Event","resource_type":"case-form","scope_key":{"identifier":"book-a-community-event","label":"Book a community event","resource_type":"case-type","scope_key":null}}},"position":0,"requirement":{"key":{"identifier":"208744","label":"Expression 208744","resource_type":"expression","scope_key":null},"type":"false_expression"},"visibility":null,"field_key":{"identifier":"first_name","label":"First Name","resource_type":"case-field","scope_key":null},"type":"case_field"},{"key":{"identifier":"last-name","label":"Last name","resource_type":"case-form-field","scope_key":{"identifier":"new-book-a-community-event","label":"New Book A Community Event","resource_type":"case-form","scope_key":{"identifier":"book-a-community-event","label":"Book a community event","resource_type":"case-type","scope_key":null}}},"position":1,"requirement":{"key":{"identifier":"208745","label":"Expression 208745","resource_type":"expression","scope_key":null},"type":"false_expression"},"visibility":null,"field_key":{"identifier":"last_name_1","label":"Last name 1","resource_type":"case-field","scope_key":null},"type":"case_field"},{"key":{"identifier":"email","label":"Email","resource_type":"case-form-field","scope_key":{"identifier":"new-book-a-community-event","label":"New Book A Community Event","resource_type":"case-form","scope_key":{"identifier":"book-a-community-event","label":"Book a community event","resource_type":"case-type","scope_key":null}}},"position":3,"requirement":{"key":{"identifier":"208746","label":"Expression 208746","resource_type":"expression","scope_key":null},"type":"false_expression"},"visibility":null,"field_key":{"identifier":"email","label":"Email","resource_type":"case-field","scope_key":null},"type":"case_field"},{"key":{"identifier":"telephone-number","label":"Telephone Number","resource_type":"case-form-field","scope_key":{"identifier":"new-book-a-community-event","label":"New Book A Community Event","resource_type":"case-form","scope_key":{"identifier":"book-a-community-event","label":"Book a community event","resource_type":"case-type","scope_key":null}}},"position":4,"requirement":{"key":{"identifier":"208747","label":"Expression 208747","resource_type":"expression","scope_key":null},"type":"false_expression"},"visibility":null,"field_key":{"identifier":"telephone_number","label":"Telephone Number","resource_type":"case-field","scope_key":null},"type":"case_field"},{"key":{"identifier":"event-title","label":"Event Title","resource_type":"case-form-field","scope_key":{"identifier":"new-book-a-community-event","label":"New Book A Community Event","resource_type":"case-form","scope_key":{"identifier":"book-a-community-event","label":"Book a community event","resource_type":"case-type","scope_key":null}}},"position":5,"requirement":{"key":{"identifier":"208748","label":"Expression 208748","resource_type":"expression","scope_key":null},"type":"false_expression"},"visibility":null,"field_key":{"identifier":"event_title","label":"Event Title","resource_type":"case-field","scope_key":null},"type":"case_field"},{"key":{"identifier":"requires-vegetarian","label":"Requires Vegetarian","resource_type":"case-form-field","scope_key":{"identifier":"new-book-a-community-event","label":"New Book A Community Event","resource_type":"case-form","scope_key":{"identifier":"book-a-community-event","label":"Book a community event","resource_type":"case-type","scope_key":null}}},"position":6,"requirement":{"key":{"identifier":"208749","label":"Expression 208749","resource_type":"expression","scope_key":null},"type":"false_expression"},"visibility":null,"field_key":{"identifier":"requires_vegetarian","label":"Requires Vegetarian","resource_type":"case-field","scope_key":null},"type":"case_field"},{"key":{"identifier":"requires-vegan","label":"Requires Vegan","resource_type":"case-form-field","scope_key":{"identifier":"new-book-a-community-event","label":"New Book A Community Event","resource_type":"case-form","scope_key":{"identifier":"book-a-community-event","label":"Book a community event","resource_type":"case-type","scope_key":null}}},"position":7,"requirement":{"key":{"identifier":"208750","label":"Expression 208750","resource_type":"expression","scope_key":null},"type":"false_expression"},"visibility":null,"field_key":{"identifier":"requires_vegan","label":"Requires Vegan","resource_type":"case-field","scope_key":null},"type":"case_field"},{"key":{"identifier":"requires-gluten-free","label":"Requires Gluten Free","resource_type":"case-form-field","scope_key":{"identifier":"new-book-a-community-event","label":"New Book A Community Event","resource_type":"case-form","scope_key":{"identifier":"book-a-community-event","label":"Book a community event","resource_type":"case-type","scope_key":null}}},"position":8,"requirement":{"key":{"identifier":"208751","label":"Expression 208751","resource_type":"expression","scope_key":null},"type":"false_expression"},"visibility":null,"field_key":{"identifier":"requires_gluten_free","label":"Requires Gluten Free","resource_type":"case-field","scope_key":null},"type":"case_field"},{"key":{"identifier":"has-allergies","label":"Has Allergies","resource_type":"case-form-field","scope_key":{"identifier":"new-book-a-community-event","label":"New Book A Community Event","resource_type":"case-form","scope_key":{"identifier":"book-a-community-event","label":"Book a community event","resource_type":"case-type","scope_key":null}}},"position":9,"requirement":{"key":{"identifier":"208752","label":"Expression 208752","resource_type":"expression","scope_key":null},"type":"false_expression"},"visibility":null,"field_key":{"identifier":"has_allergies","label":"Has Allergies","resource_type":"case-field","scope_key":null},"type":"case_field"},{"key":{"identifier":"allergies-further-info","label":"Allergies Further Info","resource_type":"case-form-field","scope_key":{"identifier":"new-book-a-community-event","label":"New Book A Community Event","resource_type":"case-form","scope_key":{"identifier":"book-a-community-event","label":"Book a community event","resource_type":"case-type","scope_key":null}}},"position":10,"requirement":{"key":{"identifier":"208753","label":"Expression 208753","resource_type":"expression","scope_key":null},"type":"false_expression"},"visibility":null,"field_key":{"identifier":"allergies_further_info","label":"Allergies Further Info","resource_type":"case-field","scope_key":null},"type":"case_field"}],"key":{"identifier":"new-book-a-community-event","label":"New Book A Community Event","resource_type":"case-form","scope_key":{"identifier":"book-a-community-event","label":"Book a community event","resource_type":"case-type","scope_key":null}},"type":"create"},"case-form::case-type::book-a-community-event::edit-book-a-community-event":{"external_redirects":[],"fields":[],"key":{"identifier":"edit-book-a-community-event","label":"Edit Book A Community Event","resource_type":"case-form","scope_key":{"identifier":"book-a-community-event","label":"Book a community event","resource_type":"case-type","scope_key":null}},"type":"edit"},"privilege-level::administrator":{"key":{"identifier":"administrator","label":"API User","resource_type":"privilege-level","scope_key":null}},"privilege-level::advisor":{"key":{"identifier":"advisor","label":"Advisor","resource_type":"privilege-level","scope_key":null}},"privilege-level::staff-free-user":{"key":{"identifier":"staff-free-user","label":"Staff","resource_type":"privilege-level","scope_key":null}},"privilege-level::system-administrator":{"key":{"identifier":"system-administrator","label":"System Administrator","resource_type":"privilege-level","scope_key":null}},"case-transition::case-type::book-a-community-event::book":{"allowed_privilege_level_keys":{"privilege-level::administrator":{"identifier":"administrator","label":"API User","resource_type":"privilege-level","scope_key":null},"privilege-level::advisor":{"identifier":"advisor","label":"Advisor","resource_type":"privilege-level","scope_key":null},"privilege-level::staff-free-user":{"identifier":"staff-free-user","label":"Staff","resource_type":"privilege-level","scope_key":null},"privilege-level::system-administrator":{"identifier":"system-administrator","label":"System Administrator","resource_type":"privilege-level","scope_key":null}},"call_to_action":true,"call_to_action_style":"success","case_form_key":null,"from_status_keys":{"case-status::case-type::book-a-community-event::submitted":{"identifier":"submitted","label":"Submitted","resource_type":"case-status","scope_key":{"identifier":"book-a-community-event","label":"Book a community event","resource_type":"case-type","scope_key":null}}},"key":{"identifier":"book","label":"Book","resource_type":"case-transition","scope_key":{"identifier":"book-a-community-event","label":"Book a community event","resource_type":"case-type","scope_key":null}},"to_status_key":{"identifier":"booked","label":"Booked","resource_type":"case-status","scope_key":{"identifier":"book-a-community-event","label":"Book a community event","resource_type":"case-type","scope_key":null}}},"case-transition::case-type::book-a-community-event::decline":{"allowed_privilege_level_keys":{"privilege-level::administrator":{"identifier":"administrator","label":"API User","resource_type":"privilege-level","scope_key":null},"privilege-level::advisor":{"identifier":"advisor","label":"Advisor","resource_type":"privilege-level","scope_key":null},"privilege-level::staff-free-user":{"identifier":"staff-free-user","label":"Staff","resource_type":"privilege-level","scope_key":null},"privilege-level::system-administrator":{"identifier":"system-administrator","label":"System Administrator","resource_type":"privilege-level","scope_key":null}},"call_to_action":true,"call_to_action_style":"danger","case_form_key":null,"from_status_keys":{"case-status::case-type::book-a-community-event::submitted":{"identifier":"submitted","label":"Submitted","resource_type":"case-status","scope_key":{"identifier":"book-a-community-event","label":"Book a community event","resource_type":"case-type","scope_key":null}}},"key":{"identifier":"decline","label":"Decline","resource_type":"case-transition","scope_key":{"identifier":"book-a-community-event","label":"Book a community event","resource_type":"case-type","scope_key":null}},"to_status_key":{"identifier":"declined","label":"Declined","resource_type":"case-status","scope_key":{"identifier":"book-a-community-event","label":"Book a community event","resource_type":"case-type","scope_key":null}}},"rule::case-type::book-a-community-event::23596":{"actions":[{"key":{"identifier":"84335","label":"Action 84335","resource_type":"action","scope_key":null},"position":1,"email_template_key":{"identifier":"booking-request-confirmation","label":"Booking Request Confirmation","resource_type":"alert-email-template","scope_key":{"identifier":"book-a-community-event","label":"Book a community event","resource_type":"case-type","scope_key":null}},"recipient":{"key":{"identifier":"42175","label":"Recipient 42175","resource_type":"alert-recipient","scope_key":null},"email_field_key":{"identifier":"email","label":"Email","resource_type":"case-field","scope_key":null},"type":"email_field"},"type":"alert"}],"condition":null,"enabled":true,"key":{"identifier":"23596","label":"Send Confirmation Email","resource_type":"rule","scope_key":{"identifier":"book-a-community-event","label":"Book a community event","resource_type":"case-type","scope_key":null}},"triggers":[{"key":{"identifier":"60822","label":"Trigger 60822","resource_type":"trigger","scope_key":null},"event_name":"case.created","type":"event"}]},"rule::case-type::book-a-community-event::23597":{"actions":[{"key":{"identifier":"84333","label":"Action 84333","resource_type":"action","scope_key":null},"position":1,"email_template_key":{"identifier":"booked","label":"Booked Notification","resource_type":"alert-email-template","scope_key":{"identifier":"book-a-community-event","label":"Book a community event","resource_type":"case-type","scope_key":null}},"recipient":{"key":{"identifier":"42173","label":"Recipient 42173","resource_type":"alert-recipient","scope_key":null},"email_field_key":{"identifier":"email","label":"Email","resource_type":"case-field","scope_key":null},"type":"email_field"},"type":"alert"}],"condition":null,"enabled":true,"key":{"identifier":"23597","label":"Send Booked Email","resource_type":"rule","scope_key":{"identifier":"book-a-community-event","label":"Book a community event","resource_type":"case-type","scope_key":null}},"triggers":[{"key":{"identifier":"60820","label":"Trigger 60820","resource_type":"trigger","scope_key":null},"transition_key":{"identifier":"book","label":"Book","resource_type":"case-transition","scope_key":{"identifier":"book-a-community-event","label":"Book a community event","resource_type":"case-type","scope_key":null}},"type":"transition"}]},"rule::case-type::book-a-community-event::23598":{"actions":[{"key":{"identifier":"84334","label":"Action 84334","resource_type":"action","scope_key":null},"position":1,"email_template_key":{"identifier":"declined-notification","label":"Declined Notification","resource_type":"alert-email-template","scope_key":{"identifier":"book-a-community-event","label":"Book a community event","resource_type":"case-type","scope_key":null}},"recipient":{"key":{"identifier":"42174","label":"Recipient 42174","resource_type":"alert-recipient","scope_key":null},"email_field_key":{"identifier":"email","label":"Email","resource_type":"case-field","scope_key":null},"type":"email_field"},"type":"alert"}],"condition":null,"enabled":true,"key":{"identifier":"23598","label":"Send Declined Email","resource_type":"rule","scope_key":{"identifier":"book-a-community-event","label":"Book a community event","resource_type":"case-type","scope_key":null}},"triggers":[{"key":{"identifier":"60821","label":"Trigger 60821","resource_type":"trigger","scope_key":null},"transition_key":{"identifier":"decline","label":"Decline","resource_type":"case-transition","scope_key":{"identifier":"book-a-community-event","label":"Book a community event","resource_type":"case-type","scope_key":null}},"type":"transition"}]}}}}