{"id":929,"isFormSpecific":true,"version":{"metadata":{"id":2670,"title":"Planting details","instructions":""},"sections":[{"name":"main","title":"main","showTitle":false,"hideInitially":false,"triggerQuestionName":null,"triggerQuestionSecondaryField":null,"triggerQuestionSection":null,"triggerOperator":null,"triggerAnswerValue":null,"isRepeatableQuestion":false,"repeatableQuestionSettings":[],"structure":"[{\"type\":\"question\",\"name\":\"qb78f9402fdb04e4ee5587cbabe868565a8d1dafe\"},{\"type\":\"question\",\"name\":\"q11d2901c6744d13b6e922c1dbcff2bb6f9b77eca\"},{\"type\":\"section\",\"name\":\"s80445f29dab36eb8e8c498aa62eba528b280cec9\"}]","questions":[{"name":"qb78f9402fdb04e4ee5587cbabe868565a8d1dafe","text":"Please provide a brief description of where you would like the tree to be planted","guid":"39c1d58d95f4fbb636ae61c4dccd9992ce707c24","number":1,"settings":[{"name":"rows","value":"4"},{"name":"cols","value":"80"}]},{"name":"q11d2901c6744d13b6e922c1dbcff2bb6f9b77eca","text":"Is it a commemorative tree?","guid":"18eeb80469e722d4f3513ee0c5b183da219c6975","number":2,"settings":[{"name":"answers","value":"[{\"value\":\"yes\",\"text\":\"Yes\",\"data\":\"\",\"internal\":false},{\"value\":\"no\",\"text\":\"No\",\"data\":\"\",\"internal\":false}]"},{"name":"empty_option","value":"-- Please select --"}]}],"clauseType":null,"data":null},{"name":"s80445f29dab36eb8e8c498aa62eba528b280cec9","title":"Commemorative tree","showTitle":false,"hideInitially":true,"triggerQuestionName":"q11d2901c6744d13b6e922c1dbcff2bb6f9b77eca","triggerQuestionSecondaryField":null,"triggerQuestionSection":"main","triggerOperator":"equal","triggerAnswerValue":"yes","isRepeatableQuestion":false,"repeatableQuestionSettings":[],"structure":"[{\"type\":\"question\",\"name\":\"qf0c5aa0b18a0973e5d1bf934e1c135b89f9b73da\"}]","questions":[{"name":"qf0c5aa0b18a0973e5d1bf934e1c135b89f9b73da","text":"Please provide the wording you would like against your name","guid":"7d7527893d7f786c9073e6a651a9c26181d9a661","number":1,"settings":[]}],"clauseType":null,"data":null}]}}