{"form.json":"edc840ba64d9387ed8166defe2ff8c2ac47d7537","page-templates\/Your_details.json":"62cfb8c71d89eff6d147948226ad7ad4c80fecf1","page-templates\/Planting_details.json":"880493f478a717573c2d20c841d2a29cb5c2c624","structure\/pages.json":"ecabe5de1523a0fb027acc3ddcb6a37429e0016e","structure\/branching.json":"351813e3fdac82cf7ea98647c9abe86600e72be2","misc\/pdfs.json":"97d170e1550eee4afc0af065b78cda302a97674c","misc\/prefills.json":"97d170e1550eee4afc0af065b78cda302a97674c","misc\/placeholders.json":"97d170e1550eee4afc0af065b78cda302a97674c","misc\/logic_definitions.json":"97d170e1550eee4afc0af065b78cda302a97674c","misc\/ic_inputs.json":"97d170e1550eee4afc0af065b78cda302a97674c","misc\/data-retention.json":"fa8b819d756eec4a4f185f5465ef79b349ea9ce4"}