{"title":"Apply to sponsor a tree","instructions":"<p>This is a scheme that allows people to sponsor a new tree in the city \u2013 whether it\u2019s to mark a special occasion, in memory of a loved one, or simply to make a positive contribution to the local landscape and environment.<br>\n\u00a0<br>\nAnyone can sponsor a tree \u2013 both residents and non-residents, individuals and groups or companies.<\/p>","progressBar":"0","allowUnregistered":"1","resumeAtStart":"0","reCaptcha":"0","internalOnly":0,"metadata":{"id":"657","itemID":"795","creator":"Vineethaa Thyagarajan","contributor":"","publisher":"Continuum SandBox","rights":"Continuum SandBox","source":"","status":"V1.0 Public Consumption","coverage":"UK","created":1569452400,"modified":1569452400,"valid":null,"expired":null,"format":"text\/html","language":"en","subject":"","description":"Apply to sponsor a tree"},"categories":[{"id":"4886","categoryType":"Navigation","itemID":795,"categoryID":"505"}]}