{"id":323,"isFormSpecific":true,"version":{"metadata":{"id":840,"title":"Provide Information","instructions":""},"sections":[{"name":"main","title":"main","showTitle":false,"hideInitially":false,"triggerQuestionName":null,"triggerQuestionSecondaryField":null,"triggerQuestionSection":null,"triggerOperator":null,"triggerAnswerValue":null,"isRepeatableQuestion":false,"repeatableQuestionSettings":[],"structure":"[{\"type\":\"question\",\"name\":\"q8cb4c7a25d8c0d8f779aab75936ccaedac26e9e1\"},{\"type\":\"question\",\"name\":\"q33a8985c3b3ea8e51ae7260bf4da73644426e4e1\"},{\"type\":\"question\",\"name\":\"q07e768dde589f3768124bcf8df1caa173ec5b852\"}]","questions":[{"name":"q8cb4c7a25d8c0d8f779aab75936ccaedac26e9e1","text":"Case Reference","guid":"204deffae05ef305ebf8d0999cffaa428e7c6e56","number":1,"settings":[{"name":"value","value":"caseReference"}]},{"name":"q33a8985c3b3ea8e51ae7260bf4da73644426e4e1","text":"Response","guid":"39c1d58d95f4fbb636ae61c4dccd9992ce707c24","number":1,"settings":[{"name":"required","value":"true"},{"name":"rows","value":"4"},{"name":"cols","value":"40"}]},{"name":"q07e768dde589f3768124bcf8df1caa173ec5b852","text":"Supporting Documents","guid":"9aca8a0e8fed454c7df8d60bf87b8f3ba70e844e","number":1,"settings":[]}],"clauseType":null,"data":null}]}}