{"form.json":"ba79bf9ef4f4042aba4289a8659514ebfe8788a4","page-templates\/Customer_Details.json":"698292b17d7289642467150729f713a4235927f4","page-templates\/Incident_Details.json":"be5df4e497c95e9d4ab58d50b73170c6aff584b2","page-templates\/Additional_Details.json":"109988f5e1e035f7dd364024b0e2f7595c2be017","structure\/pages.json":"48d3f24b7443b4ab68e372d633bf8c1f3ab14e07","structure\/branching.json":"070672e98d3f33ac3a6d6e4600dcfe38d37088bc","actions\/rules\/Form_Submission_(with_Email).json":"e923171c3a6f96c4f67e781c4fc4ae87fd8d062f","actions\/rules\/Form_Submission_(no_Email).json":"7ef566f0093a3131602e376a494c3109ee178cff","actions\/templates\/Internal_Notification.json":"3ce193ee13ff7f267f034407a924c049911f072d","actions\/templates\/Customer_Receipt.json":"20d9114911afc7148a0029f5f16c79ac35017eaf","actions\/templates\/Confirmation_(with_Email).json":"b42b88e09d2af713ae66ee13d5f41b05991b91ca","actions\/templates\/Confirmation_(no_Email).json":"7ea76ba68a076319690b3d7ddcf10e91b5a563d5","misc\/pdfs.json":"97d170e1550eee4afc0af065b78cda302a97674c","misc\/prefills.json":"97d170e1550eee4afc0af065b78cda302a97674c","misc\/placeholders.json":"98d912850f919503eb10b7d747b1bfa94fdfb909","misc\/logic_definitions.json":"97d170e1550eee4afc0af065b78cda302a97674c","misc\/logics\/Risk_Assessment_Score.json":"9d80059b774b5f2ff3a85f1d0fafb51bece2bf19","misc\/ic_inputs.json":"97d170e1550eee4afc0af065b78cda302a97674c","misc\/data-retention.json":"fa8b819d756eec4a4f185f5465ef79b349ea9ce4"}