{"title":"Antisocial Behaviour Nuisance Report","instructions":"","progressBar":"0","allowUnregistered":"1","resumeAtStart":"0","reCaptcha":"0","internalOnly":0,"metadata":{"id":"134","itemID":"272","creator":"Paul Johnson","contributor":"","publisher":"Sandbox 04","rights":"Sandbox 04","source":"","status":"V1.0 Public Consumption","coverage":"UK","created":1568847600,"modified":1568847600,"valid":null,"expired":null,"format":"text\/html","language":"en","subject":"","description":"Use this form to report antisocial behaviour"},"categories":[{"id":"2845","categoryType":"Navigation","itemID":272,"categoryID":"200129"}]}