{"form.json":"40b19cc2410ffd08223664237b0df10cc35aa089","page-templates\/Customer_details_-_Street_Scene.json":"9ada9cd625bb084c531cc10c1d8f3242fd836c31","page-templates\/Result_page_-_EH.json":"e0c3171ef5a64fdb93135654534234cdaf707467","page-templates\/About_resolving_your_complaint_(226)_(511).json":"31d62d7b3838e577d906d1d93c01ed456b1a95bb","page-templates\/About_the_dust_(226)_(511).json":"8379b3a4fcf132350926469b5d3ecef4cf55887a","page-templates\/About_the_frequency_-_smell_(226)_(511).json":"2f237b59f7ba7947a0db87cbc6b252fcc0be2a29","page-templates\/About_the_fumes_gases_(226)_(511).json":"ffb078f1c58298be0160c64373ab34955dc373ac","page-templates\/About_the_smell_dour_(226)_(511).json":"098229a4df99506caa5bb68cd910d8036bd70065","page-templates\/About_your_complaint_-_smoke_(226)_(511).json":"f7a9c8c430bd91002905f6964af7636ad2435cba","page-templates\/Logging_your_complaint_(226)_(511).json":"6390fb1a9a6a8fe3bf0ca96b70f9d3f212185ae0","page-templates\/We_are_sorry_but_we_cannot_investigate.json":"9db1719b33696d392989bf3778fc343f48f956f4","page-templates\/We_will_only_investigate_(226)_(511).json":"89fc8363142af87d5aeb809383e672c9522e152d","structure\/pages.json":"66611200ef6482225cde1be0a0046276e939df32","structure\/branching.json":"093160fe9b3f53f2fe707acec1f34d3127652fa6","actions\/rules\/Form_submitted.json":"46062844a6277497ac49be1df430a56abb70af9b","actions\/rules\/We_are_sorry.json":"c29647da63c0f1f006745624ec4af55fd768b562","actions\/templates\/Thank_you_email.json":"5588afa91ab67f5fb0040b04b822e7cfdbb3b218","actions\/templates\/Thank_you_for_submitting_an_air_pollution_complaint.json":"3352626ef04425ac741140800e0e0862d5b154ea","actions\/templates\/We_are_sorry.json":"1df31b1c32e4dd34242df88dcd21bbb9e8d65a81","misc\/pdfs.json":"97d170e1550eee4afc0af065b78cda302a97674c","misc\/prefills.json":"2a56aaf90e5685865372b4ec597b733fb192a651","misc\/placeholders.json":"b88fdb9e6225b1484b612240635bf994b714d415","misc\/logic_definitions.json":"97d170e1550eee4afc0af065b78cda302a97674c","misc\/logics\/If_yes.json":"f64ee6013c385f9b1d3d5ce54c0515cfeebb6505","misc\/logics\/Property.json":"d962ab9069193ee145b9f5e407b9c16b21c19704","misc\/logics\/Street.json":"b224f2c27fa56ca100f37375942495a5e57baa79","misc\/ic_inputs.json":"97d170e1550eee4afc0af065b78cda302a97674c","misc\/data-retention.json":"fa8b819d756eec4a4f185f5465ef79b349ea9ce4"}