{"title":"Smell, fumes and dust complaint (air pollution)","instructions":"\n<p><strong>Key facts:<\/strong><\/p>\n\n<p>We investigate air pollution, such as smells, fumes and dust. If you would like to report a smoke issue, please fill in our smoke complaint form.<\/p>\n\n<p><strong>If you are worried you can smell gas please call the National Gas Emergency service immediately on 0800 111 999. They operate 24 hours a day, 52 weeks a year. If you are able to access the meter, turn it off. Don\u2019t use electrical switches or naked flames and keep people away from the area. <\/strong><\/p>\n\n<h2>About dust from building sites<\/h2>\n\n<p>Dust can be a major issue during construction work, and the planning permission for larger sites often sets out what developers need to do to limit dust. If we receive a complaint about a building site we will check they are complying with their planning permission. We will also visit and discuss dust control measures with the builder, such as water suppression and road sweeping. We can only take enforcement action if a builder does not comply.<\/p>\n\n<h2>About farm\/farmyard odours<\/h2>\n\n<p>The use of\/spreading of manure and other fertilisers on farmland is a standard agricultural practice and causes odour. We are only likely to investigate complaints relating to agricultural smells if they are particularly excessive or prolonged. We will also check the farmer is adopting relevant codes of practice.<\/p>\n\n<h2>Domestic\/household smells fumes and dust<\/h2>\n\n<p>We have limited powers to investigate fumes and dust from domestic properties, however, we are able to deal with certain causes of smells at domestic properties, such as\u00a0an accumulation of waste. To make a complaint about smoke from a domestic bonfire, please fill in our smoke complaint form.\u00a0<\/p>\n\n<h2>Logging the issue<\/h2>\n\n<p>This form asks for your agreement to take part in logging the issue. Once you submit your form, we will provide you with a log sheet. This will help us assess the scale of the issue and the impact on your life. If you do not submit the log sheets, after a period of one calendar month, we will assume the issue is not ongoing and we will close your case<\/p>\n\n<h2>Anonymous complaints<\/h2>\n\n<p>We are sorry but we cannot take anonymous complaints because we cannot take enforcement action without assessing the impacts of the problem on your life\/business.<\/p>\n\n<p><strong>Please use this form to report air pollution, such as smells, fumes and dust. As part of this form, we will ask you for your email address, so we can keep you up to date on what we will do to resolve\/address your issue. <\/strong><\/p>\n","progressBar":"0","allowUnregistered":"1","resumeAtStart":"1","reCaptcha":"0","internalOnly":0,"metadata":{"id":"373","itemID":"511","creator":"Yelena Tomina","contributor":"","publisher":"Lichfield District Council","rights":"\u00a9 Copyright 2005 (updated 2018) Lichfield District Council","source":"","status":"V1.0 Public Consumption","coverage":"Alrewas, Armitage, Burntwood (town), Chorley, Clifton Campville Colton, Curborough, Drayton Bassett, Edingale, Elford, Elmhurst, Farewell, Fazeley, Fisherwick, Fradley, Hammerwich, Hamstall Ridware, Handsacre, Harlaston, Hints, Hopwas, Kings Bromley, Lichfield (city), Longdon, Mavesyn Ridware, Packington, Shenstone, Streethay, Swinfen, Thorpe Constantine, Wall, Weeford, Whittington, Wigginton, Lichfield District","created":1583712000,"modified":1583712000,"valid":null,"expired":null,"format":"text\/html","language":"en","subject":"Smell, fumes and dust complaint (air pollution)","description":"Smell, fumes and dust complaint (air pollution)"},"categories":[{"id":"3565","categoryType":"Navigation","itemID":511,"categoryID":"200128"}]}