{"form.json":"e9b04308d678550c1ac54834d324b94658d028db","page-templates\/Your_details.json":"62cfb8c71d89eff6d147948226ad7ad4c80fecf1","page-templates\/Please_tell_us_about_your_comment.json":"8d8dfb06701e49a3edc941ecff35b34ee0ea3fe9","structure\/pages.json":"7b3ae7af9dea9f2d422570c6351170cc60271e7d","structure\/branching.json":"a3e514e894f9245b245e177437315a5641215831","misc\/pdfs.json":"97d170e1550eee4afc0af065b78cda302a97674c","misc\/prefills.json":"97d170e1550eee4afc0af065b78cda302a97674c","misc\/placeholders.json":"97d170e1550eee4afc0af065b78cda302a97674c","misc\/logic_definitions.json":"97d170e1550eee4afc0af065b78cda302a97674c","misc\/ic_inputs.json":"97d170e1550eee4afc0af065b78cda302a97674c","misc\/data-retention.json":"fa8b819d756eec4a4f185f5465ef79b349ea9ce4"}