{"title":"Car Park Maintenance Issue","instructions":"<p>Please use this form to report maintenance issues\u00a0relating to our car parks.<\/p>","progressBar":"0","allowUnregistered":"1","resumeAtStart":"0","reCaptcha":"0","internalOnly":0,"metadata":{"id":"650","itemID":"788","creator":"Vineethaa Thyagarajan","contributor":"","publisher":"Continuum SandBox","rights":"Continuum SandBox","source":"","status":"V1.0 Public Consumption","coverage":"UK","created":1569452400,"modified":1569452400,"valid":null,"expired":null,"format":"text\/html","language":"en","subject":"","description":"Car Park Maintenance Issue"},"categories":[{"id":"4881","categoryType":"Navigation","itemID":788,"categoryID":"478"}]}