[{"id":1545,"templateID":5,"metadata":{"id":2641,"title":"Applicant's Details","instructions":""}},{"id":1546,"templateID":115,"metadata":{"id":2642,"title":"Vehicle details","instructions":""}},{"id":1548,"templateID":920,"metadata":{"id":2645,"title":"Mechanical Fitness Test Certificate","instructions":""}},{"id":1549,"templateID":921,"metadata":{"id":2648,"title":"Proprietorship","instructions":""}},{"id":1550,"templateID":922,"metadata":{"id":2649,"title":"Declaration","instructions":""}},{"id":1551,"templateID":923,"metadata":{"id":2651,"title":"Manually enter address for proprietor 1","instructions":""}},{"id":1552,"templateID":923,"metadata":{"id":2652,"title":"Manually enter address for proprietor 2","instructions":""}},{"id":1553,"templateID":923,"metadata":{"id":2653,"title":"Manually enter address for proprietor 3","instructions":""}}]