{"title":"Report a grit bin problem","instructions":"<p>Use this form if you have a problem or enquiry about a grit bin.<\/p>","progressBar":"0","allowUnregistered":"1","resumeAtStart":"0","reCaptcha":"0","internalOnly":0,"metadata":{"id":"661","itemID":"799","creator":"Vineethaa Thyagarajan","contributor":"","publisher":"Continuum SandBox","rights":"Continuum SandBox","source":"","status":"V1.0 Public Consumption","coverage":"UK","created":1569452400,"modified":1569452400,"valid":null,"expired":null,"format":"text\/html","language":"en","subject":"","description":"Report a grit bin problem"},"categories":[{"id":"4890","categoryType":"Navigation","itemID":799,"categoryID":"100007"}]}