{"import_id":null,"import_version":1,"imported_resource":{"alertEmailTemplate_keys":{"alert-email-template::case-type::supported-childcare-funding::request-for-further-information":{"identifier":"request-for-further-information","label":"Request for further information","resource_type":"alert-email-template","scope_key":{"identifier":"supported-childcare-funding","label":"Supported childcare funding referral","resource_type":"case-type","scope_key":null}},"alert-email-template::case-type::supported-childcare-funding::reason-for-rejection":{"identifier":"reason-for-rejection","label":"Reason for rejection","resource_type":"alert-email-template","scope_key":{"identifier":"supported-childcare-funding","label":"Supported childcare funding referral","resource_type":"case-type","scope_key":null}},"alert-email-template::case-type::supported-childcare-funding::end-date-reminder":{"identifier":"end-date-reminder","label":"End date reminder","resource_type":"alert-email-template","scope_key":{"identifier":"supported-childcare-funding","label":"Supported childcare funding referral","resource_type":"case-type","scope_key":null}}},"auto_assign_users":false,"case_limits":{"primary-address":1},"case_type_group_key":null,"default":false,"form_keys":{"case-form::case-type::supported-childcare-funding::new-supported-childcare-funding":{"identifier":"new-supported-childcare-funding","label":"Referral for Supported Childcare Funding","resource_type":"case-form","scope_key":{"identifier":"supported-childcare-funding","label":"Supported childcare funding referral","resource_type":"case-type","scope_key":null}},"case-form::case-type::supported-childcare-funding::edit-supported-childcare-funding":{"identifier":"edit-supported-childcare-funding","label":"Edit Supported Childcare Funding","resource_type":"case-form","scope_key":{"identifier":"supported-childcare-funding","label":"Supported childcare funding referral","resource_type":"case-type","scope_key":null}},"case-form::case-type::supported-childcare-funding::reason-for-rejection":{"identifier":"reason-for-rejection","label":"Request further information","resource_type":"case-form","scope_key":{"identifier":"supported-childcare-funding","label":"Supported childcare funding referral","resource_type":"case-type","scope_key":null}},"case-form::case-type::supported-childcare-funding::reason-for-rejection-1":{"identifier":"reason-for-rejection-1","label":"Reason for rejection","resource_type":"case-form","scope_key":{"identifier":"supported-childcare-funding","label":"Supported childcare funding referral","resource_type":"case-type","scope_key":null}}},"key":{"identifier":"supported-childcare-funding","label":"Supported childcare funding referral","resource_type":"case-type","scope_key":null},"personal_data_redaction":true,"reference_format":"SCF%'06d","rule_keys":{"rule::case-type::supported-childcare-funding::19290":{"identifier":"19290","label":"Assign to Locality Manager","resource_type":"rule","scope_key":{"identifier":"supported-childcare-funding","label":"Supported childcare funding referral","resource_type":"case-type","scope_key":null}},"rule::case-type::supported-childcare-funding::19291":{"identifier":"19291","label":"Assign to Early Years Entitlement Officer","resource_type":"rule","scope_key":{"identifier":"supported-childcare-funding","label":"Supported childcare funding referral","resource_type":"case-type","scope_key":null}},"rule::case-type::supported-childcare-funding::19292":{"identifier":"19292","label":"Send email to referrer requesting additional information","resource_type":"rule","scope_key":{"identifier":"supported-childcare-funding","label":"Supported childcare funding referral","resource_type":"case-type","scope_key":null}},"rule::case-type::supported-childcare-funding::19293":{"identifier":"19293","label":"Further information received","resource_type":"rule","scope_key":{"identifier":"supported-childcare-funding","label":"Supported childcare funding referral","resource_type":"case-type","scope_key":null}},"rule::case-type::supported-childcare-funding::19294":{"identifier":"19294","label":"Send email to referrer confirming referral has been rejected","resource_type":"rule","scope_key":{"identifier":"supported-childcare-funding","label":"Supported childcare funding referral","resource_type":"case-type","scope_key":null}},"rule::case-type::supported-childcare-funding::19295":{"identifier":"19295","label":"Placement ending reminder","resource_type":"rule","scope_key":{"identifier":"supported-childcare-funding","label":"Supported childcare funding referral","resource_type":"case-type","scope_key":null}}},"status_keys":{"case-status::case-type::supported-childcare-funding::submitted":{"identifier":"submitted","label":"Submitted","resource_type":"case-status","scope_key":{"identifier":"supported-childcare-funding","label":"Supported childcare funding referral","resource_type":"case-type","scope_key":null}},"case-status::case-type::supported-childcare-funding::awaiting-further-infomation":{"identifier":"awaiting-further-infomation","label":"Awaiting further information","resource_type":"case-status","scope_key":{"identifier":"supported-childcare-funding","label":"Supported childcare funding referral","resource_type":"case-type","scope_key":null}},"case-status::case-type::supported-childcare-funding::in-progress":{"identifier":"in-progress","label":"In progress","resource_type":"case-status","scope_key":{"identifier":"supported-childcare-funding","label":"Supported childcare funding referral","resource_type":"case-type","scope_key":null}},"case-status::case-type::supported-childcare-funding::placement-arranged":{"identifier":"placement-arranged","label":"Placement arranged","resource_type":"case-status","scope_key":{"identifier":"supported-childcare-funding","label":"Supported childcare funding referral","resource_type":"case-type","scope_key":null}},"case-status::case-type::supported-childcare-funding::closed":{"identifier":"closed","label":"Closed","resource_type":"case-status","scope_key":{"identifier":"supported-childcare-funding","label":"Supported childcare funding referral","resource_type":"case-type","scope_key":null}},"case-status::case-type::supported-childcare-funding::rejected":{"identifier":"rejected","label":"Rejected","resource_type":"case-status","scope_key":{"identifier":"supported-childcare-funding","label":"Supported childcare funding referral","resource_type":"case-type","scope_key":null}}},"transition_keys":{"case-transition::case-type::supported-childcare-funding::approve":{"identifier":"approve","label":"Approve","resource_type":"case-transition","scope_key":{"identifier":"supported-childcare-funding","label":"Supported childcare funding referral","resource_type":"case-type","scope_key":null}},"case-transition::case-type::supported-childcare-funding::request-further-infomation":{"identifier":"request-further-infomation","label":"Request further information","resource_type":"case-transition","scope_key":{"identifier":"supported-childcare-funding","label":"Supported childcare funding referral","resource_type":"case-type","scope_key":null}},"case-transition::case-type::supported-childcare-funding::submit-further-information":{"identifier":"submit-further-information","label":"Submit further information","resource_type":"case-transition","scope_key":{"identifier":"supported-childcare-funding","label":"Supported childcare funding referral","resource_type":"case-type","scope_key":null}},"case-transition::case-type::supported-childcare-funding::placement-arranged":{"identifier":"placement-arranged","label":"Placement arranged","resource_type":"case-transition","scope_key":{"identifier":"supported-childcare-funding","label":"Supported childcare funding referral","resource_type":"case-type","scope_key":null}},"case-transition::case-type::supported-childcare-funding::close-case":{"identifier":"close-case","label":"Close case","resource_type":"case-transition","scope_key":{"identifier":"supported-childcare-funding","label":"Supported childcare funding referral","resource_type":"case-type","scope_key":null}},"case-transition::case-type::supported-childcare-funding::reject-referral":{"identifier":"reject-referral","label":"Reject referral","resource_type":"case-transition","scope_key":{"identifier":"supported-childcare-funding","label":"Supported childcare funding referral","resource_type":"case-type","scope_key":null}}}},"mappings":{"items":[]},"resources":{"items":{"case-status::case-type::supported-childcare-funding::submitted":{"key":{"identifier":"submitted","label":"Submitted","resource_type":"case-status","scope_key":{"identifier":"supported-childcare-funding","label":"Supported childcare funding referral","resource_type":"case-type","scope_key":null}},"label_colour":"b5cef7","label_font_colour":"0f3778","type":"initial"},"case-status::case-type::supported-childcare-funding::awaiting-further-infomation":{"key":{"identifier":"awaiting-further-infomation","label":"Awaiting further information","resource_type":"case-status","scope_key":{"identifier":"supported-childcare-funding","label":"Supported childcare funding referral","resource_type":"case-type","scope_key":null}},"label_colour":"ffdfb2","label_font_colour":"7d4900","type":"normal"},"case-status::case-type::supported-childcare-funding::in-progress":{"key":{"identifier":"in-progress","label":"In progress","resource_type":"case-status","scope_key":{"identifier":"supported-childcare-funding","label":"Supported childcare funding referral","resource_type":"case-type","scope_key":null}},"label_colour":"b1f0d2","label_font_colour":"0a5534","type":"normal"},"case-status::case-type::supported-childcare-funding::placement-arranged":{"key":{"identifier":"placement-arranged","label":"Placement arranged","resource_type":"case-status","scope_key":{"identifier":"supported-childcare-funding","label":"Supported childcare funding referral","resource_type":"case-type","scope_key":null}},"label_colour":"008850","label_font_colour":"ffffff","type":"normal"},"case-status::case-type::supported-childcare-funding::closed":{"key":{"identifier":"closed","label":"Closed","resource_type":"case-status","scope_key":{"identifier":"supported-childcare-funding","label":"Supported childcare funding referral","resource_type":"case-type","scope_key":null}},"label_colour":"e7e7e7","label_font_colour":"484848","type":"final"},"case-status::case-type::supported-childcare-funding::rejected":{"key":{"identifier":"rejected","label":"Rejected","resource_type":"case-status","scope_key":{"identifier":"supported-childcare-funding","label":"Supported childcare funding referral","resource_type":"case-type","scope_key":null}},"label_colour":"de2a01","label_font_colour":"ffffff","type":"final"},"case-field::what_further_information_do_you_require":{"allowed_privilege_level_keys":[],"allowed_to_all_privilege_levels":true,"encrypted":true,"redactable":true,"key":{"identifier":"what_further_information_do_you_require","label":"What further information do you require?","resource_type":"case-field","scope_key":null},"position":0,"type":"textarea"},"case-field::access_code":{"allowed_privilege_level_keys":[],"allowed_to_all_privilege_levels":true,"encrypted":false,"redactable":false,"key":{"identifier":"access_code","label":"Access Code","resource_type":"case-field","scope_key":null},"position":0,"type":"text"},"alert-email-template::case-type::supported-childcare-funding::request-for-further-information":{"date_definition_keys":[],"field_keys":{"case-field::what_further_information_do_you_require":{"identifier":"what_further_information_do_you_require","label":"What further information do you require?","resource_type":"case-field","scope_key":null},"case-field::access_code":{"identifier":"access_code","label":"Access Code","resource_type":"case-field","scope_key":null}},"html_body":"<p>Dear Colleague,<\/p><p>Thank you for your recent supported childcare funding referral.<\/p><p>Further infomation is required from you before this referral can be considered:<\/p><p>{{ case.values.what_further_information_do_you_require.value }}<\/p><p>Please use this <a href=\"https:\/\/pre.lincolnshire.gov.uk\/xfp\/form\/328?reference={{case.reference}}&amp;access={{case.values.access_code.value}}\">form<\/a>&nbsp;to provide the further infomation.<\/p><p>Your case reference is {{ case.reference }}<\/p><p>Your access code is&nbsp;{{ case.values.access_code.value }}<\/p><p>Kind regards,<\/p><p>Early Years Locality Lead<\/p>","key":{"identifier":"request-for-further-information","label":"Request for further information","resource_type":"alert-email-template","scope_key":{"identifier":"supported-childcare-funding","label":"Supported childcare funding referral","resource_type":"case-type","scope_key":null}},"subject":"Request for further information"},"case-field::reason_for_rejection":{"allowed_privilege_level_keys":[],"allowed_to_all_privilege_levels":true,"encrypted":true,"redactable":true,"key":{"identifier":"reason_for_rejection","label":"Reason for rejection","resource_type":"case-field","scope_key":null},"position":0,"type":"textarea"},"alert-email-template::case-type::supported-childcare-funding::reason-for-rejection":{"date_definition_keys":[],"field_keys":{"case-field::reason_for_rejection":{"identifier":"reason_for_rejection","label":"Reason for rejection","resource_type":"case-field","scope_key":null}},"html_body":"<p>Hello,<\/p><p>Thank you for your recent supported childcare funding referral.<\/p><p>This has been rejected because:<\/p><p>{{ case.values.reason_for_rejection.value }}<\/p><p>If you would like to discuss this further, please contact your Early Years Locality Lead directly.<\/p><p>Kind regards,<\/p><p>Early Years Team<\/p>","key":{"identifier":"reason-for-rejection","label":"Reason for rejection","resource_type":"alert-email-template","scope_key":{"identifier":"supported-childcare-funding","label":"Supported childcare funding referral","resource_type":"case-type","scope_key":null}},"subject":"Referral has been rejected"},"alert-email-template::case-type::supported-childcare-funding::end-date-reminder":{"date_definition_keys":[],"field_keys":[],"html_body":"<p>Dear colleague,<\/p><p>A SCF placement you referred is due to come to an end. &nbsp;If you wish for this to be extended you must complete a new referral. &nbsp;Please also complete the review form and send this to your Early Years Locality Lead directly.<\/p><p>Your case reference is {{ case.reference }}<\/p><p>Kind regards,<br \/>EYE Team<\/p>","key":{"identifier":"end-date-reminder","label":"End date reminder","resource_type":"alert-email-template","scope_key":{"identifier":"supported-childcare-funding","label":"Supported childcare funding referral","resource_type":"case-type","scope_key":null}},"subject":"Supported Childcare Funding - Placement Ending"},"choice::case-field::new_referral_or_continuation_of_placement::new_referral":{"key":{"identifier":"new_referral","label":"New referral","resource_type":"choice","scope_key":{"identifier":"new_referral_or_continuation_of_placement","label":"New referral or continuation of placement?","resource_type":"case-field","scope_key":null}}},"choice::case-field::new_referral_or_continuation_of_placement::continuation_of_existing_placement":{"key":{"identifier":"continuation_of_existing_placement","label":"Continuation of existing placement","resource_type":"choice","scope_key":{"identifier":"new_referral_or_continuation_of_placement","label":"New referral or continuation of placement?","resource_type":"case-field","scope_key":null}}},"case-field::new_referral_or_continuation_of_placement":{"allowed_privilege_level_keys":[],"allowed_to_all_privilege_levels":true,"encrypted":false,"redactable":false,"key":{"identifier":"new_referral_or_continuation_of_placement","label":"New referral or continuation of placement?","resource_type":"case-field","scope_key":null},"position":0,"choice_keys":{"choice::case-field::new_referral_or_continuation_of_placement::new_referral":{"identifier":"new_referral","label":"New referral","resource_type":"choice","scope_key":{"identifier":"new_referral_or_continuation_of_placement","label":"New referral or continuation of placement?","resource_type":"case-field","scope_key":null}},"choice::case-field::new_referral_or_continuation_of_placement::continuation_of_existing_placement":{"identifier":"continuation_of_existing_placement","label":"Continuation of existing placement","resource_type":"choice","scope_key":{"identifier":"new_referral_or_continuation_of_placement","label":"New referral or continuation of placement?","resource_type":"case-field","scope_key":null}}},"default_choice_keys":[],"expanded":false,"multiple":false,"type":"choice"},"case-field::first_name_child":{"allowed_privilege_level_keys":[],"allowed_to_all_privilege_levels":true,"encrypted":false,"redactable":true,"key":{"identifier":"first_name_child","label":"First Name - Child","resource_type":"case-field","scope_key":null},"position":0,"type":"text"},"case-field::last_name_child":{"allowed_privilege_level_keys":[],"allowed_to_all_privilege_levels":true,"encrypted":false,"redactable":false,"key":{"identifier":"last_name_child","label":"Last name - Child","resource_type":"case-field","scope_key":null},"position":0,"type":"text"},"case-field::date_of_birth":{"allowed_privilege_level_keys":[],"allowed_to_all_privilege_levels":true,"encrypted":false,"redactable":false,"key":{"identifier":"date_of_birth","label":"Date of Birth","resource_type":"case-field","scope_key":null},"position":24,"type":"date"},"case-field::gender":{"allowed_privilege_level_keys":[],"allowed_to_all_privilege_levels":true,"encrypted":false,"redactable":false,"key":{"identifier":"gender","label":"Gender","resource_type":"case-field","scope_key":null},"position":23,"type":"text"},"case-field::address":{"allowed_privilege_level_keys":[],"allowed_to_all_privilege_levels":true,"encrypted":false,"redactable":false,"key":{"identifier":"address","label":"Address 1","resource_type":"case-field","scope_key":null},"position":0,"type":"textarea"},"choice::case-field::what_level_is_the_child_at::tac":{"key":{"identifier":"tac","label":"TAC","resource_type":"choice","scope_key":{"identifier":"what_level_is_the_child_at","label":"What level is the child at?","resource_type":"case-field","scope_key":null}}},"choice::case-field::what_level_is_the_child_at::cin":{"key":{"identifier":"cin","label":"CIN","resource_type":"choice","scope_key":{"identifier":"what_level_is_the_child_at","label":"What level is the child at?","resource_type":"case-field","scope_key":null}}},"choice::case-field::what_level_is_the_child_at::cp":{"key":{"identifier":"cp","label":"CP","resource_type":"choice","scope_key":{"identifier":"what_level_is_the_child_at","label":"What level is the child at?","resource_type":"case-field","scope_key":null}}},"choice::case-field::what_level_is_the_child_at::lac":{"key":{"identifier":"lac","label":"LAC","resource_type":"choice","scope_key":{"identifier":"what_level_is_the_child_at","label":"What level is the child at?","resource_type":"case-field","scope_key":null}}},"choice::case-field::what_level_is_the_child_at::esco":{"key":{"identifier":"esco","label":"ESCO","resource_type":"choice","scope_key":{"identifier":"what_level_is_the_child_at","label":"What level is the child at?","resource_type":"case-field","scope_key":null}}},"choice::case-field::what_level_is_the_child_at::na-exceptional_circumstances":{"key":{"identifier":"na-exceptional_circumstances","label":"N\/A - Exceptional circumstances","resource_type":"choice","scope_key":{"identifier":"what_level_is_the_child_at","label":"What level is the child at?","resource_type":"case-field","scope_key":null}}},"case-field::what_level_is_the_child_at":{"allowed_privilege_level_keys":[],"allowed_to_all_privilege_levels":true,"encrypted":false,"redactable":false,"key":{"identifier":"what_level_is_the_child_at","label":"What level is the child at?","resource_type":"case-field","scope_key":null},"position":0,"choice_keys":{"choice::case-field::what_level_is_the_child_at::tac":{"identifier":"tac","label":"TAC","resource_type":"choice","scope_key":{"identifier":"what_level_is_the_child_at","label":"What level is the child at?","resource_type":"case-field","scope_key":null}},"choice::case-field::what_level_is_the_child_at::cin":{"identifier":"cin","label":"CIN","resource_type":"choice","scope_key":{"identifier":"what_level_is_the_child_at","label":"What level is the child at?","resource_type":"case-field","scope_key":null}},"choice::case-field::what_level_is_the_child_at::cp":{"identifier":"cp","label":"CP","resource_type":"choice","scope_key":{"identifier":"what_level_is_the_child_at","label":"What level is the child at?","resource_type":"case-field","scope_key":null}},"choice::case-field::what_level_is_the_child_at::lac":{"identifier":"lac","label":"LAC","resource_type":"choice","scope_key":{"identifier":"what_level_is_the_child_at","label":"What level is the child at?","resource_type":"case-field","scope_key":null}},"choice::case-field::what_level_is_the_child_at::esco":{"identifier":"esco","label":"ESCO","resource_type":"choice","scope_key":{"identifier":"what_level_is_the_child_at","label":"What level is the child at?","resource_type":"case-field","scope_key":null}},"choice::case-field::what_level_is_the_child_at::na-exceptional_circumstances":{"identifier":"na-exceptional_circumstances","label":"N\/A - Exceptional circumstances","resource_type":"choice","scope_key":{"identifier":"what_level_is_the_child_at","label":"What level is the child at?","resource_type":"case-field","scope_key":null}}},"default_choice_keys":[],"expanded":false,"multiple":false,"type":"choice"},"case-field::mosaic_number":{"allowed_privilege_level_keys":[],"allowed_to_all_privilege_levels":true,"encrypted":true,"redactable":true,"key":{"identifier":"mosaic_number","label":"Mosaic Number","resource_type":"case-field","scope_key":null},"position":0,"type":"text"},"case-field::first_name_principal_carer_person_with_parental_responsibility":{"allowed_privilege_level_keys":[],"allowed_to_all_privilege_levels":true,"encrypted":true,"redactable":true,"key":{"identifier":"first_name_principal_carer_person_with_parental_responsibility","label":"First name - Principal Carer\/ Person with Parental Responsibility","resource_type":"case-field","scope_key":null},"position":0,"type":"text"},"case-field::last_name_principal_carer_person_with_parental_responsibility":{"allowed_privilege_level_keys":[],"allowed_to_all_privilege_levels":true,"encrypted":true,"redactable":true,"key":{"identifier":"last_name_principal_carer_person_with_parental_responsibility","label":"Last name - Principal Carer\/ Person with Parental Responsibility","resource_type":"case-field","scope_key":null},"position":0,"type":"text"},"case-field::telephone_principal_carer_person_with_parental_responsibility":{"allowed_privilege_level_keys":[],"allowed_to_all_privilege_levels":true,"encrypted":true,"redactable":true,"key":{"identifier":"telephone_principal_carer_person_with_parental_responsibility","label":"Telephone - Principal Carer\/ Person with Parental Responsibility","resource_type":"case-field","scope_key":null},"position":0,"type":"telephone"},"case-field::relationship_to_child":{"allowed_privilege_level_keys":[],"allowed_to_all_privilege_levels":true,"encrypted":false,"redactable":false,"key":{"identifier":"relationship_to_child","label":"Relationship to child","resource_type":"case-field","scope_key":null},"position":0,"type":"text"},"case-field::first_name_2nd_principal_carer_person_with_parental_responsibility":{"allowed_privilege_level_keys":[],"allowed_to_all_privilege_levels":true,"encrypted":true,"redactable":true,"key":{"identifier":"first_name_2nd_principal_carer_person_with_parental_responsibility","label":"First name - 2nd Principal Carer\/ Person with Parental Responsibility","resource_type":"case-field","scope_key":null},"position":0,"type":"text"},"case-field::last_name_2nd_principal_carer_person_with_parental_responsibility":{"allowed_privilege_level_keys":[],"allowed_to_all_privilege_levels":true,"encrypted":true,"redactable":true,"key":{"identifier":"last_name_2nd_principal_carer_person_with_parental_responsibility","label":"Last name - 2nd Principal Carer\/ Person with Parental Responsibility","resource_type":"case-field","scope_key":null},"position":0,"type":"text"},"case-field::telephone_principal_carer_person_with_parental_responsibility_1":{"allowed_privilege_level_keys":[],"allowed_to_all_privilege_levels":true,"encrypted":true,"redactable":true,"key":{"identifier":"telephone_principal_carer_person_with_parental_responsibility_1","label":"Telephone - Principal Carer\/ Person with Parental Responsibility","resource_type":"case-field","scope_key":null},"position":0,"type":"telephone"},"case-field::relationship_to_child_1":{"allowed_privilege_level_keys":[],"allowed_to_all_privilege_levels":true,"encrypted":false,"redactable":false,"key":{"identifier":"relationship_to_child_1","label":"Relationship to child","resource_type":"case-field","scope_key":null},"position":0,"type":"text"},"case-field::additional_comments":{"allowed_privilege_level_keys":[],"allowed_to_all_privilege_levels":true,"encrypted":true,"redactable":true,"key":{"identifier":"additional_comments","label":"Additional comments","resource_type":"case-field","scope_key":null},"position":0,"type":"textarea"},"case-field::first_name_referrer":{"allowed_privilege_level_keys":[],"allowed_to_all_privilege_levels":true,"encrypted":true,"redactable":true,"key":{"identifier":"first_name_referrer","label":"First name - Referrer","resource_type":"case-field","scope_key":null},"position":0,"type":"text"},"case-field::last_name_referrer":{"allowed_privilege_level_keys":[],"allowed_to_all_privilege_levels":true,"encrypted":true,"redactable":true,"key":{"identifier":"last_name_referrer","label":"Last name - Referrer","resource_type":"case-field","scope_key":null},"position":0,"type":"text"},"case-field::referrer_email":{"allowed_privilege_level_keys":[],"allowed_to_all_privilege_levels":true,"encrypted":true,"redactable":true,"key":{"identifier":"referrer_email","label":"Referrer Email","resource_type":"case-field","scope_key":null},"position":0,"type":"email"},"case-field::telephone_referrer":{"allowed_privilege_level_keys":[],"allowed_to_all_privilege_levels":true,"encrypted":true,"redactable":true,"key":{"identifier":"telephone_referrer","label":"Telephone - Referrer","resource_type":"case-field","scope_key":null},"position":0,"type":"telephone"},"choice::case-field::what_locality_are_you_referring_from::boston":{"key":{"identifier":"boston","label":"Boston","resource_type":"choice","scope_key":{"identifier":"what_locality_are_you_referring_from","label":"What locality are you referring from?","resource_type":"case-field","scope_key":null}}},"choice::case-field::what_locality_are_you_referring_from::east_lindsay":{"key":{"identifier":"east_lindsay","label":"East Lindsay","resource_type":"choice","scope_key":{"identifier":"what_locality_are_you_referring_from","label":"What locality are you referring from?","resource_type":"case-field","scope_key":null}}},"choice::case-field::what_locality_are_you_referring_from::lincoln":{"key":{"identifier":"lincoln","label":"Lincoln","resource_type":"choice","scope_key":{"identifier":"what_locality_are_you_referring_from","label":"What locality are you referring from?","resource_type":"case-field","scope_key":null}}},"choice::case-field::what_locality_are_you_referring_from::north_kesteven":{"key":{"identifier":"north_kesteven","label":"North Kesteven","resource_type":"choice","scope_key":{"identifier":"what_locality_are_you_referring_from","label":"What locality are you referring from?","resource_type":"case-field","scope_key":null}}},"choice::case-field::what_locality_are_you_referring_from::south_holland":{"key":{"identifier":"south_holland","label":"South Holland","resource_type":"choice","scope_key":{"identifier":"what_locality_are_you_referring_from","label":"What locality are you referring from?","resource_type":"case-field","scope_key":null}}},"choice::case-field::what_locality_are_you_referring_from::south_kevesten":{"key":{"identifier":"south_kevesten","label":"South Kevesten","resource_type":"choice","scope_key":{"identifier":"what_locality_are_you_referring_from","label":"What locality are you referring from?","resource_type":"case-field","scope_key":null}}},"choice::case-field::what_locality_are_you_referring_from::west_lindsey":{"key":{"identifier":"west_lindsey","label":"West Lindsey","resource_type":"choice","scope_key":{"identifier":"what_locality_are_you_referring_from","label":"What locality are you referring from?","resource_type":"case-field","scope_key":null}}},"case-field::what_locality_are_you_referring_from":{"allowed_privilege_level_keys":[],"allowed_to_all_privilege_levels":true,"encrypted":false,"redactable":false,"key":{"identifier":"what_locality_are_you_referring_from","label":"What locality are you referring from?","resource_type":"case-field","scope_key":null},"position":0,"choice_keys":{"choice::case-field::what_locality_are_you_referring_from::boston":{"identifier":"boston","label":"Boston","resource_type":"choice","scope_key":{"identifier":"what_locality_are_you_referring_from","label":"What locality are you referring from?","resource_type":"case-field","scope_key":null}},"choice::case-field::what_locality_are_you_referring_from::east_lindsay":{"identifier":"east_lindsay","label":"East Lindsay","resource_type":"choice","scope_key":{"identifier":"what_locality_are_you_referring_from","label":"What locality are you referring from?","resource_type":"case-field","scope_key":null}},"choice::case-field::what_locality_are_you_referring_from::lincoln":{"identifier":"lincoln","label":"Lincoln","resource_type":"choice","scope_key":{"identifier":"what_locality_are_you_referring_from","label":"What locality are you referring from?","resource_type":"case-field","scope_key":null}},"choice::case-field::what_locality_are_you_referring_from::north_kesteven":{"identifier":"north_kesteven","label":"North Kesteven","resource_type":"choice","scope_key":{"identifier":"what_locality_are_you_referring_from","label":"What locality are you referring from?","resource_type":"case-field","scope_key":null}},"choice::case-field::what_locality_are_you_referring_from::south_holland":{"identifier":"south_holland","label":"South Holland","resource_type":"choice","scope_key":{"identifier":"what_locality_are_you_referring_from","label":"What locality are you referring from?","resource_type":"case-field","scope_key":null}},"choice::case-field::what_locality_are_you_referring_from::south_kevesten":{"identifier":"south_kevesten","label":"South Kevesten","resource_type":"choice","scope_key":{"identifier":"what_locality_are_you_referring_from","label":"What locality are you referring from?","resource_type":"case-field","scope_key":null}},"choice::case-field::what_locality_are_you_referring_from::west_lindsey":{"identifier":"west_lindsey","label":"West Lindsey","resource_type":"choice","scope_key":{"identifier":"what_locality_are_you_referring_from","label":"What locality are you referring from?","resource_type":"case-field","scope_key":null}}},"default_choice_keys":{"choice::case-field::what_locality_are_you_referring_from::lincoln":{"identifier":"lincoln","label":"Lincoln","resource_type":"choice","scope_key":{"identifier":"what_locality_are_you_referring_from","label":"What locality are you referring from?","resource_type":"case-field","scope_key":null}}},"expanded":false,"multiple":false,"type":"choice"},"case-field::name_of_organisation":{"allowed_privilege_level_keys":[],"allowed_to_all_privilege_levels":true,"encrypted":false,"redactable":false,"key":{"identifier":"name_of_organisation","label":"Name of organisation","resource_type":"case-field","scope_key":null},"position":0,"type":"text"},"case-field::job_role_at_organisation":{"allowed_privilege_level_keys":[],"allowed_to_all_privilege_levels":true,"encrypted":false,"redactable":false,"key":{"identifier":"job_role_at_organisation","label":"Job role at organisation","resource_type":"case-field","scope_key":null},"position":0,"type":"text"},"case-field::reason_for_referral":{"allowed_privilege_level_keys":[],"allowed_to_all_privilege_levels":true,"encrypted":true,"redactable":true,"key":{"identifier":"reason_for_referral","label":"Reason for referral","resource_type":"case-field","scope_key":null},"position":0,"type":"textarea"},"case-field::exit_strategy":{"allowed_privilege_level_keys":[],"allowed_to_all_privilege_levels":true,"encrypted":true,"redactable":true,"key":{"identifier":"exit_strategy","label":"Exit strategy","resource_type":"case-field","scope_key":null},"position":0,"type":"textarea"},"case-field::name_of_provider":{"allowed_privilege_level_keys":[],"allowed_to_all_privilege_levels":true,"encrypted":false,"redactable":false,"key":{"identifier":"name_of_provider","label":"Name of provider","resource_type":"case-field","scope_key":null},"position":0,"type":"text"},"case-field::address_of_provider":{"allowed_privilege_level_keys":[],"allowed_to_all_privilege_levels":true,"encrypted":false,"redactable":false,"key":{"identifier":"address_of_provider","label":"Address of provider","resource_type":"case-field","scope_key":null},"position":0,"type":"textarea"},"choice::case-field::have_you_already_contacted_the_provider::yes":{"key":{"identifier":"yes","label":"Yes","resource_type":"choice","scope_key":{"identifier":"have_you_already_contacted_the_provider","label":"Have you already contacted the provider?","resource_type":"case-field","scope_key":null}}},"choice::case-field::have_you_already_contacted_the_provider::no":{"key":{"identifier":"no","label":"No","resource_type":"choice","scope_key":{"identifier":"have_you_already_contacted_the_provider","label":"Have you already contacted the provider?","resource_type":"case-field","scope_key":null}}},"case-field::have_you_already_contacted_the_provider":{"allowed_privilege_level_keys":[],"allowed_to_all_privilege_levels":true,"encrypted":false,"redactable":false,"key":{"identifier":"have_you_already_contacted_the_provider","label":"Have you already contacted the provider?","resource_type":"case-field","scope_key":null},"position":0,"choice_keys":{"choice::case-field::have_you_already_contacted_the_provider::yes":{"identifier":"yes","label":"Yes","resource_type":"choice","scope_key":{"identifier":"have_you_already_contacted_the_provider","label":"Have you already contacted the provider?","resource_type":"case-field","scope_key":null}},"choice::case-field::have_you_already_contacted_the_provider::no":{"identifier":"no","label":"No","resource_type":"choice","scope_key":{"identifier":"have_you_already_contacted_the_provider","label":"Have you already contacted the provider?","resource_type":"case-field","scope_key":null}}},"default_choice_keys":[],"expanded":false,"multiple":false,"type":"choice"},"choice::case-field::is_the_child_accessing_their_eye_funded_place_with_an_early_years_provider::yes":{"key":{"identifier":"yes","label":"Yes","resource_type":"choice","scope_key":{"identifier":"is_the_child_accessing_their_eye_funded_place_with_an_early_years_provider","label":"Is the child accessing their EYE funded place with an early years provider","resource_type":"case-field","scope_key":null}}},"choice::case-field::is_the_child_accessing_their_eye_funded_place_with_an_early_years_provider::no":{"key":{"identifier":"no","label":"No","resource_type":"choice","scope_key":{"identifier":"is_the_child_accessing_their_eye_funded_place_with_an_early_years_provider","label":"Is the child accessing their EYE funded place with an early years provider","resource_type":"case-field","scope_key":null}}},"case-field::is_the_child_accessing_their_eye_funded_place_with_an_early_years_provider":{"allowed_privilege_level_keys":[],"allowed_to_all_privilege_levels":true,"encrypted":false,"redactable":false,"key":{"identifier":"is_the_child_accessing_their_eye_funded_place_with_an_early_years_provider","label":"Is the child accessing their EYE funded place with an early years provider","resource_type":"case-field","scope_key":null},"position":0,"choice_keys":{"choice::case-field::is_the_child_accessing_their_eye_funded_place_with_an_early_years_provider::yes":{"identifier":"yes","label":"Yes","resource_type":"choice","scope_key":{"identifier":"is_the_child_accessing_their_eye_funded_place_with_an_early_years_provider","label":"Is the child accessing their EYE funded place with an early years provider","resource_type":"case-field","scope_key":null}},"choice::case-field::is_the_child_accessing_their_eye_funded_place_with_an_early_years_provider::no":{"identifier":"no","label":"No","resource_type":"choice","scope_key":{"identifier":"is_the_child_accessing_their_eye_funded_place_with_an_early_years_provider","label":"Is the child accessing their EYE funded place with an early years provider","resource_type":"case-field","scope_key":null}}},"default_choice_keys":[],"expanded":false,"multiple":false,"type":"choice"},"case-field::how_many_weeks_does_the_placement_need_to_be":{"allowed_privilege_level_keys":[],"allowed_to_all_privilege_levels":true,"encrypted":false,"redactable":false,"key":{"identifier":"how_many_weeks_does_the_placement_need_to_be","label":"How many weeks does the placement need to be?","resource_type":"case-field","scope_key":null},"position":0,"type":"text"},"case-field::total_hours_required_per_week":{"allowed_privilege_level_keys":[],"allowed_to_all_privilege_levels":true,"encrypted":false,"redactable":false,"key":{"identifier":"total_hours_required_per_week","label":"Total hours required per week","resource_type":"case-field","scope_key":null},"position":0,"type":"text"},"choice::case-field::do_these_hours_need_to_be_on_certain_days_times::yes":{"key":{"identifier":"yes","label":"Yes","resource_type":"choice","scope_key":{"identifier":"do_these_hours_need_to_be_on_certain_days_times","label":"Do these hours need to be on certain days\/ times?","resource_type":"case-field","scope_key":null}}},"choice::case-field::do_these_hours_need_to_be_on_certain_days_times::no":{"key":{"identifier":"no","label":"No","resource_type":"choice","scope_key":{"identifier":"do_these_hours_need_to_be_on_certain_days_times","label":"Do these hours need to be on certain days\/ times?","resource_type":"case-field","scope_key":null}}},"case-field::do_these_hours_need_to_be_on_certain_days_times":{"allowed_privilege_level_keys":[],"allowed_to_all_privilege_levels":true,"encrypted":false,"redactable":false,"key":{"identifier":"do_these_hours_need_to_be_on_certain_days_times","label":"Do these hours need to be on certain days\/ times?","resource_type":"case-field","scope_key":null},"position":0,"choice_keys":{"choice::case-field::do_these_hours_need_to_be_on_certain_days_times::yes":{"identifier":"yes","label":"Yes","resource_type":"choice","scope_key":{"identifier":"do_these_hours_need_to_be_on_certain_days_times","label":"Do these hours need to be on certain days\/ times?","resource_type":"case-field","scope_key":null}},"choice::case-field::do_these_hours_need_to_be_on_certain_days_times::no":{"identifier":"no","label":"No","resource_type":"choice","scope_key":{"identifier":"do_these_hours_need_to_be_on_certain_days_times","label":"Do these hours need to be on certain days\/ times?","resource_type":"case-field","scope_key":null}}},"default_choice_keys":[],"expanded":false,"multiple":false,"type":"choice"},"choice::case-field::desired_times::monday_am":{"key":{"identifier":"monday_am","label":"Monday am","resource_type":"choice","scope_key":{"identifier":"desired_times","label":"Desired times","resource_type":"case-field","scope_key":null}}},"choice::case-field::desired_times::monday_pm":{"key":{"identifier":"monday_pm","label":"Monday pm","resource_type":"choice","scope_key":{"identifier":"desired_times","label":"Desired times","resource_type":"case-field","scope_key":null}}},"choice::case-field::desired_times::tuesday_am":{"key":{"identifier":"tuesday_am","label":"Tuesday am","resource_type":"choice","scope_key":{"identifier":"desired_times","label":"Desired times","resource_type":"case-field","scope_key":null}}},"choice::case-field::desired_times::tuesday_pm":{"key":{"identifier":"tuesday_pm","label":"Tuesday pm","resource_type":"choice","scope_key":{"identifier":"desired_times","label":"Desired times","resource_type":"case-field","scope_key":null}}},"choice::case-field::desired_times::wednesday_am":{"key":{"identifier":"wednesday_am","label":"Wednesday am","resource_type":"choice","scope_key":{"identifier":"desired_times","label":"Desired times","resource_type":"case-field","scope_key":null}}},"choice::case-field::desired_times::wednesday_pm":{"key":{"identifier":"wednesday_pm","label":"Wednesday pm","resource_type":"choice","scope_key":{"identifier":"desired_times","label":"Desired times","resource_type":"case-field","scope_key":null}}},"choice::case-field::desired_times::thursday_am":{"key":{"identifier":"thursday_am","label":"Thursday am","resource_type":"choice","scope_key":{"identifier":"desired_times","label":"Desired times","resource_type":"case-field","scope_key":null}}},"choice::case-field::desired_times::thursday_pm":{"key":{"identifier":"thursday_pm","label":"Thursday pm","resource_type":"choice","scope_key":{"identifier":"desired_times","label":"Desired times","resource_type":"case-field","scope_key":null}}},"choice::case-field::desired_times::friday_am":{"key":{"identifier":"friday_am","label":"Friday am","resource_type":"choice","scope_key":{"identifier":"desired_times","label":"Desired times","resource_type":"case-field","scope_key":null}}},"choice::case-field::desired_times::friday_pm":{"key":{"identifier":"friday_pm","label":"Friday pm","resource_type":"choice","scope_key":{"identifier":"desired_times","label":"Desired times","resource_type":"case-field","scope_key":null}}},"case-field::desired_times":{"allowed_privilege_level_keys":[],"allowed_to_all_privilege_levels":true,"encrypted":false,"redactable":false,"key":{"identifier":"desired_times","label":"Desired times","resource_type":"case-field","scope_key":null},"position":0,"choice_keys":{"choice::case-field::desired_times::monday_am":{"identifier":"monday_am","label":"Monday am","resource_type":"choice","scope_key":{"identifier":"desired_times","label":"Desired times","resource_type":"case-field","scope_key":null}},"choice::case-field::desired_times::monday_pm":{"identifier":"monday_pm","label":"Monday pm","resource_type":"choice","scope_key":{"identifier":"desired_times","label":"Desired times","resource_type":"case-field","scope_key":null}},"choice::case-field::desired_times::tuesday_am":{"identifier":"tuesday_am","label":"Tuesday am","resource_type":"choice","scope_key":{"identifier":"desired_times","label":"Desired times","resource_type":"case-field","scope_key":null}},"choice::case-field::desired_times::tuesday_pm":{"identifier":"tuesday_pm","label":"Tuesday pm","resource_type":"choice","scope_key":{"identifier":"desired_times","label":"Desired times","resource_type":"case-field","scope_key":null}},"choice::case-field::desired_times::wednesday_am":{"identifier":"wednesday_am","label":"Wednesday am","resource_type":"choice","scope_key":{"identifier":"desired_times","label":"Desired times","resource_type":"case-field","scope_key":null}},"choice::case-field::desired_times::wednesday_pm":{"identifier":"wednesday_pm","label":"Wednesday pm","resource_type":"choice","scope_key":{"identifier":"desired_times","label":"Desired times","resource_type":"case-field","scope_key":null}},"choice::case-field::desired_times::thursday_am":{"identifier":"thursday_am","label":"Thursday am","resource_type":"choice","scope_key":{"identifier":"desired_times","label":"Desired times","resource_type":"case-field","scope_key":null}},"choice::case-field::desired_times::thursday_pm":{"identifier":"thursday_pm","label":"Thursday pm","resource_type":"choice","scope_key":{"identifier":"desired_times","label":"Desired times","resource_type":"case-field","scope_key":null}},"choice::case-field::desired_times::friday_am":{"identifier":"friday_am","label":"Friday am","resource_type":"choice","scope_key":{"identifier":"desired_times","label":"Desired times","resource_type":"case-field","scope_key":null}},"choice::case-field::desired_times::friday_pm":{"identifier":"friday_pm","label":"Friday pm","resource_type":"choice","scope_key":{"identifier":"desired_times","label":"Desired times","resource_type":"case-field","scope_key":null}}},"default_choice_keys":[],"expanded":true,"multiple":true,"type":"choice"},"case-field::start_date":{"allowed_privilege_level_keys":[],"allowed_to_all_privilege_levels":true,"encrypted":false,"redactable":false,"key":{"identifier":"start_date","label":"Start date","resource_type":"case-field","scope_key":null},"position":0,"type":"date"},"choice::case-field::required_to_cover_holiday_periods::yes":{"key":{"identifier":"yes","label":"Yes","resource_type":"choice","scope_key":{"identifier":"required_to_cover_holiday_periods","label":"Required to cover holiday periods?","resource_type":"case-field","scope_key":null}}},"choice::case-field::required_to_cover_holiday_periods::no":{"key":{"identifier":"no","label":"No","resource_type":"choice","scope_key":{"identifier":"required_to_cover_holiday_periods","label":"Required to cover holiday periods?","resource_type":"case-field","scope_key":null}}},"case-field::required_to_cover_holiday_periods":{"allowed_privilege_level_keys":[],"allowed_to_all_privilege_levels":true,"encrypted":false,"redactable":false,"key":{"identifier":"required_to_cover_holiday_periods","label":"Required to cover holiday periods?","resource_type":"case-field","scope_key":null},"position":0,"choice_keys":{"choice::case-field::required_to_cover_holiday_periods::yes":{"identifier":"yes","label":"Yes","resource_type":"choice","scope_key":{"identifier":"required_to_cover_holiday_periods","label":"Required to cover holiday periods?","resource_type":"case-field","scope_key":null}},"choice::case-field::required_to_cover_holiday_periods::no":{"identifier":"no","label":"No","resource_type":"choice","scope_key":{"identifier":"required_to_cover_holiday_periods","label":"Required to cover holiday periods?","resource_type":"case-field","scope_key":null}}},"default_choice_keys":[],"expanded":false,"multiple":false,"type":"choice"},"choice::case-field::meals_required::yes":{"key":{"identifier":"yes","label":"Yes","resource_type":"choice","scope_key":{"identifier":"meals_required","label":"Meals required?","resource_type":"case-field","scope_key":null}}},"choice::case-field::meals_required::no":{"key":{"identifier":"no","label":"No","resource_type":"choice","scope_key":{"identifier":"meals_required","label":"Meals required?","resource_type":"case-field","scope_key":null}}},"case-field::meals_required":{"allowed_privilege_level_keys":[],"allowed_to_all_privilege_levels":true,"encrypted":false,"redactable":false,"key":{"identifier":"meals_required","label":"Meals required?","resource_type":"case-field","scope_key":null},"position":0,"choice_keys":{"choice::case-field::meals_required::yes":{"identifier":"yes","label":"Yes","resource_type":"choice","scope_key":{"identifier":"meals_required","label":"Meals required?","resource_type":"case-field","scope_key":null}},"choice::case-field::meals_required::no":{"identifier":"no","label":"No","resource_type":"choice","scope_key":{"identifier":"meals_required","label":"Meals required?","resource_type":"case-field","scope_key":null}}},"default_choice_keys":[],"expanded":false,"multiple":false,"type":"choice"},"case-form::case-type::supported-childcare-funding::new-supported-childcare-funding":{"external_redirects":[],"fields":[{"key":{"identifier":"new-referral-or-continuation-of-placement","label":"New referral or continuation of placement?","resource_type":"case-form-field","scope_key":{"identifier":"new-supported-childcare-funding","label":"Referral for Supported Childcare Funding","resource_type":"case-form","scope_key":{"identifier":"supported-childcare-funding","label":"Supported childcare funding referral","resource_type":"case-type","scope_key":null}}},"position":0,"requirement":{"key":{"identifier":"165450","label":"Expression 165450","resource_type":"expression","scope_key":null},"type":"false_expression"},"visibility":null,"field_key":{"identifier":"new_referral_or_continuation_of_placement","label":"New referral or continuation of placement?","resource_type":"case-field","scope_key":null},"type":"case_field"},{"key":{"identifier":"first-name-child","label":"First Name - Child","resource_type":"case-form-field","scope_key":{"identifier":"new-supported-childcare-funding","label":"Referral for Supported Childcare Funding","resource_type":"case-form","scope_key":{"identifier":"supported-childcare-funding","label":"Supported childcare funding referral","resource_type":"case-type","scope_key":null}}},"position":1,"requirement":{"key":{"identifier":"165451","label":"Expression 165451","resource_type":"expression","scope_key":null},"type":"false_expression"},"visibility":null,"field_key":{"identifier":"first_name_child","label":"First Name - Child","resource_type":"case-field","scope_key":null},"type":"case_field"},{"key":{"identifier":"last-name-child","label":"Last name - Child","resource_type":"case-form-field","scope_key":{"identifier":"new-supported-childcare-funding","label":"Referral for Supported Childcare Funding","resource_type":"case-form","scope_key":{"identifier":"supported-childcare-funding","label":"Supported childcare funding referral","resource_type":"case-type","scope_key":null}}},"position":2,"requirement":{"key":{"identifier":"165452","label":"Expression 165452","resource_type":"expression","scope_key":null},"type":"false_expression"},"visibility":null,"field_key":{"identifier":"last_name_child","label":"Last name - Child","resource_type":"case-field","scope_key":null},"type":"case_field"},{"key":{"identifier":"date-of-birth","label":"Date of Birth","resource_type":"case-form-field","scope_key":{"identifier":"new-supported-childcare-funding","label":"Referral for Supported Childcare Funding","resource_type":"case-form","scope_key":{"identifier":"supported-childcare-funding","label":"Supported childcare funding referral","resource_type":"case-type","scope_key":null}}},"position":3,"requirement":{"key":{"identifier":"165453","label":"Expression 165453","resource_type":"expression","scope_key":null},"type":"false_expression"},"visibility":null,"field_key":{"identifier":"date_of_birth","label":"Date of Birth","resource_type":"case-field","scope_key":null},"type":"case_field"},{"key":{"identifier":"gender","label":"Gender","resource_type":"case-form-field","scope_key":{"identifier":"new-supported-childcare-funding","label":"Referral for Supported Childcare Funding","resource_type":"case-form","scope_key":{"identifier":"supported-childcare-funding","label":"Supported childcare funding referral","resource_type":"case-type","scope_key":null}}},"position":4,"requirement":{"key":{"identifier":"165454","label":"Expression 165454","resource_type":"expression","scope_key":null},"type":"false_expression"},"visibility":null,"field_key":{"identifier":"gender","label":"Gender","resource_type":"case-field","scope_key":null},"type":"case_field"},{"key":{"identifier":"address","label":"Address","resource_type":"case-form-field","scope_key":{"identifier":"new-supported-childcare-funding","label":"Referral for Supported Childcare Funding","resource_type":"case-form","scope_key":{"identifier":"supported-childcare-funding","label":"Supported childcare funding referral","resource_type":"case-type","scope_key":null}}},"position":5,"requirement":{"key":{"identifier":"165455","label":"Expression 165455","resource_type":"expression","scope_key":null},"type":"false_expression"},"visibility":null,"field_key":{"identifier":"address","label":"Address 1","resource_type":"case-field","scope_key":null},"type":"case_field"},{"key":{"identifier":"what-level-is-the-child-at","label":"What level is the child at?","resource_type":"case-form-field","scope_key":{"identifier":"new-supported-childcare-funding","label":"Referral for Supported Childcare Funding","resource_type":"case-form","scope_key":{"identifier":"supported-childcare-funding","label":"Supported childcare funding referral","resource_type":"case-type","scope_key":null}}},"position":6,"requirement":{"key":{"identifier":"165456","label":"Expression 165456","resource_type":"expression","scope_key":null},"type":"false_expression"},"visibility":null,"field_key":{"identifier":"what_level_is_the_child_at","label":"What level is the child at?","resource_type":"case-field","scope_key":null},"type":"case_field"},{"key":{"identifier":"mosaic-number","label":"Mosaic Number","resource_type":"case-form-field","scope_key":{"identifier":"new-supported-childcare-funding","label":"Referral for Supported Childcare Funding","resource_type":"case-form","scope_key":{"identifier":"supported-childcare-funding","label":"Supported childcare funding referral","resource_type":"case-type","scope_key":null}}},"position":7,"requirement":{"key":{"identifier":"165457","label":"Expression 165457","resource_type":"expression","scope_key":null},"type":"false_expression"},"visibility":null,"field_key":{"identifier":"mosaic_number","label":"Mosaic Number","resource_type":"case-field","scope_key":null},"type":"case_field"},{"key":{"identifier":"first-name-principal-carer-person-with-parental-responsibility","label":"First name - Principal Carer\/ Person with Parental Responsibility","resource_type":"case-form-field","scope_key":{"identifier":"new-supported-childcare-funding","label":"Referral for Supported Childcare Funding","resource_type":"case-form","scope_key":{"identifier":"supported-childcare-funding","label":"Supported childcare funding referral","resource_type":"case-type","scope_key":null}}},"position":8,"requirement":{"key":{"identifier":"165458","label":"Expression 165458","resource_type":"expression","scope_key":null},"type":"false_expression"},"visibility":null,"field_key":{"identifier":"first_name_principal_carer_person_with_parental_responsibility","label":"First name - Principal Carer\/ Person with Parental Responsibility","resource_type":"case-field","scope_key":null},"type":"case_field"},{"key":{"identifier":"last-name-principal-carer-person-with-parental-responsibility","label":"Last name - Principal Carer\/ Person with Parental Responsibility","resource_type":"case-form-field","scope_key":{"identifier":"new-supported-childcare-funding","label":"Referral for Supported Childcare Funding","resource_type":"case-form","scope_key":{"identifier":"supported-childcare-funding","label":"Supported childcare funding referral","resource_type":"case-type","scope_key":null}}},"position":9,"requirement":{"key":{"identifier":"165459","label":"Expression 165459","resource_type":"expression","scope_key":null},"type":"false_expression"},"visibility":null,"field_key":{"identifier":"last_name_principal_carer_person_with_parental_responsibility","label":"Last name - Principal Carer\/ Person with Parental Responsibility","resource_type":"case-field","scope_key":null},"type":"case_field"},{"key":{"identifier":"telephone-principal-carer-person-with-parental-responsibility","label":"Telephone - Principal Carer\/ Person with Parental Responsibility","resource_type":"case-form-field","scope_key":{"identifier":"new-supported-childcare-funding","label":"Referral for Supported Childcare Funding","resource_type":"case-form","scope_key":{"identifier":"supported-childcare-funding","label":"Supported childcare funding referral","resource_type":"case-type","scope_key":null}}},"position":10,"requirement":{"key":{"identifier":"165460","label":"Expression 165460","resource_type":"expression","scope_key":null},"type":"false_expression"},"visibility":null,"field_key":{"identifier":"telephone_principal_carer_person_with_parental_responsibility","label":"Telephone - Principal Carer\/ Person with Parental Responsibility","resource_type":"case-field","scope_key":null},"type":"case_field"},{"key":{"identifier":"relationship-to-child","label":"Relationship to child","resource_type":"case-form-field","scope_key":{"identifier":"new-supported-childcare-funding","label":"Referral for Supported Childcare Funding","resource_type":"case-form","scope_key":{"identifier":"supported-childcare-funding","label":"Supported childcare funding referral","resource_type":"case-type","scope_key":null}}},"position":11,"requirement":{"key":{"identifier":"165461","label":"Expression 165461","resource_type":"expression","scope_key":null},"type":"false_expression"},"visibility":null,"field_key":{"identifier":"relationship_to_child","label":"Relationship to child","resource_type":"case-field","scope_key":null},"type":"case_field"},{"key":{"identifier":"first-name-2nd-principal-carer-person-with-parental-responsibility","label":"First name - 2nd Principal Carer\/ Person with Parental Responsibility","resource_type":"case-form-field","scope_key":{"identifier":"new-supported-childcare-funding","label":"Referral for Supported Childcare Funding","resource_type":"case-form","scope_key":{"identifier":"supported-childcare-funding","label":"Supported childcare funding referral","resource_type":"case-type","scope_key":null}}},"position":12,"requirement":{"key":{"identifier":"165462","label":"Expression 165462","resource_type":"expression","scope_key":null},"type":"false_expression"},"visibility":null,"field_key":{"identifier":"first_name_2nd_principal_carer_person_with_parental_responsibility","label":"First name - 2nd Principal Carer\/ Person with Parental Responsibility","resource_type":"case-field","scope_key":null},"type":"case_field"},{"key":{"identifier":"last-name-2nd-principal-carer-person-with-parental-responsibility","label":"Last name - 2nd Principal Carer\/ Person with Parental Responsibility","resource_type":"case-form-field","scope_key":{"identifier":"new-supported-childcare-funding","label":"Referral for Supported Childcare Funding","resource_type":"case-form","scope_key":{"identifier":"supported-childcare-funding","label":"Supported childcare funding referral","resource_type":"case-type","scope_key":null}}},"position":13,"requirement":{"key":{"identifier":"165463","label":"Expression 165463","resource_type":"expression","scope_key":null},"type":"false_expression"},"visibility":null,"field_key":{"identifier":"last_name_2nd_principal_carer_person_with_parental_responsibility","label":"Last name - 2nd Principal Carer\/ Person with Parental Responsibility","resource_type":"case-field","scope_key":null},"type":"case_field"},{"key":{"identifier":"telephone-principal-carer-person-with-parental-responsibility-1","label":"Telephone - Principal Carer\/ Person with Parental Responsibility","resource_type":"case-form-field","scope_key":{"identifier":"new-supported-childcare-funding","label":"Referral for Supported Childcare Funding","resource_type":"case-form","scope_key":{"identifier":"supported-childcare-funding","label":"Supported childcare funding referral","resource_type":"case-type","scope_key":null}}},"position":14,"requirement":{"key":{"identifier":"165464","label":"Expression 165464","resource_type":"expression","scope_key":null},"type":"false_expression"},"visibility":null,"field_key":{"identifier":"telephone_principal_carer_person_with_parental_responsibility_1","label":"Telephone - Principal Carer\/ Person with Parental Responsibility","resource_type":"case-field","scope_key":null},"type":"case_field"},{"key":{"identifier":"relationship-to-child-1","label":"Relationship to child","resource_type":"case-form-field","scope_key":{"identifier":"new-supported-childcare-funding","label":"Referral for Supported Childcare Funding","resource_type":"case-form","scope_key":{"identifier":"supported-childcare-funding","label":"Supported childcare funding referral","resource_type":"case-type","scope_key":null}}},"position":15,"requirement":{"key":{"identifier":"165465","label":"Expression 165465","resource_type":"expression","scope_key":null},"type":"false_expression"},"visibility":null,"field_key":{"identifier":"relationship_to_child_1","label":"Relationship to child","resource_type":"case-field","scope_key":null},"type":"case_field"},{"key":{"identifier":"additional-comments","label":"Additional comments","resource_type":"case-form-field","scope_key":{"identifier":"new-supported-childcare-funding","label":"Referral for Supported Childcare Funding","resource_type":"case-form","scope_key":{"identifier":"supported-childcare-funding","label":"Supported childcare funding referral","resource_type":"case-type","scope_key":null}}},"position":16,"requirement":{"key":{"identifier":"165466","label":"Expression 165466","resource_type":"expression","scope_key":null},"type":"false_expression"},"visibility":null,"field_key":{"identifier":"additional_comments","label":"Additional comments","resource_type":"case-field","scope_key":null},"type":"case_field"},{"key":{"identifier":"first-name-referrer","label":"First name - Referrer","resource_type":"case-form-field","scope_key":{"identifier":"new-supported-childcare-funding","label":"Referral for Supported Childcare Funding","resource_type":"case-form","scope_key":{"identifier":"supported-childcare-funding","label":"Supported childcare funding referral","resource_type":"case-type","scope_key":null}}},"position":17,"requirement":{"key":{"identifier":"165467","label":"Expression 165467","resource_type":"expression","scope_key":null},"type":"false_expression"},"visibility":null,"field_key":{"identifier":"first_name_referrer","label":"First name - Referrer","resource_type":"case-field","scope_key":null},"type":"case_field"},{"key":{"identifier":"last-name-referrer","label":"Last name - Referrer","resource_type":"case-form-field","scope_key":{"identifier":"new-supported-childcare-funding","label":"Referral for Supported Childcare Funding","resource_type":"case-form","scope_key":{"identifier":"supported-childcare-funding","label":"Supported childcare funding referral","resource_type":"case-type","scope_key":null}}},"position":18,"requirement":{"key":{"identifier":"165468","label":"Expression 165468","resource_type":"expression","scope_key":null},"type":"false_expression"},"visibility":null,"field_key":{"identifier":"last_name_referrer","label":"Last name - Referrer","resource_type":"case-field","scope_key":null},"type":"case_field"},{"key":{"identifier":"referrer-email","label":"Referrer Email","resource_type":"case-form-field","scope_key":{"identifier":"new-supported-childcare-funding","label":"Referral for Supported Childcare Funding","resource_type":"case-form","scope_key":{"identifier":"supported-childcare-funding","label":"Supported childcare funding referral","resource_type":"case-type","scope_key":null}}},"position":19,"requirement":{"key":{"identifier":"165469","label":"Expression 165469","resource_type":"expression","scope_key":null},"type":"false_expression"},"visibility":null,"field_key":{"identifier":"referrer_email","label":"Referrer Email","resource_type":"case-field","scope_key":null},"type":"case_field"},{"key":{"identifier":"telephone-referrer","label":"Telephone - Referrer","resource_type":"case-form-field","scope_key":{"identifier":"new-supported-childcare-funding","label":"Referral for Supported Childcare Funding","resource_type":"case-form","scope_key":{"identifier":"supported-childcare-funding","label":"Supported childcare funding referral","resource_type":"case-type","scope_key":null}}},"position":20,"requirement":{"key":{"identifier":"165470","label":"Expression 165470","resource_type":"expression","scope_key":null},"type":"false_expression"},"visibility":null,"field_key":{"identifier":"telephone_referrer","label":"Telephone - Referrer","resource_type":"case-field","scope_key":null},"type":"case_field"},{"key":{"identifier":"what-locality-are-you-referring-from","label":"What locality are you referring from?","resource_type":"case-form-field","scope_key":{"identifier":"new-supported-childcare-funding","label":"Referral for Supported Childcare Funding","resource_type":"case-form","scope_key":{"identifier":"supported-childcare-funding","label":"Supported childcare funding referral","resource_type":"case-type","scope_key":null}}},"position":21,"requirement":{"key":{"identifier":"165471","label":"Expression 165471","resource_type":"expression","scope_key":null},"type":"false_expression"},"visibility":null,"field_key":{"identifier":"what_locality_are_you_referring_from","label":"What locality are you referring from?","resource_type":"case-field","scope_key":null},"type":"case_field"},{"key":{"identifier":"name-of-organisation","label":"Name of organisation","resource_type":"case-form-field","scope_key":{"identifier":"new-supported-childcare-funding","label":"Referral for Supported Childcare Funding","resource_type":"case-form","scope_key":{"identifier":"supported-childcare-funding","label":"Supported childcare funding referral","resource_type":"case-type","scope_key":null}}},"position":22,"requirement":{"key":{"identifier":"165472","label":"Expression 165472","resource_type":"expression","scope_key":null},"type":"false_expression"},"visibility":null,"field_key":{"identifier":"name_of_organisation","label":"Name of organisation","resource_type":"case-field","scope_key":null},"type":"case_field"},{"key":{"identifier":"job-role-at-organisation","label":"Job role at organisation","resource_type":"case-form-field","scope_key":{"identifier":"new-supported-childcare-funding","label":"Referral for Supported Childcare Funding","resource_type":"case-form","scope_key":{"identifier":"supported-childcare-funding","label":"Supported childcare funding referral","resource_type":"case-type","scope_key":null}}},"position":23,"requirement":{"key":{"identifier":"165473","label":"Expression 165473","resource_type":"expression","scope_key":null},"type":"false_expression"},"visibility":null,"field_key":{"identifier":"job_role_at_organisation","label":"Job role at organisation","resource_type":"case-field","scope_key":null},"type":"case_field"},{"key":{"identifier":"reason-for-referral","label":"Reason for referral","resource_type":"case-form-field","scope_key":{"identifier":"new-supported-childcare-funding","label":"Referral for Supported Childcare Funding","resource_type":"case-form","scope_key":{"identifier":"supported-childcare-funding","label":"Supported childcare funding referral","resource_type":"case-type","scope_key":null}}},"position":24,"requirement":{"key":{"identifier":"165474","label":"Expression 165474","resource_type":"expression","scope_key":null},"type":"false_expression"},"visibility":null,"field_key":{"identifier":"reason_for_referral","label":"Reason for referral","resource_type":"case-field","scope_key":null},"type":"case_field"},{"key":{"identifier":"exit-strategy","label":"Exit strategy","resource_type":"case-form-field","scope_key":{"identifier":"new-supported-childcare-funding","label":"Referral for Supported Childcare Funding","resource_type":"case-form","scope_key":{"identifier":"supported-childcare-funding","label":"Supported childcare funding referral","resource_type":"case-type","scope_key":null}}},"position":25,"requirement":{"key":{"identifier":"165475","label":"Expression 165475","resource_type":"expression","scope_key":null},"type":"false_expression"},"visibility":null,"field_key":{"identifier":"exit_strategy","label":"Exit strategy","resource_type":"case-field","scope_key":null},"type":"case_field"},{"key":{"identifier":"name-of-provider","label":"Name of provider","resource_type":"case-form-field","scope_key":{"identifier":"new-supported-childcare-funding","label":"Referral for Supported Childcare Funding","resource_type":"case-form","scope_key":{"identifier":"supported-childcare-funding","label":"Supported childcare funding referral","resource_type":"case-type","scope_key":null}}},"position":26,"requirement":{"key":{"identifier":"165476","label":"Expression 165476","resource_type":"expression","scope_key":null},"type":"false_expression"},"visibility":null,"field_key":{"identifier":"name_of_provider","label":"Name of provider","resource_type":"case-field","scope_key":null},"type":"case_field"},{"key":{"identifier":"address-of-provider","label":"Address of provider","resource_type":"case-form-field","scope_key":{"identifier":"new-supported-childcare-funding","label":"Referral for Supported Childcare Funding","resource_type":"case-form","scope_key":{"identifier":"supported-childcare-funding","label":"Supported childcare funding referral","resource_type":"case-type","scope_key":null}}},"position":27,"requirement":{"key":{"identifier":"165477","label":"Expression 165477","resource_type":"expression","scope_key":null},"type":"false_expression"},"visibility":null,"field_key":{"identifier":"address_of_provider","label":"Address of provider","resource_type":"case-field","scope_key":null},"type":"case_field"},{"key":{"identifier":"have-you-already-contacted-the-provider","label":"Have you already contacted the provider?","resource_type":"case-form-field","scope_key":{"identifier":"new-supported-childcare-funding","label":"Referral for Supported Childcare Funding","resource_type":"case-form","scope_key":{"identifier":"supported-childcare-funding","label":"Supported childcare funding referral","resource_type":"case-type","scope_key":null}}},"position":28,"requirement":{"key":{"identifier":"165478","label":"Expression 165478","resource_type":"expression","scope_key":null},"type":"false_expression"},"visibility":null,"field_key":{"identifier":"have_you_already_contacted_the_provider","label":"Have you already contacted the provider?","resource_type":"case-field","scope_key":null},"type":"case_field"},{"key":{"identifier":"is-the-child-accessing-their-eye-funded-place-with-an-early-years-provider","label":"Is the child accessing their EYE funded place with an early years provider","resource_type":"case-form-field","scope_key":{"identifier":"new-supported-childcare-funding","label":"Referral for Supported Childcare Funding","resource_type":"case-form","scope_key":{"identifier":"supported-childcare-funding","label":"Supported childcare funding referral","resource_type":"case-type","scope_key":null}}},"position":29,"requirement":{"key":{"identifier":"165479","label":"Expression 165479","resource_type":"expression","scope_key":null},"type":"false_expression"},"visibility":null,"field_key":{"identifier":"is_the_child_accessing_their_eye_funded_place_with_an_early_years_provider","label":"Is the child accessing their EYE funded place with an early years provider","resource_type":"case-field","scope_key":null},"type":"case_field"},{"key":{"identifier":"how-many-weeks-does-the-placement-need-to-be","label":"How many weeks does the placement need to be?","resource_type":"case-form-field","scope_key":{"identifier":"new-supported-childcare-funding","label":"Referral for Supported Childcare Funding","resource_type":"case-form","scope_key":{"identifier":"supported-childcare-funding","label":"Supported childcare funding referral","resource_type":"case-type","scope_key":null}}},"position":30,"requirement":{"key":{"identifier":"165480","label":"Expression 165480","resource_type":"expression","scope_key":null},"type":"false_expression"},"visibility":null,"field_key":{"identifier":"how_many_weeks_does_the_placement_need_to_be","label":"How many weeks does the placement need to be?","resource_type":"case-field","scope_key":null},"type":"case_field"},{"key":{"identifier":"total-hours-required-per-week","label":"Total hours required per week","resource_type":"case-form-field","scope_key":{"identifier":"new-supported-childcare-funding","label":"Referral for Supported Childcare Funding","resource_type":"case-form","scope_key":{"identifier":"supported-childcare-funding","label":"Supported childcare funding referral","resource_type":"case-type","scope_key":null}}},"position":31,"requirement":{"key":{"identifier":"165481","label":"Expression 165481","resource_type":"expression","scope_key":null},"type":"false_expression"},"visibility":null,"field_key":{"identifier":"total_hours_required_per_week","label":"Total hours required per week","resource_type":"case-field","scope_key":null},"type":"case_field"},{"key":{"identifier":"do-these-hours-need-to-be-on-certain-days-times","label":"Do these hours need to be on certain days\/ times?","resource_type":"case-form-field","scope_key":{"identifier":"new-supported-childcare-funding","label":"Referral for Supported Childcare Funding","resource_type":"case-form","scope_key":{"identifier":"supported-childcare-funding","label":"Supported childcare funding referral","resource_type":"case-type","scope_key":null}}},"position":32,"requirement":{"key":{"identifier":"165482","label":"Expression 165482","resource_type":"expression","scope_key":null},"type":"false_expression"},"visibility":null,"field_key":{"identifier":"do_these_hours_need_to_be_on_certain_days_times","label":"Do these hours need to be on certain days\/ times?","resource_type":"case-field","scope_key":null},"type":"case_field"},{"key":{"identifier":"desired-times","label":"Desired times","resource_type":"case-form-field","scope_key":{"identifier":"new-supported-childcare-funding","label":"Referral for Supported Childcare Funding","resource_type":"case-form","scope_key":{"identifier":"supported-childcare-funding","label":"Supported childcare funding referral","resource_type":"case-type","scope_key":null}}},"position":33,"requirement":{"key":{"identifier":"165483","label":"Expression 165483","resource_type":"expression","scope_key":null},"type":"false_expression"},"visibility":null,"field_key":{"identifier":"desired_times","label":"Desired times","resource_type":"case-field","scope_key":null},"type":"case_field"},{"key":{"identifier":"start-date","label":"Start date","resource_type":"case-form-field","scope_key":{"identifier":"new-supported-childcare-funding","label":"Referral for Supported Childcare Funding","resource_type":"case-form","scope_key":{"identifier":"supported-childcare-funding","label":"Supported childcare funding referral","resource_type":"case-type","scope_key":null}}},"position":34,"requirement":{"key":{"identifier":"165484","label":"Expression 165484","resource_type":"expression","scope_key":null},"type":"false_expression"},"visibility":null,"field_key":{"identifier":"start_date","label":"Start date","resource_type":"case-field","scope_key":null},"type":"case_field"},{"key":{"identifier":"required-to-cover-holiday-periods","label":"Required to cover holiday periods?","resource_type":"case-form-field","scope_key":{"identifier":"new-supported-childcare-funding","label":"Referral for Supported Childcare Funding","resource_type":"case-form","scope_key":{"identifier":"supported-childcare-funding","label":"Supported childcare funding referral","resource_type":"case-type","scope_key":null}}},"position":35,"requirement":{"key":{"identifier":"165485","label":"Expression 165485","resource_type":"expression","scope_key":null},"type":"false_expression"},"visibility":null,"field_key":{"identifier":"required_to_cover_holiday_periods","label":"Required to cover holiday periods?","resource_type":"case-field","scope_key":null},"type":"case_field"},{"key":{"identifier":"meals-required","label":"Meals required?","resource_type":"case-form-field","scope_key":{"identifier":"new-supported-childcare-funding","label":"Referral for Supported Childcare Funding","resource_type":"case-form","scope_key":{"identifier":"supported-childcare-funding","label":"Supported childcare funding referral","resource_type":"case-type","scope_key":null}}},"position":36,"requirement":{"key":{"identifier":"165486","label":"Expression 165486","resource_type":"expression","scope_key":null},"type":"false_expression"},"visibility":null,"field_key":{"identifier":"meals_required","label":"Meals required?","resource_type":"case-field","scope_key":null},"type":"case_field"},{"key":{"identifier":"access-code","label":"Access Code","resource_type":"case-form-field","scope_key":{"identifier":"new-supported-childcare-funding","label":"Referral for Supported Childcare Funding","resource_type":"case-form","scope_key":{"identifier":"supported-childcare-funding","label":"Supported childcare funding referral","resource_type":"case-type","scope_key":null}}},"position":37,"requirement":{"key":{"identifier":"165487","label":"Expression 165487","resource_type":"expression","scope_key":null},"type":"false_expression"},"visibility":null,"field_key":{"identifier":"access_code","label":"Access Code","resource_type":"case-field","scope_key":null},"type":"case_field"}],"key":{"identifier":"new-supported-childcare-funding","label":"Referral for Supported Childcare Funding","resource_type":"case-form","scope_key":{"identifier":"supported-childcare-funding","label":"Supported childcare funding referral","resource_type":"case-type","scope_key":null}},"type":"create"},"case-field::further_information":{"allowed_privilege_level_keys":[],"allowed_to_all_privilege_levels":true,"encrypted":false,"redactable":false,"key":{"identifier":"further_information","label":"Further information","resource_type":"case-field","scope_key":null},"position":0,"type":"textarea"},"case-field::end_date":{"allowed_privilege_level_keys":[],"allowed_to_all_privilege_levels":true,"encrypted":false,"redactable":false,"key":{"identifier":"end_date","label":"End date","resource_type":"case-field","scope_key":null},"position":0,"type":"date"},"case-form::case-type::supported-childcare-funding::edit-supported-childcare-funding":{"external_redirects":[],"fields":[{"key":{"identifier":"further-information","label":"Further information","resource_type":"case-form-field","scope_key":{"identifier":"edit-supported-childcare-funding","label":"Edit Supported Childcare Funding","resource_type":"case-form","scope_key":{"identifier":"supported-childcare-funding","label":"Supported childcare funding referral","resource_type":"case-type","scope_key":null}}},"position":0,"requirement":{"key":{"identifier":"165488","label":"Expression 165488","resource_type":"expression","scope_key":null},"type":"false_expression"},"visibility":null,"field_key":{"identifier":"further_information","label":"Further information","resource_type":"case-field","scope_key":null},"type":"case_field"},{"key":{"identifier":"end-date","label":"End date","resource_type":"case-form-field","scope_key":{"identifier":"edit-supported-childcare-funding","label":"Edit Supported Childcare Funding","resource_type":"case-form","scope_key":{"identifier":"supported-childcare-funding","label":"Supported childcare funding referral","resource_type":"case-type","scope_key":null}}},"position":1,"requirement":{"key":{"identifier":"165489","label":"Expression 165489","resource_type":"expression","scope_key":null},"type":"false_expression"},"visibility":null,"field_key":{"identifier":"end_date","label":"End date","resource_type":"case-field","scope_key":null},"type":"case_field"}],"key":{"identifier":"edit-supported-childcare-funding","label":"Edit Supported Childcare Funding","resource_type":"case-form","scope_key":{"identifier":"supported-childcare-funding","label":"Supported childcare funding referral","resource_type":"case-type","scope_key":null}},"type":"edit"},"case-form::case-type::supported-childcare-funding::reason-for-rejection":{"external_redirects":[],"fields":[{"key":{"identifier":"what-further-information-do-you-require","label":"What further information do you require?","resource_type":"case-form-field","scope_key":{"identifier":"reason-for-rejection","label":"Request further information","resource_type":"case-form","scope_key":{"identifier":"supported-childcare-funding","label":"Supported childcare funding referral","resource_type":"case-type","scope_key":null}}},"position":0,"requirement":{"key":{"identifier":"165490","label":"Expression 165490","resource_type":"expression","scope_key":null},"type":"true_expression"},"visibility":null,"field_key":{"identifier":"what_further_information_do_you_require","label":"What further information do you require?","resource_type":"case-field","scope_key":null},"type":"case_field"}],"key":{"identifier":"reason-for-rejection","label":"Request further information","resource_type":"case-form","scope_key":{"identifier":"supported-childcare-funding","label":"Supported childcare funding referral","resource_type":"case-type","scope_key":null}},"type":"normal"},"case-form::case-type::supported-childcare-funding::reason-for-rejection-1":{"external_redirects":[],"fields":[{"key":{"identifier":"reason-for-rejection","label":"Why are you rejecting this referral?","resource_type":"case-form-field","scope_key":{"identifier":"reason-for-rejection-1","label":"Reason for rejection","resource_type":"case-form","scope_key":{"identifier":"supported-childcare-funding","label":"Supported childcare funding referral","resource_type":"case-type","scope_key":null}}},"position":0,"requirement":{"key":{"identifier":"165491","label":"Expression 165491","resource_type":"expression","scope_key":null},"type":"true_expression"},"visibility":null,"field_key":{"identifier":"reason_for_rejection","label":"Reason for rejection","resource_type":"case-field","scope_key":null},"type":"case_field"}],"key":{"identifier":"reason-for-rejection-1","label":"Reason for rejection","resource_type":"case-form","scope_key":{"identifier":"supported-childcare-funding","label":"Supported childcare funding referral","resource_type":"case-type","scope_key":null}},"type":"normal"},"privilege-level::administrator":{"key":{"identifier":"administrator","label":"Administrator","resource_type":"privilege-level","scope_key":null}},"privilege-level::advisor":{"key":{"identifier":"advisor","label":"Advisor","resource_type":"privilege-level","scope_key":null}},"privilege-level::staff-free-user":{"key":{"identifier":"staff-free-user","label":"Staff - free user","resource_type":"privilege-level","scope_key":null}},"case-transition::case-type::supported-childcare-funding::approve":{"allowed_privilege_level_keys":{"privilege-level::administrator":{"identifier":"administrator","label":"Administrator","resource_type":"privilege-level","scope_key":null},"privilege-level::advisor":{"identifier":"advisor","label":"Advisor","resource_type":"privilege-level","scope_key":null},"privilege-level::staff-free-user":{"identifier":"staff-free-user","label":"Staff - free user","resource_type":"privilege-level","scope_key":null}},"call_to_action":true,"call_to_action_style":"success","case_form_key":null,"from_status_keys":{"case-status::case-type::supported-childcare-funding::submitted":{"identifier":"submitted","label":"Submitted","resource_type":"case-status","scope_key":{"identifier":"supported-childcare-funding","label":"Supported childcare funding referral","resource_type":"case-type","scope_key":null}}},"key":{"identifier":"approve","label":"Approve","resource_type":"case-transition","scope_key":{"identifier":"supported-childcare-funding","label":"Supported childcare funding referral","resource_type":"case-type","scope_key":null}},"to_status_key":{"identifier":"in-progress","label":"In progress","resource_type":"case-status","scope_key":{"identifier":"supported-childcare-funding","label":"Supported childcare funding referral","resource_type":"case-type","scope_key":null}}},"case-transition::case-type::supported-childcare-funding::request-further-infomation":{"allowed_privilege_level_keys":{"privilege-level::administrator":{"identifier":"administrator","label":"Administrator","resource_type":"privilege-level","scope_key":null},"privilege-level::advisor":{"identifier":"advisor","label":"Advisor","resource_type":"privilege-level","scope_key":null},"privilege-level::staff-free-user":{"identifier":"staff-free-user","label":"Staff - free user","resource_type":"privilege-level","scope_key":null}},"call_to_action":true,"call_to_action_style":"warning","case_form_key":{"identifier":"reason-for-rejection","label":"Request further information","resource_type":"case-form","scope_key":{"identifier":"supported-childcare-funding","label":"Supported childcare funding referral","resource_type":"case-type","scope_key":null}},"from_status_keys":{"case-status::case-type::supported-childcare-funding::submitted":{"identifier":"submitted","label":"Submitted","resource_type":"case-status","scope_key":{"identifier":"supported-childcare-funding","label":"Supported childcare funding referral","resource_type":"case-type","scope_key":null}}},"key":{"identifier":"request-further-infomation","label":"Request further information","resource_type":"case-transition","scope_key":{"identifier":"supported-childcare-funding","label":"Supported childcare funding referral","resource_type":"case-type","scope_key":null}},"to_status_key":{"identifier":"awaiting-further-infomation","label":"Awaiting further information","resource_type":"case-status","scope_key":{"identifier":"supported-childcare-funding","label":"Supported childcare funding referral","resource_type":"case-type","scope_key":null}}},"case-transition::case-type::supported-childcare-funding::submit-further-information":{"allowed_privilege_level_keys":{"privilege-level::administrator":{"identifier":"administrator","label":"Administrator","resource_type":"privilege-level","scope_key":null},"privilege-level::advisor":{"identifier":"advisor","label":"Advisor","resource_type":"privilege-level","scope_key":null},"privilege-level::staff-free-user":{"identifier":"staff-free-user","label":"Staff - free user","resource_type":"privilege-level","scope_key":null}},"call_to_action":false,"call_to_action_style":"default","case_form_key":null,"from_status_keys":{"case-status::case-type::supported-childcare-funding::awaiting-further-infomation":{"identifier":"awaiting-further-infomation","label":"Awaiting further information","resource_type":"case-status","scope_key":{"identifier":"supported-childcare-funding","label":"Supported childcare funding referral","resource_type":"case-type","scope_key":null}}},"key":{"identifier":"submit-further-information","label":"Submit further information","resource_type":"case-transition","scope_key":{"identifier":"supported-childcare-funding","label":"Supported childcare funding referral","resource_type":"case-type","scope_key":null}},"to_status_key":{"identifier":"submitted","label":"Submitted","resource_type":"case-status","scope_key":{"identifier":"supported-childcare-funding","label":"Supported childcare funding referral","resource_type":"case-type","scope_key":null}}},"case-transition::case-type::supported-childcare-funding::placement-arranged":{"allowed_privilege_level_keys":{"privilege-level::advisor":{"identifier":"advisor","label":"Advisor","resource_type":"privilege-level","scope_key":null},"privilege-level::staff-free-user":{"identifier":"staff-free-user","label":"Staff - free user","resource_type":"privilege-level","scope_key":null}},"call_to_action":true,"call_to_action_style":"success","case_form_key":null,"from_status_keys":{"case-status::case-type::supported-childcare-funding::in-progress":{"identifier":"in-progress","label":"In progress","resource_type":"case-status","scope_key":{"identifier":"supported-childcare-funding","label":"Supported childcare funding referral","resource_type":"case-type","scope_key":null}}},"key":{"identifier":"placement-arranged","label":"Placement arranged","resource_type":"case-transition","scope_key":{"identifier":"supported-childcare-funding","label":"Supported childcare funding referral","resource_type":"case-type","scope_key":null}},"to_status_key":{"identifier":"placement-arranged","label":"Placement arranged","resource_type":"case-status","scope_key":{"identifier":"supported-childcare-funding","label":"Supported childcare funding referral","resource_type":"case-type","scope_key":null}}},"case-transition::case-type::supported-childcare-funding::close-case":{"allowed_privilege_level_keys":{"privilege-level::advisor":{"identifier":"advisor","label":"Advisor","resource_type":"privilege-level","scope_key":null},"privilege-level::staff-free-user":{"identifier":"staff-free-user","label":"Staff - free user","resource_type":"privilege-level","scope_key":null}},"call_to_action":false,"call_to_action_style":"default","case_form_key":null,"from_status_keys":{"case-status::case-type::supported-childcare-funding::placement-arranged":{"identifier":"placement-arranged","label":"Placement arranged","resource_type":"case-status","scope_key":{"identifier":"supported-childcare-funding","label":"Supported childcare funding referral","resource_type":"case-type","scope_key":null}}},"key":{"identifier":"close-case","label":"Close case","resource_type":"case-transition","scope_key":{"identifier":"supported-childcare-funding","label":"Supported childcare funding referral","resource_type":"case-type","scope_key":null}},"to_status_key":{"identifier":"closed","label":"Closed","resource_type":"case-status","scope_key":{"identifier":"supported-childcare-funding","label":"Supported childcare funding referral","resource_type":"case-type","scope_key":null}}},"case-transition::case-type::supported-childcare-funding::reject-referral":{"allowed_privilege_level_keys":{"privilege-level::administrator":{"identifier":"administrator","label":"Administrator","resource_type":"privilege-level","scope_key":null},"privilege-level::advisor":{"identifier":"advisor","label":"Advisor","resource_type":"privilege-level","scope_key":null},"privilege-level::staff-free-user":{"identifier":"staff-free-user","label":"Staff - free user","resource_type":"privilege-level","scope_key":null}},"call_to_action":true,"call_to_action_style":"danger","case_form_key":{"identifier":"reason-for-rejection-1","label":"Reason for rejection","resource_type":"case-form","scope_key":{"identifier":"supported-childcare-funding","label":"Supported childcare funding referral","resource_type":"case-type","scope_key":null}},"from_status_keys":{"case-status::case-type::supported-childcare-funding::submitted":{"identifier":"submitted","label":"Submitted","resource_type":"case-status","scope_key":{"identifier":"supported-childcare-funding","label":"Supported childcare funding referral","resource_type":"case-type","scope_key":null}}},"key":{"identifier":"reject-referral","label":"Reject referral","resource_type":"case-transition","scope_key":{"identifier":"supported-childcare-funding","label":"Supported childcare funding referral","resource_type":"case-type","scope_key":null}},"to_status_key":{"identifier":"rejected","label":"Rejected","resource_type":"case-status","scope_key":{"identifier":"supported-childcare-funding","label":"Supported childcare funding referral","resource_type":"case-type","scope_key":null}}},"user-group::childrens-services-locality-lead":{"key":{"identifier":"childrens-services-locality-lead","label":"Children's Services Locality Lead","resource_type":"user-group","scope_key":null}},"rule::case-type::supported-childcare-funding::19290":{"actions":[{"key":{"identifier":"69678","label":"Action 69678","resource_type":"action","scope_key":null},"position":1,"user_group_key":{"identifier":"childrens-services-locality-lead","label":"Children's Services Locality Lead","resource_type":"user-group","scope_key":null},"type":"assign_user_group"}],"condition":null,"enabled":true,"key":{"identifier":"19290","label":"Assign to Locality Manager","resource_type":"rule","scope_key":{"identifier":"supported-childcare-funding","label":"Supported childcare funding referral","resource_type":"case-type","scope_key":null}},"triggers":[{"key":{"identifier":"50387","label":"Trigger 50387","resource_type":"trigger","scope_key":null},"event_name":"case.created","type":"event"}]},"user-group::early-years-entitlement-officer":{"key":{"identifier":"early-years-entitlement-officer","label":"Early Years Entitlement Officer","resource_type":"user-group","scope_key":null}},"rule::case-type::supported-childcare-funding::19291":{"actions":[{"key":{"identifier":"69679","label":"Action 69679","resource_type":"action","scope_key":null},"position":1,"user_group_key":{"identifier":"early-years-entitlement-officer","label":"Early Years Entitlement Officer","resource_type":"user-group","scope_key":null},"type":"assign_user_group"}],"condition":null,"enabled":true,"key":{"identifier":"19291","label":"Assign to Early Years Entitlement Officer","resource_type":"rule","scope_key":{"identifier":"supported-childcare-funding","label":"Supported childcare funding referral","resource_type":"case-type","scope_key":null}},"triggers":[{"key":{"identifier":"50388","label":"Trigger 50388","resource_type":"trigger","scope_key":null},"transition_key":{"identifier":"approve","label":"Approve","resource_type":"case-transition","scope_key":{"identifier":"supported-childcare-funding","label":"Supported childcare funding referral","resource_type":"case-type","scope_key":null}},"type":"transition"}]},"rule::case-type::supported-childcare-funding::19292":{"actions":[{"key":{"identifier":"69680","label":"Action 69680","resource_type":"action","scope_key":null},"position":1,"email_template_key":{"identifier":"request-for-further-information","label":"Request for further information","resource_type":"alert-email-template","scope_key":{"identifier":"supported-childcare-funding","label":"Supported childcare funding referral","resource_type":"case-type","scope_key":null}},"recipient":{"key":{"identifier":"34735","label":"Recipient 34735","resource_type":"alert-recipient","scope_key":null},"email_field_key":{"identifier":"referrer_email","label":"Referrer Email","resource_type":"case-field","scope_key":null},"type":"email_field"},"type":"alert"}],"condition":null,"enabled":true,"key":{"identifier":"19292","label":"Send email to referrer requesting additional information","resource_type":"rule","scope_key":{"identifier":"supported-childcare-funding","label":"Supported childcare funding referral","resource_type":"case-type","scope_key":null}},"triggers":[{"key":{"identifier":"50389","label":"Trigger 50389","resource_type":"trigger","scope_key":null},"transition_key":{"identifier":"request-further-infomation","label":"Request further information","resource_type":"case-transition","scope_key":{"identifier":"supported-childcare-funding","label":"Supported childcare funding referral","resource_type":"case-type","scope_key":null}},"type":"transition"}]},"rule::case-type::supported-childcare-funding::19293":{"actions":[{"key":{"identifier":"69681","label":"Action 69681","resource_type":"action","scope_key":null},"position":1,"transition_key":{"identifier":"submit-further-information","label":"Submit further information","resource_type":"case-transition","scope_key":{"identifier":"supported-childcare-funding","label":"Supported childcare funding referral","resource_type":"case-type","scope_key":null}},"type":"transition"}],"condition":null,"enabled":true,"key":{"identifier":"19293","label":"Further information received","resource_type":"rule","scope_key":{"identifier":"supported-childcare-funding","label":"Supported childcare funding referral","resource_type":"case-type","scope_key":null}},"triggers":[{"key":{"identifier":"50390","label":"Trigger 50390","resource_type":"trigger","scope_key":null},"field_key":{"identifier":"further_information","label":"Further information","resource_type":"case-field","scope_key":null},"type":"field_changed"}]},"rule::case-type::supported-childcare-funding::19294":{"actions":[{"key":{"identifier":"69682","label":"Action 69682","resource_type":"action","scope_key":null},"position":1,"email_template_key":{"identifier":"reason-for-rejection","label":"Reason for rejection","resource_type":"alert-email-template","scope_key":{"identifier":"supported-childcare-funding","label":"Supported childcare funding referral","resource_type":"case-type","scope_key":null}},"recipient":{"key":{"identifier":"34736","label":"Recipient 34736","resource_type":"alert-recipient","scope_key":null},"email_field_key":{"identifier":"referrer_email","label":"Referrer Email","resource_type":"case-field","scope_key":null},"type":"email_field"},"type":"alert"}],"condition":null,"enabled":true,"key":{"identifier":"19294","label":"Send email to referrer confirming referral has been rejected","resource_type":"rule","scope_key":{"identifier":"supported-childcare-funding","label":"Supported childcare funding referral","resource_type":"case-type","scope_key":null}},"triggers":[{"key":{"identifier":"50391","label":"Trigger 50391","resource_type":"trigger","scope_key":null},"transition_key":{"identifier":"reject-referral","label":"Reject referral","resource_type":"case-transition","scope_key":{"identifier":"supported-childcare-funding","label":"Supported childcare funding referral","resource_type":"case-type","scope_key":null}},"type":"transition"}]},"date-definition::end_date_minus_1_week":{"allowed_privilege_level_keys":[],"based_on":"case_field","field_key":{"identifier":"end_date","label":"End date","resource_type":"case-field","scope_key":null},"delta":"-1 week","description":"The end date minus a week","key":{"identifier":"end_date_minus_1_week","label":"End date (- 1 week)","resource_type":"date-definition","scope_key":null}},"case-field::applicant_email":{"allowed_privilege_level_keys":[],"allowed_to_all_privilege_levels":true,"encrypted":true,"redactable":true,"key":{"identifier":"applicant_email","label":"Applicant email","resource_type":"case-field","scope_key":null},"position":0,"type":"email"},"rule::case-type::supported-childcare-funding::19295":{"actions":[{"key":{"identifier":"75376","label":"Action 75376","resource_type":"action","scope_key":null},"position":1,"email_template_key":{"identifier":"end-date-reminder","label":"End date reminder","resource_type":"alert-email-template","scope_key":{"identifier":"supported-childcare-funding","label":"Supported childcare funding referral","resource_type":"case-type","scope_key":null}},"recipient":{"key":{"identifier":"37782","label":"Recipient 37782","resource_type":"alert-recipient","scope_key":null},"email_field_key":{"identifier":"applicant_email","label":"Applicant email","resource_type":"case-field","scope_key":null},"type":"email_field"},"type":"alert"},{"key":{"identifier":"75375","label":"Action 75375","resource_type":"action","scope_key":null},"position":2,"transition_key":{"identifier":"close-case","label":"Close case","resource_type":"case-transition","scope_key":{"identifier":"supported-childcare-funding","label":"Supported childcare funding referral","resource_type":"case-type","scope_key":null}},"type":"transition"}],"condition":null,"enabled":true,"key":{"identifier":"19295","label":"Placement ending reminder","resource_type":"rule","scope_key":{"identifier":"supported-childcare-funding","label":"Supported childcare funding referral","resource_type":"case-type","scope_key":null}},"triggers":[{"key":{"identifier":"54238","label":"Trigger 54238","resource_type":"trigger","scope_key":null},"date_definition_key":{"identifier":"end_date_minus_1_week","label":"End date (- 1 week)","resource_type":"date-definition","scope_key":null},"type":"date"}]}}}}