{"id":928,"isFormSpecific":true,"version":{"metadata":{"id":2667,"title":"Query Details","instructions":""},"sections":[{"name":"main","title":"main","showTitle":false,"hideInitially":false,"triggerQuestionName":null,"triggerQuestionSecondaryField":null,"triggerQuestionSection":null,"triggerOperator":null,"triggerAnswerValue":null,"isRepeatableQuestion":false,"repeatableQuestionSettings":[],"structure":"[{\"type\":\"question\",\"name\":\"q08a459ea4243b9a76b5e5efbcedb2108f5ff15b1\"},{\"type\":\"section\",\"name\":\"s211a4a0de10d31e782612a0a160068812489b372\"},{\"type\":\"question\",\"name\":\"qd25a81c7fd031b336ac88aa06ba776154bd31d86\"},{\"type\":\"section\",\"name\":\"s03ee21d859b10a6377264dad70d9e4dc39bf0cd4\"},{\"type\":\"question\",\"name\":\"qd3bfbe2a1f5da34d0cad2650d9dd4ef62796dafa\"},{\"type\":\"section\",\"name\":\"se2608e0058498b87cbf22af278956715184352bf\"}]","questions":[{"name":"q08a459ea4243b9a76b5e5efbcedb2108f5ff15b1","text":"Do you know your invoice number?","guid":"18eeb80469e722d4f3513ee0c5b183da219c6975","number":1,"settings":[{"name":"answers","value":"[{\"value\":\"yes\",\"text\":\"Yes\",\"data\":\"\",\"internal\":false},{\"value\":\"no\",\"text\":\"No\",\"data\":\"\",\"internal\":false}]"},{"name":"empty_option","value":"-- Please select --"}]},{"name":"qd25a81c7fd031b336ac88aa06ba776154bd31d86","text":"Do you know your plot number?","guid":"18eeb80469e722d4f3513ee0c5b183da219c6975","number":2,"settings":[{"name":"answers","value":"[{\"value\":\"yes\",\"text\":\"Yes\",\"data\":\"\",\"internal\":false},{\"value\":\"no\",\"text\":\"No\",\"data\":\"\",\"internal\":false}]"},{"name":"empty_option","value":"-- Please select --"}]},{"name":"qd3bfbe2a1f5da34d0cad2650d9dd4ef62796dafa","text":"Where is your allotment?","guid":"18eeb80469e722d4f3513ee0c5b183da219c6975","number":3,"settings":[{"name":"answers","value":"[{\"value\":\"100\",\"text\":\"Bellacre\",\"data\":\"\",\"internal\":false},{\"value\":\"101\",\"text\":\"Bluebell north\",\"data\":\"\",\"internal\":false},{\"value\":\"102\",\"text\":\"Bluebell South\",\"data\":\"\",\"internal\":false},{\"value\":\"103\",\"text\":\"Brickfields\",\"data\":\"\",\"internal\":false},{\"value\":\"104\",\"text\":\"Catton Grove\",\"data\":\"\",\"internal\":false},{\"value\":\"105\",\"text\":\"Cottage farm\",\"data\":\"\",\"internal\":false},{\"value\":\"106\",\"text\":\"Elm grove lane\",\"data\":\"\",\"internal\":false},{\"value\":\"107\",\"text\":\"Harford hills\",\"data\":\"\",\"internal\":false},{\"value\":\"108\",\"text\":\"Hill farm\",\"data\":\"\",\"internal\":false},{\"value\":\"109\",\"text\":\"Lakenham\",\"data\":\"\",\"internal\":false},{\"value\":\"110\",\"text\":\"Lakenham baths\",\"data\":\"\",\"internal\":false},{\"value\":\"111\",\"text\":\"Marston lane\",\"data\":\"\",\"internal\":false},{\"value\":\"112\",\"text\":\"Mousehold Avenue North\",\"data\":\"\",\"internal\":false},{\"value\":\"113\",\"text\":\"Mousehold Avenue South\",\"data\":\"\",\"internal\":false},{\"value\":\"114\",\"text\":\"Sycamore Cresent\",\"data\":\"\",\"internal\":false},{\"value\":\"115\",\"text\":\"Valpy Avenue\",\"data\":\"\",\"internal\":false},{\"value\":\"116\",\"text\":\"Wall road\",\"data\":\"\",\"internal\":false},{\"value\":\"117\",\"text\":\"Woodlands\",\"data\":\"\",\"internal\":false}]"},{"name":"empty_option","value":"-- Please select --"}]}],"clauseType":null,"data":null},{"name":"s211a4a0de10d31e782612a0a160068812489b372","title":"Invoice number","showTitle":false,"hideInitially":true,"triggerQuestionName":"q08a459ea4243b9a76b5e5efbcedb2108f5ff15b1","triggerQuestionSecondaryField":null,"triggerQuestionSection":"main","triggerOperator":"equal","triggerAnswerValue":"yes","isRepeatableQuestion":false,"repeatableQuestionSettings":[],"structure":"[{\"type\":\"question\",\"name\":\"qe006009f7f8a76740a98c004ac49deb3e7bd772e\"}]","questions":[{"name":"qe006009f7f8a76740a98c004ac49deb3e7bd772e","text":"Please enter your invoice number","guid":"7d7527893d7f786c9073e6a651a9c26181d9a661","number":1,"settings":[]}],"clauseType":null,"data":null},{"name":"s03ee21d859b10a6377264dad70d9e4dc39bf0cd4","title":"Plot number","showTitle":false,"hideInitially":true,"triggerQuestionName":"qd25a81c7fd031b336ac88aa06ba776154bd31d86","triggerQuestionSecondaryField":null,"triggerQuestionSection":"main","triggerOperator":"equal","triggerAnswerValue":"yes","isRepeatableQuestion":false,"repeatableQuestionSettings":[],"structure":"[{\"type\":\"question\",\"name\":\"qb7f13d2c15129576d970e14a4ccad59e3e104831\"}]","questions":[{"name":"qb7f13d2c15129576d970e14a4ccad59e3e104831","text":"Please enter your plot number","guid":"7d7527893d7f786c9073e6a651a9c26181d9a661","number":1,"settings":[]}],"clauseType":null,"data":null},{"name":"sb3157cacaeab1bf1a48bad982d07c56eeb24c136","title":"New invoice required as Go4 Less is not up to date","showTitle":false,"hideInitially":true,"triggerQuestionName":"q81cd5e598d3abf0e6d7c378bc634c2d352bc3cd2","triggerQuestionSecondaryField":null,"triggerQuestionSection":"se2608e0058498b87cbf22af278956715184352bf","triggerOperator":"equal","triggerAnswerValue":"new_invoice_required_as_go_4_less_is_not_up_to_date","isRepeatableQuestion":false,"repeatableQuestionSettings":[],"structure":"[{\"type\":\"question\",\"name\":\"q53f3062e0d33e030cea3b907a39c3f425b7576f2\"},{\"type\":\"question\",\"name\":\"q61b7d82d25407b218f56c8015a0387c7ce4d8143\"}]","questions":[{"name":"q53f3062e0d33e030cea3b907a39c3f425b7576f2","text":"Please enter details of your query","guid":"39c1d58d95f4fbb636ae61c4dccd9992ce707c24","number":1,"settings":[{"name":"rows","value":"4"},{"name":"cols","value":"80"}]},{"name":"q61b7d82d25407b218f56c8015a0387c7ce4d8143","text":"Go4Less card number (if applicable)","guid":"7d7527893d7f786c9073e6a651a9c26181d9a661","number":1,"settings":[]}],"clauseType":null,"data":null},{"name":"se2608e0058498b87cbf22af278956715184352bf","title":"Concern for query","showTitle":false,"hideInitially":true,"triggerQuestionName":"qd3bfbe2a1f5da34d0cad2650d9dd4ef62796dafa","triggerQuestionSecondaryField":null,"triggerQuestionSection":"main","triggerOperator":"was answered","triggerAnswerValue":null,"isRepeatableQuestion":false,"repeatableQuestionSettings":[],"structure":"[{\"type\":\"question\",\"name\":\"q81cd5e598d3abf0e6d7c378bc634c2d352bc3cd2\"},{\"type\":\"section\",\"name\":\"sb3157cacaeab1bf1a48bad982d07c56eeb24c136\",\"elements\":[{\"type\":\"question\",\"name\":\"q53f3062e0d33e030cea3b907a39c3f425b7576f2\"},{\"type\":\"question\",\"name\":\"q61b7d82d25407b218f56c8015a0387c7ce4d8143\"}]},{\"type\":\"section\",\"name\":\"s2f706581fc3b3ec5790edc988ca1c1cbd10434e2\"}]","questions":[{"name":"q81cd5e598d3abf0e6d7c378bc634c2d352bc3cd2","text":"What is your enquiry concerning?","guid":"18eeb80469e722d4f3513ee0c5b183da219c6975","number":1,"settings":[{"name":"answers","value":"[{\"value\":\"invoice_not_received\",\"text\":\"Invoice not received\",\"data\":\"\",\"internal\":false},{\"value\":\"new_invoice_required_as_go_4_less_is_not_up_to_date\",\"text\":\"New invoice required as Go 4 Less is not up to date\",\"data\":\"\",\"internal\":false},{\"value\":\"query_over_invoice_details\",\"text\":\"Query over invoice details\",\"data\":\"\",\"internal\":false},{\"value\":\"transfer_plot_to_a_different_named_tenant\",\"text\":\"Transfer plot to a different named tenant\",\"data\":\"\",\"internal\":false}]"},{"name":"empty_option","value":"-- Please select --"}]}],"clauseType":null,"data":null},{"name":"s2f706581fc3b3ec5790edc988ca1c1cbd10434e2","title":"Not Received \/ Query \/ Transfer","showTitle":false,"hideInitially":true,"triggerQuestionName":"q81cd5e598d3abf0e6d7c378bc634c2d352bc3cd2","triggerQuestionSecondaryField":null,"triggerQuestionSection":"se2608e0058498b87cbf22af278956715184352bf","triggerOperator":"not equal","triggerAnswerValue":"new_invoice_required_as_go_4_less_is_not_up_to_date","isRepeatableQuestion":false,"repeatableQuestionSettings":[],"structure":"[{\"type\":\"question\",\"name\":\"q9ebda3bdd1baf68a501e0c078774869223913afa\"}]","questions":[{"name":"q9ebda3bdd1baf68a501e0c078774869223913afa","text":"Please enter details","guid":"39c1d58d95f4fbb636ae61c4dccd9992ce707c24","number":1,"settings":[{"name":"rows","value":"4"},{"name":"cols","value":"80"}]}],"clauseType":null,"data":null}]}}