{"id":5,"isFormSpecific":false,"version":{"metadata":{"id":9,"title":"Your details","instructions":""},"sections":[{"name":"s12e1dc43fb7daa07b21e93724817c6a052239f94","title":"Address not found - manual entry","showTitle":false,"hideInitially":true,"triggerQuestionName":"q830756892b89c23a82cf9808ceeaf5e4ef263cf8","triggerQuestionSecondaryField":"uprn","triggerQuestionSection":"main","triggerOperator":"equal","triggerAnswerValue":"111111","isRepeatableQuestion":false,"repeatableQuestionSettings":[],"structure":"[{\"type\":\"question\",\"name\":\"q4ad0941998f1ab790dbe907522246750d96de5c9\"}]","questions":[{"name":"q4ad0941998f1ab790dbe907522246750d96de5c9","text":"Enter your address manually in no more than 100 characters","guid":"39c1d58d95f4fbb636ae61c4dccd9992ce707c24","number":1,"settings":[{"name":"answer_length","value":"100"},{"name":"rows","value":"4"},{"name":"cols","value":"40"}]}],"clauseType":null,"data":null},{"name":"main","title":"main","showTitle":false,"hideInitially":false,"triggerQuestionName":null,"triggerQuestionSecondaryField":null,"triggerQuestionSection":null,"triggerOperator":null,"triggerAnswerValue":null,"isRepeatableQuestion":false,"repeatableQuestionSettings":[],"structure":"[{\"type\":\"question\",\"name\":\"q4c31ef4d8c94ec01fd8b9c8b242b1f4b4bd2a28b\"},{\"type\":\"question\",\"name\":\"qe46344b24f1f233e659cc924e557bf5c94d6c301\"},{\"type\":\"question\",\"name\":\"qd5432091d3ae79aa00b872256f39a7759df4a133\"},{\"type\":\"question\",\"name\":\"q830756892b89c23a82cf9808ceeaf5e4ef263cf8\"},{\"type\":\"section\",\"name\":\"s12e1dc43fb7daa07b21e93724817c6a052239f94\",\"elements\":[{\"type\":\"question\",\"name\":\"q4ad0941998f1ab790dbe907522246750d96de5c9\"}]},{\"type\":\"question\",\"name\":\"qe8419ec4bc671edbac12d19b48cc2e709ff3f000\"},{\"type\":\"question\",\"name\":\"qe6f9c8b6690761c177adb5f16a853a2fd6936ec9\"}]","questions":[{"name":"qe46344b24f1f233e659cc924e557bf5c94d6c301","text":"First Name","guid":"7d7527893d7f786c9073e6a651a9c26181d9a661","number":1,"settings":[{"name":"required","value":"true"}]},{"name":"qe6f9c8b6690761c177adb5f16a853a2fd6936ec9","text":"Email address","guid":"7d7527893d7f786c9073e6a651a9c26181d9a661","number":5,"settings":[{"name":"validation","value":"4"},{"name":"required","value":"true"}]},{"name":"q4c31ef4d8c94ec01fd8b9c8b242b1f4b4bd2a28b","text":"Title","guid":"18eeb80469e722d4f3513ee0c5b183da219c6975","number":1,"settings":[{"name":"required","value":"true"},{"name":"answers","value":"[{\"value\":\"mr\",\"text\":\"Mr\",\"data\":\"\",\"internal\":false},{\"value\":\"mrs\",\"text\":\"Mrs\",\"data\":\"\",\"internal\":false},{\"value\":\"miss\",\"text\":\"Miss\",\"data\":\"\",\"internal\":false},{\"value\":\"ms\",\"text\":\"Ms\",\"data\":\"\",\"internal\":false},{\"value\":\"cllr\",\"text\":\"Cllr\",\"data\":\"\",\"internal\":false},{\"value\":\"dr\",\"text\":\"Dr\",\"data\":\"\",\"internal\":false},{\"value\":\"rev\",\"text\":\"Rev\",\"data\":\"\",\"internal\":false},{\"value\":\"prof\",\"text\":\"Prof\",\"data\":\"\",\"internal\":false},{\"value\":\"other\",\"text\":\"Other\",\"data\":\"\",\"internal\":false}]"}]},{"name":"q830756892b89c23a82cf9808ceeaf5e4ef263cf8","text":"Address","guid":"dafc7be1f6e3057017f8b0a86d50373130ca5da0","number":3,"settings":[{"name":"required","value":"true"},{"name":"type","value":"6bbccfb62ee2f3e6cbe9de1e944d18d7201a0fe6"}]},{"name":"qe8419ec4bc671edbac12d19b48cc2e709ff3f000","text":"Contact Telephone Number","guid":"7d7527893d7f786c9073e6a651a9c26181d9a661","number":4,"settings":[{"name":"validation","value":"7"},{"name":"required","value":"true"}]},{"name":"qd5432091d3ae79aa00b872256f39a7759df4a133","text":"Last Name","guid":"7d7527893d7f786c9073e6a651a9c26181d9a661","number":2,"settings":[{"name":"required","value":"true"}]}],"clauseType":null,"data":null}]}}