{"id":1482,"name":"If no","type":"predefined","internalOnly":false,"formula":"9887ad7b120fcc247ac9650602377a7c68a6c001","decimalPlaces":null,"inputs":[{"field":"questionA","type":"answer","value":"1251-s7e9865cd321ff040ac6c7eacf8f464db43a4d8c6-q993607067b7a68f7254ddf183bc1b2891a5a0595","secondaryValue":"retraced"},{"field":"questionB","type":"answer","value":"1252-s2dca8b3e47f0ab5cda729882effd9438f8f6a650-q434879e884021a0dc94511c0dac2044f40f3c06a","secondaryValue":"retraced"}],"conditional":null}