{"id":1487,"name":"if yes","type":"predefined","internalOnly":false,"formula":"9887ad7b120fcc247ac9650602377a7c68a6c001","decimalPlaces":null,"inputs":[{"field":"questionA","type":"answer","value":"1251-s0bd9f54b13912326521bfbfbe5fc55c28085c1d3-q9561741dc79f762333ffde56c1f0d330c93c187d","secondaryValue":"retraced"},{"field":"questionB","type":"answer","value":"1252-sb2d238360824e216bb2da9e2538e7124290ddfe6-qb837a4cace853766c5e27dc00130e31993feb803","secondaryValue":"retraced"}],"conditional":null}