{"id":1481,"name":"Size","type":"conditional","internalOnly":false,"formula":"","decimalPlaces":null,"inputs":[],"conditional":{"id":336,"else":{"type":"staticvalueclause","value":{"staticText":"manual"}},"statements":[{"conditions":[{"label":"If","type":"ifcondition","clauseA":{"type":"questionresponseclause","value":{"question":"{\"value\":\"1129-main-q42dbecc2a9898e4ab237d29f001d1e96e1673651\",\"type\":\"answer\"}"}},"clauseB":{"type":"staticvalueclause","value":{"staticText":"domiciliary_care"}},"operator":"is equal to","conditions":[]},{"label":"And","type":"andcondition","clauseA":{"type":"questionresponseclause","value":{"question":"{\"value\":\"1129-main-qb8be15625fc65610ea42419c7cefa61e0a07ee18\",\"type\":\"answer\"}"}},"clauseB":{"type":"staticvalueclause","value":{"staticText":"60"}},"operator":"is less than","conditions":[]}],"return":{"type":"staticvalueclause","value":{"staticText":"S"}}},{"conditions":[{"label":"Else If","type":"elseifcondition","clauseA":{"type":"questionresponseclause","value":{"question":"{\"value\":\"1129-main-q42dbecc2a9898e4ab237d29f001d1e96e1673651\",\"type\":\"answer\"}"}},"clauseB":{"type":"staticvalueclause","value":{"staticText":"domiciliary_care"}},"operator":"is equal to","conditions":[]},{"label":"And","type":"andcondition","clauseA":{"type":"questionresponseclause","value":{"question":"{\"value\":\"1129-main-qb8be15625fc65610ea42419c7cefa61e0a07ee18\",\"type\":\"answer\"}"}},"clauseB":{"type":"staticvalueclause","value":{"staticText":"60"}},"operator":"is greater than or equal to","conditions":[]},{"label":"And","type":"andcondition","clauseA":{"type":"questionresponseclause","value":{"question":"{\"value\":\"1129-main-qb8be15625fc65610ea42419c7cefa61e0a07ee18\",\"type\":\"answer\"}"}},"clauseB":{"type":"staticvalueclause","value":{"staticText":"199"}},"operator":"is less than or equal to","conditions":[]}],"return":{"type":"staticvalueclause","value":{"staticText":"M"}}},{"conditions":[{"label":"Else If","type":"elseifcondition","clauseA":{"type":"questionresponseclause","value":{"question":"{\"value\":\"1129-main-q42dbecc2a9898e4ab237d29f001d1e96e1673651\",\"type\":\"answer\"}"}},"clauseB":{"type":"staticvalueclause","value":{"staticText":"domiciliary_care"}},"operator":"is equal to","conditions":[]},{"label":"And","type":"andcondition","clauseA":{"type":"questionresponseclause","value":{"question":"{\"value\":\"1129-main-qb8be15625fc65610ea42419c7cefa61e0a07ee18\",\"type\":\"answer\"}"}},"clauseB":{"type":"staticvalueclause","value":{"staticText":"200"}},"operator":"is greater than or equal to","conditions":[]},{"label":"And","type":"andcondition","clauseA":{"type":"questionresponseclause","value":{"question":"{\"value\":\"1129-main-qb8be15625fc65610ea42419c7cefa61e0a07ee18\",\"type\":\"answer\"}"}},"clauseB":{"type":"staticvalueclause","value":{"staticText":"399"}},"operator":"is less than or equal to","conditions":[]}],"return":{"type":"staticvalueclause","value":{"staticText":"L"}}},{"conditions":[{"label":"Else If","type":"elseifcondition","clauseA":{"type":"questionresponseclause","value":{"question":"{\"value\":\"1129-main-q42dbecc2a9898e4ab237d29f001d1e96e1673651\",\"type\":\"answer\"}"}},"clauseB":{"type":"staticvalueclause","value":{"staticText":"domiciliary_care"}},"operator":"is equal to","conditions":[]},{"label":"And","type":"andcondition","clauseA":{"type":"questionresponseclause","value":{"question":"{\"value\":\"1129-main-qb8be15625fc65610ea42419c7cefa61e0a07ee18\",\"type\":\"answer\"}"}},"clauseB":{"type":"staticvalueclause","value":{"staticText":"400"}},"operator":"is greater than or equal to","conditions":[]}],"return":{"type":"staticvalueclause","value":{"staticText":"XL"}}},{"conditions":[{"label":"Else If","type":"elseifcondition","clauseA":{"type":"questionresponseclause","value":{"question":"{\"value\":\"1129-main-q42dbecc2a9898e4ab237d29f001d1e96e1673651\",\"type\":\"answer\"}"}},"clauseB":{"type":"staticvalueclause","value":{"staticText":"personal_assistant"}},"operator":"is equal to","conditions":[{"label":"Or","type":"orcondition","clauseA":{"type":"questionresponseclause","value":{"question":"{\"value\":\"1129-main-q42dbecc2a9898e4ab237d29f001d1e96e1673651\",\"type\":\"answer\"}"}},"clauseB":{"type":"staticvalueclause","value":{"staticText":"shared_lives"}},"operator":"is equal to"},{"label":"Or","type":"orcondition","clauseA":{"type":"questionresponseclause","value":{"question":"{\"value\":\"1129-main-q42dbecc2a9898e4ab237d29f001d1e96e1673651\",\"type\":\"answer\"}"}},"clauseB":{"type":"staticvalueclause","value":{"staticText":"supported_living"}},"operator":"is equal to"},{"label":"Or","type":"orcondition","clauseA":{"type":"questionresponseclause","value":{"question":"{\"value\":\"1129-main-q42dbecc2a9898e4ab237d29f001d1e96e1673651\",\"type\":\"answer\"}"}},"clauseB":{"type":"staticvalueclause","value":{"staticText":"other_adult_social_care"}},"operator":"is equal to"},{"label":"Or","type":"orcondition","clauseA":{"type":"questionresponseclause","value":{"question":"{\"value\":\"1129-main-q42dbecc2a9898e4ab237d29f001d1e96e1673651\",\"type\":\"answer\"}"}},"clauseB":{"type":"staticvalueclause","value":{"staticText":"other_childrens_social_care"}},"operator":"is equal to"}]},{"label":"And","type":"andcondition","clauseA":{"type":"questionresponseclause","value":{"question":"{\"value\":\"1129-main-qb8be15625fc65610ea42419c7cefa61e0a07ee18\",\"type\":\"answer\"}"}},"clauseB":{"type":"staticvalueclause","value":{"staticText":"20"}},"operator":"is less than","conditions":[]}],"return":{"type":"staticvalueclause","value":{"staticText":"S"}}},{"conditions":[{"label":"Else If","type":"elseifcondition","clauseA":{"type":"questionresponseclause","value":{"question":"{\"value\":\"1129-main-q42dbecc2a9898e4ab237d29f001d1e96e1673651\",\"type\":\"answer\"}"}},"clauseB":{"type":"staticvalueclause","value":{"staticText":"personal_assistant"}},"operator":"is equal to","conditions":[{"label":"Or","type":"orcondition","clauseA":{"type":"questionresponseclause","value":{"question":"{\"value\":\"1129-main-q42dbecc2a9898e4ab237d29f001d1e96e1673651\",\"type\":\"answer\"}"}},"clauseB":{"type":"staticvalueclause","value":{"staticText":"shared_lives"}},"operator":"is equal to"},{"label":"Or","type":"orcondition","clauseA":{"type":"questionresponseclause","value":{"question":"{\"value\":\"1129-main-q42dbecc2a9898e4ab237d29f001d1e96e1673651\",\"type\":\"answer\"}"}},"clauseB":{"type":"staticvalueclause","value":{"staticText":"supported_living"}},"operator":"is equal to"},{"label":"Or","type":"orcondition","clauseA":{"type":"questionresponseclause","value":{"question":"{\"value\":\"1129-main-q42dbecc2a9898e4ab237d29f001d1e96e1673651\",\"type\":\"answer\"}"}},"clauseB":{"type":"staticvalueclause","value":{"staticText":"other_adult_social_care"}},"operator":"is equal to"},{"label":"Or","type":"orcondition","clauseA":{"type":"questionresponseclause","value":{"question":"{\"value\":\"1129-main-q42dbecc2a9898e4ab237d29f001d1e96e1673651\",\"type\":\"answer\"}"}},"clauseB":{"type":"staticvalueclause","value":{"staticText":"other_childrens_social_care"}},"operator":"is equal to"}]},{"label":"And","type":"andcondition","clauseA":{"type":"questionresponseclause","value":{"question":"{\"value\":\"1129-main-qb8be15625fc65610ea42419c7cefa61e0a07ee18\",\"type\":\"answer\"}"}},"clauseB":{"type":"staticvalueclause","value":{"staticText":"20"}},"operator":"is greater than or equal to","conditions":[]},{"label":"And","type":"andcondition","clauseA":{"type":"questionresponseclause","value":{"question":"{\"value\":\"1129-main-qb8be15625fc65610ea42419c7cefa61e0a07ee18\",\"type\":\"answer\"}"}},"clauseB":{"type":"staticvalueclause","value":{"staticText":"59"}},"operator":"is less than or equal to","conditions":[]}],"return":{"type":"staticvalueclause","value":{"staticText":"M"}}},{"conditions":[{"label":"Else If","type":"elseifcondition","clauseA":{"type":"questionresponseclause","value":{"question":"{\"value\":\"1129-main-q42dbecc2a9898e4ab237d29f001d1e96e1673651\",\"type\":\"answer\"}"}},"clauseB":{"type":"staticvalueclause","value":{"staticText":"personal_assistant"}},"operator":"is equal to","conditions":[{"label":"Or","type":"orcondition","clauseA":{"type":"questionresponseclause","value":{"question":"{\"value\":\"1129-main-q42dbecc2a9898e4ab237d29f001d1e96e1673651\",\"type\":\"answer\"}"}},"clauseB":{"type":"staticvalueclause","value":{"staticText":"shared_lives"}},"operator":"is equal to"},{"label":"Or","type":"orcondition","clauseA":{"type":"questionresponseclause","value":{"question":"{\"value\":\"1129-main-q42dbecc2a9898e4ab237d29f001d1e96e1673651\",\"type\":\"answer\"}"}},"clauseB":{"type":"staticvalueclause","value":{"staticText":"supported_living"}},"operator":"is equal to"},{"label":"Or","type":"orcondition","clauseA":{"type":"questionresponseclause","value":{"question":"{\"value\":\"1129-main-q42dbecc2a9898e4ab237d29f001d1e96e1673651\",\"type\":\"answer\"}"}},"clauseB":{"type":"staticvalueclause","value":{"staticText":"other_adult_social_care"}},"operator":"is equal to"},{"label":"Or","type":"orcondition","clauseA":{"type":"questionresponseclause","value":{"question":"{\"value\":\"1129-main-q42dbecc2a9898e4ab237d29f001d1e96e1673651\",\"type\":\"answer\"}"}},"clauseB":{"type":"staticvalueclause","value":{"staticText":"other_childrens_social_care"}},"operator":"is equal to"}]},{"label":"And","type":"andcondition","clauseA":{"type":"questionresponseclause","value":{"question":"{\"value\":\"1129-main-qb8be15625fc65610ea42419c7cefa61e0a07ee18\",\"type\":\"answer\"}"}},"clauseB":{"type":"staticvalueclause","value":{"staticText":"60"}},"operator":"is greater than or equal to","conditions":[]}],"return":{"type":"staticvalueclause","value":{"staticText":"L"}}},{"conditions":[{"label":"Else If","type":"elseifcondition","clauseA":{"type":"questionresponseclause","value":{"question":"{\"value\":\"1129-main-q42dbecc2a9898e4ab237d29f001d1e96e1673651\",\"type\":\"answer\"}"}},"clauseB":{"type":"staticvalueclause","value":{"staticText":"funeral_director"}},"operator":"is equal to","conditions":[]}],"return":{"type":"staticvalueclause","value":{"staticText":"S"}}}]}}