{"id":1483,"name":"Suggested pack size - apron","type":"conditional","internalOnly":false,"formula":"","decimalPlaces":null,"inputs":[],"conditional":{"id":338,"else":{"type":"logicclause","value":{"logic":1484}},"statements":[{"conditions":[{"label":"If","type":"ifcondition","clauseA":{"type":"questionresponseclause","value":{"question":"{\"value\":\"1129-main-q42dbecc2a9898e4ab237d29f001d1e96e1673651\",\"type\":\"answer\"}"}},"clauseB":{"type":"staticvalueclause","value":{"staticText":"domiciliary_care"}},"operator":"is equal to","conditions":[]}],"return":{"type":"logicclause","value":{"logic":1486}}}]}}