{"id":1484,"name":"Suggested pack size - apron (non DC)","type":"conditional","internalOnly":false,"formula":"","decimalPlaces":null,"inputs":[],"conditional":{"id":339,"else":{"type":"staticvalueclause","value":{"staticText":"manual"}},"statements":[{"conditions":[{"label":"If","type":"ifcondition","clauseA":{"type":"questionresponseclause","value":{"question":"{\"value\":\"1129-main-q42dbecc2a9898e4ab237d29f001d1e96e1673651\",\"type\":\"answer\"}"}},"clauseB":{"type":"staticvalueclause","value":{"staticText":"domiciliary_care"}},"operator":"is not equal to","conditions":[]},{"label":"And","type":"andcondition","clauseA":{"type":"logicclause","value":{"logic":1481}},"clauseB":{"type":"staticvalueclause","value":{"staticText":"S"}},"operator":"is equal to","conditions":[{"label":"Or","type":"orcondition","clauseA":{"type":"logicclause","value":{"logic":1481}},"clauseB":{"type":"staticvalueclause","value":{"staticText":"M"}},"operator":"is equal to"}]}],"return":{"type":"staticvalueclause","value":{"staticText":"200"}}},{"conditions":[{"label":"Else If","type":"elseifcondition","clauseA":{"type":"questionresponseclause","value":{"question":"{\"value\":\"1129-main-q42dbecc2a9898e4ab237d29f001d1e96e1673651\",\"type\":\"answer\"}"}},"clauseB":{"type":"staticvalueclause","value":{"staticText":"domiciliary_care"}},"operator":"is not equal to","conditions":[]},{"label":"And","type":"andcondition","clauseA":{"type":"logicclause","value":{"logic":1481}},"clauseB":{"type":"staticvalueclause","value":{"staticText":"L"}},"operator":"is equal to","conditions":[]}],"return":{"type":"staticvalueclause","value":{"staticText":"400"}}}]}}