{"id":1482,"name":"Suggested pack size - alcohol gel","type":"conditional","internalOnly":false,"formula":"","decimalPlaces":null,"inputs":[],"conditional":{"id":337,"else":{"type":"staticvalueclause","value":{"staticText":"manual"}},"statements":[{"conditions":[{"label":"If","type":"ifcondition","clauseA":{"type":"questionresponseclause","value":{"question":"{\"value\":\"1129-main-q42dbecc2a9898e4ab237d29f001d1e96e1673651\",\"type\":\"answer\"}"}},"clauseB":{"type":"staticvalueclause","value":{"staticText":"domiciliary_care"}},"operator":"is equal to","conditions":[]},{"label":"And","type":"andcondition","clauseA":{"type":"logicclause","value":{"logic":1481}},"clauseB":{"type":"staticvalueclause","value":{"staticText":"S"}},"operator":"is equal to","conditions":[]}],"return":{"type":"staticvalueclause","value":{"staticText":"24"}}},{"conditions":[{"label":"Else If","type":"elseifcondition","clauseA":{"type":"questionresponseclause","value":{"question":"{\"value\":\"1129-main-q42dbecc2a9898e4ab237d29f001d1e96e1673651\",\"type\":\"answer\"}"}},"clauseB":{"type":"staticvalueclause","value":{"staticText":"domiciliary_care"}},"operator":"is equal to","conditions":[]},{"label":"And","type":"andcondition","clauseA":{"type":"logicclause","value":{"logic":1481}},"clauseB":{"type":"staticvalueclause","value":{"staticText":"M"}},"operator":"is equal to","conditions":[]}],"return":{"type":"staticvalueclause","value":{"staticText":"48"}}},{"conditions":[{"label":"Else If","type":"elseifcondition","clauseA":{"type":"questionresponseclause","value":{"question":"{\"value\":\"1129-main-q42dbecc2a9898e4ab237d29f001d1e96e1673651\",\"type\":\"answer\"}"}},"clauseB":{"type":"staticvalueclause","value":{"staticText":"domiciliary_care"}},"operator":"is equal to","conditions":[]},{"label":"And","type":"andcondition","clauseA":{"type":"logicclause","value":{"logic":1481}},"clauseB":{"type":"staticvalueclause","value":{"staticText":"L"}},"operator":"is equal to","conditions":[]}],"return":{"type":"staticvalueclause","value":{"staticText":"96"}}},{"conditions":[{"label":"Else If","type":"elseifcondition","clauseA":{"type":"questionresponseclause","value":{"question":"{\"value\":\"1129-main-q42dbecc2a9898e4ab237d29f001d1e96e1673651\",\"type\":\"answer\"}"}},"clauseB":{"type":"staticvalueclause","value":{"staticText":"domiciliary_care"}},"operator":"is equal to","conditions":[]},{"label":"And","type":"andcondition","clauseA":{"type":"logicclause","value":{"logic":1481}},"clauseB":{"type":"staticvalueclause","value":{"staticText":"XL"}},"operator":"is equal to","conditions":[]}],"return":{"type":"staticvalueclause","value":{"staticText":"144"}}},{"conditions":[{"label":"Else If","type":"elseifcondition","clauseA":{"type":"questionresponseclause","value":{"question":"{\"value\":\"1129-main-q42dbecc2a9898e4ab237d29f001d1e96e1673651\",\"type\":\"answer\"}"}},"clauseB":{"type":"staticvalueclause","value":{"staticText":"domiciliary_care"}},"operator":"is not equal to","conditions":[]},{"label":"And","type":"andcondition","clauseA":{"type":"logicclause","value":{"logic":1481}},"clauseB":{"type":"staticvalueclause","value":{"staticText":"S"}},"operator":"is equal to","conditions":[]}],"return":{"type":"staticvalueclause","value":{"staticText":"10"}}},{"conditions":[{"label":"Else If","type":"elseifcondition","clauseA":{"type":"questionresponseclause","value":{"question":"{\"value\":\"1129-main-q42dbecc2a9898e4ab237d29f001d1e96e1673651\",\"type\":\"answer\"}"}},"clauseB":{"type":"staticvalueclause","value":{"staticText":"domiciliary_care"}},"operator":"is not equal to","conditions":[]},{"label":"And","type":"andcondition","clauseA":{"type":"logicclause","value":{"logic":1481}},"clauseB":{"type":"staticvalueclause","value":{"staticText":"M"}},"operator":"is equal to","conditions":[]}],"return":{"type":"staticvalueclause","value":{"staticText":"24"}}},{"conditions":[{"label":"Else If","type":"elseifcondition","clauseA":{"type":"questionresponseclause","value":{"question":"{\"value\":\"1129-main-q42dbecc2a9898e4ab237d29f001d1e96e1673651\",\"type\":\"answer\"}"}},"clauseB":{"type":"staticvalueclause","value":{"staticText":"domiciliary_care"}},"operator":"is not equal to","conditions":[]},{"label":"And","type":"andcondition","clauseA":{"type":"logicclause","value":{"logic":1481}},"clauseB":{"type":"staticvalueclause","value":{"staticText":"L"}},"operator":"is equal to","conditions":[]}],"return":{"type":"staticvalueclause","value":{"staticText":"48"}}}]}}