{"id":1025,"actionType":"be4e8e2d0338ca30919508fcd48c7041e43bf54a","title":"Thank you email","mappings":[{"field":"template-to","type":"static","value":"{{0}}","secondaryValue":null,"label":"To"},{"field":"template-from","type":"static","value":"noreply@jadu.co.uk","secondaryValue":null,"label":"From"},{"field":"template-subject","type":"static","value":"Thank you for booking a food business advice consultation","secondaryValue":null,"label":"Subject"},{"field":"format","type":"static","value":"HTML","secondaryValue":null,"label":"Format"},{"field":"content","type":"static","value":"\n<p><strong>Your booking number is:\u00a0{{0}}<\/strong><\/p>\n\n<p>Thank you for booking a food business advice consultation on:<strong>\u00a0{{1}}<\/strong><\/p>\n\n<p>One of our food safety team will call you at the allotted time.<\/p>\n\n<p>If you do not pick up, our officer will leave a return telephone number. Feel free to return the call, however if it is outside of your slot time\/we have another booking, we may ask you to rebook a new appointment.<\/p>\n\n<p>If you need to cancel your appointment for any reason, please email <a href=\"mailto:foodsafety@lichfielddc.gov.uk\">xxx@xxx.co.uk<\/a> stating your booking reference number.<\/p>\n\n<p>Kind regards,<\/p>\n\n<p>The environmental health team<\/p>\n","secondaryValue":null,"label":"Content"},{"field":"contentPlain","type":"static","value":"","secondaryValue":null,"label":"Content"},{"field":"attachmentType","type":"static","value":"None","secondaryValue":null,"label":"Attachment"},{"field":"attachmentFormat","type":"static","value":"PDF","secondaryValue":null,"label":"Attachment format"},{"field":"attachmentContent","type":"static","value":"","secondaryValue":null,"label":"Attachment content"},{"field":"attachmentPlain","type":"static","value":"","secondaryValue":null,"label":"Attachment content"}]}