{"id":1026,"actionType":"f7df023a569a4e4bef43b91839fa1c8fcfd0f3ab","title":"Thank you for booking a food business advice consultation","mappings":[{"field":"content","type":"static","value":"\n<p><strong>Your booking number is:\u00a0{{0}}<\/strong><\/p>\n\n<p>Thank you for booking a food business advice consultation on:<strong>\u00a0{{1}}<\/strong><\/p>\n\n<p>One of our food safety team will call you at the allotted time.<\/p>\n\n<p>If you do not pick up, our officer will leave a return telephone number. Feel free to return the call, however if it is outside of your slot time\/we have another booking, we may ask you to rebook a new appointment.<\/p>\n\n<p>If you need to cancel your appointment for any reason, please email xxx@xxx.co.uk stating your booking reference number.<\/p>\n\n<p>Kind regards,<\/p>\n\n<p>The environmental health team<\/p>\n","secondaryValue":null,"label":"Content"}]}