{"id":1027,"actionType":"767441aa082651b56bf29ad9119f89c230d61400","title":"Update booking with case details","mappings":[{"field":"subject","type":"static","value":"Advice booking for EH duty officer","secondaryValue":null,"label":"Subject"},{"field":"location","type":"static","value":"EH Duty officer","secondaryValue":null,"label":"Location"},{"field":"description","type":"static","value":"Food business advice booking\n\nBooked by (business name): {{0}},\nPlease contact: {{1}},\nTheir job title: {{2}},\nContact telephone number:  {{3}},\nContact email address:  {{4}},\nBrief details:   {{5}}, \nAre you an existing or new business: {{6}},\nAdvice \/ request type: {{7}},\nBusiness address: {{8}}","secondaryValue":null,"label":"Description"},{"field":"question","type":"question-identifier","value":"1203-main-qa88f9b3857a1e9961713371a65747f16795d3fd3","secondaryValue":null,"label":"Booking"}]}