{"clauseStructure":[],"actions":[{"id":7529,"actionType":"Jadu\\XFormsPro\\Form\\Rules\\Actions\\CXM\\CreatePersonActionType","template":1266,"inputs":[]},{"id":7530,"actionType":"Jadu\\XFormsPro\\Form\\Rules\\Actions\\CXM\\CreateCaseActionType","template":1265,"inputs":[{"field":"person","source":7529}]},{"id":7531,"actionType":"Jadu\\XFormsPro\\Form\\Rules\\Actions\\CompletePage\\CompletePageActionType","template":1268,"inputs":[]},{"id":7532,"actionType":"Jadu\\XFormsPro\\Form\\Rules\\Actions\\Email\\EmailActionType","template":1267,"inputs":[]}],"title":"Create case","runTime":"on-submit","enabled":true}