[{"pageID":"Start","questionName":null,"sectionName":null,"questionPageID":null,"questionSecondaryField":null,"logicID":null,"ruleNumber":1,"conditionNumber":1,"conditionOptionID":null,"conditionOperator":null,"conditionLiteralValue":null,"conditionLiteralValueTwo":null,"goToPageID":"2030","clauseType":null,"data":null},{"pageID":"2030","questionName":null,"sectionName":null,"questionPageID":null,"questionSecondaryField":null,"logicID":null,"ruleNumber":1,"conditionNumber":1,"conditionOptionID":null,"conditionOperator":null,"conditionLiteralValue":null,"conditionLiteralValueTwo":null,"goToPageID":"2032","clauseType":null,"data":null},{"pageID":"2032","questionName":null,"sectionName":null,"questionPageID":null,"questionSecondaryField":null,"logicID":null,"ruleNumber":1,"conditionNumber":1,"conditionOptionID":null,"conditionOperator":null,"conditionLiteralValue":null,"conditionLiteralValueTwo":null,"goToPageID":"2036","clauseType":null,"data":null},{"pageID":"2033","questionName":null,"sectionName":null,"questionPageID":null,"questionSecondaryField":null,"logicID":null,"ruleNumber":1,"conditionNumber":1,"conditionOptionID":null,"conditionOperator":null,"conditionLiteralValue":null,"conditionLiteralValueTwo":null,"goToPageID":"2036","clauseType":null,"data":null},{"pageID":"2034","questionName":null,"sectionName":null,"questionPageID":null,"questionSecondaryField":null,"logicID":null,"ruleNumber":1,"conditionNumber":1,"conditionOptionID":null,"conditionOperator":null,"conditionLiteralValue":null,"conditionLiteralValueTwo":null,"goToPageID":"2036","clauseType":null,"data":null},{"pageID":"2032","questionName":"q4d913394e5dc8b2c4a968d890aa08a5f6f7312b9","sectionName":"main","questionPageID":"2030","questionSecondaryField":null,"logicID":null,"ruleNumber":2,"conditionNumber":1,"conditionOptionID":null,"conditionOperator":"equal","conditionLiteralValue":"i_am_volunteering_to_help","conditionLiteralValueTwo":null,"goToPageID":"2034","clauseType":null,"data":null},{"pageID":"2032","questionName":"q4d913394e5dc8b2c4a968d890aa08a5f6f7312b9","sectionName":"main","questionPageID":"2030","questionSecondaryField":null,"logicID":null,"ruleNumber":3,"conditionNumber":1,"conditionOptionID":null,"conditionOperator":"equal","conditionLiteralValue":"i_need_help_or_support","conditionLiteralValueTwo":null,"goToPageID":"2033","clauseType":null,"data":null},{"pageID":"2032","questionName":"q4d913394e5dc8b2c4a968d890aa08a5f6f7312b9","sectionName":"main","questionPageID":"2030","questionSecondaryField":null,"logicID":null,"ruleNumber":3,"conditionNumber":2,"conditionOptionID":null,"conditionOperator":"equal","conditionLiteralValue":"someone_i_know_needs_help_or_support","conditionLiteralValueTwo":null,"goToPageID":"2033","clauseType":null,"data":null},{"pageID":"2036","questionName":null,"sectionName":null,"questionPageID":null,"questionSecondaryField":null,"logicID":null,"ruleNumber":1,"conditionNumber":1,"conditionOptionID":null,"conditionOperator":null,"conditionLiteralValue":null,"conditionLiteralValueTwo":null,"goToPageID":"Confirmation","clauseType":null,"data":null},{"pageID":"2037","questionName":null,"sectionName":null,"questionPageID":null,"questionSecondaryField":null,"logicID":null,"ruleNumber":1,"conditionNumber":1,"conditionOptionID":null,"conditionOperator":null,"conditionLiteralValue":null,"conditionLiteralValueTwo":null,"goToPageID":"2032","clauseType":null,"data":null},{"pageID":"2030","questionName":"q4d913394e5dc8b2c4a968d890aa08a5f6f7312b9","sectionName":"main","questionPageID":"2030","questionSecondaryField":null,"logicID":null,"ruleNumber":2,"conditionNumber":1,"conditionOptionID":null,"conditionOperator":"equal","conditionLiteralValue":"someone_i_know_needs_help_or_support","conditionLiteralValueTwo":null,"goToPageID":"2037","clauseType":null,"data":null}]