[{"id":2030,"templateID":879,"metadata":{"id":3152,"title":"COVID-19 Response","instructions":""}},{"id":2032,"templateID":891,"metadata":{"id":3154,"title":"Your details","instructions":""}},{"id":2033,"templateID":890,"metadata":{"id":3155,"title":"What help is required?","instructions":""}},{"id":2034,"templateID":880,"metadata":{"id":3156,"title":"Volunteering to help","instructions":""}},{"id":2036,"templateID":893,"metadata":{"id":3160,"title":"Data Sharing (Jadu Copy)","instructions":""}},{"id":2037,"templateID":894,"metadata":{"id":3162,"title":"Reporting on someone else's behalf (Jadu copy)","instructions":""}}]