{"id":835,"isFormSpecific":true,"version":{"metadata":{"id":2232,"title":"About the fumes\/gases (226) (511)","instructions":""},"sections":[{"name":"s45ea3ef6568925e6aa66bddf051376e900049b9a","title":"Domestic property","showTitle":true,"hideInitially":true,"triggerQuestionName":"qa3cfe83045d28c5e22e42c8359d15f53e31a515a","triggerQuestionSecondaryField":null,"triggerQuestionSection":"main","triggerOperator":"equal","triggerAnswerValue":"domestic_property","isRepeatableQuestion":false,"repeatableQuestionSettings":[],"structure":"[{\"type\":\"question\",\"name\":\"qec4344254b1563d9e85cb9fc4b3b65d47cd65d1c\"}]","questions":[{"name":"qec4344254b1563d9e85cb9fc4b3b65d47cd65d1c","text":"domestic property","guid":"7d71b3ba5a3ceb554862ccadb50244fbdb3a65c0","settings":[{"name":"value","value":"<div>\n<p>If your complaint relates to fumes from a gas boiler, please be aware that we will only ever check it to ensure it complies with building control regulations.<\/p>\n\n<p><strong>If you are worried you can smell gas please call the National Gas Emergency service immediately on 0800 111 999. They operate 24 hours a day, 52 weeks a year. If you are able to access the meter, turn it off. Don&rsquo;t use electrical switches or naked flames and keep people away from the area. <\/strong><\/p>\n<\/div>"}]}],"clauseType":null,"data":null},{"name":"s5567bce57c216b096bc75c6221d517e80ff56f23","title":"street","showTitle":false,"hideInitially":true,"triggerQuestionName":"qbba9b64aa5cad4df78e8aafb460f0bf0a348d0f8","triggerQuestionSecondaryField":null,"triggerQuestionSection":"main","triggerOperator":"equal","triggerAnswerValue":"no","isRepeatableQuestion":false,"repeatableQuestionSettings":[],"structure":"[{\"type\":\"question\",\"name\":\"qe654433fab19dca343a5543e28b6daf9df7c58cc\"},{\"type\":\"question\",\"name\":\"q5885a8a8c0339a93f9e9437b291793bb7233ffea\"}]","questions":[{"name":"qe654433fab19dca343a5543e28b6daf9df7c58cc","text":"Street search","guid":"dafc7be1f6e3057017f8b0a86d50373130ca5da0","settings":[{"name":"required","value":"true"},{"name":"help","value":"where the issue coming from"},{"name":"type","value":"d7037b836dd8425c9a2619429d821e818648822c"}]},{"name":"q5885a8a8c0339a93f9e9437b291793bb7233ffea","text":"Additional details where the issue coming from","guid":"39c1d58d95f4fbb636ae61c4dccd9992ce707c24","settings":[{"name":"required","value":"true"},{"name":"rows","value":"4"},{"name":"cols","value":"40"}]}],"clauseType":null,"data":null},{"name":"s0419d57cfc4d0c8dc53642a646079574c0363f47","title":"property","showTitle":false,"hideInitially":true,"triggerQuestionName":"qbba9b64aa5cad4df78e8aafb460f0bf0a348d0f8","triggerQuestionSecondaryField":null,"triggerQuestionSection":"main","triggerOperator":"equal","triggerAnswerValue":"yes","isRepeatableQuestion":false,"repeatableQuestionSettings":[],"structure":"[{\"type\":\"question\",\"name\":\"q20c7f035ffd9040c8122338f2776a7a4200e9da6\"}]","questions":[{"name":"q20c7f035ffd9040c8122338f2776a7a4200e9da6","text":"Address search","guid":"dafc7be1f6e3057017f8b0a86d50373130ca5da0","settings":[{"name":"required","value":"true"},{"name":"help","value":"where the issue coming from"},{"name":"type","value":"5c49c7f90a0e3d59b0a8cf70326808ac4ed67804"}]}],"clauseType":null,"data":null},{"name":"main","title":"main","showTitle":null,"hideInitially":null,"triggerQuestionName":null,"triggerQuestionSecondaryField":null,"triggerQuestionSection":null,"triggerOperator":null,"triggerAnswerValue":null,"isRepeatableQuestion":null,"repeatableQuestionSettings":[],"structure":"[{\"type\":\"question\",\"name\":\"qa3cfe83045d28c5e22e42c8359d15f53e31a515a\"},{\"type\":\"section\",\"name\":\"s45ea3ef6568925e6aa66bddf051376e900049b9a\"},{\"type\":\"question\",\"name\":\"qa42e58e3ad4e05cad3ecd9bf23dec6e8e8d1d1f4\"},{\"type\":\"question\",\"name\":\"qbba9b64aa5cad4df78e8aafb460f0bf0a348d0f8\"},{\"type\":\"section\",\"name\":\"s5567bce57c216b096bc75c6221d517e80ff56f23\"},{\"type\":\"section\",\"name\":\"s0419d57cfc4d0c8dc53642a646079574c0363f47\"}]","questions":{"0":{"name":"qa3cfe83045d28c5e22e42c8359d15f53e31a515a","text":"Please tell us where the fumes\/gases are coming from","guid":"18eeb80469e722d4f3513ee0c5b183da219c6975","settings":[{"name":"required","value":"true"},{"name":"answers","value":"[{\"value\":\"industrialtrade_business\",\"text\":\"Industrial\/trade business\",\"data\":\"\",\"internal\":false},{\"value\":\"commercial_business_such_as_shoprestaurant\",\"text\":\"Commercial business \u2013 such as shop\/restaurant\",\"data\":\"\",\"internal\":false},{\"value\":\"domestic_property\",\"text\":\"Domestic property\",\"data\":\"\",\"internal\":false},{\"value\":\"dont_know\",\"text\":\"Don\u2019t know\",\"data\":\"\",\"internal\":false}]"},{"name":"empty_option","value":"Please select"}]},"2":{"name":"qa42e58e3ad4e05cad3ecd9bf23dec6e8e8d1d1f4","text":"Please describe the fumes\/gases","guid":"7d7527893d7f786c9073e6a651a9c26181d9a661","settings":[{"name":"required","value":"true"}]},"3":{"name":"qbba9b64aa5cad4df78e8aafb460f0bf0a348d0f8","text":"Do you know what property\/location the fumes\/gases are coming from?","guid":"18eeb80469e722d4f3513ee0c5b183da219c6975","settings":[{"name":"required","value":"true"},{"name":"answers","value":"[{\"value\":\"yes\",\"text\":\"Yes\",\"data\":\"\",\"internal\":false},{\"value\":\"no\",\"text\":\"No\",\"data\":\"\",\"internal\":false}]"},{"name":"empty_option","value":"Please select"}]}},"clauseType":null,"data":null}]}}