{"id":836,"isFormSpecific":true,"version":{"metadata":{"id":2233,"title":"About the smell\/dour (226) (511)","instructions":"<p>Please note, we have limited powers to investigate smells from domestic properties, however, we are able to deal with certain causes of smells, such as&nbsp;an accumulation of waste.<\/p>"},"sections":[{"name":"s80763ff07b3bda96aceabeae513b77ba10775a71","title":"farmland\/agricultural","showTitle":false,"hideInitially":true,"triggerQuestionName":"qa21cb9989239a2f9f9fd6f3cf66f606e31ac9685","triggerQuestionSecondaryField":null,"triggerQuestionSection":"main","triggerOperator":"equal","triggerAnswerValue":"farmlandagricultural","isRepeatableQuestion":false,"repeatableQuestionSettings":[],"structure":"[{\"type\":\"question\",\"name\":\"q6aac1bf4417274affaaf98ce6204a7af4b54a3bf\"}]","questions":[{"name":"q6aac1bf4417274affaaf98ce6204a7af4b54a3bf","text":"farmland\/agricultural","guid":"7d71b3ba5a3ceb554862ccadb50244fbdb3a65c0","settings":[{"name":"value","value":"<p>The use of\/spreading of manure and other fertilisers on farmland is a standard agricultural practice and causes odour from time to time. Please be aware we are only likely to investigate complaints relating to agricultural smells if they are particularly excessive or prolonged.<\/p>"}]}],"clauseType":null,"data":null},{"name":"sd18f2e0f03415081c84e57b799f5325424f8c38d","title":"property","showTitle":false,"hideInitially":true,"triggerQuestionName":"qec776bfe1015b5e2c0f4c10c5a86c43c8d23923f","triggerQuestionSecondaryField":null,"triggerQuestionSection":"main","triggerOperator":"equal","triggerAnswerValue":"yes","isRepeatableQuestion":false,"repeatableQuestionSettings":[],"structure":"[{\"type\":\"question\",\"name\":\"qd5ff6f5816a5329734069fb4f719ec776a4ce5ea\"}]","questions":[{"name":"qd5ff6f5816a5329734069fb4f719ec776a4ce5ea","text":"Address search","guid":"dafc7be1f6e3057017f8b0a86d50373130ca5da0","settings":[{"name":"required","value":"true"},{"name":"help","value":"where the issue coming from"},{"name":"type","value":"5c49c7f90a0e3d59b0a8cf70326808ac4ed67804"}]}],"clauseType":null,"data":null},{"name":"sd7ebc6c9df41e8ee091500eae893133dbdb4ed6c","title":"street","showTitle":false,"hideInitially":true,"triggerQuestionName":"qec776bfe1015b5e2c0f4c10c5a86c43c8d23923f","triggerQuestionSecondaryField":null,"triggerQuestionSection":"main","triggerOperator":"equal","triggerAnswerValue":"no","isRepeatableQuestion":false,"repeatableQuestionSettings":[],"structure":"[{\"type\":\"question\",\"name\":\"q5fa65df1cc3ed278fbc9d6b65969690b2ac433fd\"},{\"type\":\"question\",\"name\":\"q082f15c074a4cd08d6cc61bdd8120c9c68f5d1d5\"}]","questions":[{"name":"q5fa65df1cc3ed278fbc9d6b65969690b2ac433fd","text":"Street search","guid":"dafc7be1f6e3057017f8b0a86d50373130ca5da0","settings":[{"name":"required","value":"true"},{"name":"help","value":"where the issue coming from"},{"name":"type","value":"d7037b836dd8425c9a2619429d821e818648822c"}]},{"name":"q082f15c074a4cd08d6cc61bdd8120c9c68f5d1d5","text":"Additional details where the issue coming from","guid":"39c1d58d95f4fbb636ae61c4dccd9992ce707c24","settings":[{"name":"required","value":"true"},{"name":"rows","value":"4"},{"name":"cols","value":"40"}]}],"clauseType":null,"data":null},{"name":"main","title":"main","showTitle":null,"hideInitially":null,"triggerQuestionName":null,"triggerQuestionSecondaryField":null,"triggerQuestionSection":null,"triggerOperator":null,"triggerAnswerValue":null,"isRepeatableQuestion":null,"repeatableQuestionSettings":[],"structure":"[{\"type\":\"question\",\"name\":\"qa21cb9989239a2f9f9fd6f3cf66f606e31ac9685\"},{\"type\":\"section\",\"name\":\"s80763ff07b3bda96aceabeae513b77ba10775a71\"},{\"type\":\"question\",\"name\":\"q3bf5f48eabea8f3698f29348a18f64e950e8ceb4\"},{\"type\":\"question\",\"name\":\"qec776bfe1015b5e2c0f4c10c5a86c43c8d23923f\"},{\"type\":\"section\",\"name\":\"sd18f2e0f03415081c84e57b799f5325424f8c38d\"},{\"type\":\"section\",\"name\":\"sd7ebc6c9df41e8ee091500eae893133dbdb4ed6c\"}]","questions":{"0":{"name":"qa21cb9989239a2f9f9fd6f3cf66f606e31ac9685","text":"Please tell us what is causing the smell\/odour","guid":"18eeb80469e722d4f3513ee0c5b183da219c6975","settings":[{"name":"required","value":"true"},{"name":"answers","value":"[{\"value\":\"industrialtrade_business\",\"text\":\"Industrial\/trade business\",\"data\":\"\",\"internal\":false},{\"value\":\"commercial_business_such_as_shoprestaurant\",\"text\":\"Commercial business \u2013 such as shop\/restaurant\",\"data\":\"\",\"internal\":false},{\"value\":\"farmlandagricultural\",\"text\":\"Farmland\/agricultural\",\"data\":\"\",\"internal\":false},{\"value\":\"toiletsdrains\",\"text\":\"Toilets\/drains\",\"data\":\"\",\"internal\":false},{\"value\":\"accumulation_of_waste-business_premises\",\"text\":\"Accumulation of waste - business premises\",\"data\":\"\",\"internal\":false},{\"value\":\"accumulation_of_waste-domestic_premisesgarden\",\"text\":\"Accumulation of waste - domestic premises\/garden\",\"data\":\"\",\"internal\":false},{\"value\":\"animal_smells\",\"text\":\"Animal smells\",\"data\":\"\",\"internal\":false},{\"value\":\"not_sure\",\"text\":\"Not sure\",\"data\":\"\",\"internal\":false}]"},{"name":"empty_option","value":"Please select"}]},"2":{"name":"q3bf5f48eabea8f3698f29348a18f64e950e8ceb4","text":"Please describe the smell\/odour","guid":"7d7527893d7f786c9073e6a651a9c26181d9a661","settings":[{"name":"required","value":"true"}]},"3":{"name":"qec776bfe1015b5e2c0f4c10c5a86c43c8d23923f","text":"Do you know what property\/location that is causing the smell\/odour?","guid":"18eeb80469e722d4f3513ee0c5b183da219c6975","settings":[{"name":"required","value":"true"},{"name":"answers","value":"[{\"value\":\"yes\",\"text\":\"Yes\",\"data\":\"\",\"internal\":false},{\"value\":\"no\",\"text\":\"No\",\"data\":\"\",\"internal\":false}]"},{"name":"empty_option","value":"Please select"}]}},"clauseType":null,"data":null}]}}