{"id":837,"isFormSpecific":true,"version":{"metadata":{"id":2234,"title":"About your complaint - smoke (226) (511)","instructions":""},"sections":[{"name":"sfdd1eebb5835fc184ad1f624b09cb1aeb46142e8","title":"About the issue","showTitle":true,"hideInitially":true,"triggerQuestionName":"q9e8bbbccccf72fa7afffe7fbb32c6679ee580abd","triggerQuestionSecondaryField":null,"triggerQuestionSection":"main","triggerOperator":"equal","triggerAnswerValue":"yes","isRepeatableQuestion":false,"repeatableQuestionSettings":[],"structure":"[{\"type\":\"question\",\"name\":\"q776f2d7a67aed62af0b315dffba2a6edf30e26a9\"}]","questions":[{"name":"q776f2d7a67aed62af0b315dffba2a6edf30e26a9","text":"What issue would you like to report?","guid":"18eeb80469e722d4f3513ee0c5b183da219c6975","settings":[{"name":"required","value":"true"},{"name":"answers","value":"[{\"value\":\"smellsodours\",\"text\":\"Smells\/odours\",\"data\":\"\",\"internal\":false},{\"value\":\"fumes\",\"text\":\"Fumes\",\"data\":\"\",\"internal\":false},{\"value\":\"dust\",\"text\":\"Dust\",\"data\":\"\",\"internal\":false}]"},{"name":"empty_option","value":"Please select"}]}],"clauseType":null,"data":null},{"name":"main","title":"main","showTitle":null,"hideInitially":null,"triggerQuestionName":null,"triggerQuestionSecondaryField":null,"triggerQuestionSection":null,"triggerOperator":null,"triggerAnswerValue":null,"isRepeatableQuestion":null,"repeatableQuestionSettings":[],"structure":"[{\"type\":\"question\",\"name\":\"q9e8bbbccccf72fa7afffe7fbb32c6679ee580abd\"},{\"type\":\"section\",\"name\":\"sfdd1eebb5835fc184ad1f624b09cb1aeb46142e8\"}]","questions":[{"name":"q9e8bbbccccf72fa7afffe7fbb32c6679ee580abd","text":"Is the issue affecting you at your home\/business property?","guid":"18eeb80469e722d4f3513ee0c5b183da219c6975","settings":[{"name":"required","value":"true"},{"name":"answers","value":"[{\"value\":\"yes\",\"text\":\"Yes\",\"data\":\"\",\"internal\":false},{\"value\":\"no\",\"text\":\"No\",\"data\":\"\",\"internal\":false}]"},{"name":"empty_option","value":"Please select"}]}],"clauseType":null,"data":null}]}}