{"id":834,"isFormSpecific":true,"version":{"metadata":{"id":2231,"title":"About the frequency - smell (226) (511)","instructions":""},"sections":[{"name":"sfc0719a7d9394196b95fbe16fcaef516a4067d16","title":"if no","showTitle":false,"hideInitially":true,"triggerQuestionName":"qcad274185574cc7d4385795d44009a8087491c3a","triggerQuestionSecondaryField":null,"triggerQuestionSection":"main","triggerOperator":"equal","triggerAnswerValue":"no","isRepeatableQuestion":false,"repeatableQuestionSettings":[],"structure":"[{\"type\":\"question\",\"name\":\"q24713f653ab05f0e22bbd7b2930525f7b2b0e1be\"}]","questions":[{"name":"q24713f653ab05f0e22bbd7b2930525f7b2b0e1be","text":"If no, please tell us when and how often it has happened before or if it is a constant 24\/7 problem","guid":"39c1d58d95f4fbb636ae61c4dccd9992ce707c24","settings":[{"name":"required","value":"true"},{"name":"rows","value":"4"},{"name":"cols","value":"40"}]}],"clauseType":null,"data":null},{"name":"main","title":"main","showTitle":null,"hideInitially":null,"triggerQuestionName":null,"triggerQuestionSecondaryField":null,"triggerQuestionSection":null,"triggerOperator":null,"triggerAnswerValue":null,"isRepeatableQuestion":null,"repeatableQuestionSettings":[],"structure":"[{\"type\":\"question\",\"name\":\"qcad274185574cc7d4385795d44009a8087491c3a\"},{\"type\":\"section\",\"name\":\"sfc0719a7d9394196b95fbe16fcaef516a4067d16\"}]","questions":[{"name":"qcad274185574cc7d4385795d44009a8087491c3a","text":"Is this the first time this issue has happened?","guid":"18eeb80469e722d4f3513ee0c5b183da219c6975","settings":[{"name":"required","value":"true"},{"name":"answers","value":"[{\"value\":\"yes\",\"text\":\"Yes\",\"data\":\"\",\"internal\":false},{\"value\":\"no\",\"text\":\"No\",\"data\":\"\",\"internal\":false}]"},{"name":"empty_option","value":"Please select"}]}],"clauseType":null,"data":null}]}}