{"id":831,"isFormSpecific":true,"version":{"metadata":{"id":2228,"title":"About resolving your complaint (226) (511)","instructions":""},"sections":[{"name":"sd434298552c65b1c2e6e7fa95bdbb6f88a5fd7cd","title":"if yes","showTitle":false,"hideInitially":true,"triggerQuestionName":"qd6fb08bd7c42c01f13964add9b910512e4e035c8","triggerQuestionSecondaryField":null,"triggerQuestionSection":"main","triggerOperator":"equal","triggerAnswerValue":"yes","isRepeatableQuestion":false,"repeatableQuestionSettings":[],"structure":"[{\"type\":\"question\",\"name\":\"q94f29bc8f614952920ec2d578dff5e4d0c34a8ef\"}]","questions":[{"name":"q94f29bc8f614952920ec2d578dff5e4d0c34a8ef","text":"If yes, when did you contact the property\/landowner?","guid":"7d7527893d7f786c9073e6a651a9c26181d9a661","settings":[{"name":"validation","value":"17"},{"name":"required","value":"true"},{"name":"help","value":"Please enter a date (DD\/MM\/YYYY)"}]}],"clauseType":null,"data":null},{"name":"main","title":"main","showTitle":null,"hideInitially":null,"triggerQuestionName":null,"triggerQuestionSecondaryField":null,"triggerQuestionSection":null,"triggerOperator":null,"triggerAnswerValue":null,"isRepeatableQuestion":null,"repeatableQuestionSettings":[],"structure":"[{\"type\":\"question\",\"name\":\"qd6fb08bd7c42c01f13964add9b910512e4e035c8\"},{\"type\":\"section\",\"name\":\"sd434298552c65b1c2e6e7fa95bdbb6f88a5fd7cd\"}]","questions":[{"name":"qd6fb08bd7c42c01f13964add9b910512e4e035c8","text":"Have you made contact with the property\/landowner to ask them to stop?","guid":"18eeb80469e722d4f3513ee0c5b183da219c6975","settings":[{"name":"required","value":"true"},{"name":"answers","value":"[{\"value\":\"yes\",\"text\":\"Yes\",\"data\":\"\",\"internal\":false},{\"value\":\"no\",\"text\":\"No\",\"data\":\"\",\"internal\":false}]"},{"name":"empty_option","value":"Please select"}]}],"clauseType":null,"data":null}]}}