{"id":833,"isFormSpecific":true,"version":{"metadata":{"id":2230,"title":"About the dust (226) (511)","instructions":""},"sections":[{"name":"scb840b6dcac0ea76ea10d447b8f0488f982122d4","title":"Details","showTitle":false,"hideInitially":true,"triggerQuestionName":"q888c906bd2163bef4a76685bb40c28604e7c0a5f","triggerQuestionSecondaryField":null,"triggerQuestionSection":"main","triggerOperator":"not equal","triggerAnswerValue":"domestic_property","isRepeatableQuestion":false,"repeatableQuestionSettings":[],"structure":"[{\"type\":\"question\",\"name\":\"q58445f5c7abe17ee40b25709184eef52aa2035d6\"},{\"type\":\"question\",\"name\":\"q049637c3b8180ac0061a502426ea048a00152ae0\"}]","questions":[{"name":"q58445f5c7abe17ee40b25709184eef52aa2035d6","text":"Please describe the dust","guid":"7d7527893d7f786c9073e6a651a9c26181d9a661","settings":[{"name":"required","value":"true"}]},{"name":"q049637c3b8180ac0061a502426ea048a00152ae0","text":"Do you know what property\/location the dust is coming from?","guid":"18eeb80469e722d4f3513ee0c5b183da219c6975","settings":[{"name":"required","value":"true"},{"name":"answers","value":"[{\"value\":\"yes\",\"text\":\"Yes\",\"data\":\"\",\"internal\":false},{\"value\":\"no\",\"text\":\"No\",\"data\":\"\",\"internal\":false}]"},{"name":"empty_option","value":"Please select"}]}],"clauseType":null,"data":null},{"name":"s93130410ad974c7545bc3943c4d569a72094fac8","title":"property","showTitle":false,"hideInitially":true,"triggerQuestionName":"q049637c3b8180ac0061a502426ea048a00152ae0","triggerQuestionSecondaryField":null,"triggerQuestionSection":"scb840b6dcac0ea76ea10d447b8f0488f982122d4","triggerOperator":"equal","triggerAnswerValue":"yes","isRepeatableQuestion":false,"repeatableQuestionSettings":[],"structure":"[{\"type\":\"question\",\"name\":\"q6a0b6f04910d16b059809c48eba19b218ecb4f2e\"}]","questions":[{"name":"q6a0b6f04910d16b059809c48eba19b218ecb4f2e","text":"Address search","guid":"dafc7be1f6e3057017f8b0a86d50373130ca5da0","settings":[{"name":"required","value":"true"},{"name":"help","value":"where the issue coming from"},{"name":"type","value":"5c49c7f90a0e3d59b0a8cf70326808ac4ed67804"}]}],"clauseType":null,"data":null},{"name":"s0623a765c15b47e297c2854c8339bda1158bd27a","title":"street","showTitle":false,"hideInitially":true,"triggerQuestionName":"q049637c3b8180ac0061a502426ea048a00152ae0","triggerQuestionSecondaryField":null,"triggerQuestionSection":"scb840b6dcac0ea76ea10d447b8f0488f982122d4","triggerOperator":"equal","triggerAnswerValue":"no","isRepeatableQuestion":false,"repeatableQuestionSettings":[],"structure":"[{\"type\":\"question\",\"name\":\"qa7228ca573a224f624ca3f1402a392f74e169e01\"},{\"type\":\"question\",\"name\":\"qaae97d37d9eaf04b496c1aa6422463523de9283d\"}]","questions":[{"name":"qa7228ca573a224f624ca3f1402a392f74e169e01","text":"Street search","guid":"dafc7be1f6e3057017f8b0a86d50373130ca5da0","settings":[{"name":"required","value":"true"},{"name":"help","value":"where the issue coming from"},{"name":"type","value":"d7037b836dd8425c9a2619429d821e818648822c"}]},{"name":"qaae97d37d9eaf04b496c1aa6422463523de9283d","text":"Additional details where the issue coming from","guid":"39c1d58d95f4fbb636ae61c4dccd9992ce707c24","settings":[{"name":"rows","value":"4"},{"name":"cols","value":"40"}]}],"clauseType":null,"data":null},{"name":"main","title":"main","showTitle":null,"hideInitially":null,"triggerQuestionName":null,"triggerQuestionSecondaryField":null,"triggerQuestionSection":null,"triggerOperator":null,"triggerAnswerValue":null,"isRepeatableQuestion":null,"repeatableQuestionSettings":[],"structure":"[{\"type\":\"question\",\"name\":\"q888c906bd2163bef4a76685bb40c28604e7c0a5f\"},{\"type\":\"section\",\"name\":\"scb840b6dcac0ea76ea10d447b8f0488f982122d4\"},{\"type\":\"section\",\"name\":\"s93130410ad974c7545bc3943c4d569a72094fac8\"},{\"type\":\"section\",\"name\":\"s0623a765c15b47e297c2854c8339bda1158bd27a\"}]","questions":[{"name":"q888c906bd2163bef4a76685bb40c28604e7c0a5f","text":"Please tell us where the dust is coming from","guid":"18eeb80469e722d4f3513ee0c5b183da219c6975","settings":[{"name":"required","value":"true"},{"name":"answers","value":"[{\"value\":\"industrialtrade_business\",\"text\":\"Industrial\/trade business\",\"data\":\"\",\"internal\":false},{\"value\":\"commercial_business_such_as_shoprestaurant\",\"text\":\"Commercial business \u2013 such as shop\/restaurant\",\"data\":\"\",\"internal\":false},{\"value\":\"constructiondemolition_site\",\"text\":\"Construction\/demolition site\",\"data\":\"\",\"internal\":false},{\"value\":\"domestic_property\",\"text\":\"Domestic property\",\"data\":\"\",\"internal\":false}]"},{"name":"empty_option","value":"Please select"}]}],"clauseType":null,"data":null}]}}