{"id":819,"isFormSpecific":false,"version":{"metadata":{"id":2192,"title":"Customer details - Street Scene","instructions":""},"sections":[{"name":"s3c26623b5f040f2eb656ad0e15e550c186e01fa5","title":"web","showTitle":false,"hideInitially":true,"triggerQuestionName":null,"triggerQuestionSecondaryField":null,"triggerQuestionSection":null,"triggerOperator":null,"triggerAnswerValue":null,"isRepeatableQuestion":false,"repeatableQuestionSettings":[],"structure":"[{\"type\":\"question\",\"name\":\"qbcc3069c107fbdd378828d3e99264242c7d1613b\"},{\"type\":\"question\",\"name\":\"qea78fe749cae992557f0fe97a4f12985fd4c57eb\"}]","questions":[{"name":"qbcc3069c107fbdd378828d3e99264242c7d1613b","text":"Phone details","guid":"7d7527893d7f786c9073e6a651a9c26181d9a661","settings":[{"name":"validation","value":"7"},{"name":"required","value":"true"},{"name":"public_only","value":"true"}]},{"name":"qea78fe749cae992557f0fe97a4f12985fd4c57eb","text":"Email address","guid":"7d7527893d7f786c9073e6a651a9c26181d9a661","settings":[{"name":"validation","value":"4"},{"name":"required","value":"true"},{"name":"public_only","value":"true"}]}],"clauseType":"66d31946de2a6716a133eaf6f4029ef227310866","data":"{\"channel\":\"front-end\"}"},{"name":"s6c8bc195cda084cbbc3af3d8315ca1d4f60c54f8","title":"internal","showTitle":false,"hideInitially":true,"triggerQuestionName":null,"triggerQuestionSecondaryField":null,"triggerQuestionSection":null,"triggerOperator":null,"triggerAnswerValue":null,"isRepeatableQuestion":false,"repeatableQuestionSettings":[],"structure":"[{\"type\":\"question\",\"name\":\"q243ea49b5a2c517e895ff7e071ff5edaa8fd40ef\"},{\"type\":\"question\",\"name\":\"q24bc3209ae806cffab15af64ae803dba79f1cf29\"},{\"type\":\"question\",\"name\":\"q635aa32d1ddf2542e1b5aec506329f7045c3d1b6\"}]","questions":[{"name":"q243ea49b5a2c517e895ff7e071ff5edaa8fd40ef","text":"Phone details","guid":"Jadu\\XFormsPro\\Bundle\\StandardFormComponentBundle\\Component\\TextField\\TextFieldComponent","settings":[{"name":"validation","value":"7"},{"name":"required","value":"true"},{"name":"internal_only","value":"true"}]},{"name":"q24bc3209ae806cffab15af64ae803dba79f1cf29","text":"Email address","guid":"7d7527893d7f786c9073e6a651a9c26181d9a661","settings":[{"name":"validation","value":"4"},{"name":"internal_only","value":"true"}]},{"name":"q635aa32d1ddf2542e1b5aec506329f7045c3d1b6","text":"Source","guid":"18eeb80469e722d4f3513ee0c5b183da219c6975","settings":[{"name":"required","value":"true"},{"name":"internal_only","value":"true"},{"name":"answers","value":"[{\"value\":\"telephone\",\"text\":\"Telephone\",\"data\":\"\",\"internal\":false},{\"value\":\"in_person\",\"text\":\"In Person\",\"data\":\"\",\"internal\":false},{\"value\":\"email\",\"text\":\"Email\",\"data\":\"\",\"internal\":false},{\"value\":\"letter\",\"text\":\"Letter\",\"data\":\"\",\"internal\":false}]"},{"name":"empty_option","value":"Please select"}]}],"clauseType":"66d31946de2a6716a133eaf6f4029ef227310866","data":"{\"channel\":\"internal\"}"},{"name":"main","title":"main","showTitle":null,"hideInitially":null,"triggerQuestionName":null,"triggerQuestionSecondaryField":null,"triggerQuestionSection":null,"triggerOperator":null,"triggerAnswerValue":null,"isRepeatableQuestion":null,"repeatableQuestionSettings":[],"structure":"[{\"type\":\"question\",\"name\":\"qd42ce1101d4342e31c9aa8b438db1e213eaebac4\"},{\"type\":\"question\",\"name\":\"qc2e91fd188ca8b9cad6bad268509ffd2d73ebdfd\"},{\"type\":\"section\",\"name\":\"s3c26623b5f040f2eb656ad0e15e550c186e01fa5\"},{\"type\":\"section\",\"name\":\"s6c8bc195cda084cbbc3af3d8315ca1d4f60c54f8\"},{\"type\":\"question\",\"name\":\"qe7acd51982918ac015584fa77260fc8dc9feaee3\"}]","questions":{"0":{"name":"qd42ce1101d4342e31c9aa8b438db1e213eaebac4","text":"First name","guid":"7d7527893d7f786c9073e6a651a9c26181d9a661","settings":[{"name":"required","value":"true"}]},"1":{"name":"qc2e91fd188ca8b9cad6bad268509ffd2d73ebdfd","text":"Last name","guid":"7d7527893d7f786c9073e6a651a9c26181d9a661","settings":[{"name":"required","value":"true"}]},"4":{"name":"qe7acd51982918ac015584fa77260fc8dc9feaee3","text":"Address","guid":"dafc7be1f6e3057017f8b0a86d50373130ca5da0","settings":[{"name":"help","value":"Please enter your postcode to search for your address"},{"name":"type","value":"5c49c7f90a0e3d59b0a8cf70326808ac4ed67804"}]}},"clauseType":null,"data":null}]}}