{"id":838,"isFormSpecific":true,"version":{"metadata":{"id":2235,"title":"Logging your complaint (226) (511)","instructions":"<p>In order to process your complaint, we need you to complete log sheet to record the dates, times and details of the smells, fumes or dust. It\u2019s very important you fill out the log sheet accurately as it will show us the extent of the problem and support any action we may take. The log sheets ask you to record:<\/p>\n\n<ul>\n\t<li>How often it occurs<\/li>\n\t<li>How long it lasts<\/li>\n\t<li>The time of day or night it occurs<\/li>\n\t<li>How it affects you<\/li>\n\t<li>Where it is coming from<\/li>\n<\/ul>"},"sections":[{"name":"main","title":"main","showTitle":null,"hideInitially":null,"triggerQuestionName":null,"triggerQuestionSecondaryField":null,"triggerQuestionSection":null,"triggerOperator":null,"triggerAnswerValue":null,"isRepeatableQuestion":null,"repeatableQuestionSettings":[],"structure":"[{\"type\":\"question\",\"name\":\"qd8610385283518d3b788cbfed609b9778e32d6a1\"}]","questions":[{"name":"qd8610385283518d3b788cbfed609b9778e32d6a1","text":"Are you willing to complete a log sheet\/record the issue?","guid":"18eeb80469e722d4f3513ee0c5b183da219c6975","settings":[{"name":"required","value":"true"},{"name":"answers","value":"[{\"value\":\"yes\",\"text\":\"Yes\",\"data\":\"\",\"internal\":false},{\"value\":\"no\",\"text\":\"No\",\"data\":\"\",\"internal\":false}]"},{"name":"empty_option","value":"Please select"}]}],"clauseType":null,"data":null}]}}