{"id":840,"isFormSpecific":true,"version":{"metadata":{"id":2237,"title":"We will only investigate (226) (511)","instructions":"<div>\n<p>We are sorry but we will only investigate complaints about smells, odours, fumes or dust if they are affecting you at your home\/business property.<\/p>\n\n<p><strong>If you are worried you can smell gas please call the National Gas Emergency service immediately on 0800 111 999. They operate 24 hours a day, 52 weeks a year. If you are able to access the meter, turn it off. Don\u2019t use electrical switches or naked flames and keep people away from the area.<\/strong><\/p>\n\n<p><span class=\"snippet\"><style>\n.button--primary {\nvisibility: hidden;\n}\n<\/style><!-- rel:snippet --><\/span><\/p>\n<\/div>"},"sections":[{"name":"main","title":"main","showTitle":null,"hideInitially":null,"triggerQuestionName":null,"triggerQuestionSecondaryField":null,"triggerQuestionSection":null,"triggerOperator":null,"triggerAnswerValue":null,"isRepeatableQuestion":null,"repeatableQuestionSettings":[],"structure":"[]","questions":[],"clauseType":null,"data":null}]}}