[{"contentIdentifier":"1705_template-to","contentType":"ActionTemplateMapping","field":"0","type":"answer","value":"1520-main-q0b15a5162665a18eb1f09dc1dd89e15a6e1e820c","secondaryValue":null},{"contentIdentifier":"1705_template-subject","contentType":"ActionTemplateMapping","field":"0","type":"variable","value":"7b4687efcf406e5830b6381644d4486a0175f3a9","secondaryValue":null},{"contentIdentifier":"1705_content","contentType":"ActionTemplateMapping","field":"0","type":"variable","value":"7b4687efcf406e5830b6381644d4486a0175f3a9","secondaryValue":null}]