[{"pageID":"1520","sectionName":"main","questionName":"qee53ab7fe9e16905f5085ac5a8f981bacd42f131","questionSecondaryField":"","sourceType":"variable","sourceValue":"a57daf39a46f4e0062d06271b372c8e195977ff0","sourceSecondaryField":null},{"pageID":"1520","sectionName":"main","questionName":"q308ccd159f7c41e6e2cb16b0a080ddf110a920a3","questionSecondaryField":"","sourceType":"variable","sourceValue":"f2032940399e78947c863625cb1326567310e5b1","sourceSecondaryField":null},{"pageID":"1520","sectionName":"main","questionName":"q0b15a5162665a18eb1f09dc1dd89e15a6e1e820c","questionSecondaryField":"","sourceType":"variable","sourceValue":"a51f75f842295797c320f63e990e72bbc67368cf","sourceSecondaryField":null},{"pageID":"1520","sectionName":"main","questionName":"q066b3deb18ecddd69ed49dcf6a89c696254d63fc","questionSecondaryField":"","sourceType":"variable","sourceValue":"55c7b79927bc4a011da91c6b69d1b085132def5e","sourceSecondaryField":null}]