{"form.json":"78fc002f4f973f8ec377662dee958b13e052fa40","page-templates\/Your_details.json":"62cfb8c71d89eff6d147948226ad7ad4c80fecf1","page-templates\/Query_Details.json":"d79165facdaa4ee3faf26b249fb8ad73a286199d","structure\/pages.json":"1936065689af1b818eb102904b8c66a213bcf19d","structure\/branching.json":"0ab90aa37400cec645e06d0c40a4d2b1c20924c7","misc\/pdfs.json":"97d170e1550eee4afc0af065b78cda302a97674c","misc\/prefills.json":"97d170e1550eee4afc0af065b78cda302a97674c","misc\/placeholders.json":"97d170e1550eee4afc0af065b78cda302a97674c","misc\/logic_definitions.json":"97d170e1550eee4afc0af065b78cda302a97674c","misc\/ic_inputs.json":"97d170e1550eee4afc0af065b78cda302a97674c","misc\/data-retention.json":"fa8b819d756eec4a4f185f5465ef79b349ea9ce4"}