{"title":"Allotment invoice enquiry","instructions":"\n<p>Please\u00a0complete this form if you have any query with your annual invoice<\/p>\n\n<p>If your query is regarding surrendering your plot, please complete the paper form supplied with the invoice and return the form and key\u00a0to us.<\/p>\n","progressBar":"0","allowUnregistered":"1","resumeAtStart":"0","reCaptcha":"0","internalOnly":0,"metadata":{"id":"655","itemID":"793","creator":"Vineethaa Thyagarajan","contributor":"","publisher":"Continuum SandBox","rights":"Continuum SandBox","source":"","status":"V1.0 Public Consumption","coverage":"UK","created":1569452400,"modified":1569452400,"valid":null,"expired":null,"format":"text\/html","language":"en","subject":"","description":"Allotment invoice enquiry"},"categories":[{"id":"4884","categoryType":"Navigation","itemID":793,"categoryID":"200059"}]}