{"title":"Basic Complaints Form","instructions":"\n<p>Thank you for taking the time to tell us what you think of our service. Please use this form to make a complaint.<\/p>\n\n<p>When making a complaint, please remember that this form is for complaining about a service, not reporting a fault (such as graffiti, an abandoned car or a missed bin collection).<\/p>\n\n<p>All complaints are investigated and taken seriously.<\/p>\n","progressBar":"0","allowUnregistered":"1","resumeAtStart":"0","reCaptcha":"0","internalOnly":0,"metadata":{"id":"163","itemID":"301","creator":"Paul Johnson","contributor":"","publisher":"Sandbox 04","rights":"Sandbox 04","source":"","status":"V1.0 Public Consumption","coverage":"UK","created":1569798000,"modified":1569798000,"valid":null,"expired":null,"format":"text\/html","language":"en","subject":"","description":"Thank you for taking the time to tell us what you think of our service. Please use this form to make a complaint."},"categories":[{"id":"2880","categoryType":"Navigation","itemID":301,"categoryID":"200129"}]}